OFF
10946 21888 0
-0.4729140062 0.1117187500 0.0000000000
-0.4726562500 0.1052172649 0.0000000000
-0.4726562500 0.1117187500 -0.0003561366
-0.4726562500 0.1117187500 0.0002631320
-0.4727472562 0.1203125000 0.0000000000
-0.4726562500 0.1203125000 -0.0001204789
-0.4726562500 0.1203125000 0.0000949692
-0.4728420198 0.1289062500 0.0000000000
-0.4726562500 0.1289062500 -0.0002269050
-0.4726562500 0.1289062500 0.0001987054
-0.4726562500 0.1328054092 0.0000000000
-0.4643802844 -0.0257812500 -0.0085937500
-0.4640625000 -0.0264210087 -0.0085937500
-0.4640625000 -0.0257812500 -0.0091840915
-0.4640625000 -0.0257812500 -0.0058907324
-0.4672060308 -0.0171875000 -0.0085937500
-0.4640625000 -0.0171875000 -0.0133244574
-0.4659487059 -0.0171875000 0.0000000000
-0.4640625000 -0.0233926963 0.0000000000
-0.4640625000 -0.0171875000 0.0025690055
-0.4676656806 -0.0085937500 -0.0085937500
-0.4640625000 -0.0085937500 -0.0129708089
-0.4668746038 -0.0085937500 0.0000000000
-0.4640625000 -0.0085937500 0.0038349485
-0.4654270679 0.0000000000 -0.0085937500
-0.4640625000 0.0000000000 -0.0097352068
-0.4655967761 0.0000000000 0.0000000000
-0.4640625000 0.0000000000 0.0020285246
-0.4640625000 0.0026330645 -0.0085937500
-0.4640625000 0.0055911317 0.0000000000
-0.4653293142 0.0601562500 0.0000000000
-0.4640625000 0.0520872925 0.0000000000
-0.4640625000 0.0601562500 -0.0010567090
-0.4640625000 0.0601562500 0.0009004420
-0.4667245368 0.0687500000 0.0000000000
-0.4640625000 0.0687500000 -0.0022360716
-0.4640625000 0.0687500000 0.0019922745
-0.4687094122 0.0773437500 0.0000000000
-0.4640625000 0.0773437500 -0.0040295037
-0.4640625000 0.0773437500 0.0035207508
-0.4704491046 0.0859375000 0.0000000000
-0.4640625000 0.0859375000 -0.0054980269
-0.4640625000 0.0859375000 0.0047128498
-0.4714584846 0.0945312500 0.0000000000
-0.4640625000 0.0945312500 -0.0068256615
-0.4640625000 0.0945312500 0.0053671386
-0.4725395099 0.1031250000 0.0000000000
-0.4640625000 0.1031250000 -0.0075089660
-0.4640625000 0.1031250000 0.0058474280
-0.4640625000 0.1117187500 -0.0071184234
-0.4640625000 0.1117187500 0.0058748504
-0.4640625000 0.1203125000 -0.0063207269
-0.4640625000 0.1203125000 0.0058165644
-0.4640625000 0.1289062500 -0.0055743780
-0.4640625000 0.1289062500 0.0057118997
-0.4722452855 0.1375000000 0.0000000000
-0.4640625000 0.1375000000 -0.0044109540
-0.4640625000 0.1375000000 0.0049568249
-0.4697242558 0.1460937500 0.0000000000
-0.4640625000 0.1460937500 -0.0024361173
-0.4640625000 0.1460937500 0.0035576637
-0.4640625000 0.1523551579 0.0000000000
-0.4593779132 -0.0343750000 -0.0085937500
-0.4554687500 -0.0385167780 -0.0085937500
-0.4554687500 -0.0343750000 -0.0133705986
-0.4584358184 -0.0343750000 0.0000000000
-0.4554687500 -0.0378439664 0.0000000000
-0.4554687500 -0.0343750000 0.0025858957
-0.4581036812 -0.0257812500 -0.0171875000
-0.4554687500 -0.0293877747 -0.0171875000
-0.4554687500 -0.0257812500 -0.0191022344
-0.4632310898 -0.0257812500 0.0000000000
-0.4554687500 -0.0257812500 0.0071569876
-0.4603023068 -0.0171875000 -0.0171875000
-0.4554687500 -0.0171875000 -0.0203963857
-0.4583219395 -0.0171875000 0.0085937500
-0.4554687500 -0.0224956964 0.0085937500
-0.4554687500 -0.0171875000 0.0109063157
-0.4585616054 -0.0085937500 -0.0171875000
-0.4554687500 -0.0085937500 -0.0187705251
-0.4596103469 -0.0085937500 0.0085937500
-0.4554687500 -0.0085937500 0.0116807091
-0.4554687500 -0.0049273958 -0.0171875000
-0.4554687500 0.0000000000 -0.0149955217
-0.4571279137 0.0000000000 0.0085937500
-0.4554687500 0.0000000000 0.0096044183
-0.4604244794 0.0085937500 -0.0085937500
-0.4554687500 0.0085937500 -0.0110822690
-0.4631124900 0.0085937500 0.0000000000
-0.4554687500 0.0033030145 0.0085937500
-0.4554687500 0.0085937500 0.0066770639
-0.4554687500 0.0161052268 -0.0085937500
-0.4608391720 0.0171875000 0.0000000000
-0.4554687500 0.0171875000 -0.0077878931
-0.4554687500 0.0171875000 0.0044346388
-0.4602662414 0.0257812500 0.0000000000
-0.4554687500 0.0257812500 -0.0053934488
-0.4554687500 0.0257812500 0.0038792189
-0.4609746435 0.0343750000 0.0000000000
-0.4554687500 0.0343750000 -0.0047637725
-0.4554687500 0.0343750000 0.0037719571
-0.4622770388 0.0429687500 0.0000000000
-0.4554687500 0.0429687500 -0.0049649592
-0.4554687500 0.0429687500 0.0040456291
-0.4639602816 0.0515625000 0.0000000000
-0.4554687500 0.0515625000 -0.0055192671
-0.4554687500 0.0515625000 0.0048025405
-0.4554687500 0.0601562500 -0.0064260435
-0.4554687500 0.0601562500 0.0057391870
-0.4554687500 0.0687500000 -0.0074998457
-0.4554687500 0.0687500000 0.0069935196
-0.4560024397 0.0773437500 -0.0085937500
-0.4554687500 0.0755552934 -0.0085937500
-0.4554687500 0.0773437500 -0.0087393045
-0.4554687500 0.0773437500 0.0085076926
-0.4582839823 0.0859375000 -0.0085937500
-0.4554687500 0.0859375000 -0.0093057158
-0.4573146740 0.0859375000 0.0085937500
-0.4554687500 0.0779759718 0.0085937500
-0.4554687500 0.0859375000 0.0091013110
-0.4609548370 0.0945312500 -0.0085937500
-0.4554687500 0.0945312500 -0.0099328127
-0.4583693234 0.0945312500 0.0085937500
-0.4554687500 0.0945312500 0.0094156340
-0.4620353557 0.1031250000 -0.0085937500
-0.4554687500 0.1031250000 -0.0101564729
-0.4585691723 0.1031250000 0.0085937500
-0.4554687500 0.1031250000 0.0094355623
-0.4609680685 0.1117187500 -0.0085937500
-0.4554687500 0.1117187500 -0.0097850849
-0.4585671071 0.1117187500 0.0085937500
-0.4554687500 0.1117187500 0.0094220940
-0.4585312955 0.1203125000 -0.0085937500
-0.4554687500 0.1203125000 -0.0092044560
-0.4587538810 0.1203125000 0.0085937500
-0.4554687500 0.1203125000 0.0094800011
-0.4554687500 0.1276698786 -0.0085937500
-0.4554687500 0.1289062500 -0.0084252543
-0.4583050993 0.1289062500 0.0085937500
-0.4554687500 0.1289062500 0.0093392741
-0.4554687500 0.1375000000 -0.0069585631
-0.4568764487 0.1375000000 0.0085937500
-0.4554687500 0.1375000000 0.0089849003
-0.4554687500 0.1460937500 -0.0046216992
-0.4554687500 0.1425773969 0.0085937500
-0.4554687500 0.1460937500 0.0079383660
-0.4601786245 0.1546875000 0.0000000000
-0.4554687500 0.1546875000 -0.0012026498
-0.4554687500 0.1546875000 0.0020934321
-0.4554687500 0.1569919285 0.0000000000
-0.4501448006 -0.0429687500 -0.0085937500
-0.4468750000 -0.0447935845 -0.0085937500
-0.4468750000 -0.0429687500 -0.0110029438
-0.4489495718 -0.0429687500 0.0000000000
-0.4468750000 -0.0440070155 0.0000000000
-0.4468750000 -0.0429687500 0.0011465452
-0.4500385237 -0.0343750000 -0.0171875000
-0.4468750000 -0.0362268814 -0.0171875000
-0.4468750000 -0.0343750000 -0.0186856895
-0.4468750000 -0.0343750000 0.0083360077
-0.4468750000 -0.0257812500 -0.0231606912
-0.4534467049 -0.0257812500 0.0085937500
-0.4468750000 -0.0338626551 0.0085937500
-0.4468750000 -0.0257812500 0.0129875748
-0.4468750000 -0.0171875000 -0.0242461715
-0.4468750000 -0.0171875000 0.0161813811
-0.4468750000 -0.0085937500 -0.0220216268
-0.4468750000 -0.0085937500 0.0167818483
-0.4497406051 0.0000000000 -0.0171875000
-0.4468750000 0.0000000000 -0.0180659391
-0.4468750000 0.0000000000 0.0146073538
-0.4468750000 0.0018289809 -0.0171875000
-0.4468750000 0.0085937500 -0.0142435145
-0.4529687288 0.0085937500 0.0085937500
-0.4468750000 0.0085937500 0.0115338213
-0.4547062972 0.0171875000 -0.0085937500
-0.4468750000 0.0171875000 -0.0112887448
-0.4488863533 0.0171875000 0.0085937500
-0.4468750000 0.0171875000 0.0094145081
-0.4511367503 0.0257812500 -0.0085937500
-0.4468750000 0.0257812500 -0.0097525958
-0.4474662903 0.0257812500 0.0085937500
-0.4468750000 0.0257812500 0.0087880498
-0.4487681022 0.0343750000 -0.0085937500
-0.4468750000 0.0343750000 -0.0090597902
-0.4468750000 0.0309334051 0.0085937500
-0.4468750000 0.0343750000 0.0084024605
-0.4484951575 0.0429687500 -0.0085937500
-0.4468750000 0.0429687500 -0.0089834243
-0.4468750000 0.0429687500 0.0084353753
-0.4490397814 0.0515625000 -0.0085937500
-0.4468750000 0.0515625000 -0.0091075480
-0.4475354323 0.0515625000 0.0085937500
-0.4468750000 0.0459134515 0.0085937500
-0.4468750000 0.0515625000 0.0087634763
-0.4505408103 0.0601562500 -0.0085937500
-0.4468750000 0.0601562500 -0.0094314661
-0.4498278285 0.0601562500 0.0085937500
-0.4468750000 0.0601562500 0.0093651855
-0.4529839381 0.0687500000 -0.0085937500
-0.4468750000 0.0687500000 -0.0099607457
-0.4524001787 0.0687500000 0.0085937500
-0.4468750000 0.0687500000 0.0100015206
-0.4468750000 0.0773437500 -0.0105015077
-0.4552948295 0.0773437500 0.0085937500
-0.4468750000 0.0773437500 0.0106012784
-0.4468750000 0.0859375000 -0.0109917173
-0.4468750000 0.0859375000 0.0111975960
-0.4468750000 0.0945312500 -0.0114114555
-0.4468750000 0.0945312500 0.0112932506
-0.4468750000 0.1031250000 -0.0115463495
-0.4468750000 0.1031250000 0.0111363607
-0.4468750000 0.1117187500 -0.0111350327
-0.4468750000 0.1117187500 0.0110689109
-0.4468750000 0.1203125000 -0.0105773407
-0.4468750000 0.1203125000 0.0110672505
-0.4547728360 0.1289062500 -0.0085937500
-0.4468750000 0.1289062500 -0.0098355816
-0.4468750000 0.1289062500 0.0108828354
-0.4480118257 0.1375000000 -0.0085937500
-0.4468750000 0.1375000000 -0.0087693910
-0.4468750000 0.1375000000 0.0103545063
-0.4468750000 0.1383015861 -0.0085937500
-0.4468750000 0.1460937500 -0.0059651207
-0.4513510419 0.1460937500 0.0085937500
-0.4468750000 0.1460937500 0.0088723819
-0.4468750000 0.1546875000 -0.0018929744
-0.4468750000 0.1471445223 0.0085937500
-0.4468750000 0.1546875000 0.0028227964
-0.4468750000 0.1576798681 0.0000000000
-0.4382812500 -0.0487804734 -0.0085937500
-0.4382812500 -0.0429687500 -0.0155489556
-0.4382812500 -0.0479656208 0.0000000000
-0.4382812500 -0.0429687500 0.0060330578
-0.4382812500 -0.0408545532 -0.0171875000
-0.4382812500 -0.0343750000 -0.0222031181
-0.4464531364 -0.0343750000 0.0085937500
-0.4382812500 -0.0401900166 0.0085937500
-0.4382812500 -0.0343750000 0.0132806341
-0.4392019780 -0.0257812500 -0.0257812500
-0.4382812500 -0.0265049880 -0.0257812500
-0.4382812500 -0.0257812500 -0.0263377660
-0.4382812500 -0.0257812500 0.0170998496
-0.4398875558 -0.0171875000 -0.0257812500
-0.4382812500 -0.0171875000 -0.0266661754
-0.4444602061 -0.0171875000 0.0171875000
-0.4382812500 -0.0254785226 0.0171875000
-0.4382812500 -0.0171875000 0.0202813464
-0.4382812500 -0.0160976927 -0.0257812500
-0.4382812500 -0.0085937500 -0.0235906702
-0.4456383019 -0.0085937500 0.0171875000
-0.4382812500 -0.0085937500 0.0197628629
-0.4382812500 0.0000000000 -0.0195706191
-0.4382812500 -0.0004694679 0.0171875000
-0.4382812500 0.0000000000 0.0170758024
-0.4382812500 0.0049283353 -0.0171875000
-0.4382812500 0.0085937500 -0.0157372175
-0.4382812500 0.0085937500 0.0141324082
-0.4382812500 0.0171875000 -0.0130546557
-0.4382812500 0.0171875000 0.0118155234
-0.4382812500 0.0257812500 -0.0112847088
-0.4382812500 0.0257812500 0.0108076959
-0.4382812500 0.0343750000 -0.0106115943
-0.4463750764 0.0343750000 0.0085937500
-0.4382812500 0.0343750000 0.0103509722
-0.4382812500 0.0429687500 -0.0106107616
-0.4464308574 0.0429687500 0.0085937500
-0.4382812500 0.0429687500 0.0102437842
-0.4382812500 0.0515625000 -0.0109403841
-0.4382812500 0.0515625000 0.0103744888
-0.4382812500 0.0601562500 -0.0113329524
-0.4382812500 0.0601562500 0.0108539812
-0.4382812500 0.0687500000 -0.0116462692
-0.4382812500 0.0687500000 0.0113689201
-0.4382812500 0.0773437500 -0.0118793106
-0.4382812500 0.0773437500 0.0117505980
-0.4382812500 0.0859375000 -0.0122140781
-0.4382812500 0.0859375000 0.0122168690
-0.4382812500 0.0945312500 -0.0123841990
-0.4382812500 0.0945312500 0.0123077541
-0.4382812500 0.1031250000 -0.0122449148
-0.4382812500 0.1031250000 0.0121163484
-0.4382812500 0.1117187500 -0.0117488576
-0.4382812500 0.1117187500 0.0120346997
-0.4382812500 0.1203125000 -0.0113199649
-0.4382812500 0.1203125000 0.0118704330
-0.4382812500 0.1289062500 -0.0104547796
-0.4382812500 0.1289062500 0.0115913285
-0.4382812500 0.1375000000 -0.0091493391
-0.4382812500 0.1375000000 0.0104486096
-0.4382812500 0.1400522608 -0.0085937500
-0.4382812500 0.1460937500 -0.0064183436
-0.4382812500 0.1460937500 0.0086131180
-0.4382812500 0.1546875000 -0.0018329346
-0.4382812500 0.1461649075 0.0085937500
-0.4382812500 0.1546875000 0.0022990443
-0.4382812500 0.1569530283 0.0000000000
-0.4316524998 -0.0515625000 -0.0085937500
-0.4296875000 -0.0523910371 -0.0085937500
-0.4296875000 -0.0515625000 -0.0094601980
-0.4302453593 -0.0515625000 0.0000000000
-0.4296875000 -0.0518036208 0.0000000000
-0.4296875000 -0.0515625000 0.0003519748
-0.4342105322 -0.0429687500 -0.0171875000
-0.4296875000 -0.0444416301 -0.0171875000
-0.4296875000 -0.0429687500 -0.0191989004
-0.4338941954 -0.0429687500 0.0085937500
-0.4296875000 -0.0451864851 0.0085937500
-0.4296875000 -0.0429687500 0.0106994404
-0.4296875000 -0.0343750000 -0.0257184143
-0.4296875000 -0.0343750000 0.0167936683
-0.4296875000 -0.0342227029 -0.0257812500
-0.4296875000 -0.0257812500 -0.0305713952
-0.4380694512 -0.0257812500 0.0171875000
-0.4296875000 -0.0334224205 0.0171875000
-0.4296875000 -0.0257812500 0.0215896440
-0.4296875000 -0.0171875000 -0.0312537272
-0.4296875000 -0.0171875000 0.0235153767
-0.4296875000 -0.0108527834 -0.0257812500
-0.4296875000 -0.0085937500 -0.0249665318
-0.4296875000 -0.0085937500 0.0222486859
-0.4296875000 0.0000000000 -0.0207921520
-0.4376893853 0.0000000000 0.0171875000
-0.4296875000 0.0000000000 0.0191646374
-0.4296875000 0.0073379927 -0.0171875000
-0.4296875000 0.0085937500 -0.0167223978
-0.4296875000 0.0036970802 0.0171875000
-0.4296875000 0.0085937500 0.0156372314
-0.4296875000 0.0171875000 -0.0141508372
-0.4296875000 0.0171875000 0.0132502879
-0.4296875000 0.0257812500 -0.0124408342
-0.4296875000 0.0257812500 0.0123436243
-0.4296875000 0.0343750000 -0.0117589796
-0.4296875000 0.0343750000 0.0118393689
-0.4296875000 0.0429687500 -0.0117790070
-0.4296875000 0.0429687500 0.0115659469
-0.4296875000 0.0515625000 -0.0122573161
-0.4296875000 0.0515625000 0.0116868256
-0.4296875000 0.0601562500 -0.0125576180
-0.4296875000 0.0601562500 0.0119636698
-0.4296875000 0.0687500000 -0.0127134600
-0.4296875000 0.0687500000 0.0122815626
-0.4296875000 0.0773437500 -0.0129831897
-0.4296875000 0.0773437500 0.0125682550
-0.4296875000 0.0859375000 -0.0131011578
-0.4296875000 0.0859375000 0.0130028374
-0.4296875000 0.0945312500 -0.0131090989
-0.4296875000 0.0945312500 0.0129857638
-0.4296875000 0.1031250000 -0.0127999943
-0.4296875000 0.1031250000 0.0128443104
-0.4296875000 0.1117187500 -0.0122774614
-0.4296875000 0.1117187500 0.0127382453
-0.4296875000 0.1203125000 -0.0116486726
-0.4296875000 0.1203125000 0.0124412892
-0.4296875000 0.1289062500 -0.0106681212
-0.4296875000 0.1289062500 0.0115387706
-0.4296875000 0.1375000000 -0.0091046978
-0.4296875000 0.1375000000 0.0102002076
-0.4296875000 0.1396896589 -0.0085937500
-0.4296875000 0.1460937500 -0.0059750140
-0.4378852969 0.1460937500 0.0085937500
-0.4296875000 0.1445002204 0.0085937500
-0.4296875000 0.1460937500 0.0076138163
-0.4296875000 0.1546875000 -0.0001931038
-0.4296875000 0.1546875000 0.0002292212
-0.4296875000 0.1549064469 0.0000000000
-0.4210937500 -0.0560808481 -0.0085937500
-0.4210937500 -0.0515625000 -0.0132930730
-0.4210937500 -0.0555803070 0.0000000000
-0.4210937500 -0.0515625000 0.0062891015
-0.4210937500 -0.0475876417 -0.0171875000
-0.4210937500 -0.0429687500 -0.0229018562
-0.4210937500 -0.0499274377 0.0085937500
-0.4210937500 -0.0429687500 0.0151751971
-0.4295401141 -0.0343750000 -0.0257812500
-0.4210937500 -0.0392276852 -0.0257812500
-0.4210937500 -0.0343750000 -0.0297527688
-0.4288023194 -0.0343750000 0.0171875000
-0.4210937500 -0.0398803573 0.0171875000
-0.4210937500 -0.0343750000 0.0214793803
-0.4210937500 -0.0257812500 -0.0333062260
-0.4210937500 -0.0257812500 0.0252186203
-0.4210937500 -0.0171875000 -0.0336800254
-0.4218298752 -0.0171875000 0.0257812500
-0.4210937500 -0.0195287398 0.0257812500
-0.4210937500 -0.0171875000 0.0260644122
-0.4243117663 -0.0085937500 -0.0257812500
-0.4210937500 -0.0085937500 -0.0269156401
-0.4210937500 -0.0160807203 0.0257812500
-0.4210937500 -0.0085937500 0.0244043112
-0.4210937500 -0.0076943377 -0.0257812500
-0.4210937500 0.0000000000 -0.0216715271
-0.4210937500 0.0000000000 0.0209673731
-0.4259906215 0.0085937500 -0.0171875000
-0.4210937500 0.0085937500 -0.0178472474
-0.4210937500 0.0071329956 0.0171875000
-0.4210937500 0.0085937500 0.0167562489
-0.4210937500 0.0103104695 -0.0171875000
-0.4210937500 0.0171875000 -0.0150156029
-0.4210937500 0.0171875000 0.0144496589
-0.4210937500 0.0257812500 -0.0134119077
-0.4210937500 0.0257812500 0.0133305013
-0.4210937500 0.0343750000 -0.0126427555
-0.4210937500 0.0343750000 0.0128612324
-0.4210937500 0.0429687500 -0.0125976857
-0.4210937500 0.0429687500 0.0126499842
-0.4210937500 0.0515625000 -0.0130131848
-0.4210937500 0.0515625000 0.0126600015
-0.4210937500 0.0601562500 -0.0131881190
-0.4210937500 0.0601562500 0.0128335166
-0.4210937500 0.0687500000 -0.0134076862
-0.4210937500 0.0687500000 0.0130638910
-0.4210937500 0.0773437500 -0.0137104954
-0.4210937500 0.0773437500 0.0134413939
-0.4210937500 0.0859375000 -0.0137946958
-0.4210937500 0.0859375000 0.0137344174
-0.4210937500 0.0945312500 -0.0136832781
-0.4210937500 0.0945312500 0.0134985453
-0.4210937500 0.1031250000 -0.0131628354
-0.4210937500 0.1031250000 0.0133355053
-0.4210937500 0.1117187500 -0.0124267185
-0.4210937500 0.1117187500 0.0131148231
-0.4210937500 0.1203125000 -0.0114734845
-0.4210937500 0.1203125000 0.0125769616
-0.4210937500 0.1289062500 -0.0102553096
-0.4210937500 0.1289062500 0.0113453973
-0.4229057691 0.1375000000 -0.0085937500
-0.4210937500 0.1368579566 -0.0085937500
-0.4210937500 0.1375000000 -0.0083920147
-0.4210937500 0.1375000000 0.0096826898
-0.4210937500 0.1460937500 -0.0038049258
-0.4210937500 0.1415902185 0.0085937500
-0.4210937500 0.1460937500 0.0050750586
-0.4291379356 0.1546875000 0.0000000000
-0.4210937500 0.1514046807 0.0000000000
-0.4125000000 -0.0595808669 -0.0085937500
-0.4125000000 -0.0515625000 -0.0170948472
-0.4125000000 -0.0592889358 0.0000000000
-0.4183007519 -0.0515625000 0.0085937500
-0.4125000000 -0.0547043889 0.0085937500
-0.4125000000 -0.0515625000 0.0120790046
-0.4125000000 -0.0514582876 -0.0171875000
-0.4125000000 -0.0429687500 -0.0257681747
-0.4171850097 -0.0429687500 0.0171875000
-0.4125000000 -0.0458801173 0.0171875000
-0.4125000000 -0.0429687500 0.0197080889
-0.4125000000 -0.0429504916 -0.0257812500
-0.4125000000 -0.0343750000 -0.0327172653
-0.4125000000 -0.0343750000 0.0252469007
-0.4170669644 -0.0257812500 -0.0343750000
-0.4125000000 -0.0291759819 -0.0343750000
-0.4125000000 -0.0257812500 -0.0376938797
-0.4195885240 -0.0257812500 0.0257812500
-0.4125000000 -0.0327341189 0.0257812500
-0.4125000000 -0.0257812500 0.0289708725
-0.4153732246 -0.0171875000 -0.0343750000
-0.4125000000 -0.0171875000 -0.0355284143
-0.4125000000 -0.0171875000 0.0289685717
-0.4125000000 -0.0166889667 -0.0343750000
-0.4125000000 -0.0085937500 -0.0290998859
-0.4134718291 -0.0085937500 0.0257812500
-0.4125000000 -0.0085937500 0.0259797873
-0.4125000000 -0.0058799194 -0.0257812500
-0.4125000000 0.0000000000 -0.0221231612
-0.4125000000 -0.0082787507 0.0257812500
-0.4125000000 0.0000000000 0.0220661371
-0.4125000000 0.0085937500 -0.0184780262
-0.4176654638 0.0085937500 0.0171875000
-0.4125000000 0.0085937500 0.0180589317
-0.4125000000 0.0122301218 -0.0171875000
-0.4125000000 0.0171875000 -0.0156842007
-0.4125000000 0.0108462571 0.0171875000
-0.4125000000 0.0171875000 0.0155869512
-0.4125000000 0.0257812500 -0.0141014000
-0.4125000000 0.0257812500 0.0141936638
-0.4125000000 0.0343750000 -0.0134055839
-0.4125000000 0.0343750000 0.0134583517
-0.4125000000 0.0429687500 -0.0133623422
-0.4125000000 0.0429687500 0.0131891237
-0.4125000000 0.0515625000 -0.0136015166
-0.4125000000 0.0515625000 0.0131644405
-0.4125000000 0.0601562500 -0.0137144655
-0.4125000000 0.0601562500 0.0134553752
-0.4125000000 0.0687500000 -0.0138808356
-0.4125000000 0.0687500000 0.0136768264
-0.4125000000 0.0773437500 -0.0140288549
-0.4125000000 0.0773437500 0.0140856615
-0.4125000000 0.0859375000 -0.0141103522
-0.4125000000 0.0859375000 0.0142773193
-0.4125000000 0.0945312500 -0.0139051775
-0.4125000000 0.0945312500 0.0139433010
-0.4125000000 0.1031250000 -0.0132523638
-0.4125000000 0.1031250000 0.0137379164
-0.4125000000 0.1117187500 -0.0122784639
-0.4125000000 0.1117187500 0.0132775608
-0.4125000000 0.1203125000 -0.0110205616
-0.4125000000 0.1203125000 0.0123622759
-0.4125000000 0.1289062500 -0.0092884259
-0.4125000000 0.1289062500 0.0107555701
-0.4125000000 0.1314318580 -0.0085937500
-0.4125000000 0.1375000000 -0.0061093209
-0.4125000000 0.1375000000 0.0086887267
-0.4125000000 0.1460937500 -0.0009196424
-0.4125000000 0.1378474391 0.0085937500
-0.4125000000 0.1460937500 0.0014005361
-0.4125000000 0.1475082648 0.0000000000
-0.4110289501 -0.0601562500 -0.0085937500
-0.4039062500 -0.0625820985 -0.0085937500
-0.4039062500 -0.0601562500 -0.0116689018
-0.4106192261 -0.0601562500 0.0000000000
-0.4039062500 -0.0630614758 0.0000000000
-0.4039062500 -0.0601562500 0.0065600832
-0.4122751676 -0.0515625000 -0.0171875000
-0.4039062500 -0.0549499476 -0.0171875000
-0.4039062500 -0.0515625000 -0.0206324886
-0.4039062500 -0.0591670899 0.0085937500
-0.4039062500 -0.0515625000 0.0167401449
-0.4124636816 -0.0429687500 -0.0257812500
-0.4039062500 -0.0459300582 -0.0257812500
-0.4039062500 -0.0429687500 -0.0292198974
-0.4039062500 -0.0510732156 0.0171875000
-0.4039062500 -0.0429687500 0.0232376266
-0.4068881564 -0.0343750000 -0.0343750000
-0.4039062500 -0.0356164925 -0.0343750000
-0.4039062500 -0.0343750000 -0.0356618054
-0.4109116583 -0.0343750000 0.0257812500
-0.4039062500 -0.0380709535 0.0257812500
-0.4039062500 -0.0343750000 0.0286686775
-0.4039062500 -0.0257812500 -0.0410654087
-0.4039062500 -0.0257812500 0.0316035039
-0.4039062500 -0.0171875000 -0.0386077760
-0.4039062500 -0.0171875000 0.0308623482
-0.4039062500 -0.0150848132 -0.0343750000
-0.4039062500 -0.0085937500 -0.0300063892
-0.4039062500 -0.0085937500 0.0268380665
-0.4039062500 -0.0047442282 -0.0257812500
-0.4039062500 0.0000000000 -0.0225959927
-0.4039062500 -0.0067649312 0.0257812500
-0.4039062500 0.0000000000 0.0229821281
-0.4039062500 0.0085937500 -0.0188352301
-0.4039062500 0.0085937500 0.0193157831
-0.4039062500 0.0136812767 -0.0171875000
-0.4039062500 0.0171875000 -0.0162368344
-0.4039062500 0.0143838021 0.0171875000
-0.4039062500 0.0171875000 0.0164219420
-0.4039062500 0.0257812500 -0.0146216785
-0.4039062500 0.0257812500 0.0148703488
-0.4039062500 0.0343750000 -0.0138843293
-0.4039062500 0.0343750000 0.0139772974
-0.4039062500 0.0429687500 -0.0137509818
-0.4039062500 0.0429687500 0.0135987650
-0.4039062500 0.0515625000 -0.0140936261
-0.4039062500 0.0515625000 0.0133108145
-0.4039062500 0.0601562500 -0.0141348933
-0.4039062500 0.0601562500 0.0134642481
-0.4039062500 0.0687500000 -0.0141985677
-0.4039062500 0.0687500000 0.0138262079
-0.4039062500 0.0773437500 -0.0142013591
-0.4039062500 0.0773437500 0.0141563281
-0.4039062500 0.0859375000 -0.0141352088
-0.4039062500 0.0859375000 0.0142499091
-0.4039062500 0.0945312500 -0.0137474947
-0.4039062500 0.0945312500 0.0139795194
-0.4039062500 0.1031250000 -0.0128153091
-0.4039062500 0.1031250000 0.0135763080
-0.4039062500 0.1117187500 -0.0116647615
-0.4039062500 0.1117187500 0.0129743346
-0.4039062500 0.1203125000 -0.0099134377
-0.4039062500 0.1203125000 0.0117138121
-0.4089659096 0.1289062500 -0.0085937500
-0.4039062500 0.1252395897 -0.0085937500
-0.4039062500 0.1289062500 -0.0073132149
-0.4039062500 0.1289062500 0.0097428489
-0.4039062500 0.1375000000 -0.0028850399
-0.4118821983 0.1375000000 0.0085937500
-0.4039062500 0.1332469787 0.0085937500
-0.4039062500 0.1375000000 0.0048627362
-0.4102512702 0.1460937500 0.0000000000
-0.4039062500 0.1423417475 0.0000000000
-0.3953125000 -0.0654414409 -0.0085937500
-0.3953125000 -0.0601562500 -0.0156832611
-0.3953125000 -0.0668833931 0.0000000000
-0.4018783239 -0.0601562500 0.0085937500
-0.3953125000 -0.0630921349 0.0085937500
-0.3953125000 -0.0601562500 0.0119640541
-0.3953125000 -0.0588129437 -0.0171875000
-0.3953125000 -0.0515625000 -0.0241161177
-0.4030146321 -0.0515625000 0.0171875000
-0.3953125000 -0.0551795025 0.0171875000
-0.3953125000 -0.0515625000 0.0203304163
-0.3953125000 -0.0495132617 -0.0257812500
-0.3953125000 -0.0429687500 -0.0322847022
-0.3957397350 -0.0429687500 0.0257812500
-0.3953125000 -0.0431727674 0.0257812500
-0.3953125000 -0.0429687500 0.0259736086
-0.3953125000 -0.0396397508 -0.0343750000
-0.3953125000 -0.0343750000 -0.0384741192
-0.3953125000 -0.0343750000 0.0311977139
-0.3953125000 -0.0257812500 -0.0425874239
-0.3953125000 -0.0257812500 0.0333298229
-0.3953125000 -0.0171875000 -0.0393938099
-0.3953125000 -0.0171875000 0.0317958656
-0.3953125000 -0.0139923406 -0.0343750000
-0.3953125000 -0.0085937500 -0.0310620519
-0.3953125000 -0.0085937500 0.0277135376
-0.3953125000 -0.0030284619 -0.0257812500
-0.3953125000 0.0000000000 -0.0236867888
-0.3953125000 -0.0054652230 0.0257812500
-0.3953125000 0.0000000000 0.0234165479
-0.3953125000 0.0085937500 -0.0193970082
-0.3953125000 0.0085937500 0.0198640393
-0.3953125000 0.0153708294 -0.0171875000
-0.3953125000 0.0171875000 -0.0167023287
-0.3953125000 0.0162546153 0.0171875000
-0.3953125000 0.0171875000 0.0169219754
-0.3953125000 0.0257812500 -0.0149721347
-0.3953125000 0.0257812500 0.0152340813
-0.3953125000 0.0343750000 -0.0140441277
-0.3953125000 0.0343750000 0.0140989357
-0.3953125000 0.0429687500 -0.0139625668
-0.3953125000 0.0429687500 0.0135225907
-0.3953125000 0.0515625000 -0.0142992023
-0.3953125000 0.0515625000 0.0131528944
-0.3953125000 0.0601562500 -0.0142761258
-0.3953125000 0.0601562500 0.0132133364
-0.3953125000 0.0687500000 -0.0142886063
-0.3953125000 0.0687500000 0.0135371094
-0.3953125000 0.0773437500 -0.0142517153
-0.3953125000 0.0773437500 0.0138105981
-0.3953125000 0.0859375000 -0.0139172939
-0.3953125000 0.0859375000 0.0139349571
-0.3953125000 0.0945312500 -0.0131811919
-0.3953125000 0.0945312500 0.0136073827
-0.3953125000 0.1031250000 -0.0120337726
-0.3953125000 0.1031250000 0.0130956677
-0.3953125000 0.1117187500 -0.0103922685
-0.3953125000 0.1117187500 0.0121631556
-0.3960397109 0.1203125000 -0.0085937500
-0.3953125000 0.1197752295 -0.0085937500
-0.3953125000 0.1203125000 -0.0084428708
-0.3953125000 0.1203125000 0.0105048991
-0.3953125000 0.1289062500 -0.0046257814
-0.3970588200 0.1289062500 0.0085937500
-0.3953125000 0.1278024953 0.0085937500
-0.3953125000 0.1289062500 0.0077217871
-0.3967825190 0.1375000000 0.0000000000
-0.3953125000 0.1366020689 0.0000000000
-0.3903944617 -0.0687500000 0.0000000000
-0.3867187500 -0.0698626097 0.0000000000
-0.3867187500 -0.0687500000 -0.0052814597
-0.3867187500 -0.0687500000 0.0036351621
-0.3920098547 -0.0601562500 -0.0171875000
-0.3867187500 -0.0621605531 -0.0171875000
-0.3867187500 -0.0601562500 -0.0194313092
-0.3867187500 -0.0679927940 -0.0085937500
-0.3867187500 -0.0666880576 0.0085937500
-0.3867187500 -0.0601562500 0.0157533790
-0.3909487356 -0.0515625000 -0.0257812500
-0.3867187500 -0.0534283632 -0.0257812500
-0.3867187500 -0.0515625000 -0.0275645939
-0.3867187500 -0.0588014255 0.0171875000
-0.3867187500 -0.0515625000 0.0231781251
-0.3886518888 -0.0429687500 -0.0343750000
-0.3867187500 -0.0436088515 -0.0343750000
-0.3867187500 -0.0429687500 -0.0350656757
-0.3867187500 -0.0473112000 0.0257812500
-0.3867187500 -0.0429687500 0.0291965153
-0.3867187500 -0.0343750000 -0.0402530458
-0.3867187500 -0.0343750000 0.0334557123
-0.3867187500 -0.0257812500 -0.0425849796
-0.3885880060 -0.0257812500 0.0343750000
-0.3867187500 -0.0276755392 0.0343750000
-0.3867187500 -0.0257812500 0.0347307493
-0.3867187500 -0.0171875000 -0.0396786426
-0.3867187500 -0.0247715256 0.0343750000
-0.3867187500 -0.0171875000 0.0325010598
-0.3867187500 -0.0124808763 -0.0343750000
-0.3867187500 -0.0085937500 -0.0319217783
-0.3867187500 -0.0085937500 0.0280070323
-0.3867187500 -0.0015319674 -0.0257812500
-0.3867187500 0.0000000000 -0.0247178965
-0.3867187500 -0.0052904688 0.0257812500
-0.3867187500 0.0000000000 0.0234341531
-0.3867187500 0.0085937500 -0.0198999827
-0.3867187500 0.0085937500 0.0202188517
-0.3867187500 0.0159463259 -0.0171875000
-0.3867187500 0.0171875000 -0.0168291920
-0.3880067391 0.0171875000 0.0171875000
-0.3867187500 0.0171875000 0.0172419084
-0.3867187500 0.0257812500 -0.0150448389
-0.3867187500 0.0173768631 0.0171875000
-0.3867187500 0.0257812500 0.0152072433
-0.3867187500 0.0343750000 -0.0140877671
-0.3867187500 0.0343750000 0.0139530761
-0.3867187500 0.0429687500 -0.0140987592
-0.3867187500 0.0429687500 0.0132680453
-0.3867187500 0.0515625000 -0.0143825292
-0.3867187500 0.0515625000 0.0128613337
-0.3867187500 0.0601562500 -0.0143152411
-0.3867187500 0.0601562500 0.0129300307
-0.3867187500 0.0687500000 -0.0141848443
-0.3867187500 0.0687500000 0.0131838471
-0.3867187500 0.0773437500 -0.0138548178
-0.3867187500 0.0773437500 0.0133343253
-0.3867187500 0.0859375000 -0.0133543641
-0.3867187500 0.0859375000 0.0133148392
-0.3867187500 0.0945312500 -0.0123637357
-0.3867187500 0.0945312500 0.0128921205
-0.3867187500 0.1031250000 -0.0108914863
-0.3867187500 0.1031250000 0.0120374962
-0.3867187500 0.1117187500 -0.0088908826
-0.3867187500 0.1117187500 0.0108402945
-0.3867187500 0.1128161631 -0.0085937500
-0.3867187500 0.1203125000 -0.0058277918
-0.3867187500 0.1203125000 0.0089084981
-0.3867187500 0.1289062500 -0.0009137616
-0.3867187500 0.1214396779 0.0085937500
-0.3867187500 0.1289062500 0.0015858279
-0.3867187500 0.1302339986 0.0000000000
-0.3837615168 -0.0687500000 -0.0085937500
-0.3781250000 -0.0700862932 -0.0085937500
-0.3781250000 -0.0687500000 -0.0111930735
-0.3781250000 -0.0723925458 0.0000000000
-0.3818777578 -0.0687500000 0.0085937500
-0.3781250000 -0.0702461505 0.0085937500
-0.3781250000 -0.0687500000 0.0103175720
-0.3781250000 -0.0650156463 -0.0171875000
-0.3781250000 -0.0601562500 -0.0227118484
-0.3837451991 -0.0601562500 0.0171875000
-0.3781250000 -0.0625594175 0.0171875000
-0.3781250000 -0.0601562500 0.0191831754
-0.3781250000 -0.0567888765 -0.0257812500
-0.3781250000 -0.0515625000 -0.0303770983
-0.3792739665 -0.0515625000 0.0257812500
-0.3781250000 -0.0520285508 0.0257812500
-0.3781250000 -0.0515625000 0.0262228262
-0.3781250000 -0.0463845677 -0.0343750000
-0.3781250000 -0.0429687500 -0.0374313756
-0.3781250000 -0.0429687500 0.0319743384
-0.3781250000 -0.0343750000 -0.0411744185
-0.3824958091 -0.0343750000 0.0343750000
-0.3781250000 -0.0365549408 0.0343750000
-0.3781250000 -0.0343750000 0.0354660982
-0.3781250000 -0.0257812500 -0.0421339342
-0.3781250000 -0.0257812500 0.0360625370
-0.3781250000 -0.0171875000 -0.0393569883
-0.3781250000 -0.0215615239 0.0343750000
-0.3781250000 -0.0171875000 0.0330495679
-0.3781250000 -0.0116910705 -0.0343750000
-0.3781250000 -0.0085937500 -0.0324254866
-0.3781250000 -0.0085937500 0.0280763948
-0.3781250000 -0.0000930454 -0.0257812500
-0.3781250000 0.0000000000 -0.0257169534
-0.3781250000 -0.0051608762 0.0257812500
-0.3781250000 0.0000000000 0.0236390020
-0.3781250000 0.0085937500 -0.0203314901
-0.3781250000 0.0085937500 0.0204040717
-0.3781250000 0.0160934194 -0.0171875000
-0.3781250000 0.0171875000 -0.0168207823
-0.3781250000 0.0171875000 0.0172508482
-0.3781250000 0.0257812500 -0.0150308034
-0.3781250000 0.0173789795 0.0171875000
-0.3781250000 0.0257812500 0.0149343461
-0.3781250000 0.0343750000 -0.0141447013
-0.3781250000 0.0343750000 0.0136278409
-0.3781250000 0.0429687500 -0.0140770925
-0.3781250000 0.0429687500 0.0128646062
-0.3781250000 0.0515625000 -0.0142947363
-0.3781250000 0.0515625000 0.0124215069
-0.3781250000 0.0601562500 -0.0141468575
-0.3781250000 0.0601562500 0.0123730503
-0.3781250000 0.0687500000 -0.0136837391
-0.3781250000 0.0687500000 0.0126349113
-0.3781250000 0.0773437500 -0.0130156055
-0.3781250000 0.0773437500 0.0126020250
-0.3781250000 0.0859375000 -0.0124508481
-0.3781250000 0.0859375000 0.0123770497
-0.3781250000 0.0945312500 -0.0112091395
-0.3781250000 0.0945312500 0.0117322852
-0.3781250000 0.1031250000 -0.0094878675
-0.3781250000 0.1031250000 0.0106159740
-0.3851538042 0.1117187500 -0.0085937500
-0.3781250000 0.1065995775 -0.0085937500
-0.3781250000 0.1117187500 -0.0068158091
-0.3781250000 0.1117187500 0.0091438642
-0.3781250000 0.1203125000 -0.0024765672
-0.3852439214 0.1203125000 0.0085937500
-0.3781250000 0.1140149340 0.0085937500
-0.3781250000 0.1203125000 0.0038529756
-0.3849105613 0.1289062500 0.0000000000
-0.3781250000 0.1238433600 0.0000000000
-0.3695312500 -0.0723341454 -0.0085937500
-0.3695312500 -0.0687500000 -0.0155721531
-0.3695312500 -0.0748426713 0.0000000000
-0.3695312500 -0.0733493059 0.0085937500
-0.3695312500 -0.0687500000 0.0138233352
-0.3695312500 -0.0678076244 -0.0171875000
-0.3695312500 -0.0601562500 -0.0255994377
-0.3695312500 -0.0658910057 0.0171875000
-0.3695312500 -0.0601562500 0.0220425644
-0.3695312500 -0.0599485342 -0.0257812500
-0.3695312500 -0.0515625000 -0.0327876219
-0.3695312500 -0.0554324456 0.0257812500
-0.3695312500 -0.0515625000 0.0290926429
-0.3695312500 -0.0492005056 -0.0343750000
-0.3695312500 -0.0429687500 -0.0389771358
-0.3695312500 -0.0429687500 0.0338737366
-0.3695312500 -0.0343750000 -0.0417806991
-0.3695312500 -0.0411852111 0.0343750000
-0.3695312500 -0.0343750000 0.0369396533
-0.3695312500 -0.0257812500 -0.0419025884
-0.3695312500 -0.0257812500 0.0366999888
-0.3695312500 -0.0171875000 -0.0393346331
-0.3695312500 -0.0204803018 0.0343750000
-0.3695312500 -0.0171875000 0.0332728258
-0.3695312500 -0.0109864526 -0.0343750000
-0.3695312500 -0.0085937500 -0.0329805165
-0.3695312500 -0.0085937500 0.0283027508
-0.3771513245 0.0000000000 -0.0257812500
-0.3695312500 0.0000000000 -0.0263427067
-0.3695312500 -0.0050493327 0.0257812500
-0.3695312500 0.0000000000 0.0237632650
-0.3695312500 0.0006945235 -0.0257812500
-0.3695312500 0.0085937500 -0.0206965753
-0.3695312500 0.0085937500 0.0202476551
-0.3695312500 0.0168328796 -0.0171875000
-0.3695312500 0.0171875000 -0.0170602731
-0.3750417385 0.0171875000 0.0171875000
-0.3695312500 0.0168952030 0.0171875000
-0.3695312500 0.0171875000 0.0170966014
-0.3695312500 0.0257812500 -0.0149235942
-0.3695312500 0.0257812500 0.0145869375
-0.3695312500 0.0343750000 -0.0138625384
-0.3695312500 0.0343750000 0.0131796696
-0.3695312500 0.0429687500 -0.0136441703
-0.3695312500 0.0429687500 0.0123707063
-0.3695312500 0.0515625000 -0.0136207603
-0.3695312500 0.0515625000 0.0118314610
-0.3695312500 0.0601562500 -0.0133512016
-0.3695312500 0.0601562500 0.0116221117
-0.3695312500 0.0687500000 -0.0126301299
-0.3695312500 0.0687500000 0.0117081060
-0.3695312500 0.0773437500 -0.0118758202
-0.3695312500 0.0773437500 0.0115699272
-0.3695312500 0.0859375000 -0.0110539265
-0.3695312500 0.0859375000 0.0111490250
-0.3695312500 0.0945312500 -0.0095833115
-0.3695312500 0.0945312500 0.0102619466
-0.3740313867 0.1031250000 -0.0085937500
-0.3695312500 0.0988012972 -0.0085937500
-0.3695312500 0.1031250000 -0.0072134032
-0.3695312500 0.1031250000 0.0089927438
-0.3695312500 0.1117187500 -0.0034272504
-0.3756135252 0.1117187500 0.0085937500
-0.3695312500 0.1051128124 0.0085937500
-0.3695312500 0.1117187500 0.0047148527
-0.3737401977 0.1203125000 0.0000000000
-0.3695312500 0.1166953228 0.0000000000
-0.3663847004 -0.0687500000 -0.0171875000
-0.3609375000 -0.0703857047 -0.0171875000
-0.3609375000 -0.0687500000 -0.0191268264
-0.3609375000 -0.0748568072 -0.0085937500
-0.3609375000 -0.0772959939 0.0000000000
-0.3609375000 -0.0762668386 0.0085937500
-0.3626196625 -0.0687500000 0.0171875000
-0.3609375000 -0.0694825503 0.0171875000
-0.3609375000 -0.0687500000 0.0177909170
-0.3688969385 -0.0601562500 -0.0257812500
-0.3609375000 -0.0624803995 -0.0257812500
-0.3609375000 -0.0601562500 -0.0279842810
-0.3609375000 -0.0601562500 0.0248611672
-0.3623906451 -0.0515625000 -0.0343750000
-0.3609375000 -0.0519805830 -0.0343750000
-0.3609375000 -0.0515625000 -0.0347221196
-0.3609375000 -0.0589403767 0.0257812500
-0.3609375000 -0.0515625000 0.0315492893
-0.3609375000 -0.0429687500 -0.0402237497
-0.3668602546 -0.0429687500 0.0343750000
-0.3609375000 -0.0453464185 0.0343750000
-0.3609375000 -0.0429687500 0.0357742614
-0.3609375000 -0.0343750000 -0.0423034260
-0.3609375000 -0.0343750000 0.0378929279
-0.3609375000 -0.0257812500 -0.0417903308
-0.3609375000 -0.0257812500 0.0370517535
-0.3609375000 -0.0171875000 -0.0392019428
-0.3609375000 -0.0202062286 0.0343750000
-0.3609375000 -0.0171875000 0.0333167750
-0.3609375000 -0.0105951881 -0.0343750000
-0.3609375000 -0.0085937500 -0.0332096488
-0.3609375000 -0.0085937500 0.0285354840
-0.3609375000 0.0000000000 -0.0269904516
-0.3609375000 -0.0051722458 0.0257812500
-0.3609375000 0.0000000000 0.0235915570
-0.3609375000 0.0015251040 -0.0257812500
-0.3609375000 0.0085937500 -0.0209683169
-0.3609375000 0.0085937500 0.0198959764
-0.3609375000 0.0167265418 -0.0171875000
-0.3609375000 0.0171875000 -0.0170095135
-0.3609375000 0.0158129348 0.0171875000
-0.3609375000 0.0171875000 0.0167498225
-0.3609375000 0.0257812500 -0.0145592484
-0.3609375000 0.0257812500 0.0140622764
-0.3609375000 0.0343750000 -0.0132689558
-0.3609375000 0.0343750000 0.0126742681
-0.3609375000 0.0429687500 -0.0129948356
-0.3609375000 0.0429687500 0.0116201292
-0.3609375000 0.0515625000 -0.0127122686
-0.3609375000 0.0515625000 0.0109369406
-0.3609375000 0.0601562500 -0.0120757621
-0.3609375000 0.0601562500 0.0106253649
-0.3609375000 0.0687500000 -0.0111866064
-0.3609375000 0.0687500000 0.0105566919
-0.3609375000 0.0773437500 -0.0100646521
-0.3609375000 0.0773437500 0.0102770673
-0.3609375000 0.0859375000 -0.0091396213
-0.3609375000 0.0859375000 0.0097310069
-0.3656643160 0.0945312500 -0.0085937500
-0.3609375000 0.0885513415 -0.0085937500
-0.3609375000 0.0945312500 -0.0067756077
-0.3611366310 0.0945312500 0.0085937500
-0.3609375000 0.0942600932 0.0085937500
-0.3609375000 0.0945312500 0.0084865481
-0.3609375000 0.1031250000 -0.0032039373
-0.3677080633 0.1031250000 0.0085937500
-0.3609375000 0.1031250000 0.0041906464
-0.3639580916 0.1117187500 0.0000000000
-0.3609375000 0.1084316440 0.0000000000
-0.3528490793 -0.0773437500 -0.0085937500
-0.3523437500 -0.0775041429 -0.0085937500
-0.3523437500 -0.0773437500 -0.0089259026
-0.3607778587 -0.0773437500 0.0000000000
-0.3523437500 -0.0796977479 0.0000000000
-0.3576179086 -0.0773437500 0.0085937500
-0.3523437500 -0.0787784894 0.0085937500
-0.3523437500 -0.0773437500 0.0108034795
-0.3523437500 -0.0729802455 -0.0171875000
-0.3523437500 -0.0687500000 -0.0220181797
-0.3523437500 -0.0727170309 0.0171875000
-0.3523437500 -0.0687500000 0.0208293530
-0.3523437500 -0.0651291774 -0.0257812500
-0.3523437500 -0.0601562500 -0.0301663824
-0.3582107586 -0.0601562500 0.0257812500
-0.3523437500 -0.0626574052 0.0257812500
-0.3523437500 -0.0601562500 0.0280104681
-0.3523437500 -0.0544456027 -0.0343750000
-0.3523437500 -0.0515625000 -0.0366888888
-0.3523437500 -0.0515625000 0.0339351657
-0.3523437500 -0.0429687500 -0.0414379135
-0.3523437500 -0.0502750988 0.0343750000
-0.3523437500 -0.0429687500 0.0373983935
-0.3523437500 -0.0343750000 -0.0425551040
-0.3523437500 -0.0343750000 0.0387186216
-0.3523437500 -0.0257812500 -0.0414919316
-0.3523437500 -0.0257812500 0.0372318660
-0.3523437500 -0.0171875000 -0.0388084675
-0.3523437500 -0.0200327951 0.0343750000
-0.3523437500 -0.0171875000 0.0333444422
-0.3523437500 -0.0101941192 -0.0343750000
-0.3523437500 -0.0085937500 -0.0334591423
-0.3523437500 -0.0085937500 0.0286866741
-0.3523437500 0.0000000000 -0.0276285550
-0.3523437500 -0.0051623072 0.0257812500
-0.3523437500 0.0000000000 0.0234528895
-0.3523437500 0.0023232957 -0.0257812500
-0.3523437500 0.0085937500 -0.0212502034
-0.3523437500 0.0085937500 0.0196183245
-0.3523437500 0.0166089543 -0.0171875000
-0.3523437500 0.0171875000 -0.0169377187
-0.3523437500 0.0144075346 0.0171875000
-0.3523437500 0.0171875000 0.0161721051
-0.3523437500 0.0257812500 -0.0141079673
-0.3523437500 0.0257812500 0.0133822985
-0.3523437500 0.0343750000 -0.0124777311
-0.3523437500 0.0343750000 0.0119069440
-0.3523437500 0.0429687500 -0.0120153441
-0.3523437500 0.0429687500 0.0107444422
-0.3523437500 0.0515625000 -0.0114487255
-0.3523437500 0.0515625000 0.0099942173
-0.3523437500 0.0601562500 -0.0105056080
-0.3523437500 0.0601562500 0.0094701927
-0.3523437500 0.0687500000 -0.0090581515
-0.3523437500 0.0687500000 0.0092276500
-0.3552694924 0.0773437500 -0.0085937500
-0.3523437500 0.0720098088 -0.0085937500
-0.3523437500 0.0773437500 -0.0074711212
-0.3523437500 0.0773437500 0.0086396205
-0.3591447721 0.0859375000 -0.0085937500
-0.3523437500 0.0859375000 -0.0052516983
-0.3556359791 0.0859375000 0.0085937500
-0.3523437500 0.0778710069 0.0085937500
-0.3523437500 0.0859375000 0.0063925387
-0.3523437500 0.0945312500 -0.0019020986
-0.3523437500 0.0945312500 0.0023185915
-0.3560647376 0.1031250000 0.0000000000
-0.3523437500 0.0981112318 0.0000000000
-0.3437500000 -0.0802877006 -0.0085937500
-0.3437500000 -0.0773437500 -0.0143727579
-0.3437500000 -0.0820727496 0.0000000000
-0.3437500000 -0.0811016587 0.0085937500
-0.3437500000 -0.0773437500 0.0144647949
-0.3437500000 -0.0757742806 -0.0171875000
-0.3437500000 -0.0687500000 -0.0247873206
-0.3437500000 -0.0754788375 0.0171875000
-0.3437500000 -0.0687500000 0.0235511299
-0.3437500000 -0.0677370170 -0.0257812500
-0.3437500000 -0.0601562500 -0.0320696442
-0.3437500000 -0.0660443397 0.0257812500
-0.3437500000 -0.0601562500 0.0309857881
-0.3437500000 -0.0569698287 -0.0343750000
-0.3437500000 -0.0515625000 -0.0384643293
-0.3506990804 -0.0515625000 0.0343750000
-0.3437500000 -0.0547518201 0.0343750000
-0.3437500000 -0.0515625000 0.0363511067
-0.3437500000 -0.0429687500 -0.0423294187
-0.3437500000 -0.0429687500 0.0387431125
-0.3445714290 -0.0343750000 -0.0429687500
-0.3437500000 -0.0349011473 -0.0429687500
-0.3437500000 -0.0343750000 -0.0430376575
-0.3437500000 -0.0343750000 0.0393331125
-0.3437500000 -0.0341643079 -0.0429687500
-0.3437500000 -0.0257812500 -0.0414164004
-0.3437500000 -0.0257812500 0.0375814185
-0.3437500000 -0.0171875000 -0.0386354307
-0.3437500000 -0.0195653247 0.0343750000
-0.3437500000 -0.0171875000 0.0334661007
-0.3437500000 -0.0096951657 -0.0343750000
-0.3437500000 -0.0085937500 -0.0337273821
-0.3437500000 -0.0085937500 0.0288206369
-0.3437500000 0.0000000000 -0.0279953043
-0.3437500000 -0.0050223949 0.0257812500
-0.3437500000 0.0000000000 0.0234335411
-0.3437500000 0.0028350921 -0.0257812500
-0.3437500000 0.0085937500 -0.0214554870
-0.3437500000 0.0085937500 0.0194394422
-0.3437500000 0.0164596476 -0.0171875000
-0.3437500000 0.0171875000 -0.0168375173
-0.3437500000 0.0134872348 0.0171875000
-0.3437500000 0.0171875000 0.0155866681
-0.3437500000 0.0257812500 -0.0136366941
-0.3437500000 0.0257812500 0.0125983088
-0.3437500000 0.0343750000 -0.0115025478
-0.3437500000 0.0343750000 0.0110107889
-0.3437500000 0.0429687500 -0.0106040928
-0.3437500000 0.0429687500 0.0097053464
-0.3437500000 0.0515625000 -0.0097441268
-0.3437500000 0.0515625000 0.0088600880
-0.3452445258 0.0601562500 -0.0085937500
-0.3437500000 0.0578612831 -0.0085937500
-0.3437500000 0.0601562500 -0.0079665952
-0.3458578812 0.0601562500 0.0085937500
-0.3437500000 0.0556282662 0.0085937500
-0.3437500000 0.0601562500 0.0078886945
-0.3508127090 0.0687500000 -0.0085937500
-0.3437500000 0.0687500000 -0.0051142948
-0.3489452593 0.0687500000 0.0085937500
-0.3437500000 0.0687500000 0.0056800318
-0.3437500000 0.0773437500 -0.0021561970
-0.3521357074 0.0773437500 0.0085937500
-0.3437500000 0.0773437500 0.0025156852
-0.3450112487 0.0859375000 0.0000000000
-0.3437500000 0.0832376184 0.0000000000
-0.3497062632 0.0945312500 0.0000000000
-0.3388113880 -0.0773437500 -0.0171875000
-0.3351562500 -0.0785515474 -0.0171875000
-0.3351562500 -0.0773437500 -0.0186604627
-0.3351562500 -0.0829373397 -0.0085937500
-0.3351562500 -0.0844516241 0.0000000000
-0.3351562500 -0.0833768780 0.0085937500
-0.3377818786 -0.0773437500 0.0171875000
-0.3351562500 -0.0781396246 0.0171875000
-0.3351562500 -0.0773437500 0.0180370934
-0.3404837616 -0.0687500000 -0.0257812500
-0.3351562500 -0.0705601114 -0.0257812500
-0.3351562500 -0.0687500000 -0.0272341705
-0.3364105392 -0.0687500000 0.0257812500
-0.3351562500 -0.0691894087 0.0257812500
-0.3351562500 -0.0687500000 0.0261981100
-0.3351562500 -0.0601562500 -0.0339640033
-0.3351562500 -0.0601562500 0.0335432923
-0.3351562500 -0.0596011576 -0.0343750000
-0.3351562500 -0.0515625000 -0.0401050371
-0.3351562500 -0.0588014705 0.0343750000
-0.3351562500 -0.0515625000 0.0382924268
-0.3390757041 -0.0429687500 -0.0429687500
-0.3351562500 -0.0443982851 -0.0429687500
-0.3351562500 -0.0429687500 -0.0436285371
-0.3351562500 -0.0429687500 0.0398118282
-0.3351562500 -0.0343750000 -0.0441021990
-0.3351562500 -0.0343750000 0.0399205992
-0.3351562500 -0.0308025503 -0.0429687500
-0.3351562500 -0.0257812500 -0.0418836431
-0.3351562500 -0.0257812500 0.0379342241
-0.3351562500 -0.0171875000 -0.0386348767
-0.3351562500 -0.0187447578 0.0343750000
-0.3351562500 -0.0171875000 0.0337862227
-0.3351562500 -0.0095831350 -0.0343750000
-0.3351562500 -0.0085937500 -0.0337761069
-0.3351562500 -0.0085937500 0.0290700770
-0.3351562500 0.0000000000 -0.0280616325
-0.3351562500 -0.0047974756 0.0257812500
-0.3351562500 0.0000000000 0.0234108646
-0.3351562500 0.0029575337 -0.0257812500
-0.3351562500 0.0085937500 -0.0214885344
-0.3351562500 0.0085937500 0.0191773805
-0.3351562500 0.0158994446 -0.0171875000
-0.3351562500 0.0171875000 -0.0164746407
-0.3351562500 0.0126020053 0.0171875000
-0.3351562500 0.0171875000 0.0149785280
-0.3351562500 0.0257812500 -0.0129111104
-0.3351562500 0.0257812500 0.0116563400
-0.3351562500 0.0343750000 -0.0103892726
-0.3351562500 0.0343750000 0.0099779949
-0.3351562500 0.0429687500 -0.0090509618
-0.3353657259 0.0429687500 0.0085937500
-0.3351562500 0.0427940796 0.0085937500
-0.3351562500 0.0429687500 0.0085290805
-0.3389490661 0.0515625000 -0.0085937500
-0.3351562500 0.0457552643 -0.0085937500
-0.3351562500 0.0515625000 -0.0070397776
-0.3420538382 0.0515625000 0.0085937500
-0.3351562500 0.0515625000 0.0060432624
-0.3351562500 0.0601562500 -0.0035977672
-0.3351562500 0.0601562500 0.0033480592
-0.3355950885 0.0687500000 0.0000000000
-0.3351562500 0.0680869461 0.0000000000
-0.3405169134 0.0773437500 0.0000000000
-0.3293727166 -0.0859375000 0.0000000000
-0.3265625000 -0.0865583453 0.0000000000
-0.3265625000 -0.0859375000 -0.0052625853
-0.3265625000 -0.0859375000 0.0052165646
-0.3265625000 -0.0813375498 -0.0171875000
-0.3265625000 -0.0773437500 -0.0219667704
-0.3265625000 -0.0854570258 -0.0085937500
-0.3265625000 -0.0854780299 0.0085937500
-0.3265625000 -0.0805504666 0.0171875000
-0.3265625000 -0.0773437500 0.0206143111
-0.3265625000 -0.0735055180 -0.0257812500
-0.3265625000 -0.0687500000 -0.0293323563
-0.3265625000 -0.0719872534 0.0257812500
-0.3265625000 -0.0687500000 0.0288612221
-0.3334415760 -0.0601562500 -0.0343750000
-0.3265625000 -0.0623790669 -0.0343750000
-0.3265625000 -0.0601562500 -0.0359796225
-0.3323002990 -0.0601562500 0.0343750000
-0.3265625000 -0.0621706363 0.0343750000
-0.3265625000 -0.0601562500 0.0358999838
-0.3265625000 -0.0515625000 -0.0418815087
-0.3265625000 -0.0515625000 0.0395058649
-0.3265625000 -0.0484684858 -0.0429687500
-0.3265625000 -0.0429687500 -0.0450228089
-0.3265625000 -0.0429687500 0.0407195568
-0.3265625000 -0.0343750000 -0.0449194650
-0.3265625000 -0.0343750000 0.0405779183
-0.3265625000 -0.0283820681 -0.0429687500
-0.3265625000 -0.0257812500 -0.0423171070
-0.3265625000 -0.0257812500 0.0385992137
-0.3265625000 -0.0171875000 -0.0388774057
-0.3265625000 -0.0171899455 0.0343750000
-0.3265625000 -0.0171875000 0.0343740685
-0.3265625000 -0.0092652313 -0.0343750000
-0.3265625000 -0.0085937500 -0.0339532212
-0.3265625000 -0.0085937500 0.0294476005
-0.3265625000 0.0000000000 -0.0281132914
-0.3265625000 -0.0042622817 0.0257812500
-0.3265625000 0.0000000000 0.0234167755
-0.3265625000 0.0029773564 -0.0257812500
-0.3265625000 0.0085937500 -0.0214338396
-0.3265625000 0.0085937500 0.0187203917
-0.3265625000 0.0150750069 -0.0171875000
-0.3265625000 0.0171875000 -0.0158188414
-0.3265625000 0.0113871903 0.0171875000
-0.3265625000 0.0171875000 0.0141470703
-0.3265625000 0.0257812500 -0.0119280797
-0.3265625000 0.0257812500 0.0105131407
-0.3265625000 0.0343750000 -0.0090757553
-0.3265625000 0.0343750000 0.0087410736
-0.3328694734 0.0429687500 -0.0085937500
-0.3265625000 0.0366227196 -0.0085937500
-0.3265625000 0.0429687500 -0.0064863617
-0.3265625000 0.0352563850 0.0085937500
-0.3265625000 0.0429687500 0.0056689086
-0.3265625000 0.0515625000 -0.0029843323
-0.3265625000 0.0515625000 0.0024652575
-0.3292009864 0.0601562500 0.0000000000
-0.3265625000 0.0571053787 0.0000000000
-0.3249161002 -0.0859375000 -0.0085937500
-0.3179687500 -0.0876227687 -0.0085937500
-0.3179687500 -0.0859375000 -0.0138316706
-0.3179687500 -0.0883757182 0.0000000000
-0.3246660104 -0.0859375000 0.0085937500
-0.3179687500 -0.0874273141 0.0085937500
-0.3179687500 -0.0859375000 0.0115905789
-0.3179687500 -0.0843954873 -0.0171875000
-0.3179687500 -0.0773437500 -0.0253146105
-0.3179687500 -0.0827982441 0.0171875000
-0.3179687500 -0.0773437500 0.0231204802
-0.3179687500 -0.0768885317 -0.0257812500
-0.3179687500 -0.0687500000 -0.0317181038
-0.3179687500 -0.0747410013 0.0257812500
-0.3179687500 -0.0687500000 0.0314128647
-0.3179687500 -0.0652797537 -0.0343750000
-0.3179687500 -0.0601562500 -0.0380202343
-0.3179687500 -0.0650509463 0.0343750000
-0.3179687500 -0.0601562500 0.0377510250
-0.3215085509 -0.0515625000 -0.0429687500
-0.3179687500 -0.0527168755 -0.0429687500
-0.3179687500 -0.0515625000 -0.0437007954
-0.3179687500 -0.0515625000 0.0405334217
-0.3179687500 -0.0429687500 -0.0460856120
-0.3179687500 -0.0429687500 0.0416118595
-0.3179687500 -0.0343750000 -0.0457243951
-0.3179687500 -0.0343750000 0.0413477282
-0.3179687500 -0.0263367654 -0.0429687500
-0.3179687500 -0.0257812500 -0.0428110715
-0.3179687500 -0.0257812500 0.0393597532
-0.3179687500 -0.0171875000 -0.0391281074
-0.3265406654 -0.0171875000 0.0343750000
-0.3179687500 -0.0171875000 0.0349356163
-0.3179687500 -0.0089269689 -0.0343750000
-0.3179687500 -0.0085937500 -0.0341525426
-0.3179687500 -0.0165434837 0.0343750000
-0.3179687500 -0.0085937500 0.0297505498
-0.3179687500 0.0000000000 -0.0281266447
-0.3179687500 -0.0038086751 0.0257812500
-0.3179687500 0.0000000000 0.0234347135
-0.3179687500 0.0029482902 -0.0257812500
-0.3179687500 0.0085937500 -0.0212449881
-0.3179687500 0.0085937500 0.0182301182
-0.3179687500 0.0141616112 -0.0171875000
-0.3179687500 0.0171875000 -0.0150005750
-0.3179687500 0.0102886607 0.0171875000
-0.3179687500 0.0171875000 0.0132317852
-0.3179687500 0.0257812500 -0.0111108717
-0.3179687500 0.0257812500 0.0092867239
-0.3233809398 0.0343750000 -0.0085937500
-0.3179687500 0.0323648706 -0.0085937500
-0.3179687500 0.0343750000 -0.0072486615
-0.3256526792 0.0343750000 0.0085937500
-0.3179687500 0.0288095110 0.0085937500
-0.3179687500 0.0343750000 0.0058379591
-0.3179687500 0.0429687500 -0.0029487320
-0.3179687500 0.0429687500 0.0021704319
-0.3214132154 0.0515625000 0.0000000000
-0.3179687500 0.0477144890 0.0000000000
-0.3129524094 -0.0859375000 -0.0171875000
-0.3093750000 -0.0867601147 -0.0171875000
-0.3093750000 -0.0859375000 -0.0185764119
-0.3093750000 -0.0895110945 -0.0085937500
-0.3093750000 -0.0901269934 0.0000000000
-0.3093750000 -0.0892023210 0.0085937500
-0.3093750000 -0.0859375000 0.0152435458
-0.3168778666 -0.0773437500 -0.0257812500
-0.3093750000 -0.0801627911 -0.0257812500
-0.3093750000 -0.0773437500 -0.0279549049
-0.3093750000 -0.0849002518 0.0171875000
-0.3093750000 -0.0773437500 0.0257171831
-0.3093750000 -0.0687500000 -0.0338858472
-0.3093750000 -0.0772840175 0.0257812500
-0.3093750000 -0.0687500000 0.0336149228
-0.3093750000 -0.0680994910 -0.0343750000
-0.3093750000 -0.0601562500 -0.0399540044
-0.3093750000 -0.0677020504 0.0343750000
-0.3093750000 -0.0601562500 0.0391637839
-0.3093750000 -0.0554337118 -0.0429687500
-0.3093750000 -0.0515625000 -0.0452438389
-0.3093750000 -0.0515625000 0.0415050846
-0.3093750000 -0.0429687500 -0.0470170685
-0.3093750000 -0.0429687500 0.0424780748
-0.3093750000 -0.0343750000 -0.0464748154
-0.3093750000 -0.0343750000 0.0420581424
-0.3146859144 -0.0257812500 -0.0429687500
-0.3093750000 -0.0257812500 -0.0433004612
-0.3093750000 -0.0257812500 0.0400004751
-0.3093750000 -0.0252091213 -0.0429687500
-0.3093750000 -0.0171875000 -0.0392944890
-0.3093750000 -0.0171875000 0.0357593925
-0.3093750000 -0.0088619805 -0.0343750000
-0.3093750000 -0.0085937500 -0.0341917012
-0.3093750000 -0.0156185588 0.0343750000
-0.3093750000 -0.0085937500 0.0299613074
-0.3093750000 0.0000000000 -0.0279674560
-0.3093750000 -0.0035560126 0.0257812500
-0.3093750000 0.0000000000 0.0234166225
-0.3093750000 0.0027921584 -0.0257812500
-0.3093750000 0.0085937500 -0.0208343811
-0.3093750000 0.0085937500 0.0177057158
-0.3093750000 0.0133109467 -0.0171875000
-0.3093750000 0.0171875000 -0.0143103914
-0.3093750000 0.0093644624 0.0171875000
-0.3093750000 0.0171875000 0.0121681069
-0.3093750000 0.0257812500 -0.0101866092
-0.3129653249 0.0257812500 0.0085937500
-0.3093750000 0.0247158970 0.0085937500
-0.3093750000 0.0257812500 0.0075564930
-0.3093750000 0.0295927551 -0.0085937500
-0.3093750000 0.0343750000 -0.0044121808
-0.3093750000 0.0343750000 0.0028948208
-0.3124933144 0.0429687500 0.0000000000
-0.3093750000 0.0405344446 0.0000000000
-0.3007812500 -0.0885668383 -0.0171875000
-0.3007812500 -0.0859375000 -0.0216937958
-0.3007812500 -0.0911985903 -0.0085937500
-0.3007812500 -0.0917632192 0.0000000000
-0.3007812500 -0.0908962195 0.0085937500
-0.3048403711 -0.0859375000 0.0171875000
-0.3007812500 -0.0869245111 0.0171875000
-0.3007812500 -0.0859375000 0.0184046157
-0.3007812500 -0.0828253701 -0.0257812500
-0.3007812500 -0.0773437500 -0.0300904644
-0.3091669099 -0.0773437500 0.0257812500
-0.3007812500 -0.0798272625 0.0257812500
-0.3007812500 -0.0773437500 0.0281240853
-0.3075221215 -0.0687500000 -0.0343750000
-0.3007812500 -0.0713103090 -0.0343750000
-0.3007812500 -0.0687500000 -0.0360971001
-0.3061914928 -0.0687500000 0.0343750000
-0.3007812500 -0.0702945394 0.0343750000
-0.3007812500 -0.0687500000 0.0355016568
-0.3007812500 -0.0601562500 -0.0420290643
-0.3007812500 -0.0601562500 0.0404426541
-0.3007812500 -0.0585683252 -0.0429687500
-0.3007812500 -0.0515625000 -0.0465841778
-0.3007812500 -0.0515625000 0.0425805915
-0.3007812500 -0.0429687500 -0.0478967324
-0.3035320911 -0.0429687500 0.0429687500
-0.3007812500 -0.0460896641 0.0429687500
-0.3007812500 -0.0429687500 0.0432952385
-0.3007812500 -0.0343750000 -0.0471219520
-0.3007812500 -0.0386306846 0.0429687500
-0.3007812500 -0.0343750000 0.0427364844
-0.3007812500 -0.0257812500 -0.0437271603
-0.3007812500 -0.0257812500 0.0406345460
-0.3007812500 -0.0244569935 -0.0429687500
-0.3007812500 -0.0171875000 -0.0394840631
-0.3007812500 -0.0171875000 0.0364272294
-0.3007812500 -0.0088964544 -0.0343750000
-0.3007812500 -0.0085937500 -0.0341617990
-0.3007812500 -0.0149223467 0.0343750000
-0.3007812500 -0.0085937500 0.0300490962
-0.3007812500 0.0000000000 -0.0279970855
-0.3007812500 -0.0034720924 0.0257812500
-0.3007812500 0.0000000000 0.0233123324
-0.3007812500 0.0026823280 -0.0257812500
-0.3007812500 0.0085937500 -0.0203354314
-0.3026403126 0.0085937500 0.0171875000
-0.3007812500 0.0084108787 0.0171875000
-0.3007812500 0.0085937500 0.0170449021
-0.3007812500 0.0125204263 -0.0171875000
-0.3007812500 0.0171875000 -0.0134814629
-0.3007812500 0.0171875000 0.0112018193
-0.3007812500 0.0257812500 -0.0091996090
-0.3007812500 0.0226276735 0.0085937500
-0.3007812500 0.0257812500 0.0053136650
-0.3007812500 0.0271468629 -0.0085937500
-0.3008485873 0.0343750000 0.0000000000
-0.3007812500 0.0343364174 0.0000000000
-0.2921875000 -0.0905160307 -0.0171875000
-0.2921875000 -0.0859375000 -0.0250112828
-0.2921875000 -0.0929717363 -0.0085937500
-0.2921875000 -0.0933447085 0.0000000000
-0.2921875000 -0.0924758074 0.0085937500
-0.2921875000 -0.0888466053 0.0171875000
-0.2921875000 -0.0859375000 0.0209719329
-0.2921875000 -0.0853536621 -0.0257812500
-0.2921875000 -0.0773437500 -0.0322525942
-0.2921875000 -0.0822108915 0.0257812500
-0.2921875000 -0.0773437500 0.0302796402
-0.2921875000 -0.0745256954 -0.0343750000
-0.2921875000 -0.0687500000 -0.0382576122
-0.2921875000 -0.0725940231 0.0343750000
-0.2921875000 -0.0687500000 0.0371290507
-0.2967277255 -0.0601562500 -0.0429687500
-0.2921875000 -0.0617080419 -0.0429687500
-0.2921875000 -0.0601562500 -0.0439605935
-0.2921875000 -0.0601562500 0.0416655526
-0.2921875000 -0.0515625000 -0.0477925857
-0.2978320583 -0.0515625000 0.0429687500
-0.2921875000 -0.0547412055 0.0429687500
-0.2921875000 -0.0515625000 0.0438973029
-0.2921875000 -0.0429687500 -0.0487191755
-0.2921875000 -0.0429687500 0.0443244997
-0.2921875000 -0.0343750000 -0.0476027487
-0.2972725312 -0.0343750000 0.0429687500
-0.2921875000 -0.0343750000 0.0434401208
-0.2921875000 -0.0257812500 -0.0443475321
-0.2921875000 -0.0329234546 0.0429687500
-0.2921875000 -0.0257812500 0.0411841940
-0.2921875000 -0.0232901118 -0.0429687500
-0.2921875000 -0.0171875000 -0.0398977843
-0.2921875000 -0.0171875000 0.0366878289
-0.2921875000 -0.0086164036 -0.0343750000
-0.2921875000 -0.0085937500 -0.0343586102
-0.2921875000 -0.0145983629 0.0343750000
-0.2921875000 -0.0085937500 0.0301135696
-0.2921875000 0.0000000000 -0.0280476430
-0.2921875000 -0.0035524060 0.0257812500
-0.2921875000 0.0000000000 0.0230861966
-0.2921875000 0.0026056621 -0.0257812500
-0.2921875000 0.0085937500 -0.0199307033
-0.2921875000 0.0075285762 0.0171875000
-0.2921875000 0.0085937500 0.0163063801
-0.2921875000 0.0118004766 -0.0171875000
-0.2921875000 0.0171875000 -0.0124615261
-0.2921875000 0.0171875000 0.0102113563
-0.2968197907 0.0257812500 -0.0085937500
-0.2921875000 0.0243582363 -0.0085937500
-0.2921875000 0.0257812500 -0.0059658400
-0.2921875000 0.0203445165 0.0085937500
-0.2921875000 0.0257812500 0.0024069532
-0.2921875000 0.0295309608 0.0000000000
-0.2848083283 -0.0945312500 -0.0085937500
-0.2835937500 -0.0947648817 -0.0085937500
-0.2835937500 -0.0945312500 -0.0095693243
-0.2856092845 -0.0945312500 0.0000000000
-0.2835937500 -0.0948665128 0.0000000000
-0.2835937500 -0.0945312500 0.0036204144
-0.2902912983 -0.0859375000 -0.0257812500
-0.2835937500 -0.0877143827 -0.0257812500
-0.2835937500 -0.0859375000 -0.0275022606
-0.2835937500 -0.0924440060 -0.0171875000
-0.2835937500 -0.0940310843 0.0085937500
-0.2835937500 -0.0906645016 0.0171875000
-0.2835937500 -0.0859375000 0.0236383510
-0.2842300389 -0.0773437500 -0.0343750000
-0.2835937500 -0.0775575045 -0.0343750000
-0.2835937500 -0.0773437500 -0.0345292717
-0.2835937500 -0.0844297318 0.0257812500
-0.2835937500 -0.0773437500 0.0323017874
-0.2835937500 -0.0687500000 -0.0401917194
-0.2835937500 -0.0748798064 0.0343750000
-0.2835937500 -0.0687500000 0.0386847850
-0.2835937500 -0.0644348229 -0.0429687500
-0.2835937500 -0.0601562500 -0.0455958094
-0.2835937500 -0.0601562500 0.0428831239
-0.2835937500 -0.0515625000 -0.0487468072
-0.2835937500 -0.0597597938 0.0429687500
-0.2835937500 -0.0515625000 0.0450504676
-0.2835937500 -0.0429687500 -0.0494454035
-0.2835937500 -0.0429687500 0.0452836566
-0.2835937500 -0.0343750000 -0.0481181502
-0.2835937500 -0.0343750000 0.0443990780
-0.2835937500 -0.0257812500 -0.0449890092
-0.2835937500 -0.0304304077 0.0429687500
-0.2835937500 -0.0257812500 0.0416276761
-0.2835937500 -0.0220783877 -0.0429687500
-0.2835937500 -0.0171875000 -0.0403677470
-0.2835937500 -0.0171875000 0.0368564524
-0.2916205356 -0.0085937500 -0.0343750000
-0.2835937500 -0.0085937500 -0.0346405873
-0.2835937500 -0.0143115264 0.0343750000
-0.2835937500 -0.0085937500 0.0302595945
-0.2835937500 -0.0082305196 -0.0343750000
-0.2835937500 0.0000000000 -0.0280706370
-0.2835937500 -0.0036498720 0.0257812500
-0.2835937500 0.0000000000 0.0227439951
-0.2835937500 0.0024284435 -0.0257812500
-0.2835937500 0.0085937500 -0.0192507272
-0.2835937500 0.0065522781 0.0171875000
-0.2835937500 0.0085937500 0.0153665889
-0.2835937500 0.0108076146 -0.0171875000
-0.2835937500 0.0171875000 -0.0108263516
-0.2835937500 0.0171875000 0.0088688104
-0.2835937500 0.0210965328 -0.0085937500
-0.2853613988 0.0257812500 0.0000000000
-0.2835937500 0.0250150406 0.0000000000
-0.2835937500 0.0176975175 0.0085937500
-0.2750000000 -0.0963742171 -0.0085937500
-0.2750000000 -0.0945312500 -0.0167507981
-0.2750000000 -0.0964395550 0.0000000000
-0.2809875874 -0.0945312500 0.0085937500
-0.2750000000 -0.0956249941 0.0085937500
-0.2750000000 -0.0945312500 0.0120776559
-0.2750000000 -0.0899878660 -0.0257812500
-0.2750000000 -0.0859375000 -0.0297166895
-0.2750000000 -0.0944175218 -0.0171875000
-0.2750000000 -0.0926606684 0.0171875000
-0.2776733846 -0.0859375000 0.0257812500
-0.2750000000 -0.0866416992 0.0257812500
-0.2750000000 -0.0859375000 0.0264213682
-0.2750000000 -0.0803909441 -0.0343750000
-0.2750000000 -0.0773437500 -0.0365777875
-0.2750000000 -0.0773437500 0.0341849349
-0.2750000000 -0.0687500000 -0.0420518668
-0.2750000000 -0.0771141159 0.0343750000
-0.2750000000 -0.0687500000 0.0400925259
-0.2750000000 -0.0672376362 -0.0429687500
-0.2750000000 -0.0601562500 -0.0471055393
-0.2829348245 -0.0601562500 0.0429687500
-0.2750000000 -0.0623802516 0.0429687500
-0.2750000000 -0.0601562500 0.0440633296
-0.2750000000 -0.0515625000 -0.0497103728
-0.2750000000 -0.0515625000 0.0459369480
-0.2750000000 -0.0429687500 -0.0500667315
-0.2750000000 -0.0429687500 0.0461696902
-0.2750000000 -0.0343750000 -0.0485480798
-0.2750000000 -0.0343750000 0.0453457752
-0.2750000000 -0.0257812500 -0.0455275799
-0.2750000000 -0.0286766616 0.0429687500
-0.2750000000 -0.0257812500 0.0419769835
-0.2750000000 -0.0210311856 -0.0429687500
-0.2750000000 -0.0171875000 -0.0408609605
-0.2750000000 -0.0171875000 0.0371161059
-0.2750000000 -0.0085937500 -0.0350513736
-0.2750000000 -0.0140046758 0.0343750000
-0.2750000000 -0.0085937500 0.0303674642
-0.2750000000 -0.0077223881 -0.0343750000
-0.2750000000 0.0000000000 -0.0279989632
-0.2750000000 -0.0036667213 0.0257812500
-0.2750000000 0.0000000000 0.0224312737
-0.2750000000 0.0021376012 -0.0257812500
-0.2750000000 0.0085937500 -0.0182757508
-0.2750000000 0.0055753698 0.0171875000
-0.2750000000 0.0085937500 0.0142874022
-0.2750000000 0.0096642558 -0.0171875000
-0.2751528385 0.0171875000 -0.0085937500
-0.2750000000 0.0171386777 -0.0085937500
-0.2750000000 0.0171875000 -0.0084571179
-0.2819553701 0.0171875000 0.0085937500
-0.2750000000 0.0156189459 0.0085937500
-0.2750000000 0.0171875000 0.0048527967
-0.2750000000 0.0210924030 0.0000000000
-0.2745046712 -0.0945312500 -0.0171875000
-0.2664062500 -0.0962217198 -0.0171875000
-0.2664062500 -0.0945312500 -0.0212479593
-0.2664062500 -0.0979082758 -0.0085937500
-0.2664062500 -0.0981011788 0.0000000000
-0.2664062500 -0.0972718509 0.0085937500
-0.2672646050 -0.0945312500 0.0171875000
-0.2664062500 -0.0947316826 0.0171875000
-0.2664062500 -0.0945312500 0.0174965936
-0.2664062500 -0.0922658096 -0.0257812500
-0.2664062500 -0.0859375000 -0.0319955976
-0.2664062500 -0.0889297839 0.0257812500
-0.2664062500 -0.0859375000 0.0284874071
-0.2664062500 -0.0832012396 -0.0343750000
-0.2664062500 -0.0773437500 -0.0386560624
-0.2741141928 -0.0773437500 0.0343750000
-0.2664062500 -0.0792985173 0.0343750000
-0.2664062500 -0.0773437500 0.0357909672
-0.2704391815 -0.0687500000 -0.0429687500
-0.2664062500 -0.0701731616 -0.0429687500
-0.2664062500 -0.0687500000 -0.0437813504
-0.2664062500 -0.0687500000 0.0413493912
-0.2664062500 -0.0601562500 -0.0483965037
-0.2664062500 -0.0646410109 0.0429687500
-0.2664062500 -0.0601562500 0.0448810223
-0.2664062500 -0.0515625000 -0.0504942424
-0.2664062500 -0.0515625000 0.0466537403
-0.2664062500 -0.0429687500 -0.0504285972
-0.2664062500 -0.0429687500 0.0469171437
-0.2664062500 -0.0343750000 -0.0488346252
-0.2664062500 -0.0343750000 0.0461076276
-0.2664062500 -0.0257812500 -0.0459969825
-0.2664062500 -0.0271211777 0.0429687500
-0.2664062500 -0.0257812500 0.0424777467
-0.2664062500 -0.0200383497 -0.0429687500
-0.2664062500 -0.0171875000 -0.0413941073
-0.2664062500 -0.0171875000 0.0374242043
-0.2664062500 -0.0085937500 -0.0354344145
-0.2664062500 -0.0136961060 0.0343750000
-0.2664062500 -0.0085937500 0.0304097909
-0.2664062500 -0.0073254915 -0.0343750000
-0.2664062500 0.0000000000 -0.0278438403
-0.2664062500 -0.0037704857 0.0257812500
-0.2664062500 0.0000000000 0.0220876170
-0.2664062500 0.0018714659 -0.0257812500
-0.2680353804 0.0085937500 -0.0171875000
-0.2664062500 0.0083885476 -0.0171875000
-0.2664062500 0.0085937500 -0.0167795783
-0.2664062500 0.0048251724 0.0171875000
-0.2664062500 0.0085937500 0.0131680154
-0.2664062500 0.0145795611 -0.0085937500
-0.2664062500 0.0171875000 -0.0003983102
-0.2664062500 0.0138395498 0.0085937500
-0.2664062500 0.0171875000 0.0002297111
-0.2664062500 0.0173550392 0.0000000000
-0.2578125000 -0.0979419516 -0.0171875000
-0.2578125000 -0.0945312500 -0.0255633295
-0.2578125000 -0.0994194088 -0.0085937500
-0.2578125000 -0.0997489203 0.0000000000
-0.2578125000 -0.0989594110 0.0085937500
-0.2578125000 -0.0966219012 0.0171875000
-0.2578125000 -0.0945312500 0.0205322890
-0.2579011750 -0.0859375000 -0.0343750000
-0.2578125000 -0.0859673372 -0.0343750000
-0.2578125000 -0.0859375000 -0.0343960552
-0.2578125000 -0.0944272262 -0.0257812500
-0.2578125000 -0.0911681493 0.0257812500
-0.2578125000 -0.0859375000 0.0305508427
-0.2578125000 -0.0773437500 -0.0405884208
-0.2578125000 -0.0815714704 0.0343750000
-0.2578125000 -0.0773437500 0.0372847994
-0.2578125000 -0.0731269804 -0.0429687500
-0.2578125000 -0.0687500000 -0.0453215800
-0.2578125000 -0.0687500000 0.0423861068
-0.2578125000 -0.0601562500 -0.0494233346
-0.2578125000 -0.0671496719 0.0429687500
-0.2578125000 -0.0601562500 0.0456810302
-0.2578125000 -0.0515625000 -0.0511625546
-0.2578125000 -0.0515625000 0.0473435262
-0.2578125000 -0.0429687500 -0.0507942333
-0.2578125000 -0.0429687500 0.0476326053
-0.2578125000 -0.0343750000 -0.0491610436
-0.2578125000 -0.0343750000 0.0467956603
-0.2578125000 -0.0257812500 -0.0464367142
-0.2578125000 -0.0259176418 0.0429687500
-0.2578125000 -0.0257812500 0.0429152672
-0.2578125000 -0.0190677059 -0.0429687500
-0.2578125000 -0.0171875000 -0.0419268586
-0.2578125000 -0.0171875000 0.0376302949
-0.2578125000 -0.0085937500 -0.0357978798
-0.2578125000 -0.0136103442 0.0343750000
-0.2578125000 -0.0085937500 0.0301959834
-0.2578125000 -0.0070011410 -0.0343750000
-0.2578125000 0.0000000000 -0.0273000950
-0.2578125000 -0.0041135917 0.0257812500
-0.2578125000 0.0000000000 0.0215162185
-0.2578125000 0.0012723121 -0.0257812500
-0.2578125000 0.0074987586 -0.0171875000
-0.2578125000 0.0085937500 -0.0146788617
-0.2578125000 0.0041054711 0.0171875000
-0.2578125000 0.0085937500 0.0120578800
-0.2578125000 0.0125205424 -0.0085937500
-0.2659766481 0.0171875000 0.0000000000
-0.2578125000 0.0151099843 0.0000000000
-0.2578125000 0.0122304503 0.0085937500
-0.2573451733 -0.0945312500 -0.0257812500
-0.2492187500 -0.0960460617 -0.0257812500
-0.2492187500 -0.0945312500 -0.0279860181
-0.2492187500 -0.0995729732 -0.0171875000
-0.2492187500 -0.1009256550 -0.0085937500
-0.2492187500 -0.1013229640 0.0000000000
-0.2492187500 -0.1006323150 0.0085937500
-0.2492187500 -0.0984141151 0.0171875000
-0.2492187500 -0.0945312500 0.0236533098
-0.2492187500 -0.0884314630 -0.0343750000
-0.2492187500 -0.0859375000 -0.0361592828
-0.2492187500 -0.0932378750 0.0257812500
-0.2492187500 -0.0859375000 0.0325560065
-0.2492187500 -0.0773437500 -0.0420584957
-0.2492187500 -0.0839043471 0.0343750000
-0.2492187500 -0.0773437500 0.0388602678
-0.2492187500 -0.0757208710 -0.0429687500
-0.2492187500 -0.0687500000 -0.0467209384
-0.2528491521 -0.0687500000 0.0429687500
-0.2492187500 -0.0696159133 0.0429687500
-0.2492187500 -0.0687500000 0.0434298632
-0.2492187500 -0.0601562500 -0.0503150150
-0.2492187500 -0.0601562500 0.0464752963
-0.2518003719 -0.0515625000 -0.0515625000
-0.2492187500 -0.0525969736 -0.0515625000
-0.2492187500 -0.0515625000 -0.0517637654
-0.2492187500 -0.0515625000 0.0479590939
-0.2492187500 -0.0491137898 -0.0515625000
-0.2492187500 -0.0429687500 -0.0511683047
-0.2492187500 -0.0429687500 0.0483294764
-0.2492187500 -0.0343750000 -0.0497650841
-0.2492187500 -0.0343750000 0.0473512334
-0.2492187500 -0.0257812500 -0.0469873249
-0.2560022066 -0.0257812500 0.0429687500
-0.2492187500 -0.0257812500 0.0432547035
-0.2492187500 -0.0180900561 -0.0429687500
-0.2492187500 -0.0171875000 -0.0424583704
-0.2492187500 -0.0253798132 0.0429687500
-0.2492187500 -0.0171875000 0.0376321503
-0.2492187500 -0.0085937500 -0.0361902806
-0.2492187500 -0.0137734444 0.0343750000
-0.2492187500 -0.0085937500 0.0298881687
-0.2492187500 -0.0067386516 -0.0343750000
-0.2492187500 0.0000000000 -0.0266234189
-0.2492187500 -0.0044428132 0.0257812500
-0.2492187500 0.0000000000 0.0209542000
-0.2492187500 0.0006581775 -0.0257812500
-0.2492187500 0.0066736849 -0.0171875000
-0.2492187500 0.0085937500 -0.0123646971
-0.2492187500 0.0033623689 0.0171875000
-0.2492187500 0.0085937500 0.0108116056
-0.2492187500 0.0107232454 -0.0085937500
-0.2492187500 0.0131189307 0.0000000000
-0.2492187500 0.0107116892 0.0085937500
-0.2406250000 -0.0975057998 -0.0257812500
-0.2406250000 -0.0945312500 -0.0300439027
-0.2406250000 -0.1009083816 -0.0171875000
-0.2406250000 -0.1022960857 -0.0085937500
-0.2406250000 -0.1027673132 0.0000000000
-0.2406250000 -0.1021796610 0.0085937500
-0.2406250000 -0.1001998859 0.0171875000
-0.2432429611 -0.0945312500 0.0257812500
-0.2406250000 -0.0951218318 0.0257812500
-0.2406250000 -0.0945312500 0.0263433926
-0.2406250000 -0.0904576182 -0.0343750000
-0.2406250000 -0.0859375000 -0.0377348252
-0.2412003198 -0.0859375000 0.0343750000
-0.2406250000 -0.0860842429 0.0343750000
-0.2406250000 -0.0859375000 0.0344845863
-0.2435569377 -0.0773437500 -0.0429687500
-0.2406250000 -0.0781043783 -0.0429687500
-0.2406250000 -0.0773437500 -0.0434096510
-0.2406250000 -0.0773437500 0.0403330970
-0.2406250000 -0.0687500000 -0.0477599334
-0.2406250000 -0.0718196770 0.0429687500
-0.2406250000 -0.0687500000 0.0444428363
-0.2406250000 -0.0601562500 -0.0508376608
-0.2406250000 -0.0601562500 0.0472311186
-0.2406250000 -0.0552143234 -0.0515625000
-0.2406250000 -0.0515625000 -0.0522157634
-0.2406250000 -0.0515625000 0.0485241504
-0.2433665894 -0.0429687500 -0.0515625000
-0.2406250000 -0.0429687500 -0.0518261931
-0.2406250000 -0.0429687500 0.0488496961
-0.2406250000 -0.0418452592 -0.0515625000
-0.2406250000 -0.0343750000 -0.0503314836
-0.2406250000 -0.0343750000 0.0478380434
-0.2406250000 -0.0257812500 -0.0475747627
-0.2406250000 -0.0257812500 0.0436979108
-0.2406250000 -0.0172153375 -0.0429687500
-0.2406250000 -0.0171875000 -0.0429522654
-0.2406250000 -0.0247946137 0.0429687500
-0.2406250000 -0.0171875000 0.0375909126
-0.2406250000 -0.0085937500 -0.0366316068
-0.2406250000 -0.0139002599 0.0343750000
-0.2406250000 -0.0085937500 0.0296675327
-0.2406250000 -0.0065480553 -0.0343750000
-0.2406250000 0.0000000000 -0.0260790101
-0.2406250000 -0.0047417679 0.0257812500
-0.2406250000 0.0000000000 0.0205407195
-0.2406250000 0.0002311479 -0.0257812500
-0.2406250000 0.0058762629 -0.0171875000
-0.2406250000 0.0085937500 -0.0097552818
-0.2406250000 0.0029761750 0.0171875000
-0.2406250000 0.0085937500 0.0096275019
-0.2406250000 0.0091923140 -0.0085937500
-0.2406250000 0.0115723176 0.0000000000
-0.2406250000 0.0094852427 0.0085937500
-0.2347371972 -0.1031250000 -0.0085937500
-0.2320312500 -0.1035560727 -0.0085937500
-0.2320312500 -0.1031250000 -0.0109509055
-0.2381913369 -0.1031250000 0.0000000000
-0.2320312500 -0.1040872868 0.0000000000
-0.2346686465 -0.1031250000 0.0085937500
-0.2320312500 -0.1035564714 0.0085937500
-0.2320312500 -0.1031250000 0.0107475617
-0.2320312500 -0.0987529819 -0.0257812500
-0.2320312500 -0.0945312500 -0.0319293643
-0.2320312500 -0.1020869089 -0.0171875000
-0.2320312500 -0.1016985224 0.0171875000
-0.2320312500 -0.0969771475 0.0257812500
-0.2320312500 -0.0945312500 0.0281305767
-0.2320312500 -0.0923516611 -0.0343750000
-0.2320312500 -0.0859375000 -0.0392676790
-0.2320312500 -0.0881715479 0.0343750000
-0.2320312500 -0.0859375000 0.0360959096
-0.2320312500 -0.0800579938 -0.0429687500
-0.2320312500 -0.0773437500 -0.0444563670
-0.2320312500 -0.0773437500 0.0417933520
-0.2320312500 -0.0687500000 -0.0486338067
-0.2320312500 -0.0746354542 0.0429687500
-0.2320312500 -0.0687500000 0.0454782249
-0.2320312500 -0.0601562500 -0.0511947512
-0.2320312500 -0.0601562500 0.0479180752
-0.2320312500 -0.0573099668 -0.0515625000
-0.2320312500 -0.0515625000 -0.0525254880
-0.2320312500 -0.0515625000 0.0489466048
-0.2320312500 -0.0429687500 -0.0524747714
-0.2320312500 -0.0429687500 0.0493125463
-0.2320312500 -0.0390266196 -0.0515625000
-0.2320312500 -0.0343750000 -0.0507802737
-0.2320312500 -0.0343750000 0.0482434530
-0.2320312500 -0.0257812500 -0.0479398141
-0.2320312500 -0.0257812500 0.0441410634
-0.2403024186 -0.0171875000 -0.0429687500
-0.2320312500 -0.0171875000 -0.0434117899
-0.2320312500 -0.0242176718 0.0429687500
-0.2320312500 -0.0171875000 0.0377767402
-0.2320312500 -0.0164764975 -0.0429687500
-0.2320312500 -0.0085937500 -0.0367033459
-0.2320312500 -0.0137670620 0.0343750000
-0.2320312500 -0.0085937500 0.0296024952
-0.2320312500 -0.0065866524 -0.0343750000
-0.2336990161 0.0000000000 -0.0257812500
-0.2320312500 -0.0000467577 -0.0257812500
-0.2320312500 0.0000000000 -0.0256993830
-0.2320312500 -0.0049286660 0.0257812500
-0.2320312500 0.0000000000 0.0200144252
-0.2320312500 0.0054124361 -0.0171875000
-0.2357081921 0.0085937500 -0.0085937500
-0.2320312500 0.0082801158 -0.0085937500
-0.2320312500 0.0085937500 -0.0070138616
-0.2320312500 0.0023843336 0.0171875000
-0.2320312500 0.0085937500 0.0086209234
-0.2320312500 0.0103330561 0.0000000000
-0.2320312500 0.0086162147 0.0085937500
-0.2234375000 -0.1048588021 -0.0085937500
-0.2234375000 -0.1031250000 -0.0169594996
-0.2234375000 -0.1053863007 0.0000000000
-0.2234375000 -0.1049588438 0.0085937500
-0.2234375000 -0.1031250000 0.0166907740
-0.2234375000 -0.0997658542 -0.0257812500
-0.2234375000 -0.0945312500 -0.0337137016
-0.2234375000 -0.1030825991 -0.0171875000
-0.2234375000 -0.1030043452 0.0171875000
-0.2234375000 -0.0986478780 0.0257812500
-0.2234375000 -0.0945312500 0.0298770411
-0.2234375000 -0.0939663329 -0.0343750000
-0.2234375000 -0.0859375000 -0.0403566109
-0.2234375000 -0.0902215701 0.0343750000
-0.2234375000 -0.0859375000 0.0377671923
-0.2234375000 -0.0816352916 -0.0429687500
-0.2234375000 -0.0773437500 -0.0452996285
-0.2252162952 -0.0773437500 0.0429687500
-0.2234375000 -0.0778750743 0.0429687500
-0.2234375000 -0.0773437500 0.0432740024
-0.2234375000 -0.0687500000 -0.0492569707
-0.2234375000 -0.0687500000 0.0465089713
-0.2234375000 -0.0601562500 -0.0514383264
-0.2234375000 -0.0601562500 0.0486072671
-0.2234375000 -0.0592565194 -0.0515625000
-0.2234375000 -0.0515625000 -0.0529994868
-0.2234375000 -0.0515625000 0.0494207567
-0.2234375000 -0.0429687500 -0.0531466066
-0.2234375000 -0.0429687500 0.0496614711
-0.2234375000 -0.0364677029 -0.0515625000
-0.2234375000 -0.0343750000 -0.0511847436
-0.2234375000 -0.0343750000 0.0486195659
-0.2234375000 -0.0257812500 -0.0482612658
-0.2234375000 -0.0257812500 0.0444155624
-0.2234375000 -0.0171875000 -0.0436539737
-0.2234375000 -0.0239010834 0.0429687500
-0.2234375000 -0.0171875000 0.0379808481
-0.2234375000 -0.0161868088 -0.0429687500
-0.2234375000 -0.0085937500 -0.0365362041
-0.2234375000 -0.0135558370 0.0343750000
-0.2234375000 -0.0085937500 0.0294838482
-0.2234375000 -0.0066999684 -0.0343750000
-0.2234375000 -0.0001948418 -0.0257812500
-0.2234375000 0.0000000000 -0.0254195381
-0.2234375000 -0.0051667805 0.0257812500
-0.2234375000 0.0000000000 0.0195375866
-0.2234375000 0.0049973930 -0.0171875000
-0.2234375000 0.0076398089 -0.0085937500
-0.2234375000 0.0085937500 -0.0026803212
-0.2317938452 0.0085937500 0.0085937500
-0.2234375000 0.0078755190 0.0085937500
-0.2234375000 0.0085937500 0.0033128629
-0.2234375000 0.0018924578 0.0171875000
-0.2234375000 0.0091440246 0.0000000000
-0.2230550194 -0.1031250000 -0.0171875000
-0.2148437500 -0.1041199117 -0.0171875000
-0.2148437500 -0.1031250000 -0.0195678471
-0.2148437500 -0.1059670708 -0.0085937500
-0.2148437500 -0.1065648752 0.0000000000
-0.2148437500 -0.1061668864 0.0085937500
-0.2225405182 -0.1031250000 0.0171875000
-0.2148437500 -0.1041259269 0.0171875000
-0.2148437500 -0.1031250000 0.0196152033
-0.2201089536 -0.0945312500 -0.0343750000
-0.2148437500 -0.0953811752 -0.0343750000
-0.2148437500 -0.0945312500 -0.0351066193
-0.2148437500 -0.1007764156 -0.0257812500
-0.2148437500 -0.1002664503 0.0257812500
-0.2148437500 -0.0945312500 0.0317438403
-0.2148437500 -0.0859375000 -0.0413380289
-0.2148437500 -0.0921083936 0.0343750000
-0.2148437500 -0.0859375000 0.0392597097
-0.2148437500 -0.0831140078 -0.0429687500
-0.2148437500 -0.0773437500 -0.0460230446
-0.2148437500 -0.0800945618 0.0429687500
-0.2148437500 -0.0773437500 0.0445076724
-0.2148437500 -0.0687500000 -0.0497833362
-0.2148437500 -0.0687500000 0.0475328461
-0.2201708678 -0.0601562500 -0.0515625000
-0.2148437500 -0.0610495406 -0.0515625000
-0.2148437500 -0.0601562500 -0.0518410879
-0.2148437500 -0.0601562500 0.0493462082
-0.2148437500 -0.0515625000 -0.0535752803
-0.2148437500 -0.0515625000 0.0499905811
-0.2148437500 -0.0429687500 -0.0536994819
-0.2148437500 -0.0429687500 0.0500057525
-0.2148437500 -0.0350472947 -0.0515625000
-0.2148437500 -0.0343750000 -0.0514304457
-0.2148437500 -0.0343750000 0.0488816318
-0.2148437500 -0.0257812500 -0.0485082967
-0.2148437500 -0.0257812500 0.0446313039
-0.2148437500 -0.0171875000 -0.0437225976
-0.2148437500 -0.0237300127 0.0429687500
-0.2148437500 -0.0171875000 0.0379325794
-0.2148437500 -0.0161673245 -0.0429687500
-0.2148437500 -0.0085937500 -0.0364422154
-0.2148437500 -0.0134789888 0.0343750000
-0.2148437500 -0.0085937500 0.0295175790
-0.2148437500 -0.0067473514 -0.0343750000
-0.2148437500 -0.0003866181 -0.0257812500
-0.2148437500 0.0000000000 -0.0250331459
-0.2148437500 -0.0052161472 0.0257812500
-0.2148437500 0.0000000000 0.0191984133
-0.2148437500 0.0046079317 -0.0171875000
-0.2148437500 0.0071103122 -0.0085937500
-0.2196707994 0.0085937500 0.0000000000
-0.2148437500 0.0080835185 0.0000000000
-0.2148437500 0.0070761604 0.0085937500
-0.2148437500 0.0015542999 0.0171875000
-0.2062500000 -0.1050901921 -0.0171875000
-0.2062500000 -0.1031250000 -0.0219528124
-0.2062500000 -0.1069090386 -0.0085937500
-0.2062500000 -0.1076422339 0.0000000000
-0.2062500000 -0.1072714658 0.0085937500
-0.2062500000 -0.1054916394 0.0171875000
-0.2062500000 -0.1031250000 0.0228320007
-0.2062500000 -0.0966222376 -0.0343750000
-0.2062500000 -0.0945312500 -0.0361864639
-0.2062500000 -0.1016943340 -0.0257812500
-0.2062500000 -0.1017611536 0.0257812500
-0.2062500000 -0.0945312500 0.0335959611
-0.2062500000 -0.0859375000 -0.0424485255
-0.2062500000 -0.0938158724 0.0343750000
-0.2062500000 -0.0859375000 0.0405801934
-0.2062500000 -0.0849721252 -0.0429687500
-0.2062500000 -0.0773437500 -0.0467874040
-0.2062500000 -0.0820192569 0.0429687500
-0.2062500000 -0.0773437500 0.0455098437
-0.2062500000 -0.0687500000 -0.0502542771
-0.2062500000 -0.0687500000 0.0484221892
-0.2062500000 -0.0631270021 -0.0515625000
-0.2062500000 -0.0601562500 -0.0524769618
-0.2062500000 -0.0601562500 0.0500888946
-0.2062500000 -0.0515625000 -0.0542149363
-0.2062500000 -0.0515625000 0.0505611248
-0.2062500000 -0.0429687500 -0.0541365422
-0.2062500000 -0.0429687500 0.0504670538
-0.2101546777 -0.0343750000 -0.0515625000
-0.2062500000 -0.0343750000 -0.0517359164
-0.2062500000 -0.0343750000 0.0491684076
-0.2062500000 -0.0340120697 -0.0515625000
-0.2062500000 -0.0257812500 -0.0487606997
-0.2062500000 -0.0257812500 0.0448364840
-0.2062500000 -0.0171875000 -0.0436339046
-0.2062500000 -0.0235427671 0.0429687500
-0.2062500000 -0.0171875000 0.0380760981
-0.2062500000 -0.0163470867 -0.0429687500
-0.2062500000 -0.0085937500 -0.0361768446
-0.2062500000 -0.0132603513 0.0343750000
-0.2062500000 -0.0085937500 0.0295797648
-0.2062500000 -0.0069461172 -0.0343750000
-0.2062500000 -0.0006614010 -0.0257812500
-0.2062500000 0.0000000000 -0.0244964834
-0.2062500000 -0.0051756659 0.0257812500
-0.2062500000 0.0000000000 0.0190374949
-0.2062500000 0.0042854166 -0.0171875000
-0.2062500000 0.0066772339 -0.0085937500
-0.2062500000 0.0072979363 0.0000000000
-0.2062500000 0.0062269399 0.0085937500
-0.2062500000 0.0013605650 0.0171875000
-0.1976562500 -0.1059771598 -0.0171875000
-0.1976562500 -0.1031250000 -0.0241499684
-0.1976562500 -0.1077677751 -0.0085937500
-0.1976562500 -0.1085666469 0.0000000000
-0.1976562500 -0.1084277705 0.0085937500
-0.1976562500 -0.1067800511 0.0171875000
-0.1976562500 -0.1031250000 0.0256781190
-0.1976562500 -0.0978050641 -0.0343750000
-0.1976562500 -0.0945312500 -0.0372150708
-0.1976562500 -0.1025123154 -0.0257812500
-0.1976562500 -0.1030760865 0.0257812500
-0.2021616535 -0.0945312500 0.0343750000
-0.1976562500 -0.0954214319 0.0343750000
-0.1976562500 -0.0945312500 0.0350894266
-0.2015115394 -0.0859375000 -0.0429687500
-0.1976562500 -0.0865822111 -0.0429687500
-0.1976562500 -0.0859375000 -0.0433427213
-0.1976562500 -0.0859375000 0.0417880467
-0.1976562500 -0.0773437500 -0.0476183920
-0.1976562500 -0.0839409362 0.0429687500
-0.1976562500 -0.0773437500 0.0464081984
-0.1976562500 -0.0687500000 -0.0508100463
-0.1976562500 -0.0687500000 0.0490824423
-0.1976562500 -0.0655767670 -0.0515625000
-0.1976562500 -0.0601562500 -0.0532034846
-0.1976562500 -0.0601562500 0.0507195719
-0.1976562500 -0.0515625000 -0.0547270696
-0.1976562500 -0.0515625000 0.0510802638
-0.1976562500 -0.0429687500 -0.0544514537
-0.1976562500 -0.0429687500 0.0508992677
-0.1976562500 -0.0343750000 -0.0523016821
-0.1976562500 -0.0343750000 0.0493375066
-0.1976562500 -0.0328786843 -0.0515625000
-0.1976562500 -0.0257812500 -0.0489716697
-0.1976562500 -0.0257812500 0.0450564968
-0.1976562500 -0.0171875000 -0.0436533318
-0.1976562500 -0.0233212273 0.0429687500
-0.1976562500 -0.0171875000 0.0382732194
-0.1976562500 -0.0163483623 -0.0429687500
-0.1976562500 -0.0085937500 -0.0359873909
-0.1976562500 -0.0130503736 0.0343750000
-0.1976562500 -0.0085937500 0.0296119236
-0.1976562500 -0.0071105872 -0.0343750000
-0.1976562500 -0.0008691012 -0.0257812500
-0.1976562500 0.0000000000 -0.0240767140
-0.1976562500 -0.0052104806 0.0257812500
-0.1976562500 0.0000000000 0.0187903172
-0.1976562500 0.0039708573 -0.0171875000
-0.1976562500 0.0061894683 -0.0085937500
-0.1976562500 0.0066148357 0.0000000000
-0.1976562500 0.0053853347 0.0085937500
-0.1976562500 0.0011546067 0.0171875000
-0.1912459237 -0.1031250000 -0.0257812500
-0.1890625000 -0.1033445324 -0.0257812500
-0.1890625000 -0.1031250000 -0.0262503512
-0.1890625000 -0.1067721636 -0.0171875000
-0.1890625000 -0.1085833713 -0.0085937500
-0.1890625000 -0.1094322063 0.0000000000
-0.1890625000 -0.1094074053 0.0085937500
-0.1890625000 -0.1078387168 0.0171875000
-0.1972814543 -0.1031250000 0.0257812500
-0.1890625000 -0.1042244589 0.0257812500
-0.1890625000 -0.1031250000 0.0271833273
-0.1890625000 -0.0987859976 -0.0343750000
-0.1890625000 -0.0945312500 -0.0381159752
-0.1890625000 -0.0968348493 0.0343750000
-0.1890625000 -0.0945312500 0.0362360989
-0.1890625000 -0.0877416429 -0.0429687500
-0.1890625000 -0.0859375000 -0.0439994559
-0.1890625000 -0.0859375000 0.0428008858
-0.1890625000 -0.0773437500 -0.0482551156
-0.1890625000 -0.0856462467 0.0429687500
-0.1890625000 -0.0773437500 0.0471477467
-0.1890625000 -0.0687500000 -0.0514397156
-0.1890625000 -0.0687500000 0.0496085701
-0.1890625000 -0.0682173386 -0.0515625000
-0.1890625000 -0.0601562500 -0.0537899432
-0.1890625000 -0.0601562500 0.0512799401
-0.1890625000 -0.0515625000 -0.0551256742
-0.1897091140 -0.0515625000 0.0515625000
-0.1890625000 -0.0526245527 0.0515625000
-0.1890625000 -0.0515625000 0.0516188919
-0.1890625000 -0.0429687500 -0.0548610216
-0.1890625000 -0.0502614508 0.0515625000
-0.1890625000 -0.0429687500 0.0513202405
-0.1890625000 -0.0343750000 -0.0527939364
-0.1890625000 -0.0343750000 0.0494213951
-0.1890625000 -0.0319824789 -0.0515625000
-0.1890625000 -0.0257812500 -0.0491229989
-0.1890625000 -0.0257812500 0.0452494745
-0.1890625000 -0.0171875000 -0.0436752358
-0.1890625000 -0.0230872920 0.0429687500
-0.1890625000 -0.0171875000 0.0385187870
-0.1890625000 -0.0163499307 -0.0429687500
-0.1890625000 -0.0085937500 -0.0359479550
-0.1890625000 -0.0128417865 0.0343750000
-0.1890625000 -0.0085937500 0.0297329175
-0.1890625000 -0.0071494879 -0.0343750000
-0.1890625000 -0.0010398457 -0.0257812500
-0.1890625000 0.0000000000 -0.0236797157
-0.1890625000 -0.0051383283 0.0257812500
-0.1890625000 0.0000000000 0.0182278934
-0.1890625000 0.0036005855 -0.0171875000
-0.1890625000 0.0055953510 -0.0085937500
-0.1890625000 0.0059951408 0.0000000000
-0.1890625000 0.0046397884 0.0085937500
-0.1890625000 0.0007115542 0.0171875000
-0.1804687500 -0.1041580768 -0.0257812500
-0.1804687500 -0.1031250000 -0.0279220090
-0.1804687500 -0.1075798239 -0.0171875000
-0.1804687500 -0.1094729904 -0.0085937500
-0.1804687500 -0.1103774284 0.0000000000
-0.1804687500 -0.1103756763 0.0085937500
-0.1804687500 -0.1087193514 0.0171875000
-0.1804687500 -0.1051701382 0.0257812500
-0.1804687500 -0.1031250000 0.0284692306
-0.1804687500 -0.0995314096 -0.0343750000
-0.1804687500 -0.0945312500 -0.0388591229
-0.1804687500 -0.0980715136 0.0343750000
-0.1804687500 -0.0945312500 0.0372831938
-0.1804687500 -0.0888373945 -0.0429687500
-0.1804687500 -0.0859375000 -0.0446004039
-0.1876565406 -0.0859375000 0.0429687500
-0.1804687500 -0.0872423238 0.0429687500
-0.1804687500 -0.0859375000 0.0438017591
-0.1804687500 -0.0773437500 -0.0488087441
-0.1804687500 -0.0773437500 0.0478362331
-0.1864011231 -0.0687500000 -0.0515625000
-0.1804687500 -0.0696024153 -0.0515625000
-0.1804687500 -0.0687500000 -0.0518808736
-0.1804687500 -0.0687500000 0.0500960327
-0.1804687500 -0.0601562500 -0.0541583800
-0.1842104594 -0.0601562500 0.0515625000
-0.1804687500 -0.0612724512 0.0515625000
-0.1804687500 -0.0601562500 0.0518240142
-0.1804687500 -0.0515625000 -0.0552866473
-0.1804687500 -0.0515625000 0.0523584824
-0.1804687500 -0.0429687500 -0.0549904251
-0.1824273295 -0.0429687500 0.0515625000
-0.1804687500 -0.0429687500 0.0516663141
-0.1804687500 -0.0343750000 -0.0527602816
-0.1804687500 -0.0426522588 0.0515625000
-0.1804687500 -0.0343750000 0.0494935461
-0.1804687500 -0.0319989759 -0.0515625000
-0.1804687500 -0.0257812500 -0.0491849205
-0.1804687500 -0.0257812500 0.0452567883
-0.1804687500 -0.0171875000 -0.0436134940
-0.1804687500 -0.0230440429 0.0429687500
-0.1804687500 -0.0171875000 0.0386763314
-0.1804687500 -0.0164331543 -0.0429687500
-0.1804687500 -0.0085937500 -0.0359238284
-0.1804687500 -0.0126329391 0.0343750000
-0.1804687500 -0.0085937500 0.0298890186
-0.1804687500 -0.0071687462 -0.0343750000
-0.1804687500 -0.0011416556 -0.0257812500
-0.1804687500 0.0000000000 -0.0233805190
-0.1804687500 -0.0050379724 0.0257812500
-0.1804687500 0.0000000000 0.0179690818
-0.1804687500 0.0033114488 -0.0171875000
-0.1804687500 0.0051398886 -0.0085937500
-0.1804687500 0.0054923884 0.0000000000
-0.1804687500 0.0041123166 0.0085937500
-0.1804687500 0.0005142739 0.0171875000
-0.1718750000 -0.1050635521 -0.0257812500
-0.1718750000 -0.1031250000 -0.0295655035
-0.1718750000 -0.1084619207 -0.0171875000
-0.1718750000 -0.1103261551 -0.0085937500
-0.1718750000 -0.1112208410 0.0000000000
-0.1718750000 -0.1112857287 0.0085937500
-0.1718750000 -0.1095743875 0.0171875000
-0.1718750000 -0.1060604833 0.0257812500
-0.1718750000 -0.1031250000 0.0297804225
-0.1718750000 -0.1003039351 -0.0343750000
-0.1718750000 -0.0945312500 -0.0395809261
-0.1718750000 -0.0992813193 0.0343750000
-0.1718750000 -0.0945312500 0.0383694483
-0.1718750000 -0.0898104370 -0.0429687500
-0.1718750000 -0.0859375000 -0.0451075079
-0.1718750000 -0.0888169686 0.0429687500
-0.1718750000 -0.0859375000 0.0448131100
-0.1718750000 -0.0773437500 -0.0492943850
-0.1718750000 -0.0773437500 0.0484696003
-0.1718750000 -0.0707266501 -0.0515625000
-0.1718750000 -0.0687500000 -0.0522544897
-0.1718750000 -0.0687500000 0.0506323274
-0.1718750000 -0.0601562500 -0.0542524828
-0.1718750000 -0.0639079161 0.0515625000
-0.1718750000 -0.0601562500 0.0524151115
-0.1718750000 -0.0515625000 -0.0554522109
-0.1718750000 -0.0515625000 0.0530813454
-0.1718750000 -0.0429687500 -0.0551068955
-0.1718750000 -0.0429687500 0.0519890343
-0.1718750000 -0.0343750000 -0.0527399632
-0.1718750000 -0.0417460818 0.0515625000
-0.1718750000 -0.0343750000 0.0495553735
-0.1718750000 -0.0318732236 -0.0515625000
-0.1718750000 -0.0257812500 -0.0493626320
-0.1718750000 -0.0257812500 0.0451624002
-0.1718750000 -0.0171875000 -0.0436746976
-0.1718750000 -0.0231555789 0.0429687500
-0.1718750000 -0.0171875000 0.0387235165
-0.1718750000 -0.0163546960 -0.0429687500
-0.1718750000 -0.0085937500 -0.0359769313
-0.1718750000 -0.0123964778 0.0343750000
-0.1718750000 -0.0085937500 0.0301688880
-0.1718750000 -0.0071515685 -0.0343750000
-0.1718750000 -0.0011288735 -0.0257812500
-0.1718750000 0.0000000000 -0.0232770519
-0.1718750000 -0.0048686203 0.0257812500
-0.1718750000 0.0000000000 0.0178127188
-0.1718750000 0.0031115409 -0.0171875000
-0.1718750000 0.0047844683 -0.0085937500
-0.1718750000 0.0051366548 0.0000000000
-0.1718750000 0.0037247047 0.0085937500
-0.1718750000 0.0003992042 0.0171875000
-0.1668573493 -0.1117187500 0.0000000000
-0.1632812500 -0.1120886063 0.0000000000
-0.1632812500 -0.1117187500 -0.0036880385
-0.1679312243 -0.1117187500 0.0085937500
-0.1632812500 -0.1122199895 0.0085937500
-0.1632812500 -0.1117187500 0.0110660524
-0.1632812500 -0.1059718924 -0.0257812500
-0.1632812500 -0.1031250000 -0.0312744334
-0.1632812500 -0.1094186744 -0.0171875000
-0.1632812500 -0.1112021938 -0.0085937500
-0.1632812500 -0.1103506332 0.0171875000
-0.1632812500 -0.1068569008 0.0257812500
-0.1632812500 -0.1031250000 0.0309975717
-0.1632812500 -0.1012564523 -0.0343750000
-0.1632812500 -0.0945312500 -0.0403651170
-0.1632812500 -0.1004134055 0.0343750000
-0.1632812500 -0.0945312500 0.0395165241
-0.1632812500 -0.0909777703 -0.0429687500
-0.1632812500 -0.0859375000 -0.0457678316
-0.1632812500 -0.0903482141 0.0429687500
-0.1632812500 -0.0859375000 0.0457846375
-0.1632812500 -0.0773437500 -0.0499286273
-0.1632812500 -0.0773437500 0.0491352665
-0.1632812500 -0.0723506151 -0.0515625000
-0.1632812500 -0.0687500000 -0.0527164713
-0.1632812500 -0.0687500000 0.0510215342
-0.1632812500 -0.0601562500 -0.0544935486
-0.1632812500 -0.0659228344 0.0515625000
-0.1632812500 -0.0601562500 0.0529035621
-0.1632812500 -0.0515625000 -0.0557327674
-0.1632812500 -0.0515625000 0.0536710647
-0.1632812500 -0.0429687500 -0.0552488579
-0.1632812500 -0.0429687500 0.0522528631
-0.1632812500 -0.0343750000 -0.0528781687
-0.1632812500 -0.0411342580 0.0515625000
-0.1632812500 -0.0343750000 0.0495964684
-0.1632812500 -0.0314547613 -0.0515625000
-0.1632812500 -0.0257812500 -0.0495527913
-0.1632812500 -0.0257812500 0.0450849291
-0.1632812500 -0.0171875000 -0.0439135456
-0.1632812500 -0.0232028763 0.0429687500
-0.1632812500 -0.0171875000 0.0387508126
-0.1632812500 -0.0160594133 -0.0429687500
-0.1632812500 -0.0085937500 -0.0360278070
-0.1632812500 -0.0122570929 0.0343750000
-0.1632812500 -0.0085937500 0.0304114963
-0.1632812500 -0.0071213539 -0.0343750000
-0.1632812500 -0.0010856302 -0.0257812500
-0.1632812500 0.0000000000 -0.0232480989
-0.1632812500 -0.0046492049 0.0257812500
-0.1632812500 0.0000000000 0.0178695595
-0.1632812500 0.0028807475 -0.0171875000
-0.1632812500 0.0044841694 -0.0085937500
-0.1632812500 0.0048006896 0.0000000000
-0.1632812500 0.0034083596 0.0085937500
-0.1632812500 0.0004212539 0.0171875000
-0.1583192614 -0.1117187500 -0.0085937500
-0.1546875000 -0.1120920044 -0.0085937500
-0.1546875000 -0.1117187500 -0.0105880383
-0.1546875000 -0.1128824889 0.0000000000
-0.1546875000 -0.1129740771 0.0085937500
-0.1546875000 -0.1117187500 0.0147171994
-0.1546875000 -0.1068569830 -0.0257812500
-0.1546875000 -0.1031250000 -0.0328657739
-0.1546875000 -0.1104302418 -0.0171875000
-0.1546875000 -0.1111710441 0.0171875000
-0.1546875000 -0.1077035472 0.0257812500
-0.1546875000 -0.1031250000 0.0321760471
-0.1546875000 -0.1022284909 -0.0343750000
-0.1546875000 -0.0945312500 -0.0412805683
-0.1546875000 -0.1013986958 0.0343750000
-0.1546875000 -0.0945312500 0.0405354729
-0.1546875000 -0.0922350458 -0.0429687500
-0.1546875000 -0.0859375000 -0.0465378922
-0.1546875000 -0.0916376780 0.0429687500
-0.1546875000 -0.0859375000 0.0466175208
-0.1546875000 -0.0773437500 -0.0505625404
-0.1546875000 -0.0773437500 0.0498372267
-0.1546875000 -0.0741777853 -0.0515625000
-0.1546875000 -0.0687500000 -0.0532472716
-0.1546875000 -0.0687500000 0.0515235219
-0.1546875000 -0.0601562500 -0.0548323058
-0.1546875000 -0.0685466160 0.0515625000
-0.1546875000 -0.0601562500 0.0535364268
-0.1546875000 -0.0515625000 -0.0558586123
-0.1546875000 -0.0515625000 0.0540416663
-0.1546875000 -0.0429687500 -0.0552557129
-0.1546875000 -0.0429687500 0.0526492372
-0.1546875000 -0.0343750000 -0.0530487260
-0.1546875000 -0.0403369215 0.0515625000
-0.1546875000 -0.0343750000 0.0496581114
-0.1546875000 -0.0309276234 -0.0515625000
-0.1546875000 -0.0257812500 -0.0497366178
-0.1546875000 -0.0257812500 0.0450733331
-0.1546875000 -0.0171875000 -0.0441466815
-0.1546875000 -0.0231241722 0.0429687500
-0.1546875000 -0.0171875000 0.0388537972
-0.1546875000 -0.0157592495 -0.0429687500
-0.1546875000 -0.0085937500 -0.0361763679
-0.1546875000 -0.0121531629 0.0343750000
-0.1546875000 -0.0085937500 0.0305070777
-0.1546875000 -0.0069966789 -0.0343750000
-0.1546875000 -0.0010201378 -0.0257812500
-0.1546875000 0.0000000000 -0.0231916370
-0.1546875000 -0.0045334057 0.0257812500
-0.1546875000 0.0000000000 0.0179908341
-0.1546875000 0.0026084202 -0.0171875000
-0.1546875000 0.0042442363 -0.0085937500
-0.1546875000 0.0045182517 0.0000000000
-0.1546875000 0.0031607828 0.0085937500
-0.1546875000 0.0004823619 0.0171875000
-0.1460937500 -0.1129371541 -0.0085937500
-0.1460937500 -0.1117187500 -0.0156660650
-0.1460937500 -0.1136954499 0.0000000000
-0.1460937500 -0.1137396433 0.0085937500
-0.1496048671 -0.1117187500 0.0171875000
-0.1460937500 -0.1121110959 0.0171875000
-0.1460937500 -0.1117187500 0.0181867682
-0.1470659982 -0.1031250000 -0.0343750000
-0.1460937500 -0.1032318972 -0.0343750000
-0.1460937500 -0.1031250000 -0.0344893232
-0.1460937500 -0.1077965731 -0.0257812500
-0.1460937500 -0.1114437309 -0.0171875000
-0.1460937500 -0.1085847558 0.0257812500
-0.1460937500 -0.1031250000 0.0332988931
-0.1460937500 -0.0945312500 -0.0423219045
-0.1460937500 -0.1022809593 0.0343750000
-0.1460937500 -0.0945312500 0.0414739866
-0.1460937500 -0.0936374048 -0.0429687500
-0.1460937500 -0.0859375000 -0.0472760116
-0.1460937500 -0.0927850982 0.0429687500
-0.1460937500 -0.0859375000 0.0474419043
-0.1460937500 -0.0773437500 -0.0512045462
-0.1460937500 -0.0773437500 0.0503799753
-0.1460937500 -0.0761584094 -0.0515625000
-0.1460937500 -0.0687500000 -0.0537669958
-0.1540580660 -0.0687500000 0.0515625000
-0.1460937500 -0.0713900229 0.0515625000
-0.1460937500 -0.0687500000 0.0522179593
-0.1460937500 -0.0601562500 -0.0552150533
-0.1460937500 -0.0601562500 0.0541573128
-0.1460937500 -0.0515625000 -0.0558586486
-0.1460937500 -0.0515625000 0.0544332855
-0.1460937500 -0.0429687500 -0.0551989950
-0.1460937500 -0.0429687500 0.0530278909
-0.1460937500 -0.0343750000 -0.0529961593
-0.1460937500 -0.0393966213 0.0515625000
-0.1460937500 -0.0343750000 0.0499047209
-0.1460937500 -0.0308051091 -0.0515625000
-0.1460937500 -0.0257812500 -0.0498206772
-0.1460937500 -0.0257812500 0.0451711493
-0.1460937500 -0.0171875000 -0.0443703445
-0.1460937500 -0.0229597264 0.0429687500
-0.1460937500 -0.0171875000 0.0389088956
-0.1460937500 -0.0154828125 -0.0429687500
-0.1460937500 -0.0085937500 -0.0362671515
-0.1460937500 -0.0121460346 0.0343750000
-0.1460937500 -0.0085937500 0.0305128898
-0.1460937500 -0.0069128758 -0.0343750000
-0.1460937500 -0.0009802427 -0.0257812500
-0.1460937500 0.0000000000 -0.0230435850
-0.1460937500 -0.0045329054 0.0257812500
-0.1460937500 0.0000000000 0.0180616205
-0.1460937500 0.0023923069 -0.0171875000
-0.1460937500 0.0040442232 -0.0085937500
-0.1460937500 0.0043286582 0.0000000000
-0.1460937500 0.0029414074 0.0085937500
-0.1460937500 0.0005248143 0.0171875000
-0.1436542077 -0.1117187500 -0.0171875000
-0.1375000000 -0.1123760282 -0.0171875000
-0.1375000000 -0.1117187500 -0.0188444175
-0.1375000000 -0.1137473616 -0.0085937500
-0.1375000000 -0.1144351334 0.0000000000
-0.1375000000 -0.1143919744 0.0085937500
-0.1375000000 -0.1128678445 0.0171875000
-0.1375000000 -0.1117187500 0.0201311158
-0.1375000000 -0.1041825598 -0.0343750000
-0.1375000000 -0.1031250000 -0.0354942105
-0.1375000000 -0.1088452631 -0.0257812500
-0.1375000000 -0.1093877154 0.0257812500
-0.1384099810 -0.1031250000 0.0343750000
-0.1375000000 -0.1032300353 0.0343750000
-0.1375000000 -0.1031250000 0.0344715902
-0.1407135950 -0.0945312500 -0.0429687500
-0.1375000000 -0.0950016709 -0.0429687500
-0.1375000000 -0.0945312500 -0.0432860916
-0.1375000000 -0.0945312500 0.0423572843
-0.1375000000 -0.0859375000 -0.0481138628
-0.1375000000 -0.0938156136 0.0429687500
-0.1375000000 -0.0859375000 0.0481813196
-0.1418246580 -0.0773437500 -0.0515625000
-0.1375000000 -0.0782334301 -0.0515625000
-0.1375000000 -0.0773437500 -0.0519388779
-0.1375000000 -0.0773437500 0.0508676713
-0.1375000000 -0.0687500000 -0.0542237884
-0.1375000000 -0.0738985453 0.0515625000
-0.1375000000 -0.0687500000 0.0528682705
-0.1375000000 -0.0601562500 -0.0554932832
-0.1375000000 -0.0601562500 0.0545420604
-0.1375000000 -0.0515625000 -0.0558048888
-0.1375000000 -0.0515625000 0.0547844582
-0.1375000000 -0.0429687500 -0.0550321233
-0.1375000000 -0.0429687500 0.0532106935
-0.1375000000 -0.0343750000 -0.0528587409
-0.1375000000 -0.0389294469 0.0515625000
-0.1375000000 -0.0343750000 0.0500332311
-0.1375000000 -0.0308677085 -0.0515625000
-0.1375000000 -0.0257812500 -0.0498472562
-0.1375000000 -0.0257812500 0.0454198137
-0.1375000000 -0.0171875000 -0.0445679356
-0.1375000000 -0.0225337041 0.0429687500
-0.1375000000 -0.0171875000 0.0391441558
-0.1375000000 -0.0152349447 -0.0429687500
-0.1375000000 -0.0085937500 -0.0364197967
-0.1375000000 -0.0119767192 0.0343750000
-0.1375000000 -0.0085937500 0.0306647260
-0.1375000000 -0.0067885432 -0.0343750000
-0.1375000000 -0.0010123703 -0.0257812500
-0.1375000000 0.0000000000 -0.0227858784
-0.1375000000 -0.0044927579 0.0257812500
-0.1375000000 0.0000000000 0.0182459408
-0.1375000000 0.0022260894 -0.0171875000
-0.1375000000 0.0039984836 -0.0085937500
-0.1375000000 0.0042572978 0.0000000000
-0.1375000000 0.0028249837 0.0085937500
-0.1375000000 0.0006526308 0.0171875000
-0.1289062500 -0.1132297831 -0.0171875000
-0.1289062500 -0.1117187500 -0.0210402976
-0.1289062500 -0.1144344088 -0.0085937500
-0.1289062500 -0.1149556644 0.0000000000
-0.1289062500 -0.1149663002 0.0085937500
-0.1289062500 -0.1135844520 0.0171875000
-0.1289062500 -0.1117187500 0.0221828188
-0.1289062500 -0.1051650774 -0.0343750000
-0.1289062500 -0.1031250000 -0.0365029052
-0.1289062500 -0.1098423720 -0.0257812500
-0.1289062500 -0.1102637876 0.0257812500
-0.1289062500 -0.1041500110 0.0343750000
-0.1289062500 -0.1031250000 0.0353279979
-0.1289062500 -0.0962171934 -0.0429687500
-0.1289062500 -0.0945312500 -0.0441545019
-0.1315024335 -0.0945312500 0.0429687500
-0.1289062500 -0.0948471184 0.0429687500
-0.1289062500 -0.0945312500 0.0432130073
-0.1289062500 -0.0859375000 -0.0490813169
-0.1289062500 -0.0859375000 0.0490220769
-0.1289062500 -0.0802986367 -0.0515625000
-0.1289062500 -0.0773437500 -0.0527373593
-0.1289062500 -0.0773437500 0.0515215975
-0.1289062500 -0.0687500000 -0.0546614651
-0.1289062500 -0.0771461802 0.0515625000
-0.1289062500 -0.0687500000 0.0537048840
-0.1289062500 -0.0601562500 -0.0557287280
-0.1289062500 -0.0601562500 0.0548805914
-0.1289062500 -0.0515625000 -0.0557816692
-0.1289062500 -0.0515625000 0.0549230313
-0.1289062500 -0.0429687500 -0.0547649351
-0.1289062500 -0.0429687500 0.0533630894
-0.1289062500 -0.0343750000 -0.0526011912
-0.1289062500 -0.0384863904 0.0515625000
-0.1289062500 -0.0343750000 0.0501528205
-0.1289062500 -0.0313645873 -0.0515625000
-0.1289062500 -0.0257812500 -0.0497609103
-0.1289062500 -0.0257812500 0.0456564524
-0.1289062500 -0.0171875000 -0.0447389872
-0.1289062500 -0.0220338952 0.0429687500
-0.1289062500 -0.0171875000 0.0395298055
-0.1289062500 -0.0149747921 -0.0429687500
-0.1289062500 -0.0085937500 -0.0366461203
-0.1289062500 -0.0116282807 0.0343750000
-0.1289062500 -0.0085937500 0.0309529291
-0.1289062500 -0.0066150310 -0.0343750000
-0.1289062500 -0.0010292111 -0.0257812500
-0.1289062500 0.0000000000 -0.0226319099
-0.1289062500 -0.0043968079 0.0257812500
-0.1289062500 0.0000000000 0.0184623782
-0.1289062500 0.0021165643 -0.0171875000
-0.1289062500 0.0039209545 -0.0085937500
-0.1289062500 0.0041768307 0.0000000000
-0.1289062500 0.0027373513 0.0085937500
-0.1289062500 0.0008001403 0.0171875000
-0.1203125000 -0.1139652792 -0.0171875000
-0.1203125000 -0.1117187500 -0.0232253909
-0.1203125000 -0.1150529335 -0.0085937500
-0.1203125000 -0.1154681688 0.0000000000
-0.1203125000 -0.1155813332 0.0085937500
-0.1203125000 -0.1144119943 0.0171875000
-0.1203125000 -0.1117187500 0.0246034066
-0.1203125000 -0.1062707158 -0.0343750000
-0.1203125000 -0.1031250000 -0.0375829083
-0.1203125000 -0.1107815858 -0.0257812500
-0.1203125000 -0.1112378779 0.0257812500
-0.1203125000 -0.1053600662 0.0343750000
-0.1203125000 -0.1031250000 0.0365323807
-0.1203125000 -0.0975333069 -0.0429687500
-0.1203125000 -0.0945312500 -0.0451492175
-0.1203125000 -0.0961904946 0.0429687500
-0.1203125000 -0.0945312500 0.0442769941
-0.1203125000 -0.0859375000 -0.0502442856
-0.1203125000 -0.0859375000 0.0499180858
-0.1203125000 -0.0827461496 -0.0515625000
-0.1203125000 -0.0773437500 -0.0534962108
-0.1284259734 -0.0773437500 0.0515625000
-0.1203125000 -0.0801758553 0.0515625000
-0.1203125000 -0.0773437500 0.0524966870
-0.1203125000 -0.0687500000 -0.0551361814
-0.1203125000 -0.0687500000 0.0544703971
-0.1203125000 -0.0601562500 -0.0559842513
-0.1203125000 -0.0601562500 0.0551593943
-0.1203125000 -0.0515625000 -0.0558257161
-0.1203125000 -0.0515625000 0.0549226364
-0.1203125000 -0.0429687500 -0.0545473113
-0.1203125000 -0.0429687500 0.0534690678
-0.1203125000 -0.0343750000 -0.0523471125
-0.1203125000 -0.0380558250 0.0515625000
-0.1203125000 -0.0343750000 0.0503201795
-0.1203125000 -0.0319513727 -0.0515625000
-0.1203125000 -0.0257812500 -0.0496467815
-0.1203125000 -0.0257812500 0.0459335848
-0.1203125000 -0.0171875000 -0.0447489833
-0.1203125000 -0.0215587507 0.0429687500
-0.1203125000 -0.0171875000 0.0398604858
-0.1203125000 -0.0148610896 -0.0429687500
-0.1203125000 -0.0085937500 -0.0369044299
-0.1203125000 -0.0113394707 0.0343750000
-0.1203125000 -0.0085937500 0.0312568770
-0.1203125000 -0.0063925838 -0.0343750000
-0.1203125000 -0.0010011860 -0.0257812500
-0.1203125000 0.0000000000 -0.0225651039
-0.1203125000 -0.0041396057 0.0257812500
-0.1203125000 0.0000000000 0.0186500574
-0.1203125000 0.0020064806 -0.0171875000
-0.1203125000 0.0037420018 -0.0085937500
-0.1203125000 0.0040400375 0.0000000000
-0.1203125000 0.0027424668 0.0085937500
-0.1203125000 0.0009042712 0.0171875000
-0.1122616260 -0.1117187500 -0.0257812500
-0.1117187500 -0.1117849558 -0.0257812500
-0.1117187500 -0.1117187500 -0.0259349819
-0.1117187500 -0.1147551349 -0.0171875000
-0.1117187500 -0.1157704795 -0.0085937500
-0.1117187500 -0.1160600610 0.0000000000
-0.1117187500 -0.1162845392 0.0085937500
-0.1117187500 -0.1153280520 0.0171875000
-0.1155422693 -0.1117187500 0.0257812500
-0.1117187500 -0.1121075732 0.0257812500
-0.1117187500 -0.1117187500 0.0264418709
-0.1117187500 -0.1075832058 -0.0343750000
-0.1117187500 -0.1031250000 -0.0389040618
-0.1117187500 -0.1066032195 0.0343750000
-0.1117187500 -0.1031250000 0.0377768625
-0.1117187500 -0.0989283796 -0.0429687500
-0.1117187500 -0.0945312500 -0.0461580948
-0.1117187500 -0.0977866480 0.0429687500
-0.1117187500 -0.0945312500 0.0456156954
-0.1117187500 -0.0859375000 -0.0514714064
-0.1117187500 -0.0859375000 0.0506785910
-0.1117187500 -0.0857148966 -0.0515625000
-0.1117187500 -0.0773437500 -0.0543753162
-0.1117187500 -0.0826517626 0.0515625000
-0.1117187500 -0.0773437500 0.0533608031
-0.1117187500 -0.0687500000 -0.0556251501
-0.1117187500 -0.0687500000 0.0550547832
-0.1117187500 -0.0601562500 -0.0561515970
-0.1117187500 -0.0601562500 0.0554913822
-0.1117187500 -0.0515625000 -0.0558198513
-0.1117187500 -0.0515625000 0.0550091829
-0.1117187500 -0.0429687500 -0.0543775259
-0.1117187500 -0.0429687500 0.0533929716
-0.1117187500 -0.0343750000 -0.0522178293
-0.1117187500 -0.0379235171 0.0515625000
-0.1117187500 -0.0343750000 0.0504390104
-0.1117187500 -0.0323866782 -0.0515625000
-0.1117187500 -0.0257812500 -0.0494460693
-0.1117187500 -0.0257812500 0.0461619926
-0.1117187500 -0.0171875000 -0.0446112030
-0.1117187500 -0.0211493767 0.0429687500
-0.1117187500 -0.0171875000 0.0401344879
-0.1117187500 -0.0149822400 -0.0429687500
-0.1117187500 -0.0085937500 -0.0369682668
-0.1117187500 -0.0111811485 0.0343750000
-0.1117187500 -0.0085937500 0.0314187543
-0.1117187500 -0.0062792203 -0.0343750000
-0.1117187500 -0.0009711553 -0.0257812500
-0.1117187500 0.0000000000 -0.0226012463
-0.1117187500 -0.0040206899 0.0257812500
-0.1117187500 0.0000000000 0.0183763230
-0.1117187500 0.0019816461 -0.0171875000
-0.1117187500 0.0036060819 -0.0085937500
-0.1117187500 0.0038562843 0.0000000000
-0.1117187500 0.0026883100 0.0085937500
-0.1117187500 0.0007095106 0.0171875000
-0.1031250000 -0.1127736953 -0.0257812500
-0.1031250000 -0.1117187500 -0.0283656320
-0.1031250000 -0.1154821850 -0.0171875000
-0.1031250000 -0.1164204520 -0.0085937500
-0.1031250000 -0.1166780067 0.0000000000
-0.1031250000 -0.1169424481 0.0085937500
-0.1031250000 -0.1160934466 0.0171875000
-0.1031250000 -0.1130221602 0.0257812500
-0.1031250000 -0.1117187500 0.0281540055
-0.1031250000 -0.1089116119 -0.0343750000
-0.1031250000 -0.1031250000 -0.0403031454
-0.1031250000 -0.1079484157 0.0343750000
-0.1031250000 -0.1031250000 0.0392032112
-0.1031250000 -0.1003722346 -0.0429687500
-0.1031250000 -0.0945312500 -0.0473266150
-0.1031250000 -0.0994963784 0.0429687500
-0.1031250000 -0.0945312500 0.0474113464
-0.1110551706 -0.0859375000 -0.0515625000
-0.1031250000 -0.0878164576 -0.0515625000
-0.1031250000 -0.0859375000 -0.0526026171
-0.1063160123 -0.0859375000 0.0515625000
-0.1031250000 -0.0871624879 0.0515625000
-0.1031250000 -0.0859375000 0.0524753420
-0.1031250000 -0.0773437500 -0.0553103529
-0.1031250000 -0.0773437500 0.0549473826
-0.1031250000 -0.0687500000 -0.0561571673
-0.1031250000 -0.0687500000 0.0559269652
-0.1031250000 -0.0601562500 -0.0562463502
-0.1031250000 -0.0601562500 0.0560452121
-0.1031250000 -0.0515625000 -0.0556951709
-0.1031250000 -0.0515625000 0.0554117045
-0.1031250000 -0.0429687500 -0.0542853595
-0.1031250000 -0.0429687500 0.0536041600
-0.1031250000 -0.0343750000 -0.0521804069
-0.1031250000 -0.0371627880 0.0515625000
-0.1031250000 -0.0343750000 0.0506938632
-0.1031250000 -0.0325449034 -0.0515625000
-0.1031250000 -0.0257812500 -0.0493019333
-0.1031250000 -0.0257812500 0.0463807312
-0.1031250000 -0.0171875000 -0.0444321738
-0.1031250000 -0.0207606113 0.0429687500
-0.1031250000 -0.0171875000 0.0404510778
-0.1031250000 -0.0151413020 -0.0429687500
-0.1031250000 -0.0085937500 -0.0368560907
-0.1031250000 -0.0109612928 0.0343750000
-0.1031250000 -0.0085937500 0.0316348146
-0.1031250000 -0.0063377771 -0.0343750000
-0.1031250000 -0.0008964241 -0.0257812500
-0.1031250000 0.0000000000 -0.0228567261
-0.1031250000 -0.0039793849 0.0257812500
-0.1031250000 0.0000000000 0.0182209340
-0.1031250000 0.0020005427 -0.0171875000
-0.1031250000 0.0034856400 -0.0085937500
-0.1031250000 0.0036846431 0.0000000000
-0.1031250000 0.0026140680 0.0085937500
-0.1031250000 0.0006065537 0.0171875000
-0.0945312500 -0.1136357561 -0.0257812500
-0.0945312500 -0.1117187500 -0.0306817326
-0.0945312500 -0.1161425037 -0.0171875000
-0.0945312500 -0.1169839307 -0.0085937500
-0.0945312500 -0.1171777276 0.0000000000
-0.0945312500 -0.1173717216 0.0085937500
-0.0945312500 -0.1166199046 0.0171875000
-0.0945312500 -0.1137534285 0.0257812500
-0.0945312500 -0.1117187500 0.0295988860
-0.0945312500 -0.1100347093 -0.0343750000
-0.0945312500 -0.1031250000 -0.0416064996
-0.0945312500 -0.1091503191 0.0343750000
-0.0945312500 -0.1031250000 0.0409385873
-0.0945312500 -0.1017642489 -0.0429687500
-0.0945312500 -0.0945312500 -0.0486450055
-0.0945312500 -0.1012200303 0.0429687500
-0.0945312500 -0.0945312500 0.0494840584
-0.0945312500 -0.0901561560 -0.0515625000
-0.0945312500 -0.0859375000 -0.0538879051
-0.0945312500 -0.0908133014 0.0515625000
-0.0945312500 -0.0859375000 0.0551118911
-0.0945312500 -0.0773437500 -0.0562517488
-0.0945312500 -0.0773437500 0.0568729986
-0.0945312500 -0.0687500000 -0.0566372287
-0.0945312500 -0.0687500000 0.0569094534
-0.0945312500 -0.0601562500 -0.0564552576
-0.0945312500 -0.0601562500 0.0566802543
-0.0945312500 -0.0515625000 -0.0555992824
-0.0945312500 -0.0515625000 0.0559049674
-0.0946433815 -0.0515625000 0.3351562500
-0.0945312500 -0.0516623203 0.3351562500
-0.0945312500 -0.0515625000 0.3346129452
-0.0949239050 -0.0515625000 0.3437500000
-0.0945312500 -0.0518506641 0.3437500000
-0.0946365018 -0.0515625000 0.3523437500
-0.0945312500 -0.0516281079 0.3523437500
-0.0945312500 -0.0515625000 0.3539509809
-0.0945312500 -0.0429687500 -0.0542164231
-0.0945312500 -0.0429687500 0.0539341051
-0.0945312500 -0.0514857651 0.3351562500
-0.0945312500 -0.0512487794 0.3437500000
-0.0945312500 -0.0514592842 0.3523437500
-0.0945312500 -0.0343750000 -0.0520540640
-0.0945312500 -0.0363065647 0.0515625000
-0.0945312500 -0.0343750000 0.0509617428
-0.0945312500 -0.0329328380 -0.0515625000
-0.0945312500 -0.0257812500 -0.0491667458
-0.0945312500 -0.0257812500 0.0467431239
-0.0945312500 -0.0171875000 -0.0442789498
-0.0945312500 -0.0200378224 0.0429687500
-0.0945312500 -0.0171875000 0.0409713483
-0.0945312500 -0.0152920353 -0.0429687500
-0.0945312500 -0.0085937500 -0.0368088950
-0.0945312500 -0.0105284492 0.0343750000
-0.0945312500 -0.0085937500 0.0320787446
-0.0945312500 -0.0063071750 -0.0343750000
-0.0945312500 -0.0008330460 -0.0257812500
-0.0945312500 0.0000000000 -0.0231336996
-0.0945312500 -0.0038495103 0.0257812500
-0.0945312500 0.0000000000 0.0182357085
-0.0945312500 0.0020899118 -0.0171875000
-0.0945312500 0.0035678619 -0.0085937500
-0.0945312500 0.0036841010 0.0000000000
-0.0945312500 0.0025624410 0.0085937500
-0.0945312500 0.0006120069 0.0171875000
-0.0859375000 -0.1143962075 -0.0257812500
-0.0859375000 -0.1117187500 -0.0329238546
-0.0859375000 -0.1167140427 -0.0171875000
-0.0859375000 -0.1175360378 -0.0085937500
-0.0859375000 -0.1176521172 0.0000000000
-0.0859375000 -0.1177286761 0.0085937500
-0.0859375000 -0.1171177142 0.0171875000
-0.0859375000 -0.1144778895 0.0257812500
-0.0859375000 -0.1117187500 0.0312830786
-0.0862117766 -0.1031250000 -0.0429687500
-0.0859375000 -0.1031686768 -0.0429687500
-0.0859375000 -0.1031250000 -0.0430101119
-0.0859375000 -0.1110640549 -0.0343750000
-0.0859375000 -0.1102008779 0.0343750000
-0.0859375000 -0.1031250000 0.0425887261
-0.0859375000 -0.0945312500 -0.0502386621
-0.0859375000 -0.1027877918 0.0429687500
-0.0867159096 -0.0945312500 0.0515625000
-0.0859375000 -0.0947819847 0.0515625000
-0.0859375000 -0.0945312500 0.0519412910
-0.0859375000 -0.0926017233 -0.0515625000
-0.0859375000 -0.0859375000 -0.0551128127
-0.0859375000 -0.0859375000 0.0576948069
-0.0859375000 -0.0773437500 -0.0571536984
-0.0859375000 -0.0773437500 0.0587174785
-0.0859375000 -0.0687500000 -0.0571448157
-0.0859375000 -0.0687500000 0.0578825641
-0.0867549055 -0.0601562500 -0.3437500000
-0.0859375000 -0.0604787662 -0.3437500000
-0.0859375000 -0.0601562500 -0.3463009539
-0.0885728912 -0.0601562500 -0.3351562500
-0.0859375000 -0.0613671532 -0.3351562500
-0.0891328438 -0.0601562500 -0.3265625000
-0.0859375000 -0.0619793849 -0.3265625000
-0.0886904076 -0.0601562500 -0.3179687500
-0.0859375000 -0.0621331815 -0.3179687500
-0.0879318307 -0.0601562500 -0.3093750000
-0.0859375000 -0.0619369009 -0.3093750000
-0.0874696425 -0.0601562500 -0.3007812500
-0.0859375000 -0.0618188082 -0.3007812500
-0.0876801646 -0.0601562500 -0.2921875000
-0.0859375000 -0.0622323098 -0.2921875000
-0.0879515798 -0.0601562500 -0.2835937500
-0.0859375000 -0.0628730155 -0.2835937500
-0.0875924803 -0.0601562500 -0.2750000000
-0.0859375000 -0.0627621963 -0.2750000000
-0.0862815333 -0.0601562500 -0.2664062500
-0.0859375000 -0.0610497201 -0.2664062500
-0.0859375000 -0.0601562500 -0.2649297501
-0.0859375000 -0.0601562500 -0.0566260978
-0.0859375000 -0.0601562500 0.0572845873
-0.0860771146 -0.0601562500 0.3179687500
-0.0859375000 -0.0602300742 0.3179687500
-0.0859375000 -0.0601562500 0.3170075880
-0.0864275360 -0.0601562500 0.3265625000
-0.0859375000 -0.0604003690 0.3265625000
-0.0859375000 -0.0601562500 0.3326768184
-0.0866850539 -0.0515625000 -0.3523437500
-0.0859375000 -0.0537288486 -0.3523437500
-0.0859375000 -0.0515625000 -0.3545010060
-0.0881571312 -0.0515625000 -0.3437500000
-0.0881555858 -0.0515625000 -0.3351562500
-0.0870412906 -0.0515625000 -0.3265625000
-0.0859375000 -0.0521784583 -0.3179687500
-0.0859375000 -0.0515625000 -0.3195299019
-0.0859375000 -0.0557901163 -0.3093750000
-0.0859375000 -0.0577388479 -0.3007812500
-0.0859375000 -0.0579736127 -0.2921875000
-0.0859375000 -0.0580575711 -0.2835937500
-0.0859375000 -0.0587082199 -0.2750000000
-0.0859375000 -0.0598612150 -0.2664062500
-0.0859375000 -0.0515625000 -0.0555987366
-0.0859375000 -0.0515625000 0.0562967735
-0.0868338691 -0.0515625000 0.3093750000
-0.0859375000 -0.0547742969 0.3093750000
-0.0859375000 -0.0515625000 0.3069357052
-0.0896054196 -0.0515625000 0.3179687500
-0.0923377506 -0.0515625000 0.3265625000
-0.0859375000 -0.0598826180 0.3351562500
-0.0859375000 -0.0586790460 0.3437500000
-0.0859375000 -0.0568516676 0.3523437500
-0.0939295121 -0.0515625000 0.3609375000
-0.0859375000 -0.0554222547 0.3609375000
-0.0922310584 -0.0515625000 0.3695312500
-0.0859375000 -0.0541579575 0.3695312500
-0.0898147604 -0.0515625000 0.3781250000
-0.0859375000 -0.0530530605 0.3781250000
-0.0864497576 -0.0515625000 0.3867187500
-0.0859375000 -0.0517337636 0.3867187500
-0.0859375000 -0.0515625000 0.3876049032
-0.0859375000 -0.0512461299 -0.3523437500
-0.0859375000 -0.0506069068 -0.3437500000
-0.0859375000 -0.0505276252 -0.3351562500
-0.0859375000 -0.0510202965 -0.3265625000
-0.0859375000 -0.0429687500 -0.0541638173
-0.0859375000 -0.0429687500 0.0541787972
-0.0859375000 -0.0511854205 0.3093750000
-0.0859375000 -0.0500605614 0.3179687500
-0.0859375000 -0.0489539851 0.3265625000
-0.0859375000 -0.0477103179 0.3351562500
-0.0859375000 -0.0469548448 0.3437500000
-0.0859375000 -0.0461564743 0.3523437500
-0.0859375000 -0.0449196605 0.3609375000
-0.0859375000 -0.0438543117 0.3695312500
-0.0861963347 -0.0429687500 0.3781250000
-0.0859375000 -0.0429687500 0.3764866201
-0.0859375000 -0.0491250653 0.3867187500
-0.0859375000 -0.0429687500 0.3791719177
-0.0859375000 -0.0343750000 -0.0520097639
-0.0859375000 -0.0354943511 0.0515625000
-0.0859375000 -0.0343750000 0.0512107741
-0.0859375000 -0.0429181089 0.3781250000
-0.0859375000 -0.0330915308 -0.0515625000
-0.0859375000 -0.0257812500 -0.0491111667
-0.0859375000 -0.0257812500 0.0472244255
-0.0859375000 -0.0171875000 -0.0442739400
-0.0859375000 -0.0192909454 0.0429687500
-0.0859375000 -0.0171875000 0.0414843084
-0.0859375000 -0.0152136204 -0.0429687500
-0.0859375000 -0.0085937500 -0.0368661904
-0.0859375000 -0.0099193637 0.0343750000
-0.0859375000 -0.0085937500 0.0327357465
-0.0859375000 -0.0062580754 -0.0343750000
-0.0859375000 -0.0007763992 -0.0257812500
-0.0859375000 0.0000000000 -0.0232476348
-0.0859375000 -0.0036046910 0.0257812500
-0.0859375000 0.0000000000 0.0185948261
-0.0859375000 0.0020348185 -0.0171875000
-0.0859375000 0.0036625640 -0.0085937500
-0.0859375000 0.0037570518 0.0000000000
-0.0859375000 0.0025985861 0.0085937500
-0.0859375000 0.0007970094 0.0171875000
-0.0806958542 -0.1117187500 -0.0343750000
-0.0773437500 -0.1120690855 -0.0343750000
-0.0773437500 -0.1117187500 -0.0348659088
-0.0773437500 -0.1152504755 -0.0257812500
-0.0773437500 -0.1173207019 -0.0171875000
-0.0773437500 -0.1181349846 -0.0085937500
-0.0773437500 -0.1181769968 0.0000000000
-0.0773437500 -0.1181899453 0.0085937500
-0.0773437500 -0.1177779090 0.0171875000
-0.0773437500 -0.1153988425 0.0257812500
-0.0773437500 -0.1117187500 0.0336036683
-0.0773437500 -0.1051639466 -0.0429687500
-0.0773437500 -0.1031250000 -0.0450473090
-0.0773437500 -0.1113647377 0.0343750000
-0.0844317879 -0.1031250000 0.0429687500
-0.0773437500 -0.1047640841 0.0429687500
-0.0773437500 -0.1031250000 0.0451323369
-0.0805317255 -0.0945312500 -0.0515625000
-0.0773437500 -0.0955365926 -0.0515625000
-0.0773437500 -0.0945312500 -0.0523681873
-0.0773437500 -0.0974862237 0.0515625000
-0.0773437500 -0.0945312500 0.0558476516
-0.0773437500 -0.0859375000 -0.0566159283
-0.0782509879 -0.0859375000 0.0601562500
-0.0773437500 -0.0866182639 0.0601562500
-0.0773437500 -0.0859375000 0.0606181310
-0.0773437500 -0.0773437500 -0.0579653176
-0.0799428420 -0.0773437500 0.0601562500
-0.0773437500 -0.0773437500 0.0614840471
-0.0780886743 -0.0687500000 -0.3007812500
-0.0773437500 -0.0690460058 -0.3007812500
-0.0773437500 -0.0687500000 -0.3035024653
-0.0799970957 -0.0687500000 -0.2921875000
-0.0773437500 -0.0699548520 -0.2921875000
-0.0813011361 -0.0687500000 -0.2835937500
-0.0773437500 -0.0706130004 -0.2835937500
-0.0819198084 -0.0687500000 -0.2750000000
-0.0773437500 -0.0709936602 -0.2750000000
-0.0824037150 -0.0687500000 -0.2664062500
-0.0773437500 -0.0714218019 -0.2664062500
-0.0826521406 -0.0687500000 -0.2578125000
-0.0773437500 -0.0715846756 -0.2578125000
-0.0823318549 -0.0687500000 -0.2492187500
-0.0773437500 -0.0715287900 -0.2492187500
-0.0813968910 -0.0687500000 -0.2406250000
-0.0773437500 -0.0712728339 -0.2406250000
-0.0790582945 -0.0687500000 -0.2320312500
-0.0773437500 -0.0699925576 -0.2320312500
-0.0773437500 -0.0687500000 -0.2271655643
-0.0773437500 -0.0687500000 -0.0577427885
-0.0773437500 -0.0745024265 0.0601562500
-0.0773437500 -0.0687500000 0.0590984846
-0.0793489607 -0.0601562500 -0.3609375000
-0.0773437500 -0.0607752781 -0.3609375000
-0.0773437500 -0.0601562500 -0.3642499017
-0.0833831690 -0.0601562500 -0.3523437500
-0.0773437500 -0.0620995969 -0.3523437500
-0.0773437500 -0.0633330608 -0.3437500000
-0.0773437500 -0.0644506999 -0.3351562500
-0.0773437500 -0.0654930551 -0.3265625000
-0.0773437500 -0.0665357881 -0.3179687500
-0.0773437500 -0.0675119772 -0.3093750000
-0.0840672105 -0.0601562500 -0.2578125000
-0.0815625668 -0.0601562500 -0.2492187500
-0.0792229363 -0.0601562500 -0.2406250000
-0.0773437500 -0.0638652203 -0.2320312500
-0.0773437500 -0.0601562500 -0.2353505450
-0.0773437500 -0.0601562500 -0.0569289658
-0.0773437500 -0.0601562500 0.0578313135
-0.0776880203 -0.0601562500 0.2835937500
-0.0773437500 -0.0603999547 0.2835937500
-0.0773437500 -0.0601562500 0.2824229979
-0.0803072637 -0.0601562500 0.2921875000
-0.0773437500 -0.0619638258 0.2921875000
-0.0825596572 -0.0601562500 0.3007812500
-0.0773437500 -0.0630470567 0.3007812500
-0.0846599113 -0.0601562500 0.3093750000
-0.0773437500 -0.0638934442 0.3093750000
-0.0773437500 -0.0645868152 0.3179687500
-0.0773437500 -0.0644800530 0.3265625000
-0.0857173074 -0.0601562500 0.3351562500
-0.0773437500 -0.0637928453 0.3351562500
-0.0843221273 -0.0601562500 0.3437500000
-0.0773437500 -0.0626893451 0.3437500000
-0.0812864769 -0.0601562500 0.3523437500
-0.0773437500 -0.0614467684 0.3523437500
-0.0773437500 -0.0601562500 0.3595222018
-0.0774399720 -0.0515625000 -0.3695312500
-0.0773437500 -0.0517776048 -0.3695312500
-0.0773437500 -0.0515625000 -0.3696376856
-0.0828479630 -0.0515625000 -0.3609375000
-0.0856254034 -0.0515625000 -0.3179687500
-0.0834675406 -0.0515625000 -0.3093750000
-0.0816075264 -0.0515625000 -0.3007812500
-0.0806917421 -0.0515625000 -0.2921875000
-0.0796377451 -0.0515625000 -0.2835937500
-0.0780980865 -0.0515625000 -0.2750000000
-0.0773437500 -0.0529317908 -0.2664062500
-0.0773437500 -0.0515625000 -0.2721818639
-0.0773437500 -0.0550694381 -0.2578125000
-0.0773437500 -0.0569272141 -0.2492187500
-0.0773437500 -0.0587337512 -0.2406250000
-0.0773437500 -0.0515625000 -0.0557087867
-0.0773437500 -0.0515625000 0.0566280933
-0.0773437500 -0.0576942455 0.2835937500
-0.0793305632 -0.0515625000 0.2921875000
-0.0773437500 -0.0515625000 0.2869233587
-0.0832983846 -0.0515625000 0.3007812500
-0.0773437500 -0.0596459753 0.3609375000
-0.0773437500 -0.0576840752 0.3695312500
-0.0773437500 -0.0557111929 0.3781250000
-0.0773437500 -0.0536171887 0.3867187500
-0.0780001058 -0.0515625000 0.3953125000
-0.0773437500 -0.0516830616 0.3953125000
-0.0773437500 -0.0515625000 0.3957860508
-0.0773437500 -0.0515304619 -0.3695312500
-0.0773437500 -0.0497809157 -0.3609375000
-0.0773437500 -0.0484619787 -0.3523437500
-0.0773437500 -0.0475850651 -0.3437500000
-0.0773437500 -0.0475051066 -0.3351562500
-0.0773437500 -0.0479877068 -0.3265625000
-0.0773437500 -0.0485349794 -0.3179687500
-0.0773437500 -0.0490533673 -0.3093750000
-0.0773437500 -0.0496691467 -0.3007812500
-0.0773437500 -0.0499962234 -0.2921875000
-0.0773437500 -0.0505317281 -0.2835937500
-0.0773437500 -0.0512397911 -0.2750000000
-0.0773437500 -0.0429687500 -0.0541681029
-0.0773437500 -0.0429687500 0.0543356728
-0.0773437500 -0.0508968620 0.2921875000
-0.0773437500 -0.0496781940 0.3007812500
-0.0773437500 -0.0484431105 0.3093750000
-0.0773437500 -0.0475317604 0.3179687500
-0.0773437500 -0.0464956158 0.3265625000
-0.0773437500 -0.0451531293 0.3351562500
-0.0773437500 -0.0441385274 0.3437500000
-0.0774677872 -0.0429687500 0.3523437500
-0.0773437500 -0.0429687500 0.3521005522
-0.0817372712 -0.0429687500 0.3609375000
-0.0841463922 -0.0429687500 0.3695312500
-0.0792404601 -0.0429687500 0.3867187500
-0.0773437500 -0.0505339949 0.3953125000
-0.0773437500 -0.0429687500 0.3877423335
-0.0773437500 -0.0343750000 -0.0520893593
-0.0773437500 -0.0351938161 0.0515625000
-0.0773437500 -0.0343750000 0.0513088296
-0.0773437500 -0.0429495336 0.3523437500
-0.0773437500 -0.0423272233 0.3609375000
-0.0773437500 -0.0422016953 0.3695312500
-0.0773437500 -0.0423467406 0.3781250000
-0.0773437500 -0.0428585122 0.3867187500
-0.0773437500 -0.0328988505 -0.0515625000
-0.0773437500 -0.0257812500 -0.0491544074
-0.0773437500 -0.0257812500 0.0475310809
-0.0773437500 -0.0171875000 -0.0443499519
-0.0773437500 -0.0186040887 0.0429687500
-0.0773437500 -0.0171875000 0.0419884963
-0.0773437500 -0.0150960308 -0.0429687500
-0.0773437500 -0.0085937500 -0.0369182869
-0.0773437500 -0.0093970363 0.0343750000
-0.0773437500 -0.0085937500 0.0333492069
-0.0773437500 -0.0062028011 -0.0343750000
-0.0773437500 -0.0008465998 -0.0257812500
-0.0773437500 0.0000000000 -0.0230289913
-0.0773437500 -0.0032521163 0.0257812500
-0.0773437500 0.0000000000 0.0189861079
-0.0773437500 0.0019335081 -0.0171875000
-0.0773437500 0.0036092395 -0.0085937500
-0.0773437500 0.0037817083 0.0000000000
-0.0773437500 0.0027683888 0.0085937500
-0.0773437500 0.0009444717 0.0171875000
-0.0687500000 -0.1129536408 -0.0343750000
-0.0687500000 -0.1117187500 -0.0362959062
-0.0687500000 -0.1159797043 -0.0257812500
-0.0687500000 -0.1178936536 -0.0171875000
-0.0687500000 -0.1187655862 -0.0085937500
-0.0687500000 -0.1188281458 0.0000000000
-0.0687500000 -0.1187693551 0.0085937500
-0.0687500000 -0.1185087617 0.0171875000
-0.0687500000 -0.1165659351 0.0257812500
-0.0751248885 -0.1117187500 0.0343750000
-0.0687500000 -0.1128799911 0.0343750000
-0.0687500000 -0.1117187500 0.0358952794
-0.0687500000 -0.1068553128 -0.0429687500
-0.0687500000 -0.1031250000 -0.0469915567
-0.0687500000 -0.1066263974 0.0429687500
-0.0687500000 -0.1031250000 0.0475465102
-0.0687500000 -0.0981645396 -0.0515625000
-0.0687500000 -0.0945312500 -0.0545940027
-0.0687500000 -0.0995602290 0.0515625000
-0.0687500000 -0.0945312500 0.0590081037
-0.0687500000 -0.0859375000 -0.0584593875
-0.0687500000 -0.0925548568 0.0601562500
-0.0687500000 -0.0859375000 0.0650340224
-0.0687500000 -0.0773437500 -0.0591215161
-0.0687500000 -0.0773437500 0.0660502324
-0.0723754151 -0.0687500000 -0.3179687500
-0.0687500000 -0.0696071797 -0.3179687500
-0.0687500000 -0.0687500000 -0.3263878654
-0.0750033983 -0.0687500000 -0.3093750000
-0.0687500000 -0.0703609512 -0.3093750000
-0.0687500000 -0.0712336241 -0.3007812500
-0.0687500000 -0.0721198955 -0.2921875000
-0.0687500000 -0.0730111740 -0.2835937500
-0.0687500000 -0.0739398759 -0.2750000000
-0.0687500000 -0.0745872702 -0.2664062500
-0.0687500000 -0.0750627530 -0.2578125000
-0.0687500000 -0.0751169427 -0.2492187500
-0.0687500000 -0.0753328470 -0.2406250000
-0.0687500000 -0.0754594682 -0.2320312500
-0.0759788892 -0.0687500000 -0.2234375000
-0.0687500000 -0.0742105551 -0.2234375000
-0.0729633703 -0.0687500000 -0.2148437500
-0.0687500000 -0.0724502518 -0.2148437500
-0.0693387118 -0.0687500000 -0.2062500000
-0.0687500000 -0.0694926731 -0.2062500000
-0.0687500000 -0.0687500000 -0.2052472770
-0.0687500000 -0.0687500000 -0.0583406588
-0.0699743264 -0.0687500000 0.0601562500
-0.0687500000 -0.0687500000 0.0605984569
-0.0695957505 -0.0687500000 0.3093750000
-0.0687500000 -0.0690791418 0.3093750000
-0.0687500000 -0.0687500000 0.3016995525
-0.0701874399 -0.0687500000 0.3179687500
-0.0687500000 -0.0692517680 0.3179687500
-0.0691713599 -0.0687500000 0.3265625000
-0.0687500000 -0.0688811030 0.3265625000
-0.0687500000 -0.0687500000 0.3276294313
-0.0732874955 -0.0601562500 -0.3695312500
-0.0687500000 -0.0612490861 -0.3695312500
-0.0687500000 -0.0601562500 -0.3733409881
-0.0687500000 -0.0632129296 -0.3609375000
-0.0687500000 -0.0646067647 -0.3523437500
-0.0687500000 -0.0658894670 -0.3437500000
-0.0687500000 -0.0672163853 -0.3351562500
-0.0687500000 -0.0687178239 -0.3265625000
-0.0761518447 -0.0601562500 -0.2320312500
-0.0726080126 -0.0601562500 -0.2234375000
-0.0687500000 -0.0601883320 -0.2148437500
-0.0687500000 -0.0601562500 -0.2148738413
-0.0687500000 -0.0678835824 -0.2062500000
-0.0687500000 -0.0601562500 -0.0573479541
-0.0687500000 -0.0678951387 0.0601562500
-0.0687500000 -0.0601562500 0.0586707919
-0.0698675307 -0.0601562500 0.2578125000
-0.0687500000 -0.0616726189 0.2578125000
-0.0687500000 -0.0601562500 0.2543308657
-0.0725368878 -0.0601562500 0.2664062500
-0.0687500000 -0.0642012308 0.2664062500
-0.0750710725 -0.0601562500 0.2750000000
-0.0687500000 -0.0662373886 0.2750000000
-0.0687500000 -0.0673898622 0.2835937500
-0.0687500000 -0.0680408135 0.2921875000
-0.0687500000 -0.0686689856 0.3007812500
-0.0687500000 -0.0672312413 0.3351562500
-0.0687500000 -0.0652955149 0.3437500000
-0.0687500000 -0.0634925127 0.3523437500
-0.0762590740 -0.0601562500 0.3609375000
-0.0687500000 -0.0618344186 0.3609375000
-0.0695732783 -0.0601562500 0.3695312500
-0.0687500000 -0.0602781711 0.3695312500
-0.0687500000 -0.0601562500 0.3703316981
-0.0687500000 -0.0515625000 -0.3751423170
-0.0757180978 -0.0515625000 -0.2664062500
-0.0730623553 -0.0515625000 -0.2578125000
-0.0706244458 -0.0515625000 -0.2492187500
-0.0687500000 -0.0523175721 -0.2406250000
-0.0687500000 -0.0515625000 -0.2434901599
-0.0687500000 -0.0548319825 -0.2320312500
-0.0687500000 -0.0575034527 -0.2234375000
-0.0687500000 -0.0515625000 -0.0558477604
-0.0687500000 -0.0515625000 0.0570087724
-0.0687500000 -0.0573056298 0.2578125000
-0.0693003865 -0.0515625000 0.2664062500
-0.0687500000 -0.0515625000 0.2652234809
-0.0726155456 -0.0515625000 0.2750000000
-0.0759784875 -0.0515625000 0.2835937500
-0.0687500000 -0.0575328160 0.3781250000
-0.0687500000 -0.0547592354 0.3867187500
-0.0687500000 -0.0523341877 0.3953125000
-0.0687500000 -0.0515625000 0.3982208607
-0.0687500000 -0.0496907637 -0.3695312500
-0.0687500000 -0.0477146840 -0.3609375000
-0.0687500000 -0.0459045725 -0.3523437500
-0.0687500000 -0.0449665267 -0.3437500000
-0.0687500000 -0.0450050352 -0.3351562500
-0.0687500000 -0.0454181094 -0.3265625000
-0.0687500000 -0.0460025478 -0.3179687500
-0.0687500000 -0.0466489122 -0.3093750000
-0.0687500000 -0.0469884619 -0.3007812500
-0.0687500000 -0.0471050757 -0.2921875000
-0.0687500000 -0.0476325499 -0.2835937500
-0.0687500000 -0.0482268606 -0.2750000000
-0.0687500000 -0.0488874063 -0.2664062500
-0.0687500000 -0.0498260710 -0.2578125000
-0.0687500000 -0.0508190847 -0.2492187500
-0.0687500000 -0.0429687500 -0.0541887736
-0.0687500000 -0.0429687500 0.0546083516
-0.0687500000 -0.0513963844 0.2664062500
-0.0687500000 -0.0504970968 0.2750000000
-0.0687500000 -0.0494949127 0.2835937500
-0.0687500000 -0.0484323640 0.2921875000
-0.0687500000 -0.0473022056 0.3007812500
-0.0687500000 -0.0462847353 0.3093750000
-0.0687500000 -0.0456543772 0.3179687500
-0.0687500000 -0.0446637094 0.3265625000
-0.0687500000 -0.0433329609 0.3351562500
-0.0720318294 -0.0429687500 0.3437500000
-0.0687500000 -0.0429687500 0.3383565449
-0.0737390882 -0.0429687500 0.3867187500
-0.0687500000 -0.0435213129 0.3867187500
-0.0687500000 -0.0429687500 0.3852835403
-0.0687500000 -0.0483465459 0.3953125000
-0.0687500000 -0.0343750000 -0.0521533690
-0.0687500000 -0.0351109205 0.0515625000
-0.0687500000 -0.0343750000 0.0513231428
-0.0687500000 -0.0425673278 0.3437500000
-0.0687500000 -0.0421246896 0.3523437500
-0.0687500000 -0.0417476974 0.3609375000
-0.0687500000 -0.0418577231 0.3695312500
-0.0687500000 -0.0422702090 0.3781250000
-0.0687500000 -0.0327602851 -0.0515625000
-0.0687500000 -0.0257812500 -0.0491629454
-0.0687500000 -0.0257812500 0.0477612762
-0.0687500000 -0.0171875000 -0.0444182895
-0.0687500000 -0.0179580611 0.0429687500
-0.0687500000 -0.0171875000 0.0424478769
-0.0687500000 -0.0149947810 -0.0429687500
-0.0687500000 -0.0085937500 -0.0369660729
-0.0687500000 -0.0089673251 0.0343750000
-0.0687500000 -0.0085937500 0.0338947420
-0.0687500000 -0.0061953399 -0.0343750000
-0.0687500000 -0.0011386199 -0.0257812500
-0.0687500000 0.0000000000 -0.0221067998
-0.0687500000 -0.0028473078 0.0257812500
-0.0687500000 0.0000000000 0.0196361262
-0.0687500000 0.0017060102 -0.0171875000
-0.0687500000 0.0035044452 -0.0085937500
-0.0687500000 0.0038106747 0.0000000000
-0.0687500000 0.0029668106 0.0085937500
-0.0687500000 0.0012279544 0.0171875000
-0.0601562500 -0.1138249986 -0.0343750000
-0.0601562500 -0.1117187500 -0.0378354941
-0.0601562500 -0.1167059461 -0.0257812500
-0.0601562500 -0.1185230853 -0.0171875000
-0.0601562500 -0.1194471387 -0.0085937500
-0.0601562500 -0.1196484211 0.0000000000
-0.0601562500 -0.1196196185 0.0085937500
-0.0601562500 -0.1194995427 0.0171875000
-0.0601562500 -0.1180911752 0.0257812500
-0.0601562500 -0.1146842403 0.0343750000
-0.0601562500 -0.1117187500 0.0385394424
-0.0601562500 -0.1082966968 -0.0429687500
-0.0601562500 -0.1031250000 -0.0490188509
-0.0601562500 -0.1086308720 0.0429687500
-0.0601562500 -0.1031250000 0.0500791858
-0.0601562500 -0.1005653437 -0.0515625000
-0.0601562500 -0.0945312500 -0.0567520974
-0.0601562500 -0.1018551682 0.0515625000
-0.0661941918 -0.0945312500 0.0601562500
-0.0601562500 -0.0967743217 0.0601562500
-0.0601562500 -0.0945312500 0.0636147663
-0.0607676797 -0.0859375000 -0.0601562500
-0.0601562500 -0.0863458360 -0.0601562500
-0.0601562500 -0.0859375000 -0.0604009709
-0.0621907320 -0.0859375000 0.0687500000
-0.0601562500 -0.0875190546 0.0687500000
-0.0601562500 -0.0859375000 0.0704396116
-0.0604106989 -0.0773437500 -0.2492187500
-0.0601562500 -0.0773895081 -0.2492187500
-0.0601562500 -0.0773437500 -0.2508974893
-0.0628514398 -0.0773437500 -0.2406250000
-0.0601562500 -0.0779108526 -0.2406250000
-0.0644095169 -0.0773437500 -0.2320312500
-0.0601562500 -0.0783766026 -0.2320312500
-0.0633075065 -0.0773437500 -0.2234375000
-0.0601562500 -0.0783253691 -0.2234375000
-0.0615259297 -0.0773437500 -0.2148437500
-0.0601562500 -0.0778378555 -0.2148437500
-0.0603443282 -0.0773437500 -0.2062500000
-0.0601562500 -0.0774235446 -0.2062500000
-0.0601562500 -0.0773437500 -0.2050302247
-0.0622807240 -0.0773437500 -0.0601562500
-0.0601562500 -0.0773437500 -0.0608299303
-0.0632273328 -0.0773437500 0.0687500000
-0.0601562500 -0.0773437500 0.0709173363
-0.0632347919 -0.0687500000 -0.3351562500
-0.0601562500 -0.0692419695 -0.3351562500
-0.0601562500 -0.0687500000 -0.3398987821
-0.0686504938 -0.0687500000 -0.3265625000
-0.0601562500 -0.0702656615 -0.3265625000
-0.0601562500 -0.0712662358 -0.3179687500
-0.0601562500 -0.0722384483 -0.3093750000
-0.0601562500 -0.0732241517 -0.3007812500
-0.0601562500 -0.0741316136 -0.2921875000
-0.0601562500 -0.0749962559 -0.2835937500
-0.0601562500 -0.0757949263 -0.2750000000
-0.0601562500 -0.0765664854 -0.2664062500
-0.0601562500 -0.0770783495 -0.2578125000
-0.0642385912 -0.0687500000 -0.1976562500
-0.0601562500 -0.0758596846 -0.1976562500
-0.0601562500 -0.0687500000 -0.1920347440
-0.0601562500 -0.0753945083 -0.0601562500
-0.0601562500 -0.0687500000 -0.0591205790
-0.0601562500 -0.0752044109 0.0687500000
-0.0601562500 -0.0687500000 0.0643652535
-0.0620689455 -0.0687500000 0.2492187500
-0.0601562500 -0.0696416982 0.2492187500
-0.0601562500 -0.0687500000 0.2422769535
-0.0637110984 -0.0687500000 0.2578125000
-0.0601562500 -0.0703574719 0.2578125000
-0.0651722623 -0.0687500000 0.2664062500
-0.0601562500 -0.0710144677 0.2664062500
-0.0664342135 -0.0687500000 0.2750000000
-0.0601562500 -0.0715014449 0.2750000000
-0.0672692672 -0.0687500000 0.2835937500
-0.0601562500 -0.0717520561 0.2835937500
-0.0678892074 -0.0687500000 0.2921875000
-0.0601562500 -0.0718845539 0.2921875000
-0.0686424895 -0.0687500000 0.3007812500
-0.0601562500 -0.0719748290 0.3007812500
-0.0601562500 -0.0719830404 0.3093750000
-0.0601562500 -0.0715376727 0.3179687500
-0.0601562500 -0.0706308377 0.3265625000
-0.0635192326 -0.0687500000 0.3351562500
-0.0601562500 -0.0693408720 0.3351562500
-0.0601562500 -0.0687500000 0.3384153646
-0.0601562500 -0.0620745505 -0.3695312500
-0.0601562500 -0.0601562500 -0.3756553388
-0.0601562500 -0.0646219829 -0.3609375000
-0.0601562500 -0.0666486193 -0.3523437500
-0.0601562500 -0.0680526206 -0.3437500000
-0.0687349937 -0.0601562500 -0.2148437500
-0.0636297235 -0.0601562500 -0.2062500000
-0.0601562500 -0.0639865977 -0.1976562500
-0.0601562500 -0.0601562500 -0.2017517566
-0.0601562500 -0.0601562500 -0.0578220250
-0.0601562500 -0.0615800405 0.0601562500
-0.0601562500 -0.0601562500 0.0598350295
-0.0612289356 -0.0601562500 0.2320312500
-0.0601562500 -0.0624353284 0.2320312500
-0.0601562500 -0.0601562500 0.2288468192
-0.0637474523 -0.0601562500 0.2406250000
-0.0601562500 -0.0677037484 0.2406250000
-0.0668277072 -0.0601562500 0.2492187500
-0.0601562500 -0.0672674009 0.3437500000
-0.0601562500 -0.0649940871 0.3523437500
-0.0601562500 -0.0629627920 0.3609375000
-0.0601562500 -0.0612441526 0.3695312500
-0.0601562500 -0.0601562500 0.3752859869
-0.0601562500 -0.0515625000 -0.3761110209
-0.0676462595 -0.0515625000 -0.2406250000
-0.0635751818 -0.0515625000 -0.2320312500
-0.0601562500 -0.0523864481 -0.2234375000
-0.0601562500 -0.0515625000 -0.2259582114
-0.0601562500 -0.0552816291 -0.2148437500
-0.0601562500 -0.0582161473 -0.2062500000
-0.0601562500 -0.0515625000 -0.0560573162
-0.0601562500 -0.0515625000 0.0576814560
-0.0601562500 -0.0590505467 0.2320312500
-0.0601562500 -0.0559077016 0.2406250000
-0.0604546568 -0.0515625000 0.2492187500
-0.0601562500 -0.0515625000 0.2487423944
-0.0648851916 -0.0515625000 0.2578125000
-0.0601562500 -0.0588641862 0.3781250000
-0.0601562500 -0.0556119789 0.3867187500
-0.0601562500 -0.0528803166 0.3953125000
-0.0601562500 -0.0515625000 0.3999243182
-0.0601562500 -0.0493670536 -0.3695312500
-0.0601562500 -0.0471119404 -0.3609375000
-0.0601562500 -0.0449831749 -0.3523437500
-0.0601562500 -0.0437896156 -0.3437500000
-0.0601562500 -0.0434365983 -0.3351562500
-0.0601562500 -0.0434442370 -0.3265625000
-0.0601562500 -0.0440918948 -0.3179687500
-0.0601562500 -0.0447681705 -0.3093750000
-0.0601562500 -0.0450434568 -0.3007812500
-0.0601562500 -0.0451938470 -0.2921875000
-0.0601562500 -0.0457737795 -0.2835937500
-0.0601562500 -0.0463689462 -0.2750000000
-0.0601562500 -0.0468282303 -0.2664062500
-0.0601562500 -0.0472539074 -0.2578125000
-0.0601562500 -0.0481344500 -0.2492187500
-0.0601562500 -0.0490666024 -0.2406250000
-0.0601562500 -0.0503403056 -0.2320312500
-0.0601562500 -0.0429687500 -0.0541843653
-0.0601562500 -0.0429687500 0.0548860077
-0.0601562500 -0.0514761676 0.2492187500
-0.0601562500 -0.0503261966 0.2578125000
-0.0601562500 -0.0491285142 0.2664062500
-0.0601562500 -0.0481396683 0.2750000000
-0.0601562500 -0.0471748385 0.2835937500
-0.0601562500 -0.0462257348 0.2921875000
-0.0601562500 -0.0451883252 0.3007812500
-0.0601562500 -0.0446071893 0.3093750000
-0.0601562500 -0.0442955617 0.3179687500
-0.0601562500 -0.0435504120 0.3265625000
-0.0645274611 -0.0429687500 0.3351562500
-0.0601562500 -0.0429687500 0.3320875445
-0.0601562500 -0.0448102232 0.3867187500
-0.0601562500 -0.0429687500 0.3791361856
-0.0601562500 -0.0483518035 0.3953125000
-0.0601562500 -0.0343750000 -0.0522182427
-0.0601562500 -0.0348277765 0.0515625000
-0.0601562500 -0.0343750000 0.0514082615
-0.0601562500 -0.0427075722 0.3351562500
-0.0601562500 -0.0419963027 0.3437500000
-0.0601562500 -0.0417511564 0.3523437500
-0.0601562500 -0.0418231294 0.3609375000
-0.0601562500 -0.0422229502 0.3695312500
-0.0601562500 -0.0428859336 0.3781250000
-0.0601562500 -0.0326017700 -0.0515625000
-0.0601562500 -0.0257812500 -0.0491936934
-0.0601562500 -0.0257812500 0.0480441790
-0.0601562500 -0.0171875000 -0.0445156382
-0.0601562500 -0.0172110292 0.0429687500
-0.0601562500 -0.0171875000 0.0429528320
-0.0601562500 -0.0149211972 -0.0429687500
-0.0601562500 -0.0085937500 -0.0368945265
-0.0610357639 -0.0085937500 0.0343750000
-0.0601562500 -0.0085937500 0.0344236979
-0.0601562500 -0.0062815706 -0.0343750000
-0.0601562500 -0.0014513164 -0.0257812500
-0.0601562500 0.0000000000 -0.0213756207
-0.0601562500 -0.0025721248 0.0257812500
-0.0601562500 0.0000000000 0.0202239823
-0.0601562500 -0.0085539568 0.0343750000
-0.0601562500 0.0015400760 -0.0171875000
-0.0601562500 0.0034170346 -0.0085937500
-0.0601562500 0.0037664304 0.0000000000
-0.0601562500 0.0030896968 0.0085937500
-0.0601562500 0.0014926075 0.0171875000
-0.0521250781 -0.1203125000 -0.0085937500
-0.0515625000 -0.1203789489 -0.0085937500
-0.0515625000 -0.1203125000 -0.0090904909
-0.0550185982 -0.1203125000 0.0000000000
-0.0515625000 -0.1207923465 0.0000000000
-0.0553877457 -0.1203125000 0.0085937500
-0.0515625000 -0.1209356947 0.0085937500
-0.0546906511 -0.1203125000 0.0171875000
-0.0515625000 -0.1208612710 0.0171875000
-0.0515625000 -0.1203125000 0.0212599898
-0.0515625000 -0.1148659444 -0.0343750000
-0.0515625000 -0.1117187500 -0.0400863466
-0.0515625000 -0.1174549117 -0.0257812500
-0.0515625000 -0.1193060468 -0.0171875000
-0.0515625000 -0.1196766286 0.0257812500
-0.0515625000 -0.1163732204 0.0343750000
-0.0515625000 -0.1117187500 0.0411985922
-0.0515625000 -0.1098905721 -0.0429687500
-0.0515625000 -0.1031250000 -0.0513652280
-0.0515625000 -0.1105659420 0.0429687500
-0.0558038738 -0.1031250000 0.0515625000
-0.0515625000 -0.1045438212 0.0515625000
-0.0515625000 -0.1031250000 0.0542757832
-0.0515625000 -0.1029448242 -0.0515625000
-0.0515625000 -0.0945312500 -0.0593852551
-0.0515625000 -0.0998380917 0.0601562500
-0.0517039834 -0.0945312500 0.0687500000
-0.0515625000 -0.0946034014 0.0687500000
-0.0515625000 -0.0945312500 0.0689199334
-0.0515625000 -0.0927040057 -0.0601562500
-0.0515625000 -0.0859375000 -0.0640342894
-0.0521600631 -0.0859375000 0.0773437500
-0.0515625000 -0.0865961345 0.0773437500
-0.0515625000 -0.0859375000 0.0799145733
-0.0543641671 -0.0773437500 -0.2664062500
-0.0515625000 -0.0776109720 -0.2664062500
-0.0515625000 -0.0773437500 -0.2701322340
-0.0582430327 -0.0773437500 -0.2578125000
-0.0515625000 -0.0780044974 -0.2578125000
-0.0515625000 -0.0783696555 -0.2492187500
-0.0515625000 -0.0789606861 -0.2406250000
-0.0515625000 -0.0797145803 -0.2320312500
-0.0515625000 -0.0801320523 -0.2234375000
-0.0515625000 -0.0802362333 -0.2148437500
-0.0515625000 -0.0804782024 -0.2062500000
-0.0590677361 -0.0773437500 -0.1976562500
-0.0515625000 -0.0807536302 -0.1976562500
-0.0576345244 -0.0773437500 -0.1890625000
-0.0515625000 -0.0805153703 -0.1890625000
-0.0549428212 -0.0773437500 -0.1804687500
-0.0515625000 -0.0801113577 -0.1804687500
-0.0526983982 -0.0773437500 -0.1718750000
-0.0515625000 -0.0786325600 -0.1718750000
-0.0515625000 -0.0773437500 -0.1678326504
-0.0515625000 -0.0773437500 -0.0636984841
-0.0515625000 -0.0801323074 0.0773437500
-0.0515625000 -0.0773437500 0.0771003714
-0.0516520083 -0.0773437500 0.1117187500
-0.0515625000 -0.0776011562 0.1117187500
-0.0515625000 -0.0773437500 0.1111738320
-0.0523217998 -0.0773437500 0.1203125000
-0.0515625000 -0.0784841465 0.1203125000
-0.0528986760 -0.0773437500 0.1289062500
-0.0515625000 -0.0787221581 0.1289062500
-0.0515625000 -0.0773437500 0.1350363077
-0.0563763141 -0.0687500000 -0.3437500000
-0.0515625000 -0.0692626591 -0.3437500000
-0.0515625000 -0.0687500000 -0.3475727562
-0.0515625000 -0.0703326241 -0.3351562500
-0.0515625000 -0.0714221644 -0.3265625000
-0.0515625000 -0.0724242300 -0.3179687500
-0.0515625000 -0.0733973146 -0.3093750000
-0.0515625000 -0.0743672334 -0.3007812500
-0.0515625000 -0.0752575103 -0.2921875000
-0.0515625000 -0.0760833859 -0.2835937500
-0.0515625000 -0.0768833036 -0.2750000000
-0.0579823307 -0.0687500000 -0.1890625000
-0.0528091850 -0.0687500000 -0.1804687500
-0.0515625000 -0.0751270687 -0.1718750000
-0.0515625000 -0.0687500000 -0.1779399860
-0.0515625000 -0.0688131985 -0.0601562500
-0.0515625000 -0.0687500000 -0.0601447434
-0.0515625000 -0.0691632807 0.0687500000
-0.0515625000 -0.0687500000 0.0684786143
-0.0515625000 -0.0771726770 0.1117187500
-0.0515625000 -0.0752050156 0.1203125000
-0.0518434923 -0.0687500000 0.1289062500
-0.0515625000 -0.0687500000 0.1279367910
-0.0522160336 -0.0687500000 0.1375000000
-0.0515625000 -0.0731632487 0.1375000000
-0.0515625000 -0.0687500000 0.1410360255
-0.0531915376 -0.0687500000 0.2148437500
-0.0515625000 -0.0700678735 0.2148437500
-0.0515625000 -0.0687500000 0.2075872408
-0.0553213322 -0.0687500000 0.2234375000
-0.0515625000 -0.0714049695 0.2234375000
-0.0573637723 -0.0687500000 0.2320312500
-0.0515625000 -0.0723124320 0.2320312500
-0.0596712002 -0.0687500000 0.2406250000
-0.0515625000 -0.0730838887 0.2406250000
-0.0515625000 -0.0738635399 0.2492187500
-0.0515625000 -0.0744311435 0.2578125000
-0.0515625000 -0.0748908340 0.2664062500
-0.0515625000 -0.0750460013 0.2750000000
-0.0515625000 -0.0750403199 0.2835937500
-0.0515625000 -0.0747738203 0.2921875000
-0.0515625000 -0.0743848855 0.3007812500
-0.0515625000 -0.0739105274 0.3093750000
-0.0515625000 -0.0730402418 0.3179687500
-0.0515625000 -0.0717542877 0.3265625000
-0.0515625000 -0.0703080688 0.3351562500
-0.0519605466 -0.0687500000 0.3437500000
-0.0515625000 -0.0687970683 0.3437500000
-0.0515625000 -0.0687500000 0.3439778045
-0.0515625000 -0.0621583390 -0.3695312500
-0.0515625000 -0.0601562500 -0.3750059276
-0.0515625000 -0.0650836333 -0.3609375000
-0.0515625000 -0.0675281588 -0.3523437500
-0.0563172559 -0.0601562500 -0.1976562500
-0.0515625000 -0.0629995681 -0.1890625000
-0.0515625000 -0.0601562500 -0.1928152045
-0.0515625000 -0.0677878529 -0.1804687500
-0.0515625000 -0.0601562500 -0.0585608529
-0.0582535275 -0.0601562500 0.0601562500
-0.0515625000 -0.0601562500 0.0625232882
-0.0515625000 -0.0684798838 0.1289062500
-0.0515625000 -0.0680900724 0.1375000000
-0.0530764204 -0.0601562500 0.2062500000
-0.0515625000 -0.0672005278 0.2062500000
-0.0515625000 -0.0601562500 0.2000281370
-0.0554380440 -0.0601562500 0.2148437500
-0.0582529402 -0.0601562500 0.2234375000
-0.0515625000 -0.0662109541 0.3523437500
-0.0515625000 -0.0639530049 0.3609375000
-0.0515625000 -0.0619549944 0.3695312500
-0.0524416393 -0.0601562500 0.3781250000
-0.0515625000 -0.0602165540 0.3781250000
-0.0515625000 -0.0601562500 0.3784109271
-0.0515625000 -0.0515625000 -0.3746358152
-0.0585514774 -0.0515625000 -0.2234375000
-0.0525922104 -0.0515625000 -0.2148437500
-0.0515625000 -0.0542180091 -0.2062500000
-0.0515625000 -0.0515625000 -0.2135719367
-0.0515625000 -0.0579926543 -0.1976562500
-0.0515625000 -0.0515625000 -0.0566203867
-0.0515625000 -0.0568822430 0.0601562500
-0.0515625000 -0.0515625000 0.0584800488
-0.0515625000 -0.0591346225 0.2062500000
-0.0515625000 -0.0574535026 0.2148437500
-0.0515625000 -0.0553127945 0.2234375000
-0.0515625000 -0.0529044708 0.2320312500
-0.0546889530 -0.0515625000 0.2406250000
-0.0515625000 -0.0515625000 0.2357615323
-0.0515625000 -0.0561800559 0.3867187500
-0.0515625000 -0.0531659461 0.3953125000
-0.0515625000 -0.0515625000 0.4003542908
-0.0515625000 -0.0498567299 -0.3695312500
-0.0515625000 -0.0470560229 -0.3609375000
-0.0515625000 -0.0450405499 -0.3523437500
-0.0515625000 -0.0438432372 -0.3437500000
-0.0515625000 -0.0431491106 -0.3351562500
-0.0545064287 -0.0429687500 -0.3265625000
-0.0515625000 -0.0429687500 -0.3317191337
-0.0515625000 -0.0429943259 -0.3179687500
-0.0515625000 -0.0429687500 -0.3188523508
-0.0515625000 -0.0433838938 -0.3093750000
-0.0515625000 -0.0437021770 -0.3007812500
-0.0515625000 -0.0440920004 -0.2921875000
-0.0515625000 -0.0445688961 -0.2835937500
-0.0515625000 -0.0451015544 -0.2750000000
-0.0515625000 -0.0453862570 -0.2664062500
-0.0515625000 -0.0457763964 -0.2578125000
-0.0515625000 -0.0464321821 -0.2492187500
-0.0515625000 -0.0471959156 -0.2406250000
-0.0515625000 -0.0480757856 -0.2320312500
-0.0515625000 -0.0492962695 -0.2234375000
-0.0515625000 -0.0512026239 -0.2148437500
-0.0515625000 -0.0429687500 -0.0544732807
-0.0515625000 -0.0429687500 0.0551821261
-0.0515625000 -0.0506470616 0.2406250000
-0.0515625000 -0.0493777905 0.2492187500
-0.0515625000 -0.0481390701 0.2578125000
-0.0515625000 -0.0469996912 0.2664062500
-0.0515625000 -0.0460855669 0.2750000000
-0.0515625000 -0.0452121730 0.2835937500
-0.0515625000 -0.0445293195 0.2921875000
-0.0515625000 -0.0440689583 0.3007812500
-0.0515625000 -0.0436582206 0.3093750000
-0.0515625000 -0.0435092044 0.3179687500
-0.0515625000 -0.0430664544 0.3265625000
-0.0515625000 -0.0429687500 0.3279773004
-0.0588183202 -0.0429687500 0.3781250000
-0.0515625000 -0.0439317817 0.3781250000
-0.0515625000 -0.0429687500 0.3722949584
-0.0515625000 -0.0459809730 0.3867187500
-0.0515625000 -0.0489401666 0.3953125000
-0.0515625000 -0.0428301477 -0.3265625000
-0.0515625000 -0.0343750000 -0.0523941537
-0.0515625000 -0.0345118920 0.0515625000
-0.0515625000 -0.0343750000 0.0515141436
-0.0515625000 -0.0425591048 0.3351562500
-0.0515625000 -0.0420752722 0.3437500000
-0.0515625000 -0.0419470845 0.3523437500
-0.0515625000 -0.0422394721 0.3609375000
-0.0515625000 -0.0427758394 0.3695312500
-0.0515625000 -0.0321566186 -0.0515625000
-0.0515625000 -0.0257812500 -0.0493192801
-0.0515625000 -0.0257812500 0.0482103557
-0.0515625000 -0.0171875000 -0.0445738865
-0.0597625835 -0.0171875000 0.0429687500
-0.0515625000 -0.0171875000 0.0432978420
-0.0515625000 -0.0149015195 -0.0429687500
-0.0515625000 -0.0085937500 -0.0366799815
-0.0515625000 -0.0168084780 0.0429687500
-0.0515625000 -0.0085937500 0.0346859418
-0.0515625000 -0.0064960026 -0.0343750000
-0.0515625000 -0.0017370986 -0.0257812500
-0.0515625000 0.0000000000 -0.0207993134
-0.0515625000 -0.0024787961 0.0257812500
-0.0515625000 0.0000000000 0.0203153704
-0.0515625000 -0.0083461305 0.0343750000
-0.0515625000 0.0014195290 -0.0171875000
-0.0515625000 0.0033463896 -0.0085937500
-0.0515625000 0.0037037294 0.0000000000
-0.0515625000 0.0030881046 0.0085937500
-0.0515625000 0.0015008730 0.0171875000
-0.0429687500 -0.1212411527 -0.0085937500
-0.0429687500 -0.1203125000 -0.0153414454
-0.0429687500 -0.1218114396 0.0000000000
-0.0429687500 -0.1220955997 0.0085937500
-0.0429687500 -0.1222027248 0.0171875000
-0.0475291757 -0.1203125000 0.0257812500
-0.0429687500 -0.1210274956 0.0257812500
-0.0429687500 -0.1203125000 0.0281409755
-0.0434539273 -0.1117187500 -0.0429687500
-0.0429687500 -0.1118210059 -0.0429687500
-0.0429687500 -0.1117187500 -0.0431534069
-0.0429687500 -0.1159789576 -0.0343750000
-0.0429687500 -0.1182736430 -0.0257812500
-0.0429687500 -0.1200820156 -0.0171875000
-0.0429687500 -0.1181674979 0.0343750000
-0.0463289046 -0.1117187500 0.0429687500
-0.0429687500 -0.1126680397 0.0429687500
-0.0429687500 -0.1117187500 0.0444901783
-0.0510411137 -0.1031250000 -0.0515625000
-0.0429687500 -0.1059667015 -0.0515625000
-0.0429687500 -0.1031250000 -0.0558823557
-0.0429687500 -0.1072898200 0.0515625000
-0.0432690004 -0.1031250000 0.0601562500
-0.0429687500 -0.1032556751 0.0601562500
-0.0429687500 -0.1031250000 0.0605004965
-0.0495026383 -0.0945312500 -0.0601562500
-0.0429687500 -0.0987248219 -0.0601562500
-0.0429687500 -0.0945312500 -0.0641998274
-0.0429687500 -0.0993426937 0.0687500000
-0.0456379011 -0.0945312500 0.0773437500
-0.0429687500 -0.0962149032 0.0773437500
-0.0434219327 -0.0945312500 0.0859375000
-0.0429687500 -0.0948673313 0.0859375000
-0.0429687500 -0.0945312500 0.0928050286
-0.0440185843 -0.0859375000 -0.1718750000
-0.0429687500 -0.0863392831 -0.1718750000
-0.0429687500 -0.0859375000 -0.1780478256
-0.0446622455 -0.0859375000 -0.1632812500
-0.0429687500 -0.0867345575 -0.1632812500
-0.0445051973 -0.0859375000 -0.1546875000
-0.0429687500 -0.0868896250 -0.1546875000
-0.0439893404 -0.0859375000 -0.1460937500
-0.0429687500 -0.0866327596 -0.1460937500
-0.0437735478 -0.0859375000 -0.1375000000
-0.0429687500 -0.0864881827 -0.1375000000
-0.0434101079 -0.0859375000 -0.1289062500
-0.0429687500 -0.0863022327 -0.1289062500
-0.0429687500 -0.0859375000 -0.1257564736
-0.0429687500 -0.0859375000 -0.0677888815
-0.0502751293 -0.0859375000 0.0859375000
-0.0488213952 -0.0859375000 0.0945312500
-0.0429687500 -0.0943533142 0.0945312500
-0.0492504982 -0.0859375000 0.1031250000
-0.0429687500 -0.0929868501 0.1031250000
-0.0489147280 -0.0859375000 0.1117187500
-0.0429687500 -0.0909272899 0.1117187500
-0.0466959565 -0.0859375000 0.1203125000
-0.0429687500 -0.0892863433 0.1203125000
-0.0446022059 -0.0859375000 0.1289062500
-0.0429687500 -0.0874704724 0.1289062500
-0.0431622402 -0.0859375000 0.1375000000
-0.0429687500 -0.0860884630 0.1375000000
-0.0429687500 -0.0859375000 0.1379951104
-0.0434528417 -0.0773437500 -0.2750000000
-0.0429687500 -0.0773637654 -0.2750000000
-0.0429687500 -0.0773437500 -0.2753097314
-0.0429687500 -0.0779123240 -0.2664062500
-0.0429687500 -0.0782422973 -0.2578125000
-0.0429687500 -0.0786807337 -0.2492187500
-0.0429687500 -0.0793458756 -0.2406250000
-0.0429687500 -0.0802488178 -0.2320312500
-0.0429687500 -0.0810738033 -0.2234375000
-0.0429687500 -0.0817855530 -0.2148437500
-0.0429687500 -0.0826756741 -0.2062500000
-0.0429687500 -0.0835174294 -0.1976562500
-0.0429687500 -0.0844000439 -0.1890625000
-0.0429687500 -0.0856646771 -0.1804687500
-0.0502535620 -0.0773437500 -0.1632812500
-0.0484363668 -0.0773437500 -0.1546875000
-0.0470013948 -0.0773437500 -0.1460937500
-0.0460488432 -0.0773437500 -0.1375000000
-0.0449547913 -0.0773437500 -0.1289062500
-0.0429736677 -0.0773437500 -0.1203125000
-0.0429687500 -0.0773951789 -0.1203125000
-0.0429687500 -0.0773437500 -0.1202955824
-0.0429687500 -0.0773437500 -0.0669476260
-0.0512341139 -0.0773437500 0.0773437500
-0.0498380085 -0.0773437500 0.0859375000
-0.0489974043 -0.0773437500 0.0945312500
-0.0502714254 -0.0773437500 0.1031250000
-0.0509859884 -0.0773437500 0.1375000000
-0.0477624523 -0.0773437500 0.1460937500
-0.0429687500 -0.0822804149 0.1460937500
-0.0457876439 -0.0773437500 0.1546875000
-0.0429687500 -0.0798076478 0.1546875000
-0.0448689111 -0.0773437500 0.1632812500
-0.0429687500 -0.0788255527 0.1632812500
-0.0432629430 -0.0773437500 0.1718750000
-0.0429687500 -0.0775350988 0.1718750000
-0.0429687500 -0.0773437500 0.1737102339
-0.0433450675 -0.0773437500 0.2234375000
-0.0429687500 -0.0775035192 0.2234375000
-0.0429687500 -0.0773437500 0.2160393875
-0.0435009125 -0.0773437500 0.2320312500
-0.0429687500 -0.0775462199 0.2320312500
-0.0442242075 -0.0773437500 0.2406250000
-0.0429687500 -0.0777921609 0.2406250000
-0.0444487995 -0.0773437500 0.2492187500
-0.0429687500 -0.0778148385 0.2492187500
-0.0451884034 -0.0773437500 0.2578125000
-0.0429687500 -0.0780137716 0.2578125000
-0.0456185513 -0.0773437500 0.2664062500
-0.0429687500 -0.0780549983 0.2664062500
-0.0448309364 -0.0773437500 0.2750000000
-0.0429687500 -0.0777828946 0.2750000000
-0.0437393235 -0.0773437500 0.2835937500
-0.0429687500 -0.0775137231 0.2835937500
-0.0429687500 -0.0773437500 0.2870342553
-0.0429687500 -0.0696430472 -0.3437500000
-0.0429687500 -0.0687500000 -0.3500164382
-0.0429687500 -0.0709144798 -0.3351562500
-0.0429687500 -0.0720251633 -0.3265625000
-0.0429687500 -0.0730922197 -0.3179687500
-0.0429687500 -0.0740726016 -0.3093750000
-0.0429687500 -0.0750146477 -0.3007812500
-0.0429687500 -0.0758998236 -0.2921875000
-0.0429687500 -0.0766212817 -0.2835937500
-0.0482203146 -0.0687500000 -0.1718750000
-0.0438313582 -0.0687500000 -0.1632812500
-0.0429687500 -0.0712298701 -0.1546875000
-0.0429687500 -0.0687500000 -0.1609080027
-0.0429687500 -0.0735617654 -0.1460937500
-0.0429687500 -0.0749600950 -0.1375000000
-0.0429687500 -0.0759433241 -0.1289062500
-0.0429687500 -0.0773403389 -0.1203125000
-0.0514907023 -0.0687500000 -0.0601562500
-0.0429687500 -0.0687500000 -0.0628428008
-0.0509661998 -0.0687500000 0.0687500000
-0.0429687500 -0.0699754090 0.0773437500
-0.0429687500 -0.0687500000 0.0760324829
-0.0429687500 -0.0709049536 0.0859375000
-0.0429687500 -0.0700404583 0.0945312500
-0.0435599742 -0.0687500000 0.1031250000
-0.0429687500 -0.0687500000 0.1003558190
-0.0466027196 -0.0687500000 0.1117187500
-0.0490291960 -0.0687500000 0.1203125000
-0.0505180033 -0.0687500000 0.1460937500
-0.0486461617 -0.0687500000 0.1546875000
-0.0480946216 -0.0687500000 0.1632812500
-0.0483279730 -0.0687500000 0.1718750000
-0.0480268305 -0.0687500000 0.1804687500
-0.0429687500 -0.0756107967 0.1804687500
-0.0478555685 -0.0687500000 0.1890625000
-0.0429687500 -0.0752461706 0.1890625000
-0.0489437856 -0.0687500000 0.1976562500
-0.0429687500 -0.0753587686 0.1976562500
-0.0512326139 -0.0687500000 0.2062500000
-0.0429687500 -0.0761073370 0.2062500000
-0.0429687500 -0.0772862709 0.2148437500
-0.0429687500 -0.0769972021 0.2921875000
-0.0429687500 -0.0763821940 0.3007812500
-0.0429687500 -0.0754712844 0.3093750000
-0.0429687500 -0.0741662516 0.3179687500
-0.0429687500 -0.0727361118 0.3265625000
-0.0429687500 -0.0712506129 0.3351562500
-0.0429687500 -0.0695848317 0.3437500000
-0.0429687500 -0.0687500000 0.3476136744
-0.0429687500 -0.0612621403 -0.3695312500
-0.0429687500 -0.0601562500 -0.3726645497
-0.0429687500 -0.0648086805 -0.3609375000
-0.0429687500 -0.0680888576 -0.3523437500
-0.0476804503 -0.0601562500 -0.1890625000
-0.0429687500 -0.0623424513 -0.1804687500
-0.0429687500 -0.0601562500 -0.1843051064
-0.0429687500 -0.0658181885 -0.1718750000
-0.0429687500 -0.0683092174 -0.1632812500
-0.0429687500 -0.0624218452 -0.0601562500
-0.0429687500 -0.0601562500 -0.0596404636
-0.0429687500 -0.0646823444 0.0687500000
-0.0429687500 -0.0601562500 0.0653635391
-0.0429687500 -0.0684565992 0.1031250000
-0.0429687500 -0.0667780987 0.1117187500
-0.0429687500 -0.0642697537 0.1203125000
-0.0429687500 -0.0620111377 0.1289062500
-0.0429687500 -0.0607160007 0.1375000000
-0.0432068562 -0.0601562500 0.1460937500
-0.0429687500 -0.0601562500 0.1442522874
-0.0442028702 -0.0601562500 0.1546875000
-0.0453257924 -0.0601562500 0.1632812500
-0.0466010279 -0.0601562500 0.1718750000
-0.0480292072 -0.0601562500 0.1804687500
-0.0493091014 -0.0601562500 0.1890625000
-0.0509320249 -0.0601562500 0.1976562500
-0.0429687500 -0.0672340260 0.3523437500
-0.0429687500 -0.0648055334 0.3609375000
-0.0429687500 -0.0627433774 0.3695312500
-0.0429687500 -0.0607600615 0.3781250000
-0.0429687500 -0.0601562500 0.3808002225
-0.0429687500 -0.0515625000 -0.3710902086
-0.0430568471 -0.0515625000 -0.2062500000
-0.0429687500 -0.0543826587 -0.1976562500
-0.0429687500 -0.0515625000 -0.2061699869
-0.0429687500 -0.0581537356 -0.1890625000
-0.0429687500 -0.0515625000 -0.0573079948
-0.0429687500 -0.0539831266 0.0601562500
-0.0429687500 -0.0515625000 0.0592733206
-0.0429687500 -0.0600627508 0.1460937500
-0.0429687500 -0.0595948454 0.1546875000
-0.0429687500 -0.0589776004 0.1632812500
-0.0429687500 -0.0583029801 0.1718750000
-0.0429687500 -0.0576824589 0.1804687500
-0.0429687500 -0.0570793717 0.1890625000
-0.0429687500 -0.0559421002 0.1976562500
-0.0429687500 -0.0545961333 0.2062500000
-0.0429687500 -0.0528269966 0.2148437500
-0.0445122049 -0.0515625000 0.2234375000
-0.0429687500 -0.0515625000 0.2203897026
-0.0492901036 -0.0515625000 0.2320312500
-0.0429687500 -0.0565991350 0.3867187500
-0.0429687500 -0.0528775192 0.3953125000
-0.0429687500 -0.0515625000 0.3990275354
-0.0429687500 -0.0510681495 -0.3695312500
-0.0429687500 -0.0482292992 -0.3609375000
-0.0429687500 -0.0458922452 -0.3523437500
-0.0429687500 -0.0445599777 -0.3437500000
-0.0429687500 -0.0438433668 -0.3351562500
-0.0481348818 -0.0429687500 -0.3265625000
-0.0429687500 -0.0433296760 -0.3265625000
-0.0429687500 -0.0430814126 -0.3179687500
-0.0429687500 -0.0433360517 -0.3093750000
-0.0429687500 -0.0432239990 -0.3007812500
-0.0429687500 -0.0433415612 -0.2921875000
-0.0429687500 -0.0435429839 -0.2835937500
-0.0429687500 -0.0438182118 -0.2750000000
-0.0429687500 -0.0440253591 -0.2664062500
-0.0429687500 -0.0445500727 -0.2578125000
-0.0429687500 -0.0451931545 -0.2492187500
-0.0429687500 -0.0457741522 -0.2406250000
-0.0429687500 -0.0465187118 -0.2320312500
-0.0429687500 -0.0474944183 -0.2234375000
-0.0429687500 -0.0493085473 -0.2148437500
-0.0429687500 -0.0515408406 -0.2062500000
-0.0429687500 -0.0429687500 -0.0548763672
-0.0429687500 -0.0429687500 0.0556065054
-0.0429687500 -0.0510579017 0.2234375000
-0.0429687500 -0.0495477516 0.2320312500
-0.0429687500 -0.0481970719 0.2406250000
-0.0429687500 -0.0470235948 0.2492187500
-0.0429687500 -0.0459557115 0.2578125000
-0.0429687500 -0.0450296781 0.2664062500
-0.0429687500 -0.0443619521 0.2750000000
-0.0429687500 -0.0437471561 0.2835937500
-0.0429687500 -0.0435197544 0.2921875000
-0.0429687500 -0.0433419201 0.3007812500
-0.0429687500 -0.0430966375 0.3093750000
-0.0429687500 -0.0432055719 0.3179687500
-0.0429687500 -0.0430429443 0.3265625000
-0.0429687500 -0.0429687500 0.3282041762
-0.0490758339 -0.0429687500 0.3695312500
-0.0429687500 -0.0438667295 0.3695312500
-0.0429687500 -0.0429687500 0.3635053441
-0.0429687500 -0.0453729271 0.3781250000
-0.0429687500 -0.0473547444 0.3867187500
-0.0429687500 -0.0499794463 0.3953125000
-0.0429687500 -0.0343750000 -0.0526093109
-0.0429687500 -0.0345723908 0.0515625000
-0.0429687500 -0.0343750000 0.0514844548
-0.0429687500 -0.0427070259 0.3351562500
-0.0429687500 -0.0424846322 0.3437500000
-0.0429687500 -0.0424723294 0.3523437500
-0.0429687500 -0.0427853160 0.3609375000
-0.0429687500 -0.0316296742 -0.0515625000
-0.0429687500 -0.0257812500 -0.0494454214
-0.0429687500 -0.0257812500 0.0482271304
-0.0429687500 -0.0171875000 -0.0445232766
-0.0429687500 -0.0171875000 0.0436029481
-0.0429687500 -0.0150089926 -0.0429687500
-0.0429687500 -0.0085937500 -0.0366146171
-0.0429687500 -0.0164385936 0.0429687500
-0.0429687500 -0.0085937500 0.0348515417
-0.0429687500 -0.0064780906 -0.0343750000
-0.0429687500 -0.0017498774 -0.0257812500
-0.0429687500 0.0000000000 -0.0208691608
-0.0429687500 -0.0024548268 0.0257812500
-0.0429687500 0.0000000000 0.0202176495
-0.0429687500 -0.0082104611 0.0343750000
-0.0429687500 0.0014716165 -0.0171875000
-0.0429687500 0.0034054223 -0.0085937500
-0.0429687500 0.0038101965 0.0000000000
-0.0429687500 0.0030951196 0.0085937500
-0.0429687500 0.0014562496 0.0171875000
-0.0405144982 -0.1203125000 -0.0171875000
-0.0343750000 -0.1209577263 -0.0171875000
-0.0343750000 -0.1203125000 -0.0202157816
-0.0343750000 -0.1221716448 -0.0085937500
-0.0343750000 -0.1226226642 0.0000000000
-0.0343750000 -0.1228410370 0.0085937500
-0.0343750000 -0.1231449365 0.0171875000
-0.0343750000 -0.1220866610 0.0257812500
-0.0343750000 -0.1203125000 0.0320706779
-0.0343750000 -0.1138196394 -0.0429687500
-0.0343750000 -0.1117187500 -0.0474525269
-0.0343750000 -0.1170882306 -0.0343750000
-0.0343750000 -0.1192638523 -0.0257812500
-0.0343750000 -0.1195596491 0.0343750000
-0.0343750000 -0.1148231153 0.0429687500
-0.0343750000 -0.1117187500 0.0484951145
-0.0360769680 -0.1031250000 -0.0601562500
-0.0343750000 -0.1039252616 -0.0601562500
-0.0343750000 -0.1031250000 -0.0616159552
-0.0343750000 -0.1092669101 -0.0515625000
-0.0343750000 -0.1101503959 0.0515625000
-0.0343750000 -0.1071102939 0.0601562500
-0.0362284680 -0.1031250000 0.0687500000
-0.0343750000 -0.1040671202 0.0687500000
-0.0343750000 -0.1031250000 0.0737327836
-0.0347221451 -0.0945312500 -0.1203125000
-0.0343750000 -0.0947686512 -0.1203125000
-0.0343750000 -0.0945312500 -0.1239091515
-0.0367282768 -0.0945312500 -0.1117187500
-0.0343750000 -0.0960388138 -0.1117187500
-0.0367749584 -0.0945312500 -0.1031250000
-0.0343750000 -0.0962886346 -0.1031250000
-0.0359109841 -0.0945312500 -0.0945312500
-0.0343750000 -0.0957907214 -0.0945312500
-0.0347327055 -0.0945312500 -0.0859375000
-0.0343750000 -0.0948432535 -0.0859375000
-0.0347263904 -0.0945312500 -0.0773437500
-0.0343750000 -0.0948295466 -0.0773437500
-0.0359990928 -0.0945312500 -0.0687500000
-0.0343750000 -0.0960053965 -0.0687500000
-0.0343750000 -0.1022488819 0.0773437500
-0.0343750000 -0.1005192508 0.0859375000
-0.0428470863 -0.0945312500 0.0945312500
-0.0343750000 -0.1004522592 0.0945312500
-0.0416422847 -0.0945312500 0.1031250000
-0.0343750000 -0.0990227082 0.1031250000
-0.0387336702 -0.0945312500 0.1117187500
-0.0343750000 -0.0974601427 0.1117187500
-0.0375245275 -0.0945312500 0.1203125000
-0.0343750000 -0.0964197104 0.1203125000
-0.0349493116 -0.0945312500 0.1289062500
-0.0343750000 -0.0947989653 0.1289062500
-0.0343750000 -0.0945312500 0.1301726914
-0.0390417623 -0.0859375000 -0.1890625000
-0.0343750000 -0.0872590944 -0.1890625000
-0.0343750000 -0.0859375000 -0.1958057360
-0.0424970570 -0.0859375000 -0.1804687500
-0.0343750000 -0.0885513602 -0.1804687500
-0.0343750000 -0.0893916827 -0.1718750000
-0.0343750000 -0.0902703590 -0.1632812500
-0.0343750000 -0.0913961326 -0.1546875000
-0.0343750000 -0.0930459855 -0.1460937500
-0.0343750000 -0.0933453104 -0.1375000000
-0.0343750000 -0.0940469521 -0.1289062500
-0.0422241864 -0.0859375000 -0.1203125000
-0.0416482996 -0.0859375000 -0.1117187500
-0.0405565089 -0.0859375000 -0.1031250000
-0.0391886681 -0.0859375000 -0.0945312500
-0.0381741210 -0.0859375000 -0.0859375000
-0.0378076265 -0.0859375000 -0.0773437500
-0.0406763443 -0.0859375000 -0.0687500000
-0.0343750000 -0.0921189016 0.1375000000
-0.0394384543 -0.0859375000 0.1460937500
-0.0343750000 -0.0890653344 0.1460937500
-0.0361342576 -0.0859375000 0.1546875000
-0.0343750000 -0.0869205739 0.1546875000
-0.0343750000 -0.0859375000 0.1606478984
-0.0343750000 -0.0775846750 -0.2750000000
-0.0343750000 -0.0773437500 -0.2786605192
-0.0343750000 -0.0781046315 -0.2664062500
-0.0343750000 -0.0784196191 -0.2578125000
-0.0343750000 -0.0789312031 -0.2492187500
-0.0343750000 -0.0795696793 -0.2406250000
-0.0343750000 -0.0804725014 -0.2320312500
-0.0343750000 -0.0814028876 -0.2234375000
-0.0343750000 -0.0827313960 -0.2148437500
-0.0343750000 -0.0840724280 -0.2062500000
-0.0343750000 -0.0855118837 -0.1976562500
-0.0401549570 -0.0773437500 -0.1117187500
-0.0380207087 -0.0773437500 -0.1031250000
-0.0362006708 -0.0773437500 -0.0945312500
-0.0352881478 -0.0773437500 -0.0859375000
-0.0343750000 -0.0777680728 -0.0773437500
-0.0343750000 -0.0773437500 -0.0788149024
-0.0381948097 -0.0773437500 -0.0687500000
-0.0343750000 -0.0773437500 -0.0769505909
-0.0343750000 -0.0852414813 0.1632812500
-0.0343750000 -0.0830533049 0.1718750000
-0.0418559941 -0.0773437500 0.1804687500
-0.0343750000 -0.0820142550 0.1804687500
-0.0415820370 -0.0773437500 0.1890625000
-0.0343750000 -0.0812855196 0.1890625000
-0.0413024680 -0.0773437500 0.1976562500
-0.0343750000 -0.0807832159 0.1976562500
-0.0417544796 -0.0773437500 0.2062500000
-0.0343750000 -0.0808344096 0.2062500000
-0.0429004146 -0.0773437500 0.2148437500
-0.0343750000 -0.0807951909 0.2148437500
-0.0343750000 -0.0804905967 0.2234375000
-0.0343750000 -0.0803037793 0.2320312500
-0.0343750000 -0.0801073507 0.2406250000
-0.0343750000 -0.0800061454 0.2492187500
-0.0343750000 -0.0798970000 0.2578125000
-0.0343750000 -0.0796731632 0.2664062500
-0.0343750000 -0.0794037334 0.2750000000
-0.0343750000 -0.0790099057 0.2835937500
-0.0413434099 -0.0773437500 0.2921875000
-0.0343750000 -0.0785083606 0.2921875000
-0.0374858258 -0.0773437500 0.3007812500
-0.0343750000 -0.0777866819 0.3007812500
-0.0343750000 -0.0773437500 0.3047897897
-0.0343750000 -0.0697931993 -0.3437500000
-0.0343750000 -0.0687500000 -0.3490927963
-0.0343750000 -0.0710543581 -0.3351562500
-0.0343750000 -0.0722098813 -0.3265625000
-0.0343750000 -0.0733486318 -0.3179687500
-0.0343750000 -0.0744054453 -0.3093750000
-0.0343750000 -0.0752788675 -0.3007812500
-0.0343750000 -0.0760677887 -0.2921875000
-0.0343750000 -0.0769000268 -0.2835937500
-0.0404524384 -0.0687500000 -0.1546875000
-0.0374899056 -0.0687500000 -0.1460937500
-0.0348555530 -0.0687500000 -0.1375000000
-0.0343750000 -0.0705388598 -0.1289062500
-0.0343750000 -0.0687500000 -0.1362213516
-0.0343750000 -0.0721040256 -0.1203125000
-0.0343750000 -0.0737619261 -0.1117187500
-0.0343750000 -0.0751818679 -0.1031250000
-0.0343750000 -0.0762263167 -0.0945312500
-0.0343750000 -0.0768244009 -0.0859375000
-0.0343750000 -0.0747168514 -0.0687500000
-0.0343750000 -0.0687500000 -0.0658848022
-0.0413974228 -0.0687500000 0.0773437500
-0.0403158257 -0.0687500000 0.0859375000
-0.0413148010 -0.0687500000 0.0945312500
-0.0343750000 -0.0766763703 0.3093750000
-0.0343750000 -0.0752819688 0.3179687500
-0.0343750000 -0.0736959715 0.3265625000
-0.0343750000 -0.0720812095 0.3351562500
-0.0343750000 -0.0703141324 0.3437500000
-0.0343750000 -0.0687500000 0.3506994945
-0.0343750000 -0.0603392166 -0.3695312500
-0.0343750000 -0.0601562500 -0.3700039468
-0.0343750000 -0.0637183900 -0.3609375000
-0.0343750000 -0.0674425629 -0.3523437500
-0.0391080276 -0.0601562500 -0.1804687500
-0.0343750000 -0.0613749418 -0.1718750000
-0.0343750000 -0.0601562500 -0.1747328749
-0.0343750000 -0.0639920543 -0.1632812500
-0.0343750000 -0.0661917473 -0.1546875000
-0.0343750000 -0.0675599102 -0.1460937500
-0.0343750000 -0.0685712164 -0.1375000000
-0.0397231856 -0.0601562500 -0.0601562500
-0.0343750000 -0.0601562500 -0.0615390021
-0.0343750000 -0.0610858750 0.0687500000
-0.0343750000 -0.0601562500 0.0680385396
-0.0343750000 -0.0655746478 0.0773437500
-0.0343750000 -0.0661621706 0.0859375000
-0.0343750000 -0.0660098687 0.0945312500
-0.0343750000 -0.0648726526 0.1031250000
-0.0343750000 -0.0623892744 0.1117187500
-0.0362543555 -0.0601562500 0.1203125000
-0.0343750000 -0.0601562500 0.1178729431
-0.0397998230 -0.0601562500 0.1289062500
-0.0422465897 -0.0601562500 0.1375000000
-0.0343750000 -0.0681699301 0.3523437500
-0.0343750000 -0.0653950479 0.3609375000
-0.0343750000 -0.0632108176 0.3695312500
-0.0343750000 -0.0611278019 0.3781250000
-0.0343750000 -0.0601562500 0.3819737118
-0.0399269142 -0.0515625000 -0.3695312500
-0.0343750000 -0.0584023472 -0.3695312500
-0.0343750000 -0.0515625000 -0.3669412123
-0.0343750000 -0.0518677950 -0.1976562500
-0.0343750000 -0.0515625000 -0.1986528406
-0.0343750000 -0.0548188364 -0.1890625000
-0.0343750000 -0.0583798991 -0.1804687500
-0.0343750000 -0.0576297293 -0.0601562500
-0.0343750000 -0.0515625000 -0.0582026943
-0.0343750000 -0.0517251612 0.0601562500
-0.0343750000 -0.0515625000 0.0600914484
-0.0343750000 -0.0594522197 0.1203125000
-0.0343750000 -0.0580153093 0.1289062500
-0.0343750000 -0.0568073085 0.1375000000
-0.0343750000 -0.0567468671 0.1460937500
-0.0343750000 -0.0560094184 0.1546875000
-0.0343750000 -0.0554554381 0.1632812500
-0.0343750000 -0.0552086822 0.1718750000
-0.0343750000 -0.0545645534 0.1804687500
-0.0343750000 -0.0537705570 0.1890625000
-0.0343750000 -0.0526133090 0.1976562500
-0.0354534743 -0.0515625000 0.2062500000
-0.0343750000 -0.0515625000 0.2039424717
-0.0400951303 -0.0515625000 0.2148437500
-0.0343750000 -0.0563317974 0.3867187500
-0.0343750000 -0.0519675964 0.3953125000
-0.0343750000 -0.0515625000 0.3963809207
-0.0343750000 -0.0496722204 -0.3609375000
-0.0343750000 -0.0472341695 -0.3523437500
-0.0343750000 -0.0456406969 -0.3437500000
-0.0343750000 -0.0447238768 -0.3351562500
-0.0343750000 -0.0439891257 -0.3265625000
-0.0343750000 -0.0436789585 -0.3179687500
-0.0343750000 -0.0434926819 -0.3093750000
-0.0343750000 -0.0433669950 -0.3007812500
-0.0343750000 -0.0431779906 -0.2921875000
-0.0343750000 -0.0431278048 -0.2835937500
-0.0343750000 -0.0431664859 -0.2750000000
-0.0343750000 -0.0435039718 -0.2664062500
-0.0343750000 -0.0439288055 -0.2578125000
-0.0343750000 -0.0445008918 -0.2492187500
-0.0343750000 -0.0451550951 -0.2406250000
-0.0343750000 -0.0456735307 -0.2320312500
-0.0343750000 -0.0462929791 -0.2234375000
-0.0343750000 -0.0477428869 -0.2148437500
-0.0343750000 -0.0497320410 -0.2062500000
-0.0343750000 -0.0429687500 -0.0553722723
-0.0343750000 -0.0429687500 0.0561020899
-0.0343750000 -0.0512502147 0.2062500000
-0.0343750000 -0.0498484424 0.2148437500
-0.0343750000 -0.0485661792 0.2234375000
-0.0343750000 -0.0472146761 0.2320312500
-0.0343750000 -0.0459899619 0.2406250000
-0.0343750000 -0.0450560792 0.2492187500
-0.0343750000 -0.0443027158 0.2578125000
-0.0343750000 -0.0436372185 0.2664062500
-0.0343750000 -0.0430144247 0.2750000000
-0.0358246129 -0.0429687500 0.2835937500
-0.0343750000 -0.0429687500 0.2769539811
-0.0360334415 -0.0429687500 0.2921875000
-0.0372896862 -0.0429687500 0.3007812500
-0.0389077558 -0.0429687500 0.3093750000
-0.0343750000 -0.0430947064 0.3179687500
-0.0343750000 -0.0429687500 0.3139448627
-0.0343750000 -0.0431201088 0.3265625000
-0.0370599529 -0.0429687500 0.3351562500
-0.0343750000 -0.0431146913 0.3351562500
-0.0366838078 -0.0429687500 0.3437500000
-0.0343750000 -0.0432078864 0.3437500000
-0.0385826794 -0.0429687500 0.3523437500
-0.0343750000 -0.0436872665 0.3523437500
-0.0416771497 -0.0429687500 0.3609375000
-0.0343750000 -0.0446433118 0.3609375000
-0.0343750000 -0.0459102469 0.3695312500
-0.0343750000 -0.0473119218 0.3781250000
-0.0343750000 -0.0489661725 0.3867187500
-0.0343750000 -0.0511994817 0.3953125000
-0.0343750000 -0.0343750000 -0.0528233190
-0.0404619442 -0.0343750000 0.0515625000
-0.0343750000 -0.0343750000 0.0518016589
-0.0343750000 -0.0428379352 0.2835937500
-0.0343750000 -0.0428589674 0.2921875000
-0.0343750000 -0.0428076799 0.3007812500
-0.0343750000 -0.0428512490 0.3093750000
-0.0343750000 -0.0312013729 -0.0515625000
-0.0343750000 -0.0257812500 -0.0495492188
-0.0343750000 -0.0338966020 0.0515625000
-0.0343750000 -0.0257812500 0.0482114035
-0.0343750000 -0.0171875000 -0.0445905325
-0.0343750000 -0.0171875000 0.0436494978
-0.0343750000 -0.0149553703 -0.0429687500
-0.0343750000 -0.0085937500 -0.0367241634
-0.0343750000 -0.0163772199 0.0429687500
-0.0343750000 -0.0085937500 0.0349790248
-0.0343750000 -0.0062906735 -0.0343750000
-0.0343750000 -0.0015291205 -0.0257812500
-0.0343750000 0.0000000000 -0.0213593730
-0.0343750000 -0.0024243546 0.0257812500
-0.0343750000 0.0000000000 0.0203022803
-0.0343750000 -0.0080924327 0.0343750000
-0.0343750000 0.0016063631 -0.0171875000
-0.0343750000 0.0035913293 -0.0085937500
-0.0343750000 0.0039130998 0.0000000000
-0.0343750000 0.0031383363 0.0085937500
-0.0343750000 0.0015266575 0.0171875000
-0.0257812500 -0.1217551533 -0.0171875000
-0.0257812500 -0.1203125000 -0.0246542268
-0.0257812500 -0.1230374122 -0.0085937500
-0.0257812500 -0.1234868846 0.0000000000
-0.0257812500 -0.1238300281 0.0085937500
-0.0257812500 -0.1239963742 0.0171875000
-0.0257812500 -0.1230642929 0.0257812500
-0.0279274053 -0.1203125000 0.0343750000
-0.0257812500 -0.1205512622 0.0343750000
-0.0257812500 -0.1203125000 0.0350389354
-0.0280892876 -0.1117187500 -0.0515625000
-0.0257812500 -0.1124883048 -0.0515625000
-0.0257812500 -0.1117187500 -0.0533209766
-0.0257812500 -0.1153784988 -0.0429687500
-0.0257812500 -0.1181022567 -0.0343750000
-0.0257812500 -0.1201261950 -0.0257812500
-0.0257812500 -0.1168829537 0.0429687500
-0.0289191856 -0.1117187500 0.0515625000
-0.0257812500 -0.1128142677 0.0515625000
-0.0257812500 -0.1117187500 0.0549565259
-0.0260420006 -0.1031250000 -0.1031250000
-0.0257812500 -0.1032658796 -0.1031250000
-0.0257812500 -0.1031250000 -0.1046236468
-0.0258423504 -0.1031250000 -0.0945312500
-0.0257812500 -0.1031620280 -0.0945312500
-0.0257812500 -0.1031250000 -0.0938217648
-0.0257812500 -0.1077296612 -0.0601562500
-0.0257812500 -0.1031250000 -0.0687499949
-0.0257812500 -0.1101704361 0.0601562500
-0.0257812500 -0.1083367971 0.0687500000
-0.0331490434 -0.1031250000 0.0773437500
-0.0257812500 -0.1071859417 0.0773437500
-0.0305692928 -0.1031250000 0.0859375000
-0.0257812500 -0.1059616115 0.0859375000
-0.0298465340 -0.1031250000 0.0945312500
-0.0257812500 -0.1053421130 0.0945312500
-0.0271224860 -0.1031250000 0.1031250000
-0.0257812500 -0.1037950152 0.1031250000
-0.0257812500 -0.1031250000 0.1080225347
-0.0286648442 -0.0945312500 -0.1546875000
-0.0257812500 -0.0960407197 -0.1546875000
-0.0257812500 -0.0945312500 -0.1609710833
-0.0321639396 -0.0945312500 -0.1460937500
-0.0257812500 -0.0977392062 -0.1460937500
-0.0328889420 -0.0945312500 -0.1375000000
-0.0257812500 -0.0989891543 -0.1375000000
-0.0339006102 -0.0945312500 -0.1289062500
-0.0257812500 -0.1002881704 -0.1289062500
-0.0257812500 -0.1013313228 -0.1203125000
-0.0257812500 -0.1021863388 -0.1117187500
-0.0257812500 -0.1024986151 -0.0859375000
-0.0257812500 -0.1016696021 -0.0773437500
-0.0257812500 -0.1031249953 -0.0687500000
-0.0257812500 -0.1024763157 0.1117187500
-0.0257812500 -0.1005830471 0.1203125000
-0.0257812500 -0.0984195129 0.1289062500
-0.0307000863 -0.0945312500 0.1375000000
-0.0257812500 -0.0963292941 0.1375000000
-0.0257812500 -0.0945312500 0.1456273963
-0.0320142008 -0.0859375000 -0.1976562500
-0.0257812500 -0.0869065526 -0.1976562500
-0.0257812500 -0.0859375000 -0.2024932776
-0.0257812500 -0.0890426168 -0.1890625000
-0.0257812500 -0.0908764202 -0.1804687500
-0.0257812500 -0.0921318844 -0.1718750000
-0.0257812500 -0.0940138715 -0.1632812500
-0.0257812500 -0.0943606701 0.1460937500
-0.0257812500 -0.0915206297 0.1546875000
-0.0334527698 -0.0859375000 0.1632812500
-0.0257812500 -0.0893952023 0.1632812500
-0.0300283248 -0.0859375000 0.1718750000
-0.0257812500 -0.0876955554 0.1718750000
-0.0278923890 -0.0859375000 0.1804687500
-0.0257812500 -0.0867504316 0.1804687500
-0.0257812500 -0.0859375000 0.1884289777
-0.0257812500 -0.0775888621 -0.2750000000
-0.0257812500 -0.0773437500 -0.2795038780
-0.0257812500 -0.0780180855 -0.2664062500
-0.0257812500 -0.0784226314 -0.2578125000
-0.0257812500 -0.0790161129 -0.2492187500
-0.0257812500 -0.0796867522 -0.2406250000
-0.0257812500 -0.0806219789 -0.2320312500
-0.0257812500 -0.0817051976 -0.2234375000
-0.0257812500 -0.0835253040 -0.2148437500
-0.0257812500 -0.0850869935 -0.2062500000
-0.0341961139 -0.0773437500 -0.0773437500
-0.0257812500 -0.0858421497 0.1890625000
-0.0257812500 -0.0849255023 0.1976562500
-0.0257812500 -0.0844826184 0.2062500000
-0.0257812500 -0.0837639578 0.2148437500
-0.0257812500 -0.0831295752 0.2234375000
-0.0257812500 -0.0827413528 0.2320312500
-0.0257812500 -0.0819158370 0.2406250000
-0.0257812500 -0.0816299861 0.2492187500
-0.0257812500 -0.0813905899 0.2578125000
-0.0257812500 -0.0811145212 0.2664062500
-0.0257812500 -0.0807773786 0.2750000000
-0.0257812500 -0.0802338845 0.2835937500
-0.0257812500 -0.0794659282 0.2921875000
-0.0257812500 -0.0784513002 0.3007812500
-0.0266368677 -0.0773437500 0.3093750000
-0.0257812500 -0.0774033915 0.3093750000
-0.0257812500 -0.0773437500 0.3098160066
-0.0257812500 -0.0693827524 -0.3437500000
-0.0257812500 -0.0687500000 -0.3466444006
-0.0257812500 -0.0710738960 -0.3351562500
-0.0257812500 -0.0724048117 -0.3265625000
-0.0257812500 -0.0734618079 -0.3179687500
-0.0257812500 -0.0745345959 -0.3093750000
-0.0257812500 -0.0754266283 -0.3007812500
-0.0257812500 -0.0762740486 -0.2921875000
-0.0257812500 -0.0770426659 -0.2835937500
-0.0315655566 -0.0687500000 -0.1289062500
-0.0285074215 -0.0687500000 -0.1203125000
-0.0258019518 -0.0687500000 -0.1117187500
-0.0257812500 -0.0700783878 -0.1031250000
-0.0257812500 -0.0687500000 -0.1116522440
-0.0257812500 -0.0712100747 -0.0945312500
-0.0257812500 -0.0715155282 -0.0859375000
-0.0257812500 -0.0719333565 -0.0773437500
-0.0258690757 -0.0687500000 -0.0687500000
-0.0257812500 -0.0687500000 -0.0688992538
-0.0257812500 -0.0759721456 0.3179687500
-0.0257812500 -0.0742393173 0.3265625000
-0.0257812500 -0.0724329096 0.3351562500
-0.0257812500 -0.0705693977 0.3437500000
-0.0257812500 -0.0687500000 0.3512527129
-0.0329591652 -0.0601562500 -0.3695312500
-0.0257812500 -0.0628023842 -0.3609375000
-0.0257812500 -0.0601562500 -0.3671875081
-0.0257812500 -0.0663235693 -0.3523437500
-0.0318304550 -0.0601562500 -0.1718750000
-0.0261728695 -0.0601562500 -0.1632812500
-0.0257812500 -0.0623190366 -0.1546875000
-0.0257812500 -0.0601562500 -0.1626411863
-0.0257812500 -0.0643129649 -0.1460937500
-0.0257812500 -0.0655172872 -0.1375000000
-0.0257812500 -0.0667815077 -0.1289062500
-0.0257812500 -0.0678611003 -0.1203125000
-0.0257812500 -0.0687432996 -0.1117187500
-0.0257812500 -0.0687046987 -0.0687500000
-0.0257812500 -0.0601562500 -0.0636386385
-0.0318298510 -0.0601562500 0.0687500000
-0.0257812500 -0.0618449760 0.0773437500
-0.0257812500 -0.0601562500 0.0734227727
-0.0257812500 -0.0629653139 0.0859375000
-0.0257812500 -0.0629832473 0.0945312500
-0.0257812500 -0.0616330379 0.1031250000
-0.0294537256 -0.0601562500 0.1117187500
-0.0257812500 -0.0601562500 0.1074521854
-0.0257812500 -0.0683245158 0.3523437500
-0.0257812500 -0.0652969243 0.3609375000
-0.0257812500 -0.0628361125 0.3695312500
-0.0257812500 -0.0606717653 0.3781250000
-0.0257812500 -0.0601562500 0.3800487826
-0.0257812500 -0.0515625000 -0.3627932232
-0.0332573562 -0.0515625000 -0.1976562500
-0.0257812500 -0.0525720375 -0.1890625000
-0.0257812500 -0.0515625000 -0.1920723785
-0.0257812500 -0.0556693509 -0.1804687500
-0.0257812500 -0.0581652460 -0.1718750000
-0.0257812500 -0.0600264899 -0.1632812500
-0.0257812500 -0.0541994095 -0.0601562500
-0.0257812500 -0.0515625000 -0.0592506427
-0.0336539732 -0.0515625000 0.0601562500
-0.0257812500 -0.0583899900 0.0687500000
-0.0257812500 -0.0515625000 0.0618972293
-0.0257812500 -0.0589797652 0.1117187500
-0.0257812500 -0.0565432483 0.1203125000
-0.0257812500 -0.0548446524 0.1289062500
-0.0257812500 -0.0537131324 0.1375000000
-0.0257812500 -0.0535439196 0.1460937500
-0.0257812500 -0.0529673441 0.1546875000
-0.0257812500 -0.0527282256 0.1632812500
-0.0257812500 -0.0524016322 0.1718750000
-0.0257812500 -0.0516176382 0.1804687500
-0.0284298540 -0.0515625000 0.1890625000
-0.0257812500 -0.0515625000 0.1809571151
-0.0315197090 -0.0515625000 0.1976562500
-0.0257812500 -0.0539478362 0.3867187500
-0.0322161056 -0.0515625000 0.3953125000
-0.0257812500 -0.0515625000 0.3914264184
-0.0257812500 -0.0509907199 -0.3609375000
-0.0257812500 -0.0484997376 -0.3523437500
-0.0257812500 -0.0468830619 -0.3437500000
-0.0257812500 -0.0456398412 -0.3351562500
-0.0257812500 -0.0447431605 -0.3265625000
-0.0257812500 -0.0441957960 -0.3179687500
-0.0257812500 -0.0437700073 -0.3093750000
-0.0257812500 -0.0432958785 -0.3007812500
-0.0257812500 -0.0432279339 -0.2921875000
-0.0257812500 -0.0431245718 -0.2835937500
-0.0257812500 -0.0431427288 -0.2750000000
-0.0257812500 -0.0434007739 -0.2664062500
-0.0257812500 -0.0437948323 -0.2578125000
-0.0257812500 -0.0443853386 -0.2492187500
-0.0257812500 -0.0448752265 -0.2406250000
-0.0257812500 -0.0453680471 -0.2320312500
-0.0257812500 -0.0456852278 -0.2234375000
-0.0257812500 -0.0464433761 -0.2148437500
-0.0257812500 -0.0481790584 -0.2062500000
-0.0257812500 -0.0501254274 -0.1976562500
-0.0257812500 -0.0429687500 -0.0563050192
-0.0257812500 -0.0501395760 0.0601562500
-0.0257812500 -0.0429687500 0.0566940296
-0.0257812500 -0.0507138668 0.1890625000
-0.0257812500 -0.0498232792 0.1976562500
-0.0257812500 -0.0486702662 0.2062500000
-0.0257812500 -0.0475613601 0.2148437500
-0.0257812500 -0.0463787382 0.2234375000
-0.0257812500 -0.0453124981 0.2320312500
-0.0257812500 -0.0442801961 0.2406250000
-0.0257812500 -0.0434652448 0.2492187500
-0.0262736817 -0.0429687500 0.2578125000
-0.0257812500 -0.0429687500 0.2565746238
-0.0292130794 -0.0429687500 0.2664062500
-0.0332677740 -0.0429687500 0.2750000000
-0.0287602172 -0.0429687500 0.3007812500
-0.0257812500 -0.0430734953 0.3007812500
-0.0257812500 -0.0429687500 0.2936087168
-0.0318124994 -0.0429687500 0.3093750000
-0.0257812500 -0.0432974385 0.3093750000
-0.0257812500 -0.0436775819 0.3179687500
-0.0257812500 -0.0439710142 0.3265625000
-0.0257812500 -0.0442754678 0.3351562500
-0.0257812500 -0.0447430156 0.3437500000
-0.0257812500 -0.0455533761 0.3523437500
-0.0257812500 -0.0466184583 0.3609375000
-0.0257812500 -0.0477697974 0.3695312500
-0.0257812500 -0.0490265911 0.3781250000
-0.0257812500 -0.0505809890 0.3867187500
-0.0257812500 -0.0343750000 -0.0536330450
-0.0257812500 -0.0343750000 0.0523340617
-0.0257812500 -0.0429082407 0.2578125000
-0.0257812500 -0.0426177196 0.2664062500
-0.0257812500 -0.0427090442 0.2750000000
-0.0257812500 -0.0428756697 0.2835937500
-0.0257812500 -0.0429527269 0.2921875000
-0.0257812500 -0.0293503267 -0.0515625000
-0.0257812500 -0.0257812500 -0.0501562704
-0.0257812500 -0.0328742018 0.0515625000
-0.0257812500 -0.0257812500 0.0485133745
-0.0257812500 -0.0171875000 -0.0451405857
-0.0257812500 -0.0171875000 0.0437671244
-0.0257812500 -0.0141849335 -0.0429687500
-0.0257812500 -0.0085937500 -0.0371671295
-0.0257812500 -0.0162161298 0.0429687500
-0.0257812500 -0.0085937500 0.0351102609
-0.0257812500 -0.0059068001 -0.0343750000
-0.0257812500 -0.0012190662 -0.0257812500
-0.0257812500 0.0000000000 -0.0223169167
-0.0257812500 -0.0021954492 0.0257812500
-0.0257812500 0.0000000000 0.0204873541
-0.0257812500 -0.0079686149 0.0343750000
-0.0257812500 0.0019805865 -0.0171875000
-0.0257812500 0.0039125782 -0.0085937500
-0.0257812500 0.0041573162 0.0000000000
-0.0257812500 0.0032855055 0.0085937500
-0.0257812500 0.0015631346 0.0171875000
-0.0231842815 -0.1203125000 -0.0257812500
-0.0171875000 -0.1208059493 -0.0257812500
-0.0171875000 -0.1203125000 -0.0277562846
-0.0171875000 -0.1224001120 -0.0171875000
-0.0171875000 -0.1238569855 -0.0085937500
-0.0171875000 -0.1244617398 0.0000000000
-0.0171875000 -0.1248216047 0.0085937500
-0.0171875000 -0.1248494751 0.0171875000
-0.0171875000 -0.1239999539 0.0257812500
-0.0171875000 -0.1217291791 0.0343750000
-0.0171875000 -0.1203125000 0.0387393726
-0.0171875000 -0.1144110981 -0.0515625000
-0.0171875000 -0.1117187500 -0.0588579673
-0.0171875000 -0.1165604437 -0.0429687500
-0.0171875000 -0.1188949152 -0.0343750000
-0.0171875000 -0.1185923955 0.0429687500
-0.0171875000 -0.1151588346 0.0515625000
-0.0208280644 -0.1117187500 0.0601562500
-0.0171875000 -0.1131464340 0.0601562500
-0.0176437386 -0.1117187500 0.0687500000
-0.0171875000 -0.1119094134 0.0687500000
-0.0171875000 -0.1117187500 0.0698044972
-0.0181359916 -0.1031250000 -0.1375000000
-0.0171875000 -0.1034859812 -0.1375000000
-0.0171875000 -0.1031250000 -0.1395708029
-0.0208963143 -0.1031250000 -0.1289062500
-0.0171875000 -0.1045821082 -0.1289062500
-0.0226278432 -0.1031250000 -0.1203125000
-0.0171875000 -0.1053308432 -0.1203125000
-0.0241191232 -0.1031250000 -0.1117187500
-0.0171875000 -0.1059793006 -0.1117187500
-0.0171875000 -0.1067346606 -0.1031250000
-0.0171875000 -0.1071341941 -0.0945312500
-0.0249522423 -0.1031250000 -0.0859375000
-0.0171875000 -0.1069292837 -0.0859375000
-0.0238408046 -0.1031250000 -0.0773437500
-0.0171875000 -0.1068283612 -0.0773437500
-0.0257812438 -0.1031250000 -0.0687500000
-0.0171875000 -0.1076718835 -0.0687500000
-0.0171875000 -0.1111028032 -0.0601562500
-0.0171875000 -0.1103636478 0.0773437500
-0.0171875000 -0.1094787658 0.0859375000
-0.0171875000 -0.1093820070 0.0945312500
-0.0171875000 -0.1078994237 0.1031250000
-0.0245410119 -0.1031250000 0.1117187500
-0.0171875000 -0.1058588370 0.1117187500
-0.0197914244 -0.1031250000 0.1203125000
-0.0171875000 -0.1039046418 0.1203125000
-0.0171875000 -0.1031250000 0.1233842416
-0.0175117284 -0.0945312500 -0.1718750000
-0.0171875000 -0.0946387446 -0.1718750000
-0.0171875000 -0.0945312500 -0.1722765650
-0.0242482147 -0.0945312500 -0.1632812500
-0.0171875000 -0.0970066979 -0.1632812500
-0.0171875000 -0.0995715683 -0.1546875000
-0.0171875000 -0.1015904699 -0.1460937500
-0.0171875000 -0.1013838570 0.1289062500
-0.0171875000 -0.0990365206 0.1375000000
-0.0254732370 -0.0945312500 0.1460937500
-0.0171875000 -0.0971669941 0.1460937500
-0.0197944480 -0.0945312500 0.1546875000
-0.0171875000 -0.0954379511 0.1546875000
-0.0171875000 -0.0945312500 0.1588791852
-0.0185460740 -0.0859375000 -0.2062500000
-0.0171875000 -0.0860631800 -0.2062500000
-0.0171875000 -0.0859375000 -0.2070795648
-0.0171875000 -0.0879328652 -0.1976562500
-0.0171875000 -0.0902928421 -0.1890625000
-0.0171875000 -0.0925979454 -0.1804687500
-0.0171875000 -0.0931559040 0.1632812500
-0.0171875000 -0.0907437348 0.1718750000
-0.0171875000 -0.0896105883 0.1804687500
-0.0255684437 -0.0859375000 0.1890625000
-0.0171875000 -0.0885197330 0.1890625000
-0.0233836491 -0.0859375000 0.1976562500
-0.0171875000 -0.0877527200 0.1976562500
-0.0219319573 -0.0859375000 0.2062500000
-0.0171875000 -0.0871997660 0.2062500000
-0.0193013492 -0.0859375000 0.2148437500
-0.0171875000 -0.0864886756 0.2148437500
-0.0171875000 -0.0859375000 0.2199692247
-0.0171875000 -0.0774632600 -0.2750000000
-0.0171875000 -0.0773437500 -0.2776600330
-0.0171875000 -0.0778175883 -0.2664062500
-0.0171875000 -0.0782591758 -0.2578125000
-0.0171875000 -0.0788909401 -0.2492187500
-0.0171875000 -0.0797010716 -0.2406250000
-0.0171875000 -0.0808259860 -0.2320312500
-0.0171875000 -0.0821376954 -0.2234375000
-0.0171875000 -0.0843487651 -0.2148437500
-0.0171875000 -0.0854656536 0.2234375000
-0.0171875000 -0.0841265886 0.2320312500
-0.0171875000 -0.0830710966 0.2406250000
-0.0171875000 -0.0826333204 0.2492187500
-0.0171875000 -0.0824137299 0.2578125000
-0.0171875000 -0.0820659509 0.2664062500
-0.0171875000 -0.0815322563 0.2750000000
-0.0171875000 -0.0807578912 0.2835937500
-0.0171875000 -0.0798260714 0.2921875000
-0.0171875000 -0.0787475926 0.3007812500
-0.0171875000 -0.0775722617 0.3093750000
-0.0171875000 -0.0773437500 0.3107869956
-0.0171875000 -0.0691314452 -0.3437500000
-0.0171875000 -0.0687500000 -0.3454333585
-0.0171875000 -0.0708156476 -0.3351562500
-0.0171875000 -0.0722560319 -0.3265625000
-0.0171875000 -0.0735256055 -0.3179687500
-0.0171875000 -0.0746234483 -0.3093750000
-0.0171875000 -0.0754480598 -0.3007812500
-0.0171875000 -0.0763188745 -0.2921875000
-0.0171875000 -0.0769729375 -0.2835937500
-0.0233083083 -0.0687500000 -0.1031250000
-0.0215594717 -0.0687500000 -0.0945312500
-0.0210612530 -0.0687500000 -0.0859375000
-0.0204283333 -0.0687500000 -0.0773437500
-0.0171875000 -0.0758594019 0.3179687500
-0.0171875000 -0.0739404028 0.3265625000
-0.0171875000 -0.0720693906 0.3351562500
-0.0171875000 -0.0701100279 0.3437500000
-0.0171875000 -0.0687500000 0.3488041670
-0.0171875000 -0.0621207621 -0.3609375000
-0.0171875000 -0.0601562500 -0.3647866770
-0.0171875000 -0.0656562650 -0.3523437500
-0.0207139858 -0.0601562500 -0.1546875000
-0.0171875000 -0.0611077337 -0.1460937500
-0.0171875000 -0.0601562500 -0.1496203658
-0.0171875000 -0.0626052527 -0.1375000000
-0.0171875000 -0.0638157831 -0.1289062500
-0.0171875000 -0.0650523750 -0.1203125000
-0.0171875000 -0.0659458727 -0.1117187500
-0.0171875000 -0.0665790566 -0.1031250000
-0.0171875000 -0.0669186984 -0.0945312500
-0.0171875000 -0.0671713203 -0.0859375000
-0.0171875000 -0.0673885815 -0.0773437500
-0.0171875000 -0.0651875494 -0.0687500000
-0.0171875000 -0.0601562500 -0.0654417979
-0.0210722271 -0.0601562500 0.0773437500
-0.0171875000 -0.0602932702 0.0859375000
-0.0171875000 -0.0601562500 0.0850652735
-0.0177979464 -0.0601562500 0.0945312500
-0.0171875000 -0.0601562500 0.0893556790
-0.0217884125 -0.0601562500 0.1031250000
-0.0171875000 -0.0672379433 0.3523437500
-0.0171875000 -0.0641166431 0.3609375000
-0.0171875000 -0.0616740063 0.3695312500
-0.0217868988 -0.0601562500 0.3781250000
-0.0171875000 -0.0601562500 0.3754754240
-0.0222499707 -0.0515625000 -0.3609375000
-0.0171875000 -0.0541023151 -0.3609375000
-0.0171875000 -0.0515625000 -0.3588262238
-0.0208071337 -0.0515625000 -0.1890625000
-0.0171875000 -0.0538516809 -0.1804687500
-0.0171875000 -0.0515625000 -0.1871121410
-0.0171875000 -0.0561292960 -0.1718750000
-0.0171875000 -0.0575992481 -0.1632812500
-0.0171875000 -0.0590765781 -0.1546875000
-0.0182724687 -0.0515625000 -0.0601562500
-0.0171875000 -0.0515625000 -0.0603823985
-0.0171875000 -0.0558898007 0.0687500000
-0.0171875000 -0.0515625000 0.0640634774
-0.0171875000 -0.0590066926 0.0773437500
-0.0171875000 -0.0599830492 0.0945312500
-0.0171875000 -0.0589434291 0.1031250000
-0.0171875000 -0.0569379852 0.1117187500
-0.0171875000 -0.0546524797 0.1203125000
-0.0171875000 -0.0524640428 0.1289062500
-0.0178239774 -0.0515625000 0.1375000000
-0.0171875000 -0.0515625000 0.1361314755
-0.0177527648 -0.0515625000 0.1460937500
-0.0203771536 -0.0515625000 0.1546875000
-0.0214183264 -0.0515625000 0.1632812500
-0.0227699909 -0.0515625000 0.1718750000
-0.0255917355 -0.0515625000 0.1804687500
-0.0171875000 -0.0552835967 0.3781250000
-0.0217747719 -0.0515625000 0.3867187500
-0.0171875000 -0.0515625000 0.3812677420
-0.0171875000 -0.0494835723 -0.3523437500
-0.0171875000 -0.0478737725 -0.3437500000
-0.0171875000 -0.0468229784 -0.3351562500
-0.0171875000 -0.0460477313 -0.3265625000
-0.0171875000 -0.0454878511 -0.3179687500
-0.0171875000 -0.0447194724 -0.3093750000
-0.0171875000 -0.0442142058 -0.3007812500
-0.0171875000 -0.0439672290 -0.2921875000
-0.0171875000 -0.0437035174 -0.2835937500
-0.0171875000 -0.0436693008 -0.2750000000
-0.0171875000 -0.0437918044 -0.2664062500
-0.0171875000 -0.0441356719 -0.2578125000
-0.0171875000 -0.0447761563 -0.2492187500
-0.0171875000 -0.0451909458 -0.2406250000
-0.0171875000 -0.0454999308 -0.2320312500
-0.0171875000 -0.0455139622 -0.2234375000
-0.0171875000 -0.0456938274 -0.2148437500
-0.0171875000 -0.0470921729 -0.2062500000
-0.0171875000 -0.0488611710 -0.1976562500
-0.0171875000 -0.0510076783 -0.1890625000
-0.0171875000 -0.0511790355 -0.0601562500
-0.0171875000 -0.0429687500 -0.0574737495
-0.0171875000 -0.0484374721 0.0601562500
-0.0171875000 -0.0429687500 0.0574553307
-0.0171875000 -0.0514554932 0.1375000000
-0.0171875000 -0.0514687399 0.1460937500
-0.0171875000 -0.0510355246 0.1546875000
-0.0171875000 -0.0507405915 0.1632812500
-0.0171875000 -0.0502427084 0.1718750000
-0.0171875000 -0.0494101805 0.1804687500
-0.0171875000 -0.0484840010 0.1890625000
-0.0171875000 -0.0476735438 0.1976562500
-0.0171875000 -0.0467166978 0.2062500000
-0.0171875000 -0.0456495792 0.2148437500
-0.0171875000 -0.0447071801 0.2234375000
-0.0171875000 -0.0438429803 0.2320312500
-0.0172583334 -0.0429687500 0.2406250000
-0.0171875000 -0.0429687500 0.2405189984
-0.0220539426 -0.0429687500 0.2492187500
-0.0201076292 -0.0429687500 0.2750000000
-0.0171875000 -0.0431333597 0.2750000000
-0.0171875000 -0.0429687500 0.2727579409
-0.0241017304 -0.0429687500 0.2835937500
-0.0171875000 -0.0434334134 0.2835937500
-0.0255312119 -0.0429687500 0.2921875000
-0.0171875000 -0.0436349251 0.2921875000
-0.0171875000 -0.0439828690 0.3007812500
-0.0171875000 -0.0444961137 0.3093750000
-0.0171875000 -0.0450290833 0.3179687500
-0.0171875000 -0.0453926574 0.3265625000
-0.0171875000 -0.0458513153 0.3351562500
-0.0171875000 -0.0464700406 0.3437500000
-0.0171875000 -0.0472964085 0.3523437500
-0.0171875000 -0.0483355505 0.3609375000
-0.0171875000 -0.0496137665 0.3695312500
-0.0171875000 -0.0510008151 0.3781250000
-0.0171875000 -0.0343750000 -0.0546246562
-0.0171875000 -0.0343750000 0.0528970198
-0.0171875000 -0.0429609051 0.2406250000
-0.0171875000 -0.0424898452 0.2492187500
-0.0171875000 -0.0422860043 0.2578125000
-0.0171875000 -0.0426129200 0.2664062500
-0.0171875000 -0.0268820017 -0.0515625000
-0.0171875000 -0.0257812500 -0.0511200702
-0.0171875000 -0.0318207057 0.0515625000
-0.0171875000 -0.0257812500 0.0490097527
-0.0171875000 -0.0171875000 -0.0460679536
-0.0171875000 -0.0171875000 0.0442995414
-0.0171875000 -0.0130747737 -0.0429687500
-0.0171875000 -0.0085937500 -0.0379845353
-0.0171875000 -0.0155913548 0.0429687500
-0.0171875000 -0.0085937500 0.0355452686
-0.0171875000 -0.0051601040 -0.0343750000
-0.0171875000 -0.0005080385 -0.0257812500
-0.0171875000 0.0000000000 -0.0243278895
-0.0171875000 -0.0018896900 0.0257812500
-0.0171875000 0.0000000000 0.0210376479
-0.0171875000 -0.0075837926 0.0343750000
-0.0171875000 0.0026280990 -0.0171875000
-0.0171875000 0.0045646406 -0.0085937500
-0.0171875000 0.0046281882 0.0000000000
-0.0171875000 0.0034657402 0.0085937500
-0.0171875000 0.0017657253 0.0171875000
-0.0085937500 -0.1215455197 -0.0257812500
-0.0085937500 -0.1203125000 -0.0307712392
-0.0085937500 -0.1230631019 -0.0171875000
-0.0085937500 -0.1246103237 -0.0085937500
-0.0085937500 -0.1252522175 0.0000000000
-0.0085937500 -0.1256347225 0.0085937500
-0.0085937500 -0.1255449321 0.0171875000
-0.0085937500 -0.1245890557 0.0257812500
-0.0085937500 -0.1222657830 0.0343750000
-0.0085937500 -0.1203125000 0.0411356325
-0.0089584386 -0.1117187500 -0.0687500000
-0.0085937500 -0.1118940093 -0.0687500000
-0.0085937500 -0.1117187500 -0.0706384958
-0.0155195633 -0.1117187500 -0.0601562500
-0.0085937500 -0.1141038925 -0.0601562500
-0.0085937500 -0.1159426665 -0.0515625000
-0.0085937500 -0.1173472291 -0.0429687500
-0.0085937500 -0.1195291358 -0.0343750000
-0.0085937500 -0.1196677968 0.0429687500
-0.0085937500 -0.1167427066 0.0515625000
-0.0085937500 -0.1152469357 0.0601562500
-0.0085937500 -0.1139217553 0.0687500000
-0.0110748608 -0.1117187500 0.0773437500
-0.0085937500 -0.1123120959 0.0773437500
-0.0096753568 -0.1117187500 0.0859375000
-0.0085937500 -0.1120481786 0.0859375000
-0.0106269768 -0.1117187500 0.0945312500
-0.0085937500 -0.1123202612 0.0945312500
-0.0085937500 -0.1117187500 0.0990718697
-0.0135858375 -0.1031250000 -0.1460937500
-0.0085937500 -0.1047232456 -0.1460937500
-0.0085937500 -0.1031250000 -0.1528093820
-0.0085937500 -0.1063362253 -0.1375000000
-0.0085937500 -0.1074787646 -0.1289062500
-0.0085937500 -0.1083842187 -0.1203125000
-0.0085937500 -0.1092374545 -0.1117187500
-0.0085937500 -0.1101926244 -0.1031250000
-0.0085937500 -0.1106249517 -0.0945312500
-0.0085937500 -0.1106493682 -0.0859375000
-0.0085937500 -0.1110307890 -0.0773437500
-0.0085937500 -0.1111046577 0.1031250000
-0.0085937500 -0.1087338932 0.1117187500
-0.0085937500 -0.1061280401 0.1203125000
-0.0112294698 -0.1031250000 0.1289062500
-0.0085937500 -0.1037532793 0.1289062500
-0.0085937500 -0.1031250000 0.1318563957
-0.0085937500 -0.0962717599 -0.1718750000
-0.0085937500 -0.0945312500 -0.1775722330
-0.0085937500 -0.0991785280 -0.1632812500
-0.0085937500 -0.1024794707 -0.1546875000
-0.0085937500 -0.1016903398 0.1375000000
-0.0085937500 -0.0998826946 0.1460937500
-0.0085937500 -0.0981719962 0.1546875000
-0.0140377108 -0.0945312500 0.1632812500
-0.0085937500 -0.0963587518 0.1632812500
-0.0085937500 -0.0945312500 0.1703850757
-0.0085937500 -0.0868421105 -0.2062500000
-0.0085937500 -0.0859375000 -0.2114022034
-0.0085937500 -0.0888180162 -0.1976562500
-0.0085937500 -0.0912559480 -0.1890625000
-0.0085937500 -0.0937405718 -0.1804687500
-0.0085937500 -0.0940505370 0.1718750000
-0.0085937500 -0.0923845715 0.1804687500
-0.0085937500 -0.0909829233 0.1890625000
-0.0085937500 -0.0899848636 0.1976562500
-0.0085937500 -0.0890033104 0.2062500000
-0.0085937500 -0.0878981172 0.2148437500
-0.0145602677 -0.0859375000 0.2234375000
-0.0085937500 -0.0867965690 0.2234375000
-0.0085937500 -0.0859375000 0.2287078004
-0.0148127752 -0.0773437500 -0.2750000000
-0.0085937500 -0.0773842248 -0.2664062500
-0.0085937500 -0.0773437500 -0.2673610252
-0.0085937500 -0.0777870733 -0.2578125000
-0.0085937500 -0.0784765825 -0.2492187500
-0.0085937500 -0.0794476687 -0.2406250000
-0.0085937500 -0.0809141599 -0.2320312500
-0.0085937500 -0.0826124374 -0.2234375000
-0.0085937500 -0.0850957363 -0.2148437500
-0.0085937500 -0.0852676880 0.2320312500
-0.0085937500 -0.0842503421 0.2406250000
-0.0085937500 -0.0837397731 0.2492187500
-0.0085937500 -0.0832730061 0.2578125000
-0.0085937500 -0.0826912797 0.2664062500
-0.0085937500 -0.0819248604 0.2750000000
-0.0085937500 -0.0809397248 0.2835937500
-0.0085937500 -0.0798447664 0.2921875000
-0.0085937500 -0.0786161080 0.3007812500
-0.0117001988 -0.0773437500 0.3093750000
-0.0085937500 -0.0773437500 0.3085687918
-0.0094276100 -0.0687500000 -0.3437500000
-0.0085937500 -0.0704512385 -0.3351562500
-0.0085937500 -0.0687500000 -0.3435489375
-0.0085937500 -0.0719529510 -0.3265625000
-0.0085937500 -0.0731413390 -0.3179687500
-0.0085937500 -0.0739703195 -0.3093750000
-0.0085937500 -0.0748733447 -0.3007812500
-0.0085937500 -0.0757701982 -0.2921875000
-0.0085937500 -0.0764074326 -0.2835937500
-0.0085937500 -0.0769058349 -0.2750000000
-0.0085937500 -0.0771684121 0.3093750000
-0.0085937500 -0.0751869259 0.3179687500
-0.0085937500 -0.0731539668 0.3265625000
-0.0085937500 -0.0711585243 0.3351562500
-0.0085937500 -0.0691603225 0.3437500000
-0.0085937500 -0.0687500000 0.3453080972
-0.0094065347 -0.0601562500 -0.3609375000
-0.0085937500 -0.0641467011 -0.3523437500
-0.0085937500 -0.0601562500 -0.3604460879
-0.0085937500 -0.0686476518 -0.3437500000
-0.0144718150 -0.0601562500 -0.1460937500
-0.0106304987 -0.0601562500 -0.1375000000
-0.0085937500 -0.0607694466 -0.1289062500
-0.0085937500 -0.0601562500 -0.1328853017
-0.0085937500 -0.0620698214 -0.1203125000
-0.0085937500 -0.0628465455 -0.1117187500
-0.0085937500 -0.0634254878 -0.1031250000
-0.0085937500 -0.0637863031 -0.0945312500
-0.0085937500 -0.0641673129 -0.0859375000
-0.0085937500 -0.0645466179 -0.0773437500
-0.0085937500 -0.0625227069 -0.0687500000
-0.0085937500 -0.0601562500 -0.0671438105
-0.0167230708 -0.0601562500 0.0859375000
-0.0085937500 -0.0656978400 0.3523437500
-0.0085937500 -0.0626721754 0.3609375000
-0.0090098633 -0.0601562500 0.3695312500
-0.0085937500 -0.0601562500 0.3692273710
-0.0085937500 -0.0515625000 -0.3526028948
-0.0085937500 -0.0522546879 -0.1804687500
-0.0085937500 -0.0515625000 -0.1825349420
-0.0085937500 -0.0543948236 -0.1718750000
-0.0085937500 -0.0558391755 -0.1632812500
-0.0085937500 -0.0571002885 -0.1546875000
-0.0085937500 -0.0585277221 -0.1460937500
-0.0085937500 -0.0594749086 -0.1375000000
-0.0085937500 -0.0515625000 -0.0618970081
-0.0085937500 -0.0536084059 0.0687500000
-0.0085937500 -0.0515625000 0.0665330104
-0.0085937500 -0.0567600741 0.0773437500
-0.0085937500 -0.0581003976 0.0859375000
-0.0085937500 -0.0577337903 0.0945312500
-0.0085937500 -0.0573382177 0.1031250000
-0.0085937500 -0.0558565408 0.1117187500
-0.0085937500 -0.0534472171 0.1203125000
-0.0115159862 -0.0515625000 0.1289062500
-0.0085937500 -0.0515625000 0.1274442681
-0.0102488554 -0.0515625000 0.3695312500
-0.0085937500 -0.0515625000 0.3668285332
-0.0153233983 -0.0515625000 0.3781250000
-0.0085937500 -0.0514704448 -0.3523437500
-0.0085937500 -0.0494802303 -0.3437500000
-0.0085937500 -0.0484483320 -0.3351562500
-0.0085937500 -0.0477253508 -0.3265625000
-0.0085937500 -0.0469348089 -0.3179687500
-0.0085937500 -0.0461107352 -0.3093750000
-0.0085937500 -0.0455807719 -0.3007812500
-0.0085937500 -0.0451927043 -0.2921875000
-0.0085937500 -0.0447990012 -0.2835937500
-0.0085937500 -0.0446358121 -0.2750000000
-0.0085937500 -0.0448551074 -0.2664062500
-0.0085937500 -0.0451573437 -0.2578125000
-0.0085937500 -0.0455750857 -0.2492187500
-0.0085937500 -0.0459846331 -0.2406250000
-0.0085937500 -0.0460883092 -0.2320312500
-0.0085937500 -0.0458439668 -0.2234375000
-0.0085937500 -0.0454141728 -0.2148437500
-0.0085937500 -0.0463830347 -0.2062500000
-0.0085937500 -0.0479065161 -0.1976562500
-0.0085937500 -0.0496870452 -0.1890625000
-0.0085937500 -0.0485313404 -0.0601562500
-0.0085937500 -0.0429687500 -0.0583937496
-0.0085937500 -0.0462803732 0.0601562500
-0.0085937500 -0.0429687500 0.0584612148
-0.0085937500 -0.0512980318 0.1289062500
-0.0085937500 -0.0504361684 0.1375000000
-0.0085937500 -0.0504773903 0.1460937500
-0.0085937500 -0.0499770617 0.1546875000
-0.0085937500 -0.0492793983 0.1632812500
-0.0085937500 -0.0483951419 0.1718750000
-0.0085937500 -0.0475149639 0.1804687500
-0.0085937500 -0.0466430331 0.1890625000
-0.0085937500 -0.0457488605 0.1976562500
-0.0085937500 -0.0449381045 0.2062500000
-0.0085937500 -0.0441950691 0.2148437500
-0.0085937500 -0.0435408517 0.2234375000
-0.0099713457 -0.0429687500 0.2320312500
-0.0085937500 -0.0429687500 0.2300416618
-0.0124069141 -0.0429687500 0.2664062500
-0.0085937500 -0.0433284597 0.2664062500
-0.0085937500 -0.0429687500 0.2626671836
-0.0085937500 -0.0440081748 0.2750000000
-0.0085937500 -0.0444879481 0.2835937500
-0.0085937500 -0.0448133944 0.2921875000
-0.0085937500 -0.0452517573 0.3007812500
-0.0085937500 -0.0459021002 0.3093750000
-0.0085937500 -0.0464807677 0.3179687500
-0.0085937500 -0.0469134456 0.3265625000
-0.0085937500 -0.0476608239 0.3351562500
-0.0085937500 -0.0485183645 0.3437500000
-0.0085937500 -0.0494200520 0.3523437500
-0.0085937500 -0.0506109857 0.3609375000
-0.0085937500 -0.0343750000 -0.0554826975
-0.0085937500 -0.0343750000 0.0538619174
-0.0085937500 -0.0428517017 0.2320312500
-0.0085937500 -0.0424636426 0.2406250000
-0.0085937500 -0.0423375262 0.2492187500
-0.0085937500 -0.0426235427 0.2578125000
-0.0123316709 -0.0257812500 -0.0515625000
-0.0085937500 -0.0257812500 -0.0519333745
-0.0085937500 -0.0301143845 0.0515625000
-0.0085937500 -0.0257812500 0.0496358837
-0.0085937500 -0.0250984561 -0.0515625000
-0.0085937500 -0.0171875000 -0.0470710038
-0.0085937500 -0.0171875000 0.0450080584
-0.0085937500 -0.0118698068 -0.0429687500
-0.0085937500 -0.0085937500 -0.0391770446
-0.0085937500 -0.0146975637 0.0429687500
-0.0085937500 -0.0085937500 0.0363492748
-0.0085937500 -0.0041712614 -0.0343750000
-0.0119839500 0.0000000000 -0.0257812500
-0.0085937500 0.0000000000 -0.0264879937
-0.0085937500 -0.0015870755 0.0257812500
-0.0085937500 0.0000000000 0.0217216268
-0.0085937500 -0.0069359271 0.0343750000
-0.0085937500 0.0003918673 -0.0257812500
-0.0085937500 0.0033342712 -0.0171875000
-0.0085937500 0.0052837711 -0.0085937500
-0.0085937500 0.0051971711 0.0000000000
-0.0085937500 0.0038227182 0.0085937500
-0.0085937500 0.0020478144 0.0171875000
0.0000000000 -0.1220798598 -0.0257812500
0.0000000000 -0.1203125000 -0.0325767538
0.0000000000 -0.1236763686 -0.0171875000
0.0000000000 -0.1251556896 -0.0085937500
0.0000000000 -0.1257248172 0.0000000000
0.0000000000 -0.1260974164 0.0085937500
0.0000000000 -0.1260823488 0.0171875000
0.0000000000 -0.1249447833 0.0257812500
0.0000000000 -0.1222876914 0.0343750000
0.0000000000 -0.1203125000 0.0415071435
-0.0008284250 -0.1117187500 -0.1117187500
0.0000000000 -0.1119607958 -0.1117187500
0.0000000000 -0.1117187500 -0.1140102489
-0.0037553955 -0.1117187500 -0.1031250000
0.0000000000 -0.1127585103 -0.1031250000
-0.0054003790 -0.1117187500 -0.0945312500
0.0000000000 -0.1133828708 -0.0945312500
-0.0057120062 -0.1117187500 -0.0859375000
0.0000000000 -0.1138639477 -0.0859375000
-0.0068704556 -0.1117187500 -0.0773437500
0.0000000000 -0.1143498279 -0.0773437500
0.0000000000 -0.1151386899 -0.0687500000
0.0000000000 -0.1163924085 -0.0601562500
0.0000000000 -0.1174864429 -0.0515625000
0.0000000000 -0.1181579257 -0.0429687500
0.0000000000 -0.1199008866 -0.0343750000
0.0000000000 -0.1198804380 0.0429687500
0.0000000000 -0.1176186492 0.0515625000
0.0000000000 -0.1164614906 0.0601562500
0.0000000000 -0.1151867680 0.0687500000
0.0000000000 -0.1141177868 0.0773437500
0.0000000000 -0.1138379130 0.0859375000
0.0000000000 -0.1141226144 0.0945312500
-0.0062130989 -0.1117187500 0.1031250000
0.0000000000 -0.1130251323 0.1031250000
0.0000000000 -0.1117187500 0.1084196658
-0.0060240363 -0.1031250000 -0.1546875000
0.0000000000 -0.1041568498 -0.1546875000
0.0000000000 -0.1031250000 -0.1580734675
0.0000000000 -0.1063937509 -0.1460937500
0.0000000000 -0.1084580466 -0.1375000000
0.0000000000 -0.1099388373 -0.1289062500
0.0000000000 -0.1109436680 -0.1203125000
0.0000000000 -0.1108425276 0.1117187500
0.0000000000 -0.1080234922 0.1203125000
0.0000000000 -0.1054664247 0.1289062500
-0.0037349717 -0.1031250000 0.1375000000
0.0000000000 -0.1040350120 0.1375000000
0.0000000000 -0.1031250000 0.1432889212
-0.0036339408 -0.0945312500 -0.1804687500
0.0000000000 -0.0950888429 -0.1804687500
0.0000000000 -0.0945312500 -0.1821730819
0.0000000000 -0.0976412109 -0.1718750000
0.0000000000 -0.1009796263 -0.1632812500
0.0000000000 -0.1025760242 0.1460937500
0.0000000000 -0.1008285599 0.1546875000
0.0000000000 -0.0988796512 0.1632812500
-0.0072087823 -0.0945312500 0.1718750000
0.0000000000 -0.0965567413 0.1718750000
-0.0007944232 -0.0945312500 0.1804687500
0.0000000000 -0.0947072316 0.1804687500
0.0000000000 -0.0945312500 0.1814971474
0.0000000000 -0.0876018140 -0.2062500000
0.0000000000 -0.0859375000 -0.2137759681
0.0000000000 -0.0896665395 -0.1976562500
0.0000000000 -0.0924034820 -0.1890625000
0.0000000000 -0.0929559700 0.1890625000
0.0000000000 -0.0914298162 0.1976562500
0.0000000000 -0.0901163064 0.2062500000
0.0000000000 -0.0888110889 0.2148437500
0.0000000000 -0.0875977873 0.2234375000
-0.0023381546 -0.0859375000 0.2320312500
0.0000000000 -0.0861537791 0.2320312500
0.0000000000 -0.0859375000 0.2341918399
-0.0081612845 -0.0773437500 -0.2664062500
-0.0038918894 -0.0773437500 -0.2578125000
0.0000000000 -0.0779045679 -0.2492187500
0.0000000000 -0.0773437500 -0.2545459147
0.0000000000 -0.0790118531 -0.2406250000
0.0000000000 -0.0805542467 -0.2320312500
0.0000000000 -0.0825905862 -0.2234375000
0.0000000000 -0.0856044902 -0.2148437500
0.0000000000 -0.0851743052 0.2406250000
0.0000000000 -0.0844519646 0.2492187500
0.0000000000 -0.0837262010 0.2578125000
0.0000000000 -0.0829008960 0.2664062500
0.0000000000 -0.0819385411 0.2750000000
0.0000000000 -0.0808686326 0.2835937500
0.0000000000 -0.0796772540 0.2921875000
0.0000000000 -0.0783333019 0.3007812500
0.0000000000 -0.0773437500 0.3061532757
0.0000000000 -0.0695714262 -0.3351562500
0.0000000000 -0.0687500000 -0.3393037754
0.0000000000 -0.0710879179 -0.3265625000
0.0000000000 -0.0721430970 -0.3179687500
0.0000000000 -0.0729119014 -0.3093750000
0.0000000000 -0.0736721213 -0.3007812500
0.0000000000 -0.0745288568 -0.2921875000
0.0000000000 -0.0751654992 -0.2835937500
0.0000000000 -0.0758228993 -0.2750000000
0.0000000000 -0.0763124369 -0.2664062500
0.0000000000 -0.0768662280 -0.2578125000
0.0000000000 -0.0765379734 0.3093750000
0.0000000000 -0.0744856033 0.3179687500
0.0000000000 -0.0723512344 0.3265625000
0.0000000000 -0.0702576271 0.3351562500
-0.0046615248 -0.0687500000 0.3437500000
0.0000000000 -0.0687500000 0.3415296750
0.0000000000 -0.0610707720 -0.3523437500
0.0000000000 -0.0601562500 -0.3537840387
0.0000000000 -0.0663048213 -0.3437500000
-0.0065664466 -0.0601562500 -0.1289062500
-0.0023960083 -0.0601562500 -0.1203125000
-0.0000077088 -0.0601562500 -0.1117187500
0.0000000000 -0.0604403519 -0.1031250000
0.0000000000 -0.0601562500 -0.1116435790
0.0000000000 -0.0610646201 -0.0945312500
0.0000000000 -0.0618315976 -0.0859375000
0.0000000000 -0.0623330345 -0.0773437500
0.0000000000 -0.0604174621 -0.0687500000
0.0000000000 -0.0601562500 -0.0685721303
0.0000000000 -0.0677198663 0.3437500000
0.0000000000 -0.0640304134 0.3523437500
0.0000000000 -0.0608280581 0.3609375000
0.0000000000 -0.0601562500 0.3628849239
-0.0083290911 -0.0515625000 -0.3523437500
0.0000000000 -0.0589199432 -0.3523437500
-0.0014276518 -0.0515625000 -0.3437500000
0.0000000000 -0.0526626683 -0.3437500000
0.0000000000 -0.0515625000 -0.3411613402
-0.0046735195 -0.0515625000 -0.1804687500
0.0000000000 -0.0528815013 -0.1718750000
0.0000000000 -0.0515625000 -0.1773720872
0.0000000000 -0.0541603829 -0.1632812500
0.0000000000 -0.0553350861 -0.1546875000
0.0000000000 -0.0565318761 -0.1460937500
0.0000000000 -0.0572450888 -0.1375000000
0.0000000000 -0.0582429980 -0.1289062500
0.0000000000 -0.0594220858 -0.1203125000
0.0000000000 -0.0601539387 -0.1117187500
0.0000000000 -0.0515625000 -0.0628753883
0.0000000000 -0.0515660005 0.0687500000
0.0000000000 -0.0515625000 0.0687464157
0.0000000000 -0.0547159816 0.0773437500
0.0000000000 -0.0561935952 0.0859375000
0.0000000000 -0.0563879258 0.0945312500
0.0000000000 -0.0561033087 0.1031250000
0.0000000000 -0.0548049972 0.1117187500
0.0000000000 -0.0524868782 0.1203125000
0.0000000000 -0.0515625000 0.1242700253
-0.0009655603 -0.0515625000 0.3523437500
0.0000000000 -0.0523914305 0.3523437500
0.0000000000 -0.0515625000 0.3501423173
-0.0054503205 -0.0515625000 0.3609375000
0.0000000000 -0.0581737086 0.3609375000
0.0000000000 -0.0506183558 -0.3351562500
0.0000000000 -0.0496568555 -0.3265625000
0.0000000000 -0.0488252446 -0.3179687500
0.0000000000 -0.0478866378 -0.3093750000
0.0000000000 -0.0472350245 -0.3007812500
0.0000000000 -0.0466810013 -0.2921875000
0.0000000000 -0.0461110488 -0.2835937500
0.0000000000 -0.0460279214 -0.2750000000
0.0000000000 -0.0462175110 -0.2664062500
0.0000000000 -0.0464224987 -0.2578125000
0.0000000000 -0.0467211225 -0.2492187500
0.0000000000 -0.0470786045 -0.2406250000
0.0000000000 -0.0471190305 -0.2320312500
0.0000000000 -0.0465486231 -0.2234375000
0.0000000000 -0.0457016136 -0.2148437500
0.0000000000 -0.0460159921 -0.2062500000
0.0000000000 -0.0471534626 -0.1976562500
0.0000000000 -0.0486417740 -0.1890625000
0.0000000000 -0.0508499193 -0.1804687500
0.0000000000 -0.0469407747 -0.0601562500
0.0000000000 -0.0429687500 -0.0588732163
0.0000000000 -0.0441317210 0.0601562500
0.0000000000 -0.0429687500 0.0595421564
0.0000000000 -0.0508286668 0.1289062500
0.0000000000 -0.0501001372 0.1375000000
0.0000000000 -0.0496091991 0.1460937500
0.0000000000 -0.0489474590 0.1546875000
0.0000000000 -0.0480258125 0.1632812500
0.0000000000 -0.0468524054 0.1718750000
0.0000000000 -0.0459590315 0.1804687500
0.0000000000 -0.0451517577 0.1890625000
0.0000000000 -0.0444606855 0.1976562500
0.0000000000 -0.0439683142 0.2062500000
0.0000000000 -0.0434866132 0.2148437500
0.0000000000 -0.0431449244 0.2234375000
0.0000000000 -0.0429687500 0.2262012776
-0.0012049609 -0.0429687500 0.2492187500
0.0000000000 -0.0431105799 0.2492187500
0.0000000000 -0.0429687500 0.2474683401
-0.0056990158 -0.0429687500 0.2578125000
0.0000000000 -0.0438600827 0.2578125000
0.0000000000 -0.0445817633 0.2664062500
0.0000000000 -0.0451675727 0.2750000000
0.0000000000 -0.0457294886 0.2835937500
0.0000000000 -0.0462546461 0.2921875000
0.0000000000 -0.0469205449 0.3007812500
0.0000000000 -0.0476660552 0.3093750000
0.0000000000 -0.0484065849 0.3179687500
0.0000000000 -0.0490029776 0.3265625000
0.0000000000 -0.0499111174 0.3351562500
0.0000000000 -0.0508125285 0.3437500000
0.0000000000 -0.0343750000 -0.0560604043
0.0000000000 -0.0343750000 0.0550751354
0.0000000000 -0.0427405932 0.2320312500
0.0000000000 -0.0425908459 0.2406250000
0.0000000000 -0.0257812500 -0.0526048970
0.0000000000 -0.0277848175 0.0515625000
0.0000000000 -0.0257812500 0.0506301456
0.0000000000 -0.0238191441 -0.0515625000
0.0000000000 -0.0171875000 -0.0478073606
0.0000000000 -0.0171875000 0.0459660491
0.0000000000 -0.0109134034 -0.0429687500
0.0000000000 -0.0085937500 -0.0402637640
0.0000000000 -0.0135792104 0.0429687500
0.0000000000 -0.0085937500 0.0372831105
0.0000000000 -0.0032967173 -0.0343750000
0.0000000000 0.0000000000 -0.0282139158
0.0000000000 -0.0012049493 0.0257812500
0.0000000000 0.0000000000 0.0226132839
0.0000000000 -0.0062995077 0.0343750000
0.0000000000 0.0012994236 -0.0257812500
0.0000000000 0.0042147942 -0.0171875000
0.0000000000 0.0060957344 -0.0085937500
0.0000000000 0.0058673730 0.0000000000
0.0000000000 0.0043253509 0.0085937500
0.0000000000 0.0024030906 0.0171875000
0.0085937500 -0.1224255250 -0.0257812500
0.0085937500 -0.1203125000 -0.0339006996
0.0085937500 -0.1240842892 -0.0171875000
0.0085937500 -0.1254241862 -0.0085937500
0.0085937500 -0.1259163430 0.0000000000
0.0085937500 -0.1263940986 0.0085937500
0.0085937500 -0.1263351641 0.0171875000
0.0085937500 -0.1251845728 0.0257812500
0.0085937500 -0.1224031636 0.0343750000
0.0085937500 -0.1203125000 0.0409897352
0.0055341754 -0.1117187500 -0.1203125000
0.0085937500 -0.1121023980 -0.1203125000
0.0085937500 -0.1117187500 -0.1243151921
0.0085937500 -0.1128396104 -0.1117187500
0.0085937500 -0.1137284587 -0.1031250000
0.0085937500 -0.1143664641 -0.0945312500
0.0085937500 -0.1151548477 -0.0859375000
0.0085937500 -0.1157397195 -0.0773437500
0.0085937500 -0.1166791938 -0.0687500000
0.0085937500 -0.1176400924 -0.0601562500
0.0085937500 -0.1182519920 -0.0515625000
0.0085937500 -0.1185319272 -0.0429687500
0.0085937500 -0.1202028863 -0.0343750000
0.0085937500 -0.1196965327 0.0429687500
0.0085937500 -0.1182342027 0.0515625000
0.0085937500 -0.1171533742 0.0601562500
0.0085937500 -0.1160460924 0.0687500000
0.0085937500 -0.1152849733 0.0773437500
0.0085937500 -0.1151905979 0.0859375000
0.0085937500 -0.1152835063 0.0945312500
0.0085937500 -0.1143634020 0.1031250000
0.0054639708 -0.1117187500 0.1117187500
0.0085937500 -0.1121642465 0.1117187500
0.0085937500 -0.1117187500 0.1130021547
0.0085937500 -0.1053664241 -0.1546875000
0.0085937500 -0.1031250000 -0.1621161968
0.0085937500 -0.1075287975 -0.1460937500
0.0085937500 -0.1096836510 -0.1375000000
0.0085937500 -0.1112254401 -0.1289062500
0.0085937500 -0.1093760146 0.1203125000
0.0085937500 -0.1073392671 0.1289062500
0.0085937500 -0.1059875390 0.1375000000
0.0019606130 -0.1031250000 0.1460937500
0.0085937500 -0.1046302951 0.1460937500
0.0085937500 -0.1031250000 0.1545436616
0.0085937500 -0.0962116285 -0.1804687500
0.0085937500 -0.0945312500 -0.1859709501
0.0085937500 -0.0989964084 -0.1718750000
0.0085937500 -0.1026541033 -0.1632812500
0.0085937500 -0.1030932077 0.1546875000
0.0085937500 -0.1010628890 0.1632812500
0.0085937500 -0.0983337825 0.1718750000
0.0085937500 -0.0959422878 0.1804687500
0.0085937500 -0.0945312500 0.1880177940
0.0085937500 -0.0882821518 -0.2062500000
0.0085937500 -0.0859375000 -0.2144280422
0.0085937500 -0.0906826998 -0.1976562500
0.0085937500 -0.0936429819 -0.1890625000
0.0085937500 -0.0942814370 0.1890625000
0.0085937500 -0.0923344473 0.1976562500
0.0085937500 -0.0906696275 0.2062500000
0.0085937500 -0.0891349962 0.2148437500
0.0085937500 -0.0876417197 0.2234375000
0.0085937500 -0.0862783335 0.2320312500
0.0085937500 -0.0859375000 0.2357425230
0.0041852350 -0.0773437500 -0.2492187500
0.0085937500 -0.0781424601 -0.2406250000
0.0085937500 -0.0773437500 -0.2455360284
0.0085937500 -0.0798428853 -0.2320312500
0.0085937500 -0.0823055774 -0.2234375000
0.0085937500 -0.0857757661 -0.2148437500
0.0085937500 -0.0853942093 0.2406250000
0.0085937500 -0.0844874075 0.2492187500
0.0085937500 -0.0835643384 0.2578125000
0.0085937500 -0.0825524290 0.2664062500
0.0085937500 -0.0815677962 0.2750000000
0.0085937500 -0.0805035526 0.2835937500
0.0085937500 -0.0793062546 0.2921875000
0.0085937500 -0.0779146971 0.3007812500
0.0085937500 -0.0773437500 0.3038025564
0.0064047706 -0.0687500000 -0.3351562500
0.0085937500 -0.0698042330 -0.3265625000
0.0085937500 -0.0687500000 -0.3332789686
0.0085937500 -0.0706636746 -0.3179687500
0.0085937500 -0.0713658194 -0.3093750000
0.0085937500 -0.0719443320 -0.3007812500
0.0085937500 -0.0726957005 -0.2921875000
0.0085937500 -0.0734245221 -0.2835937500
0.0085937500 -0.0740744885 -0.2750000000
0.0085937500 -0.0746158899 -0.2664062500
0.0085937500 -0.0751720091 -0.2578125000
0.0085937500 -0.0764956206 -0.2492187500
0.0085937500 -0.0758586483 0.3093750000
0.0085937500 -0.0734625696 0.3179687500
0.0085937500 -0.0710867851 0.3265625000
0.0085937500 -0.0689973239 0.3351562500
0.0085937500 -0.0687500000 0.3361473847
0.0016100634 -0.0601562500 -0.3523437500
0.0085937500 -0.0617608962 -0.3437500000
0.0085937500 -0.0601562500 -0.3458461079
0.0085937500 -0.0676465310 -0.3351562500
0.0010367703 -0.0601562500 -0.1031250000
0.0038187602 -0.0601562500 -0.0945312500
0.0075503307 -0.0601562500 -0.0859375000
0.0085937500 -0.0602400253 -0.0773437500
0.0085937500 -0.0601562500 -0.0796492640
0.0010498316 -0.0601562500 -0.0687500000
0.0085937500 -0.0601562500 -0.0768903564
0.0085937500 -0.0649812278 0.3437500000
0.0085937500 -0.0613382464 0.3523437500
0.0023047462 -0.0601562500 0.3609375000
0.0085937500 -0.0601562500 0.3553005930
0.0085937500 -0.0586911373 -0.3437500000
0.0032929102 -0.0515625000 -0.3351562500
0.0085937500 -0.0549066941 -0.3351562500
0.0073975864 -0.0515625000 -0.3265625000
0.0085937500 -0.0522457567 -0.3265625000
0.0085937500 -0.0515625000 -0.3236474206
0.0072319924 -0.0515625000 -0.1718750000
0.0085937500 -0.0525349208 -0.1632812500
0.0085937500 -0.0515625000 -0.1701457766
0.0085937500 -0.0535681176 -0.1546875000
0.0085937500 -0.0547395132 -0.1460937500
0.0085937500 -0.0554806362 -0.1375000000
0.0085937500 -0.0562649460 -0.1289062500
0.0085937500 -0.0573038915 -0.1203125000
0.0085937500 -0.0579891387 -0.1117187500
0.0085937500 -0.0583579361 -0.1031250000
0.0085937500 -0.0591233268 -0.0945312500
0.0085937500 -0.0599255492 -0.0859375000
0.0085937500 -0.0584175277 -0.0687500000
0.0085937500 -0.0515625000 -0.0637641563
0.0000134091 -0.0515625000 0.0687500000
0.0085937500 -0.0530189122 0.0773437500
0.0085937500 -0.0515625000 0.0739298792
0.0085937500 -0.0542915559 0.0859375000
0.0085937500 -0.0547958915 0.0945312500
0.0085937500 -0.0545906373 0.1031250000
0.0085937500 -0.0534203850 0.1117187500
0.0062339419 -0.0515625000 0.1203125000
0.0085937500 -0.0515625000 0.1191279379
0.0058853379 -0.0515625000 0.3351562500
0.0085937500 -0.0529431098 0.3351562500
0.0085937500 -0.0515625000 0.3275558268
0.0024717802 -0.0515625000 0.3437500000
0.0085937500 -0.0553366547 0.3437500000
0.0085937500 -0.0586586239 0.3523437500
0.0085937500 -0.0509696317 -0.3179687500
0.0085937500 -0.0499041949 -0.3093750000
0.0085937500 -0.0490259053 -0.3007812500
0.0085937500 -0.0483678601 -0.2921875000
0.0085937500 -0.0477784351 -0.2835937500
0.0085937500 -0.0476349050 -0.2750000000
0.0085937500 -0.0477273308 -0.2664062500
0.0085937500 -0.0478478574 -0.2578125000
0.0085937500 -0.0480840717 -0.2492187500
0.0085937500 -0.0483135963 -0.2406250000
0.0085937500 -0.0483500754 -0.2320312500
0.0085937500 -0.0474940478 -0.2234375000
0.0085937500 -0.0464077711 -0.2148437500
0.0085937500 -0.0460555570 -0.2062500000
0.0085937500 -0.0467540467 -0.1976562500
0.0085937500 -0.0480999471 -0.1890625000
0.0085937500 -0.0497933182 -0.1804687500
0.0085937500 -0.0513049840 -0.1718750000
0.0085937500 -0.0457586240 -0.0601562500
0.0085937500 -0.0429687500 -0.0592196223
0.0039156950 -0.0429687500 0.0601562500
0.0085937500 -0.0495126162 0.0687500000
0.0085937500 -0.0429687500 0.0617022981
0.0085937500 -0.0513131438 0.1203125000
0.0085937500 -0.0502922766 0.1289062500
0.0085937500 -0.0496738277 0.1375000000
0.0085937500 -0.0491376697 0.1460937500
0.0085937500 -0.0484138892 0.1546875000
0.0085937500 -0.0473425698 0.1632812500
0.0085937500 -0.0459638213 0.1718750000
0.0085937500 -0.0451271207 0.1804687500
0.0085937500 -0.0446002759 0.1890625000
0.0085937500 -0.0441406515 0.1976562500
0.0085937500 -0.0439328615 0.2062500000
0.0085937500 -0.0437538807 0.2148437500
0.0085937500 -0.0435490860 0.2234375000
0.0036468535 -0.0429687500 0.2320312500
0.0085937500 -0.0434493600 0.2320312500
0.0027553753 -0.0429687500 0.2406250000
0.0085937500 -0.0441167122 0.2406250000
0.0085937500 -0.0449761838 0.2492187500
0.0085937500 -0.0456256284 0.2578125000
0.0085937500 -0.0461590856 0.2664062500
0.0085937500 -0.0467527898 0.2750000000
0.0085937500 -0.0474091468 0.2835937500
0.0085937500 -0.0481035503 0.2921875000
0.0085937500 -0.0489570533 0.3007812500
0.0085937500 -0.0497537046 0.3093750000
0.0085937500 -0.0506728863 0.3179687500
0.0085937500 -0.0514635566 0.3265625000
0.0085937500 -0.0343750000 -0.0563480666
0.0085937500 -0.0416036589 0.0601562500
0.0085937500 -0.0343750000 0.0563645894
0.0085937500 -0.0257812500 -0.0530113963
0.0073393371 -0.0257812500 0.0515625000
0.0085937500 -0.0257812500 0.0517493028
0.0085937500 -0.0228790805 -0.0515625000
0.0085937500 -0.0171875000 -0.0484706570
0.0085937500 -0.0254516950 0.0515625000
0.0085937500 -0.0171875000 0.0469086197
0.0085937500 -0.0102613796 -0.0429687500
0.0085937500 -0.0085937500 -0.0410150708
0.0085937500 -0.0125757119 0.0429687500
0.0085937500 -0.0085937500 0.0382205031
0.0085937500 -0.0027769308 -0.0343750000
0.0085937500 0.0000000000 -0.0293811392
0.0085937500 -0.0006034012 0.0257812500
0.0085937500 0.0000000000 0.0241632304
0.0085937500 -0.0057144083 0.0343750000
0.0085937500 0.0019903858 -0.0257812500
0.0085937500 0.0051299327 -0.0171875000
0.0085937500 0.0068900018 -0.0085937500
0.0085937500 0.0067001921 0.0000000000
0.0085937500 0.0050520907 0.0085937500
0.0085937500 0.0029232219 0.0171875000
0.0171875000 -0.1223875378 -0.0257812500
0.0171875000 -0.1203125000 -0.0340804865
0.0171875000 -0.1241432286 -0.0171875000
0.0171875000 -0.1253320247 -0.0085937500
0.0171875000 -0.1257686826 0.0000000000
0.0171875000 -0.1262490044 0.0085937500
0.0171875000 -0.1264533084 0.0171875000
0.0171875000 -0.1253750710 0.0257812500
0.0171875000 -0.1226038436 0.0343750000
0.0171875000 -0.1203125000 0.0414413277
0.0129905449 -0.1117187500 -0.1289062500
0.0171875000 -0.1121548813 -0.1289062500
0.0171875000 -0.1117187500 -0.1315763369
0.0171875000 -0.1128795120 -0.1203125000
0.0171875000 -0.1137761760 -0.1117187500
0.0171875000 -0.1144734670 -0.1031250000
0.0171875000 -0.1148232167 -0.0945312500
0.0171875000 -0.1153796211 -0.0859375000
0.0171875000 -0.1161179923 -0.0773437500
0.0171875000 -0.1171135542 -0.0687500000
0.0171875000 -0.1179762880 -0.0601562500
0.0171875000 -0.1184190974 -0.0515625000
0.0171875000 -0.1186300078 -0.0429687500
0.0171875000 -0.1202497132 -0.0343750000
0.0171875000 -0.1198421405 0.0429687500
0.0171875000 -0.1184629554 0.0515625000
0.0171875000 -0.1176010355 0.0601562500
0.0171875000 -0.1167061019 0.0687500000
0.0171875000 -0.1160247576 0.0773437500
0.0171875000 -0.1158187858 0.0859375000
0.0171875000 -0.1159899569 0.0945312500
0.0171875000 -0.1153497876 0.1031250000
0.0171875000 -0.1133001981 0.1117187500
0.0171875000 -0.1117187500 0.1171785276
0.0117042457 -0.1031250000 -0.1632812500
0.0171875000 -0.1037714735 -0.1632812500
0.0171875000 -0.1031250000 -0.1651120522
0.0171875000 -0.1063462099 -0.1546875000
0.0171875000 -0.1085440737 -0.1460937500
0.0171875000 -0.1106879096 -0.1375000000
0.0171875000 -0.1108295497 0.1203125000
0.0171875000 -0.1091149203 0.1289062500
0.0171875000 -0.1078707272 0.1375000000
0.0171875000 -0.1064951371 0.1460937500
0.0087208748 -0.1031250000 0.1546875000
0.0171875000 -0.1048619700 0.1546875000
0.0171875000 -0.1031250000 0.1622001346
0.0171875000 -0.0972351357 -0.1804687500
0.0171875000 -0.0945312500 -0.1889597462
0.0171875000 -0.1002733597 -0.1718750000
0.0171875000 -0.1028014658 0.1632812500
0.0171875000 -0.0997270562 0.1718750000
0.0171875000 -0.0970601806 0.1804687500
0.0109416430 -0.0945312500 0.1890625000
0.0171875000 -0.0950511075 0.1890625000
0.0171875000 -0.0945312500 0.1914615340
0.0144261989 -0.0859375000 -0.2148437500
0.0171875000 -0.0859971655 -0.2148437500
0.0171875000 -0.0859375000 -0.2150066500
0.0171875000 -0.0889730972 -0.2062500000
0.0171875000 -0.0914858121 -0.1976562500
0.0171875000 -0.0945008584 -0.1890625000
0.0171875000 -0.0928346842 0.1976562500
0.0171875000 -0.0908076172 0.2062500000
0.0171875000 -0.0890852489 0.2148437500
0.0171875000 -0.0873934438 0.2234375000
0.0171875000 -0.0862244784 0.2320312500
0.0171875000 -0.0859375000 0.2342138787
0.0153264962 -0.0773437500 -0.2406250000
0.0171875000 -0.0788667434 -0.2320312500
0.0171875000 -0.0773437500 -0.2394682485
0.0171875000 -0.0820353737 -0.2234375000
0.0171875000 -0.0849175684 0.2406250000
0.0171875000 -0.0837473785 0.2492187500
0.0171875000 -0.0828067039 0.2578125000
0.0171875000 -0.0817923641 0.2664062500
0.0171875000 -0.0806795558 0.2750000000
0.0171875000 -0.0795483219 0.2835937500
0.0171875000 -0.0781252431 0.2921875000
0.0125212628 -0.0773437500 0.3007812500
0.0171875000 -0.0773437500 0.2967158994
0.0147730718 -0.0687500000 -0.3265625000
0.0171875000 -0.0693690324 -0.3179687500
0.0171875000 -0.0687500000 -0.3229845557
0.0171875000 -0.0701474677 -0.3093750000
0.0171875000 -0.0706352126 -0.3007812500
0.0171875000 -0.0710011376 -0.2921875000
0.0171875000 -0.0718643220 -0.2835937500
0.0171875000 -0.0724168217 -0.2750000000
0.0171875000 -0.0729866320 -0.2664062500
0.0171875000 -0.0736031601 -0.2578125000
0.0171875000 -0.0749624736 -0.2492187500
0.0171875000 -0.0769833435 -0.2406250000
0.0171875000 -0.0763276521 0.3007812500
0.0171875000 -0.0740093755 0.3093750000
0.0171875000 -0.0716657881 0.3179687500
0.0171875000 -0.0696085984 0.3265625000
0.0101044250 -0.0687500000 0.3351562500
0.0171875000 -0.0687500000 0.3300977206
0.0103577691 -0.0601562500 -0.3437500000
0.0160404036 -0.0601562500 -0.3351562500
0.0171875000 -0.0663026435 -0.3265625000
0.0171875000 -0.0601562500 -0.3331841297
0.0090450952 -0.0601562500 -0.0773437500
0.0171875000 -0.0650129984 0.3351562500
0.0166555587 -0.0601562500 0.3437500000
0.0171875000 -0.0601562500 0.3429240016
0.0110100713 -0.0601562500 0.3523437500
0.0171875000 -0.0574693948 -0.3265625000
0.0107693079 -0.0515625000 -0.3179687500
0.0171875000 -0.0550484669 -0.3179687500
0.0149341800 -0.0515625000 -0.3093750000
0.0171875000 -0.0527506862 -0.3093750000
0.0171875000 -0.0515625000 -0.3048082512
0.0150922394 -0.0515625000 -0.1632812500
0.0171875000 -0.0522765676 -0.1546875000
0.0171875000 -0.0515625000 -0.1605851795
0.0171875000 -0.0532412007 -0.1460937500
0.0171875000 -0.0540334765 -0.1375000000
0.0171875000 -0.0548049288 -0.1289062500
0.0171875000 -0.0557691911 -0.1203125000
0.0171875000 -0.0566483666 -0.1117187500
0.0171875000 -0.0571102002 -0.1031250000
0.0171875000 -0.0576315338 -0.0945312500
0.0171875000 -0.0583568462 -0.0859375000
0.0171875000 -0.0587439036 -0.0773437500
0.0171875000 -0.0569520817 -0.0687500000
0.0171875000 -0.0515625000 -0.0646053226
0.0171875000 -0.0516690064 0.0773437500
0.0171875000 -0.0515625000 0.0770550353
0.0171875000 -0.0525282582 0.0859375000
0.0171875000 -0.0530082982 0.0945312500
0.0171875000 -0.0528184070 0.1031250000
0.0170864544 -0.0515625000 0.1117187500
0.0171875000 -0.0515625000 0.1115742196
0.0149468027 -0.0515625000 0.3093750000
0.0171875000 -0.0524353257 0.3093750000
0.0171875000 -0.0515625000 0.3037563339
0.0115313357 -0.0515625000 0.3179687500
0.0171875000 -0.0539576025 0.3179687500
0.0089257466 -0.0515625000 0.3265625000
0.0171875000 -0.0553832687 0.3265625000
0.0171875000 -0.0575033833 0.3351562500
0.0171875000 -0.0510518238 -0.3007812500
0.0171875000 -0.0502654867 -0.2921875000
0.0171875000 -0.0495373911 -0.2835937500
0.0171875000 -0.0493617081 -0.2750000000
0.0171875000 -0.0494713532 -0.2664062500
0.0171875000 -0.0495566838 -0.2578125000
0.0171875000 -0.0497504203 -0.2492187500
0.0171875000 -0.0500532839 -0.2406250000
0.0171875000 -0.0498456266 -0.2320312500
0.0171875000 -0.0486955409 -0.2234375000
0.0171875000 -0.0474869684 -0.2148437500
0.0171875000 -0.0467547595 -0.2062500000
0.0171875000 -0.0468437778 -0.1976562500
0.0171875000 -0.0477976472 -0.1890625000
0.0171875000 -0.0490951728 -0.1804687500
0.0171875000 -0.0501508327 -0.1718750000
0.0171875000 -0.0512134359 -0.1632812500
0.0171875000 -0.0448159495 -0.0601562500
0.0171875000 -0.0429687500 -0.0595008415
0.0171875000 -0.0486336562 0.0687500000
0.0171875000 -0.0429687500 0.0632903045
0.0171875000 -0.0515425303 0.1117187500
0.0171875000 -0.0501550603 0.1203125000
0.0171875000 -0.0494563967 0.1289062500
0.0171875000 -0.0487455526 0.1375000000
0.0171875000 -0.0482662689 0.1460937500
0.0171875000 -0.0476587100 0.1546875000
0.0171875000 -0.0461614656 0.1632812500
0.0171875000 -0.0447629011 0.1718750000
0.0171875000 -0.0439014102 0.1804687500
0.0171875000 -0.0437388156 0.1890625000
0.0171875000 -0.0439653417 0.1976562500
0.0171875000 -0.0444158731 0.2062500000
0.0171875000 -0.0446454238 0.2148437500
0.0171875000 -0.0450170967 0.2234375000
0.0171875000 -0.0456289814 0.2320312500
0.0171875000 -0.0464632603 0.2406250000
0.0171875000 -0.0471729232 0.2492187500
0.0171875000 -0.0476574114 0.2578125000
0.0171875000 -0.0481218682 0.2664062500
0.0171875000 -0.0487885014 0.2750000000
0.0171875000 -0.0494890991 0.2835937500
0.0171875000 -0.0503553085 0.2921875000
0.0171875000 -0.0512332969 0.3007812500
0.0171875000 -0.0343750000 -0.0566048940
0.0171875000 -0.0399601726 0.0601562500
0.0171875000 -0.0343750000 0.0573291409
0.0171875000 -0.0257812500 -0.0532678659
0.0171875000 -0.0257812500 0.0527990691
0.0171875000 -0.0223393079 -0.0515625000
0.0171875000 -0.0171875000 -0.0487635908
0.0171875000 -0.0236976092 0.0515625000
0.0171875000 -0.0171875000 0.0475675480
0.0171875000 -0.0099454386 -0.0429687500
0.0171875000 -0.0085937500 -0.0414279214
0.0171875000 -0.0117489743 0.0429687500
0.0171875000 -0.0085937500 0.0390814893
0.0171875000 -0.0022561159 -0.0343750000
0.0171875000 0.0000000000 -0.0303122439
0.0171875000 -0.0000477811 0.0257812500
0.0171875000 0.0000000000 0.0256508911
0.0171875000 -0.0051457269 0.0343750000
0.0171875000 0.0025613057 -0.0257812500
0.0171875000 0.0060608326 -0.0171875000
0.0171875000 0.0076711402 -0.0085937500
0.0171875000 0.0075929873 0.0000000000
0.0171875000 0.0059419232 0.0085937500
0.0171875000 0.0034945795 0.0171875000
0.0200460531 -0.1203125000 -0.0343750000
0.0257812500 -0.1204670416 -0.0343750000
0.0257812500 -0.1203125000 -0.0350051979
0.0257812500 -0.1223914658 -0.0257812500
0.0257812500 -0.1239157855 -0.0171875000
0.0257812500 -0.1249575866 -0.0085937500
0.0257812500 -0.1254609276 0.0000000000
0.0257812500 -0.1260540058 0.0085937500
0.0257812500 -0.1263757942 0.0171875000
0.0257812500 -0.1255177125 0.0257812500
0.0257812500 -0.1227952562 0.0343750000
0.0257812500 -0.1203125000 0.0414949125
0.0257812500 -0.1123225665 -0.1289062500
0.0257812500 -0.1117187500 -0.1330179273
0.0257812500 -0.1131948895 -0.1203125000
0.0257812500 -0.1140778688 -0.1117187500
0.0257812500 -0.1146555326 -0.1031250000
0.0257812500 -0.1148279887 -0.0945312500
0.0257812500 -0.1152202172 -0.0859375000
0.0257812500 -0.1160041391 -0.0773437500
0.0257812500 -0.1169660627 -0.0687500000
0.0257812500 -0.1178516345 -0.0601562500
0.0257812500 -0.1183988786 -0.0515625000
0.0257812500 -0.1186177676 -0.0429687500
0.0257812500 -0.1198120382 0.0429687500
0.0257812500 -0.1184552452 0.0515625000
0.0257812500 -0.1176480405 0.0601562500
0.0257812500 -0.1169019625 0.0687500000
0.0257812500 -0.1161025716 0.0773437500
0.0257812500 -0.1160592081 0.0859375000
0.0257812500 -0.1163306858 0.0945312500
0.0257812500 -0.1156463238 0.1031250000
0.0257812500 -0.1139122349 0.1117187500
0.0235180661 -0.1117187500 0.1203125000
0.0257812500 -0.1120291760 0.1203125000
0.0257812500 -0.1117187500 0.1222151438
0.0257812500 -0.1044877061 -0.1632812500
0.0257812500 -0.1031250000 -0.1672778553
0.0257812500 -0.1070902734 -0.1546875000
0.0257812500 -0.1092239937 -0.1460937500
0.0257812500 -0.1110605714 -0.1375000000
0.0257812500 -0.1106268336 0.1289062500
0.0257812500 -0.1093506487 0.1375000000
0.0257812500 -0.1077845616 0.1460937500
0.0257812500 -0.1061423441 0.1546875000
0.0191108495 -0.1031250000 0.1632812500
0.0257812500 -0.1040931471 0.1632812500
0.0257812500 -0.1031250000 0.1660699864
0.0174688967 -0.0945312500 -0.1890625000
0.0257812500 -0.0954217447 -0.1890625000
0.0257812500 -0.0945312500 -0.1913933754
0.0257812500 -0.0983544386 -0.1804687500
0.0257812500 -0.1013260264 -0.1718750000
0.0257812500 -0.1008660705 0.1718750000
0.0257812500 -0.0978772538 0.1804687500
0.0257812500 -0.0953593402 0.1890625000
0.0257812500 -0.0945312500 0.1925489751
0.0257812500 -0.0861109546 -0.2148437500
0.0257812500 -0.0859375000 -0.2152817937
0.0257812500 -0.0895279481 -0.2062500000
0.0257812500 -0.0922596889 -0.1976562500
0.0257812500 -0.0930618175 0.1976562500
0.0257812500 -0.0908260553 0.2062500000
0.0257812500 -0.0890824164 0.2148437500
0.0257812500 -0.0871494561 0.2234375000
0.0216964148 -0.0859375000 0.2320312500
0.0257812500 -0.0859375000 0.2304806205
0.0257812500 -0.0780356424 -0.2320312500
0.0257812500 -0.0773437500 -0.2352824963
0.0257812500 -0.0817380894 -0.2234375000
0.0257812500 -0.0856041742 0.2320312500
0.0257812500 -0.0841321745 0.2406250000
0.0257812500 -0.0829050046 0.2492187500
0.0257812500 -0.0817693842 0.2578125000
0.0257812500 -0.0805489477 0.2664062500
0.0257812500 -0.0793202164 0.2750000000
0.0257812500 -0.0778901007 0.2835937500
0.0209407276 -0.0773437500 0.2921875000
0.0257812500 -0.0773437500 0.2865065538
0.0202643972 -0.0687500000 -0.3179687500
0.0249134469 -0.0687500000 -0.3093750000
0.0257812500 -0.0691325140 -0.3007812500
0.0257812500 -0.0687500000 -0.3067785497
0.0257812500 -0.0696452704 -0.2921875000
0.0257812500 -0.0704861620 -0.2835937500
0.0257812500 -0.0711739129 -0.2750000000
0.0257812500 -0.0716693711 -0.2664062500
0.0257812500 -0.0724330037 -0.2578125000
0.0257812500 -0.0736522950 -0.2492187500
0.0257812500 -0.0755973186 -0.2406250000
0.0257812500 -0.0759090248 0.2921875000
0.0257812500 -0.0737681315 0.3007812500
0.0257812500 -0.0716679558 0.3093750000
0.0257812500 -0.0695525675 0.3179687500
0.0209262619 -0.0687500000 0.3265625000
0.0257812500 -0.0687500000 0.3214836724
0.0204604242 -0.0601562500 -0.3265625000
0.0249881175 -0.0601562500 -0.3179687500
0.0257812500 -0.0678464147 -0.3093750000
0.0257812500 -0.0601562500 -0.3166177239
0.0257812500 -0.0622579170 0.3265625000
0.0218377644 -0.0601562500 0.3351562500
0.0257812500 -0.0601562500 0.3283711803
0.0257812500 -0.0576422973 -0.3093750000
0.0190054096 -0.0515625000 -0.3007812500
0.0257812500 -0.0553524470 -0.3007812500
0.0225204178 -0.0515625000 -0.2921875000
0.0257812500 -0.0533223477 -0.2921875000
0.0255572430 -0.0515625000 -0.2835937500
0.0257812500 -0.0516931807 -0.2835937500
0.0257812500 -0.0515625000 -0.2821322767
0.0252222411 -0.0515625000 -0.2578125000
0.0257812500 -0.0518214298 -0.2578125000
0.0257812500 -0.0515625000 -0.2641214366
0.0241165202 -0.0515625000 -0.2492187500
0.0257812500 -0.0523082790 -0.2492187500
0.0227761028 -0.0515625000 -0.2406250000
0.0257812500 -0.0527776785 -0.2406250000
0.0252902935 -0.0515625000 -0.2320312500
0.0257812500 -0.0517144229 -0.2320312500
0.0257812500 -0.0515625000 -0.2315850251
0.0232913094 -0.0515625000 -0.1546875000
0.0257812500 -0.0521405110 -0.1460937500
0.0257812500 -0.0515625000 -0.1517566338
0.0257812500 -0.0528225108 -0.1375000000
0.0257812500 -0.0535873257 -0.1289062500
0.0257812500 -0.0543884287 -0.1203125000
0.0257812500 -0.0552909528 -0.1117187500
0.0257812500 -0.0559749228 -0.1031250000
0.0257812500 -0.0566221496 -0.0945312500
0.0257812500 -0.0574952166 -0.0859375000
0.0257812500 -0.0576972673 -0.0773437500
0.0257812500 -0.0558818465 -0.0687500000
0.0257812500 -0.0515625000 -0.0653972015
0.0183127273 -0.0515625000 0.0773437500
0.0257812500 -0.0516171655 0.0859375000
0.0257812500 -0.0515625000 0.0853071088
0.0257812500 -0.0518909723 0.0945312500
0.0254004077 -0.0515625000 0.1031250000
0.0257812500 -0.0515625000 0.1017677078
0.0222898283 -0.0515625000 0.2921875000
0.0257812500 -0.0527825031 0.2921875000
0.0257812500 -0.0515625000 0.2846330725
0.0185508088 -0.0515625000 0.3007812500
0.0257812500 -0.0541480233 0.3007812500
0.0257812500 -0.0557371526 0.3093750000
0.0257812500 -0.0575607556 0.3179687500
0.0257812500 -0.0596327671 0.3265625000
0.0257812500 -0.0513295131 -0.2750000000
0.0257812500 -0.0515123345 -0.2664062500
0.0257812500 -0.0497442133 -0.2234375000
0.0257812500 -0.0485039670 -0.2148437500
0.0257812500 -0.0475043318 -0.2062500000
0.0257812500 -0.0471966571 -0.1976562500
0.0257812500 -0.0476228656 -0.1890625000
0.0257812500 -0.0485499837 -0.1804687500
0.0257812500 -0.0494416419 -0.1718750000
0.0257812500 -0.0502731520 -0.1632812500
0.0257812500 -0.0512570918 -0.1546875000
0.0257812500 -0.0440391595 -0.0601562500
0.0257812500 -0.0429687500 -0.0597454153
0.0257812500 -0.0477225296 0.0687500000
0.0257812500 -0.0429687500 0.0645087621
0.0257812500 -0.0508636243 0.0773437500
0.0257812500 -0.0515056471 0.1031250000
0.0257812500 -0.0504257879 0.1117187500
0.0257812500 -0.0493494082 0.1203125000
0.0257812500 -0.0485482258 0.1289062500
0.0257812500 -0.0476986316 0.1375000000
0.0257812500 -0.0471914074 0.1460937500
0.0257812500 -0.0465518240 0.1546875000
0.0257812500 -0.0449718318 0.1632812500
0.0257812500 -0.0436248681 0.1718750000
0.0257812500 -0.0430571389 0.1804687500
0.0257812500 -0.0438960140 0.1890625000
0.0257812500 -0.0445768498 0.1976562500
0.0257812500 -0.0454993135 0.2062500000
0.0257812500 -0.0462666154 0.2148437500
0.0257812500 -0.0467317181 0.2234375000
0.0257812500 -0.0471846992 0.2320312500
0.0257812500 -0.0480239748 0.2406250000
0.0257812500 -0.0486858499 0.2492187500
0.0257812500 -0.0492622116 0.2578125000
0.0257812500 -0.0499825414 0.2664062500
0.0257812500 -0.0507336188 0.2750000000
0.0257812500 -0.0514555227 0.2835937500
0.0257812500 -0.0343750000 -0.0567640007
0.0257812500 -0.0386216117 0.0601562500
0.0257812500 -0.0343750000 0.0579717955
0.0257812500 -0.0257812500 -0.0533155323
0.0257812500 -0.0257812500 0.0534508351
0.0257812500 -0.0221106608 -0.0515625000
0.0257812500 -0.0171875000 -0.0489491109
0.0257812500 -0.0226317744 0.0515625000
0.0257812500 -0.0171875000 0.0482336180
0.0257812500 -0.0092498102 -0.0429687500
0.0257812500 -0.0085937500 -0.0422682614
0.0257812500 -0.0107995882 0.0429687500
0.0257812500 -0.0085937500 0.0401549773
0.0257812500 -0.0016040935 -0.0343750000
0.0257812500 0.0000000000 -0.0315217885
0.0177994988 0.0000000000 0.0257812500
0.0257812500 -0.0043833768 0.0343750000
0.0257812500 0.0000000000 0.0269033029
0.0257812500 0.0032957525 -0.0257812500
0.0257812500 0.0068956495 -0.0171875000
0.0257812500 0.0084054600 -0.0085937500
0.0257812500 0.0084565187 0.0000000000
0.0257812500 0.0067859367 0.0085937500
0.0257812500 0.0042974821 0.0171875000
0.0257812500 0.0007027880 0.0257812500
0.0343750000 -0.1204695256 -0.0343750000
0.0343750000 -0.1203125000 -0.0350233720
0.0343750000 -0.1224200156 -0.0257812500
0.0343750000 -0.1238534242 -0.0171875000
0.0343750000 -0.1248689031 -0.0085937500
0.0343750000 -0.1253667130 0.0000000000
0.0343750000 -0.1259598637 0.0085937500
0.0343750000 -0.1263287846 0.0171875000
0.0343750000 -0.1255833256 0.0257812500
0.0343750000 -0.1228908222 0.0343750000
0.0343750000 -0.1203125000 0.0413614680
0.0343750000 -0.1126128966 -0.1289062500
0.0343750000 -0.1117187500 -0.1347869566
0.0343750000 -0.1135228260 -0.1203125000
0.0343750000 -0.1143526439 -0.1117187500
0.0343750000 -0.1147654668 -0.1031250000
0.0343750000 -0.1147620335 -0.0945312500
0.0343750000 -0.1149697911 -0.0859375000
0.0343750000 -0.1156831161 -0.0773437500
0.0343750000 -0.1165620226 -0.0687500000
0.0343750000 -0.1176849032 -0.0601562500
0.0343750000 -0.1183410944 -0.0515625000
0.0343750000 -0.1185932296 -0.0429687500
0.0343750000 -0.1197308019 0.0429687500
0.0343750000 -0.1182282668 0.0515625000
0.0343750000 -0.1172991410 0.0601562500
0.0343750000 -0.1167408338 0.0687500000
0.0343750000 -0.1160620358 0.0773437500
0.0343750000 -0.1160679242 0.0859375000
0.0343750000 -0.1164087650 0.0945312500
0.0343750000 -0.1161306081 0.1031250000
0.0343750000 -0.1148668760 0.1117187500
0.0343750000 -0.1132447408 0.1203125000
0.0322552158 -0.1117187500 0.1289062500
0.0343750000 -0.1121020569 0.1289062500
0.0343750000 -0.1117187500 0.1317529396
0.0343750000 -0.1051644145 -0.1632812500
0.0343750000 -0.1031250000 -0.1696428605
0.0343750000 -0.1075200208 -0.1546875000
0.0343750000 -0.1096800307 -0.1460937500
0.0343750000 -0.1113219841 -0.1375000000
0.0343750000 -0.1109559293 0.1375000000
0.0343750000 -0.1094045219 0.1460937500
0.0343750000 -0.1074578479 0.1546875000
0.0343750000 -0.1053832517 0.1632812500
0.0343750000 -0.1031250000 0.1696959159
0.0343750000 -0.0963119589 -0.1890625000
0.0343750000 -0.0945312500 -0.1938612244
0.0343750000 -0.0993160343 -0.1804687500
0.0343750000 -0.1023011532 -0.1718750000
0.0343750000 -0.1022821530 0.1718750000
0.0343750000 -0.0987305224 0.1804687500
0.0343750000 -0.0957269783 0.1890625000
0.0343750000 -0.0945312500 0.1936077230
0.0343750000 -0.0863826879 -0.2148437500
0.0343750000 -0.0859375000 -0.2158756391
0.0343750000 -0.0901262528 -0.2062500000
0.0343750000 -0.0931863174 -0.1976562500
0.0343750000 -0.0932117516 0.1976562500
0.0343750000 -0.0907438572 0.2062500000
0.0343750000 -0.0886232093 0.2148437500
0.0343750000 -0.0864822915 0.2234375000
0.0343750000 -0.0859375000 0.2265606596
0.0343750000 -0.0776117245 -0.2320312500
0.0343750000 -0.0773437500 -0.2331359968
0.0343750000 -0.0817323536 -0.2234375000
0.0343750000 -0.0847595511 0.2320312500
0.0343750000 -0.0831551341 0.2406250000
0.0343750000 -0.0817243299 0.2492187500
0.0343750000 -0.0803753835 0.2578125000
0.0343750000 -0.0789021038 0.2664062500
0.0343750000 -0.0773919789 0.2750000000
0.0281581222 -0.0773437500 0.2835937500
0.0343750000 -0.0773437500 0.2752668371
0.0273990746 -0.0687500000 -0.3007812500
0.0298816863 -0.0687500000 -0.2921875000
0.0341708875 -0.0687500000 -0.2835937500
0.0343750000 -0.0696252921 -0.2750000000
0.0343750000 -0.0687500000 -0.2831701369
0.0343750000 -0.0703868059 -0.2664062500
0.0343750000 -0.0714604605 -0.2578125000
0.0343750000 -0.0723242128 -0.2492187500
0.0343750000 -0.0743433244 -0.2406250000
0.0343750000 -0.0752477153 0.2835937500
0.0343750000 -0.0730737387 0.2921875000
0.0343750000 -0.0711186165 0.3007812500
0.0343750000 -0.0691162990 0.3093750000
0.0285264357 -0.0687500000 0.3179687500
0.0343750000 -0.0687500000 0.3107653369
0.0292517101 -0.0601562500 -0.3093750000
0.0321811627 -0.0601562500 -0.3007812500
0.0343750000 -0.0622776451 -0.2921875000
0.0343750000 -0.0601562500 -0.2944979357
0.0343750000 -0.0685085708 -0.2835937500
0.0322839135 -0.0601562500 0.3179687500
0.0343750000 -0.0601562500 0.3144145477
0.0269446642 -0.0601562500 0.3265625000
0.0343750000 -0.0596112096 -0.2921875000
0.0343750000 -0.0577751011 -0.2835937500
0.0265141173 -0.0515625000 -0.2750000000
0.0343750000 -0.0567359341 -0.2750000000
0.0259345790 -0.0515625000 -0.2664062500
0.0343750000 -0.0564256142 -0.2664062500
0.0343750000 -0.0564339221 -0.2578125000
0.0343750000 -0.0565485402 -0.2492187500
0.0343750000 -0.0563621836 -0.2406250000
0.0343750000 -0.0543874604 -0.2320312500
0.0343750000 -0.0515625000 -0.2246513043
0.0319788630 -0.0515625000 -0.1460937500
0.0343750000 -0.0520840636 -0.1375000000
0.0343750000 -0.0515625000 -0.1435491275
0.0343750000 -0.0527126313 -0.1289062500
0.0343750000 -0.0534237303 -0.1203125000
0.0343750000 -0.0542500498 -0.1117187500
0.0343750000 -0.0551955238 -0.1031250000
0.0343750000 -0.0559341113 -0.0945312500
0.0343750000 -0.0566667250 -0.0859375000
0.0343750000 -0.0569350820 -0.0773437500
0.0343750000 -0.0554200671 -0.0687500000
0.0343750000 -0.0515625000 -0.0657243315
0.0266563691 -0.0515625000 0.0859375000
0.0300284079 -0.0515625000 0.0945312500
0.0332956766 -0.0515625000 0.2664062500
0.0343750000 -0.0519290325 0.2664062500
0.0343750000 -0.0515625000 0.2640594141
0.0295739717 -0.0515625000 0.2750000000
0.0343750000 -0.0532820869 0.2750000000
0.0262176062 -0.0515625000 0.2835937500
0.0343750000 -0.0548590730 0.2835937500
0.0343750000 -0.0564514571 0.2921875000
0.0343750000 -0.0578862350 0.3007812500
0.0343750000 -0.0591471727 0.3093750000
0.0343750000 -0.0512419798 -0.2234375000
0.0343750000 -0.0498027095 -0.2148437500
0.0343750000 -0.0485186168 -0.2062500000
0.0343750000 -0.0478692582 -0.1976562500
0.0343750000 -0.0479198532 -0.1890625000
0.0343750000 -0.0483373552 -0.1804687500
0.0343750000 -0.0488534277 -0.1718750000
0.0343750000 -0.0495959379 -0.1632812500
0.0343750000 -0.0505363540 -0.1546875000
0.0343750000 -0.0513499131 -0.1460937500
0.0343750000 -0.0434077880 -0.0601562500
0.0343750000 -0.0429687500 -0.0599928453
0.0343750000 -0.0469853679 0.0687500000
0.0343750000 -0.0429687500 0.0653012238
0.0343750000 -0.0502533848 0.0773437500
0.0343750000 -0.0511107107 0.0859375000
0.0343750000 -0.0512414353 0.0945312500
0.0343750000 -0.0507484053 0.1031250000
0.0343750000 -0.0496541050 0.1117187500
0.0343750000 -0.0488265684 0.1203125000
0.0343750000 -0.0478906678 0.1289062500
0.0343750000 -0.0465598904 0.1375000000
0.0343750000 -0.0459479281 0.1460937500
0.0343750000 -0.0453844873 0.1546875000
0.0343750000 -0.0440159567 0.1632812500
0.0343750000 -0.0432589326 0.1718750000
0.0343750000 -0.0432925813 0.1804687500
0.0343750000 -0.0446853629 0.1890625000
0.0343750000 -0.0460910669 0.1976562500
0.0343750000 -0.0472168720 0.2062500000
0.0343750000 -0.0480586070 0.2148437500
0.0343750000 -0.0484131267 0.2234375000
0.0343750000 -0.0488983278 0.2320312500
0.0343750000 -0.0495565171 0.2406250000
0.0343750000 -0.0502420923 0.2492187500
0.0343750000 -0.0510062614 0.2578125000
0.0343750000 -0.0343750000 -0.0568463500
0.0343750000 -0.0376487159 0.0601562500
0.0343750000 -0.0343750000 0.0584491443
0.0343750000 -0.0257812500 -0.0532923396
0.0343750000 -0.0257812500 0.0539108573
0.0343750000 -0.0221077224 -0.0515625000
0.0343750000 -0.0171875000 -0.0490500077
0.0343750000 -0.0218047334 0.0515625000
0.0343750000 -0.0171875000 0.0487976032
0.0343750000 -0.0086496351 -0.0429687500
0.0343750000 -0.0085937500 -0.0429119478
0.0343750000 -0.0099464168 0.0429687500
0.0343750000 -0.0085937500 0.0412188096
0.0343750000 -0.0008801945 -0.0343750000
0.0343750000 0.0000000000 -0.0328496162
0.0343750000 -0.0036889858 0.0343750000
0.0343750000 0.0000000000 0.0279133423
0.0343750000 0.0040189655 -0.0257812500
0.0343750000 0.0074537908 -0.0171875000
0.0284051309 0.0085937500 -0.0085937500
0.0343750000 0.0085937500 -0.0108706583
0.0274491627 0.0085937500 0.0000000000
0.0343750000 0.0073958459 0.0085937500
0.0343750000 0.0085937500 0.0026508880
0.0343750000 0.0049317459 0.0171875000
0.0343750000 0.0013277572 0.0257812500
0.0343750000 0.0091481498 -0.0085937500
0.0343750000 0.0092508357 0.0000000000
0.0405005792 -0.1203125000 -0.0343750000
0.0429687500 -0.1224361770 -0.0257812500
0.0429687500 -0.1203125000 -0.0341369448
0.0429687500 -0.1239153183 -0.0171875000
0.0429687500 -0.1250110760 -0.0085937500
0.0429687500 -0.1255149084 0.0000000000
0.0429687500 -0.1260203032 0.0085937500
0.0429687500 -0.1263103443 0.0171875000
0.0429687500 -0.1255798398 0.0257812500
0.0429687500 -0.1230467256 0.0343750000
0.0429687500 -0.1203125000 0.0415795937
0.0390383618 -0.1117187500 -0.1375000000
0.0429687500 -0.1120563606 -0.1375000000
0.0429687500 -0.1117187500 -0.1392080801
0.0429687500 -0.1131559564 -0.1289062500
0.0429687500 -0.1142210074 -0.1203125000
0.0429687500 -0.1148377743 -0.1117187500
0.0429687500 -0.1151104538 -0.1031250000
0.0429687500 -0.1148370387 -0.0945312500
0.0429687500 -0.1147287400 -0.0859375000
0.0429687500 -0.1153498770 -0.0773437500
0.0429687500 -0.1162666288 -0.0687500000
0.0429687500 -0.1174857205 -0.0601562500
0.0429687500 -0.1182052046 -0.0515625000
0.0429687500 -0.1184210689 -0.0429687500
0.0429687500 -0.1202598898 -0.0343750000
0.0429687500 -0.1197900252 0.0429687500
0.0429687500 -0.1180620264 0.0515625000
0.0429687500 -0.1169200430 0.0601562500
0.0429687500 -0.1162928929 0.0687500000
0.0429687500 -0.1157480163 0.0773437500
0.0429687500 -0.1160316599 0.0859375000
0.0429687500 -0.1166965207 0.0945312500
0.0429687500 -0.1168753949 0.1031250000
0.0429687500 -0.1161586093 0.1117187500
0.0429687500 -0.1147404109 0.1203125000
0.0429687500 -0.1135285231 0.1289062500
0.0389938248 -0.1117187500 0.1375000000
0.0429687500 -0.1123900563 0.1375000000
0.0429687500 -0.1117187500 0.1421619021
0.0405112424 -0.1031250000 -0.1718750000
0.0429687500 -0.1034230088 -0.1718750000
0.0429687500 -0.1031250000 -0.1727296146
0.0429687500 -0.1060380396 -0.1632812500
0.0429687500 -0.1082126745 -0.1546875000
0.0429687500 -0.1103046338 -0.1460937500
0.0429687500 -0.1111327959 0.1460937500
0.0429687500 -0.1090603229 0.1546875000
0.0429687500 -0.1069017237 0.1632812500
0.0388152010 -0.1031250000 0.1718750000
0.0429687500 -0.1038856272 0.1718750000
0.0429687500 -0.1031250000 0.1735835203
0.0429687500 -0.0973609787 -0.1890625000
0.0429687500 -0.0945312500 -0.1969879884
0.0429687500 -0.1003765385 -0.1804687500
0.0429687500 -0.1000835713 0.1804687500
0.0429687500 -0.0965746635 0.1890625000
0.0429687500 -0.0945312500 0.1955563883
0.0429687500 -0.0868432092 -0.2148437500
0.0429687500 -0.0859375000 -0.2167603948
0.0429687500 -0.0907674450 -0.2062500000
0.0429687500 -0.0942899952 -0.1976562500
0.0429687500 -0.0936416993 0.1976562500
0.0429687500 -0.0905122514 0.2062500000
0.0429687500 -0.0875927093 0.2148437500
0.0394681848 -0.0859375000 0.2234375000
0.0429687500 -0.0859375000 0.2217427369
0.0429687500 -0.0774302776 -0.2320312500
0.0429687500 -0.0773437500 -0.2323322402
0.0429687500 -0.0819642843 -0.2234375000
0.0429687500 -0.0854331782 0.2234375000
0.0429687500 -0.0834744275 0.2320312500
0.0429687500 -0.0817359838 0.2406250000
0.0429687500 -0.0801668021 0.2492187500
0.0429687500 -0.0787452250 0.2578125000
0.0418769038 -0.0773437500 0.2664062500
0.0429687500 -0.0773437500 0.2651789265
0.0345831112 -0.0773437500 0.2750000000
0.0376104606 -0.0687500000 -0.2750000000
0.0410787088 -0.0687500000 -0.2664062500
0.0429687500 -0.0694453408 -0.2578125000
0.0429687500 -0.0687500000 -0.2626971205
0.0429687500 -0.0704341932 -0.2492187500
0.0429687500 -0.0728521984 -0.2406250000
0.0429687500 -0.0769571916 0.2664062500
0.0429687500 -0.0742548040 0.2750000000
0.0429687500 -0.0720495054 0.2835937500
0.0429687500 -0.0699856817 0.2921875000
0.0418073150 -0.0687500000 0.3007812500
0.0429687500 -0.0687500000 0.2986122099
0.0355335168 -0.0687500000 0.3093750000
0.0350044040 -0.0601562500 -0.2921875000
0.0372720963 -0.0601562500 -0.2835937500
0.0393651885 -0.0601562500 -0.2750000000
0.0410032323 -0.0601562500 -0.2664062500
0.0416344081 -0.0601562500 -0.2578125000
0.0429687500 -0.0647546906 -0.2578125000
0.0418901633 -0.0601562500 -0.2492187500
0.0429687500 -0.0627097021 -0.2492187500
0.0425127713 -0.0601562500 -0.2406250000
0.0429687500 -0.0608199036 -0.2406250000
0.0429687500 -0.0601562500 -0.2398036310
0.0422625257 -0.0601562500 0.2921875000
0.0429687500 -0.0619887921 0.2921875000
0.0429687500 -0.0601562500 0.2900875352
0.0398125533 -0.0601562500 0.3007812500
0.0369830895 -0.0601562500 0.3093750000
0.0429687500 -0.0579333499 -0.2320312500
0.0355800861 -0.0515625000 -0.2234375000
0.0429687500 -0.0544099391 -0.2234375000
0.0426431916 -0.0515625000 -0.2148437500
0.0429687500 -0.0516529940 -0.2148437500
0.0429687500 -0.0515625000 -0.2144063528
0.0429687500 -0.0517915993 -0.1375000000
0.0429687500 -0.0515625000 -0.1408635728
0.0429687500 -0.0522214166 -0.1289062500
0.0429687500 -0.0530349183 -0.1203125000
0.0429687500 -0.0537555223 -0.1117187500
0.0429687500 -0.0546318536 -0.1031250000
0.0429687500 -0.0555189713 -0.0945312500
0.0429687500 -0.0561888139 -0.0859375000
0.0429687500 -0.0562978150 -0.0773437500
0.0429687500 -0.0548947746 -0.0687500000
0.0429687500 -0.0515625000 -0.0661231782
0.0428295843 -0.0515625000 0.2406250000
0.0429687500 -0.0516212112 0.2406250000
0.0429687500 -0.0515625000 0.2403170093
0.0396087964 -0.0515625000 0.2492187500
0.0429687500 -0.0530410385 0.2492187500
0.0364367995 -0.0515625000 0.2578125000
0.0429687500 -0.0545334924 0.2578125000
0.0429687500 -0.0559837526 0.2664062500
0.0429687500 -0.0575958992 0.2750000000
0.0429687500 -0.0591873629 0.2835937500
0.0429687500 -0.0502404499 -0.2062500000
0.0429687500 -0.0493831246 -0.1976562500
0.0429687500 -0.0488364510 -0.1890625000
0.0429687500 -0.0489969069 -0.1804687500
0.0429687500 -0.0490785697 -0.1718750000
0.0429687500 -0.0496672293 -0.1632812500
0.0429687500 -0.0505650851 -0.1546875000
0.0429687500 -0.0512201151 -0.1460937500
0.0385508965 -0.0429687500 -0.0601562500
0.0429687500 -0.0429687500 -0.0604628451
0.0429687500 -0.0465593334 0.0687500000
0.0429687500 -0.0429687500 0.0657087422
0.0429687500 -0.0497821001 0.0773437500
0.0429687500 -0.0507063702 0.0859375000
0.0429687500 -0.0507352648 0.0945312500
0.0429687500 -0.0502453585 0.1031250000
0.0429687500 -0.0489672895 0.1117187500
0.0429687500 -0.0482425072 0.1203125000
0.0429687500 -0.0471147300 0.1289062500
0.0429687500 -0.0452194676 0.1375000000
0.0429687500 -0.0445515084 0.1460937500
0.0429687500 -0.0443002884 0.1546875000
0.0429687500 -0.0437118670 0.1632812500
0.0429687500 -0.0434610204 0.1718750000
0.0429687500 -0.0440710554 0.1804687500
0.0429687500 -0.0460009615 0.1890625000
0.0429687500 -0.0475533208 0.1976562500
0.0429687500 -0.0486458320 0.2062500000
0.0429687500 -0.0493736604 0.2148437500
0.0429687500 -0.0499232928 0.2234375000
0.0429687500 -0.0506874855 0.2320312500
0.0429687500 -0.0425229929 -0.0601562500
0.0429687500 -0.0343750000 -0.0570071559
0.0429687500 -0.0372124992 0.0601562500
0.0429687500 -0.0343750000 0.0586503433
0.0429687500 -0.0257812500 -0.0533764627
0.0429687500 -0.0257812500 0.0540733265
0.0429687500 -0.0218612124 -0.0515625000
0.0429687500 -0.0171875000 -0.0492920606
0.0429687500 -0.0215610254 0.0515625000
0.0429687500 -0.0171875000 0.0489223133
0.0350205544 -0.0085937500 -0.0429687500
0.0429687500 -0.0085937500 -0.0435376706
0.0429687500 -0.0096950952 0.0429687500
0.0429687500 -0.0085937500 0.0415881783
0.0429687500 -0.0079476106 -0.0429687500
0.0418472416 0.0000000000 -0.0343750000
0.0429687500 0.0000000000 -0.0345186252
0.0429687500 -0.0033007453 0.0343750000
0.0429687500 0.0000000000 0.0286154256
0.0429687500 0.0001307583 -0.0343750000
0.0429687500 0.0046114489 -0.0257812500
0.0429687500 0.0078620908 -0.0171875000
0.0429687500 0.0085937500 -0.0131311555
0.0429687500 0.0078451629 0.0085937500
0.0429687500 0.0085937500 0.0045702204
0.0429687500 0.0053029440 0.0171875000
0.0429687500 0.0018029840 0.0257812500
0.0429687500 0.0097272792 -0.0085937500
0.0429687500 0.0096288868 0.0000000000
0.0515625000 -0.1224481841 -0.0257812500
0.0515625000 -0.1203125000 -0.0336874560
0.0515625000 -0.1239978915 -0.0171875000
0.0515625000 -0.1250931720 -0.0085937500
0.0515625000 -0.1255298079 0.0000000000
0.0515625000 -0.1260172552 0.0085937500
0.0515625000 -0.1262954074 0.0171875000
0.0515625000 -0.1254485659 0.0257812500
0.0515625000 -0.1230792339 0.0343750000
0.0515625000 -0.1203125000 0.0414596997
0.0515625000 -0.1128186171 -0.1375000000
0.0515625000 -0.1117187500 -0.1430193528
0.0515625000 -0.1138787979 -0.1289062500
0.0515625000 -0.1147541556 -0.1203125000
0.0515625000 -0.1153183951 -0.1117187500
0.0515625000 -0.1154325039 -0.1031250000
0.0515625000 -0.1149916675 -0.0945312500
0.0515625000 -0.1147568172 -0.0859375000
0.0515625000 -0.1152680207 -0.0773437500
0.0515625000 -0.1160000608 -0.0687500000
0.0515625000 -0.1168960331 -0.0601562500
0.0515625000 -0.1175592533 -0.0515625000
0.0515625000 -0.1181652371 -0.0429687500
0.0515625000 -0.1201485926 -0.0343750000
0.0515625000 -0.1197274085 0.0429687500
0.0515625000 -0.1177458234 0.0515625000
0.0515625000 -0.1162098966 0.0601562500
0.0515625000 -0.1153345912 0.0687500000
0.0515625000 -0.1150579459 0.0773437500
0.0515625000 -0.1159124254 0.0859375000
0.0515625000 -0.1171199186 0.0945312500
0.0515625000 -0.1177759453 0.1031250000
0.0515625000 -0.1173863484 0.1117187500
0.0515625000 -0.1163832473 0.1203125000
0.0515625000 -0.1151344045 0.1289062500
0.0515625000 -0.1140816840 0.1375000000
0.0458708536 -0.1117187500 0.1460937500
0.0515625000 -0.1128288445 0.1460937500
0.0515625000 -0.1117187500 0.1510077551
0.0515625000 -0.1047171581 -0.1718750000
0.0515625000 -0.1031250000 -0.1766813837
0.0515625000 -0.1071748813 -0.1632812500
0.0515625000 -0.1092674158 -0.1546875000
0.0515625000 -0.1110859066 -0.1460937500
0.0515625000 -0.1108640628 0.1546875000
0.0515625000 -0.1084997096 0.1632812500
0.0515625000 -0.1054814456 0.1718750000
0.0515625000 -0.1031250000 0.1773966502
0.0450014158 -0.0945312500 -0.1976562500
0.0515625000 -0.0953150632 -0.1976562500
0.0515625000 -0.0945312500 -0.1994606682
0.0515625000 -0.0984823941 -0.1890625000
0.0515625000 -0.1017986546 -0.1804687500
0.0515625000 -0.1017002195 0.1804687500
0.0515625000 -0.0975832077 0.1890625000
0.0515625000 -0.0945312500 0.1965438832
0.0515625000 -0.0874444076 -0.2148437500
0.0515625000 -0.0859375000 -0.2179403733
0.0515625000 -0.0915690070 -0.2062500000
0.0515625000 -0.0939050039 0.1976562500
0.0515625000 -0.0898580125 0.2062500000
0.0515625000 -0.0866074576 0.2148437500
0.0515625000 -0.0859375000 0.2176795427
0.0482590346 -0.0773437500 -0.2320312500
0.0515625000 -0.0822980086 -0.2234375000
0.0515625000 -0.0773437500 -0.2319255097
0.0515625000 -0.0841808357 0.2234375000
0.0515625000 -0.0820387044 0.2320312500
0.0515625000 -0.0802769047 0.2406250000
0.0515625000 -0.0786709044 0.2492187500
0.0500451065 -0.0773437500 0.2578125000
0.0515625000 -0.0773437500 0.2561785005
0.0442232031 -0.0687500000 -0.2578125000
0.0458805454 -0.0687500000 -0.2492187500
0.0497172517 -0.0687500000 -0.2406250000
0.0515625000 -0.0771693934 -0.2320312500
0.0515625000 -0.0687500000 -0.2390283809
0.0515625000 -0.0766759321 0.2578125000
0.0515625000 -0.0730131969 0.2664062500
0.0515625000 -0.0701216901 0.2750000000
0.0495967784 -0.0687500000 0.2835937500
0.0515625000 -0.0687500000 0.2796785888
0.0456214595 -0.0687500000 0.2921875000
0.0470551285 -0.0601562500 -0.2320312500
0.0515625000 -0.0637794961 -0.2320312500
0.0515625000 -0.0601562500 -0.2271591996
0.0502374429 -0.0601562500 0.2664062500
0.0515625000 -0.0619104738 0.2664062500
0.0515625000 -0.0601562500 0.2629077179
0.0473059138 -0.0601562500 0.2750000000
0.0515625000 -0.0662338323 0.2750000000
0.0446674212 -0.0601562500 0.2835937500
0.0515625000 -0.0582887710 -0.2234375000
0.0515625000 -0.0543022906 -0.2148437500
0.0493848665 -0.0515625000 -0.2062500000
0.0515625000 -0.0520709778 -0.2062500000
0.0515625000 -0.0515625000 -0.2023483510
0.0515625000 -0.0518885824 -0.1375000000
0.0515625000 -0.0515625000 -0.1454469615
0.0515625000 -0.0522609432 -0.1289062500
0.0515625000 -0.0529664109 -0.1203125000
0.0515625000 -0.0537133226 -0.1117187500
0.0515625000 -0.0545195636 -0.1031250000
0.0515625000 -0.0554054354 -0.0945312500
0.0515625000 -0.0560913970 -0.0859375000
0.0515625000 -0.0558922714 -0.0773437500
0.0515625000 -0.0543864759 -0.0687500000
0.0515625000 -0.0515625000 -0.0665597043
0.0500753789 -0.0515625000 0.2234375000
0.0515625000 -0.0521720054 0.2234375000
0.0515625000 -0.0515625000 0.2198469830
0.0461491717 -0.0515625000 0.2320312500
0.0515625000 -0.0540930574 0.2320312500
0.0515625000 -0.0557927543 0.2406250000
0.0515625000 -0.0574180965 0.2492187500
0.0515625000 -0.0591099941 0.2578125000
0.0515625000 -0.0510158529 -0.1976562500
0.0515625000 -0.0504826177 -0.1890625000
0.0515625000 -0.0500980711 -0.1804687500
0.0515625000 -0.0499255578 -0.1718750000
0.0515625000 -0.0503030605 -0.1632812500
0.0515625000 -0.0509506116 -0.1546875000
0.0515625000 -0.0515347753 -0.1460937500
0.0515625000 -0.0429687500 -0.0608670187
0.0515625000 -0.0462247454 0.0687500000
0.0515625000 -0.0429687500 0.0660737195
0.0515625000 -0.0495336666 0.0773437500
0.0515625000 -0.0503426929 0.0859375000
0.0515625000 -0.0507137521 0.0945312500
0.0515625000 -0.0498324311 0.1031250000
0.0515625000 -0.0485415750 0.1117187500
0.0515625000 -0.0476726437 0.1203125000
0.0515625000 -0.0461402530 0.1289062500
0.0515625000 -0.0440471457 0.1375000000
0.0515625000 -0.0431539873 0.1460937500
0.0515625000 -0.0433848529 0.1546875000
0.0515625000 -0.0435563352 0.1632812500
0.0515625000 -0.0442883668 0.1718750000
0.0515625000 -0.0454278359 0.1804687500
0.0515625000 -0.0473470403 0.1890625000
0.0515625000 -0.0489723404 0.1976562500
0.0515625000 -0.0502689517 0.2062500000
0.0515625000 -0.0510498543 0.2148437500
0.0515625000 -0.0418959082 -0.0601562500
0.0515625000 -0.0343750000 -0.0573303785
0.0515625000 -0.0366198638 0.0601562500
0.0515625000 -0.0343750000 0.0589866641
0.0515625000 -0.0257812500 -0.0537835430
0.0515625000 -0.0257812500 0.0542063110
0.0515625000 -0.0210556590 -0.0515625000
0.0515625000 -0.0171875000 -0.0496176828
0.0515625000 -0.0214509826 0.0515625000
0.0515625000 -0.0171875000 0.0488564455
0.0515625000 -0.0085937500 -0.0443424656
0.0515625000 -0.0099093764 0.0429687500
0.0515625000 -0.0085937500 0.0413522312
0.0515625000 -0.0070066149 -0.0429687500
0.0515625000 0.0000000000 -0.0352123365
0.0515625000 -0.0034184634 0.0343750000
0.0515625000 0.0000000000 0.0286600962
0.0515625000 0.0007526000 -0.0343750000
0.0515625000 0.0052081471 -0.0257812500
0.0515625000 0.0084613636 -0.0171875000
0.0515625000 0.0085937500 -0.0162793798
0.0515625000 0.0081175341 0.0085937500
0.0515625000 0.0085937500 0.0058904605
0.0515625000 0.0055385189 0.0171875000
0.0515625000 0.0019227961 0.0257812500
0.0515625000 0.0101668604 -0.0085937500
0.0515625000 0.0099347101 0.0000000000
0.0601562500 -0.1223631002 -0.0257812500
0.0601562500 -0.1203125000 -0.0334798411
0.0601562500 -0.1240822788 -0.0171875000
0.0601562500 -0.1251394732 -0.0085937500
0.0601562500 -0.1255377639 0.0000000000
0.0601562500 -0.1259605538 0.0085937500
0.0601562500 -0.1261349079 0.0171875000
0.0601562500 -0.1252538295 0.0257812500
0.0601562500 -0.1228128331 0.0343750000
0.0601562500 -0.1203125000 0.0400297336
0.0566839986 -0.1117187500 -0.1460937500
0.0601562500 -0.1121340173 -0.1460937500
0.0601562500 -0.1117187500 -0.1487586748
0.0601562500 -0.1136423726 -0.1375000000
0.0601562500 -0.1146875412 -0.1289062500
0.0601562500 -0.1151674102 -0.1203125000
0.0601562500 -0.1155133907 -0.1117187500
0.0601562500 -0.1154193562 -0.1031250000
0.0601562500 -0.1151436484 -0.0945312500
0.0601562500 -0.1148725091 -0.0859375000
0.0601562500 -0.1149855372 -0.0773437500
0.0601562500 -0.1150998178 -0.0687500000
0.0601562500 -0.1157583789 -0.0601562500
0.0601562500 -0.1167884796 -0.0515625000
0.0601562500 -0.1179013434 -0.0429687500
0.0601562500 -0.1200986820 -0.0343750000
0.0601562500 -0.1191074519 0.0429687500
0.0601562500 -0.1170287722 0.0515625000
0.0601562500 -0.1152286818 0.0601562500
0.0601562500 -0.1140731597 0.0687500000
0.0601562500 -0.1141044337 0.0773437500
0.0601562500 -0.1156452986 0.0859375000
0.0601562500 -0.1173217670 0.0945312500
0.0601562500 -0.1183403651 0.1031250000
0.0601562500 -0.1184488147 0.1117187500
0.0601562500 -0.1180009804 0.1203125000
0.0601562500 -0.1171070034 0.1289062500
0.0601562500 -0.1159653961 0.1375000000
0.0601562500 -0.1145878856 0.1460937500
0.0554050015 -0.1117187500 0.1546875000
0.0601562500 -0.1128136044 0.1546875000
0.0601562500 -0.1117187500 0.1586626256
0.0577894655 -0.1031250000 -0.1804687500
0.0601562500 -0.1035971298 -0.1804687500
0.0601562500 -0.1031250000 -0.1815642801
0.0601562500 -0.1061920632 -0.1718750000
0.0601562500 -0.1086193401 -0.1632812500
0.0601562500 -0.1107280420 -0.1546875000
0.0601562500 -0.1103754768 0.1632812500
0.0601562500 -0.1071792664 0.1718750000
0.0601562500 -0.1031250000 0.1803655365
0.0601562500 -0.0963428774 -0.1976562500
0.0601562500 -0.0945312500 -0.2016042055
0.0601562500 -0.0998398817 -0.1890625000
0.0601562500 -0.1030686514 0.1804687500
0.0601562500 -0.0986682706 0.1890625000
0.0601562500 -0.0945312500 0.1972919424
0.0601562500 -0.0880733145 -0.2148437500
0.0601562500 -0.0859375000 -0.2189308028
0.0601562500 -0.0923265696 -0.2062500000
0.0601562500 -0.0942646176 0.1976562500
0.0601562500 -0.0889445960 0.2062500000
0.0583299437 -0.0859375000 0.2148437500
0.0601562500 -0.0859375000 0.2142760950
0.0601562500 -0.0823727025 -0.2234375000
0.0601562500 -0.0773437500 -0.2305764336
0.0601562500 -0.0856484541 0.2148437500
0.0601562500 -0.0826585625 0.2234375000
0.0601562500 -0.0803406662 0.2320312500
0.0601562500 -0.0785457423 0.2406250000
0.0577261272 -0.0773437500 0.2492187500
0.0601562500 -0.0773437500 0.2463910974
0.0601562500 -0.0720925624 -0.2320312500
0.0601562500 -0.0687500000 -0.2331721826
0.0601562500 -0.0755768385 0.2492187500
0.0601562500 -0.0702249500 0.2578125000
0.0575573081 -0.0687500000 0.2664062500
0.0601562500 -0.0687500000 0.2607317098
0.0536688817 -0.0687500000 0.2750000000
0.0601562500 -0.0679630993 -0.2320312500
0.0563110488 -0.0601562500 -0.2234375000
0.0601562500 -0.0618357870 -0.2234375000
0.0601562500 -0.0601562500 -0.2210817202
0.0569776995 -0.0601562500 0.2492187500
0.0601562500 -0.0636468656 0.2492187500
0.0601562500 -0.0601562500 0.2413966125
0.0534231614 -0.0601562500 0.2578125000
0.0601562500 -0.0675328856 0.2578125000
0.0601562500 -0.0567911347 -0.2148437500
0.0601562500 -0.0539107126 -0.2062500000
0.0543584300 -0.0515625000 -0.1976562500
0.0601562500 -0.0527704855 -0.1976562500
0.0571968070 -0.0515625000 -0.1890625000
0.0601562500 -0.0521131145 -0.1890625000
0.0601562500 -0.0515625000 -0.1811876389
0.0583721507 -0.0515625000 -0.1546875000
0.0601562500 -0.0517181938 -0.1546875000
0.0601562500 -0.0515625000 -0.1577165976
0.0519267819 -0.0515625000 -0.1460937500
0.0601562500 -0.0521524052 -0.1460937500
0.0601562500 -0.0523839924 -0.1375000000
0.0601562500 -0.0526853170 -0.1289062500
0.0601562500 -0.0533040449 -0.1203125000
0.0601562500 -0.0539328984 -0.1117187500
0.0601562500 -0.0544911474 -0.1031250000
0.0601562500 -0.0553261227 -0.0945312500
0.0601562500 -0.0559171951 -0.0859375000
0.0601562500 -0.0555662661 -0.0773437500
0.0601562500 -0.0537662330 -0.0687500000
0.0601562500 -0.0515625000 -0.0671118193
0.0577783941 -0.0515625000 0.2062500000
0.0601562500 -0.0523006539 0.2062500000
0.0601562500 -0.0515625000 0.2033892806
0.0541451957 -0.0515625000 0.2148437500
0.0601562500 -0.0535104176 0.2148437500
0.0601562500 -0.0555208560 0.2234375000
0.0601562500 -0.0580301514 0.2320312500
0.0601562500 -0.0599969925 0.2406250000
0.0601562500 -0.0515112955 -0.1804687500
0.0601562500 -0.0511302049 -0.1718750000
0.0601562500 -0.0512651333 -0.1632812500
0.0601562500 -0.0429687500 -0.0619248247
0.0601562500 -0.0461585514 0.0687500000
0.0601562500 -0.0429687500 0.0662435387
0.0601562500 -0.0496279208 0.0773437500
0.0601562500 -0.0503469168 0.0859375000
0.0601562500 -0.0506388237 0.0945312500
0.0601562500 -0.0498479222 0.1031250000
0.0601562500 -0.0484812557 0.1117187500
0.0601562500 -0.0471088729 0.1203125000
0.0601562500 -0.0451002241 0.1289062500
0.0601562500 -0.0431029454 0.1375000000
0.0533808232 -0.0429687500 0.1460937500
0.0601562500 -0.0429687500 0.1390470697
0.0594153917 -0.0429687500 0.1546875000
0.0601562500 -0.0439577689 0.1632812500
0.0601562500 -0.0429687500 0.1550325868
0.0601562500 -0.0451214409 0.1718750000
0.0601562500 -0.0468291397 0.1804687500
0.0601562500 -0.0488410838 0.1890625000
0.0601562500 -0.0506091056 0.1976562500
0.0601562500 -0.0403313339 -0.0601562500
0.0601562500 -0.0343750000 -0.0576489212
0.0601562500 -0.0362514932 0.0601562500
0.0601562500 -0.0343750000 0.0591889132
0.0601562500 -0.0424707206 0.1460937500
0.0601562500 -0.0429383422 0.1546875000
0.0601562500 -0.0257812500 -0.0541376304
0.0601562500 -0.0257812500 0.0543214251
0.0601562500 -0.0201944939 -0.0515625000
0.0601562500 -0.0171875000 -0.0500710935
0.0601562500 -0.0214562680 0.0515625000
0.0601562500 -0.0171875000 0.0487148908
0.0601562500 -0.0085937500 -0.0449078465
0.0601562500 -0.0100742757 0.0429687500
0.0601562500 -0.0085937500 0.0411210503
0.0601562500 -0.0063547841 -0.0429687500
0.0601562500 0.0000000000 -0.0357470675
0.0601562500 -0.0037147514 0.0343750000
0.0601562500 0.0000000000 0.0281470889
0.0601562500 0.0012612951 -0.0343750000
0.0601562500 0.0057931217 -0.0257812500
0.0536500485 0.0085937500 -0.0171875000
0.0601562500 0.0085937500 -0.0183125201
0.0601562500 0.0081863762 0.0085937500
0.0601562500 0.0085937500 0.0064465113
0.0601562500 0.0054516934 0.0171875000
0.0601562500 0.0016056999 0.0257812500
0.0601562500 0.0091174541 -0.0171875000
0.0601562500 0.0105333286 -0.0085937500
0.0601562500 0.0102279845 0.0000000000
0.0687500000 -0.1221304190 -0.0257812500
0.0687500000 -0.1203125000 -0.0325903889
0.0687500000 -0.1239911921 -0.0171875000
0.0687500000 -0.1250453349 -0.0085937500
0.0687500000 -0.1254804548 0.0000000000
0.0687500000 -0.1257836087 0.0085937500
0.0687500000 -0.1257937103 0.0171875000
0.0687500000 -0.1248397650 0.0257812500
0.0687500000 -0.1221055020 0.0343750000
0.0687500000 -0.1203125000 0.0382467171
0.0655905946 -0.1117187500 -0.1546875000
0.0687500000 -0.1122309004 -0.1546875000
0.0687500000 -0.1117187500 -0.1572594240
0.0687500000 -0.1133983499 -0.1460937500
0.0687500000 -0.1145699288 -0.1375000000
0.0687500000 -0.1151671250 -0.1289062500
0.0687500000 -0.1154526795 -0.1203125000
0.0687500000 -0.1156842415 -0.1117187500
0.0687500000 -0.1156175157 -0.1031250000
0.0687500000 -0.1152726388 -0.0945312500
0.0687500000 -0.1148550965 -0.0859375000
0.0687500000 -0.1143158262 -0.0773437500
0.0687500000 -0.1137458207 -0.0687500000
0.0687500000 -0.1145182189 -0.0601562500
0.0687500000 -0.1159178509 -0.0515625000
0.0687500000 -0.1175091743 -0.0429687500
0.0687500000 -0.1198883655 -0.0343750000
0.0687500000 -0.1184250666 0.0429687500
0.0687500000 -0.1161767270 0.0515625000
0.0687500000 -0.1140527095 0.0601562500
0.0687500000 -0.1124640905 0.0687500000
0.0687500000 -0.1129667811 0.0773437500
0.0687500000 -0.1150034915 0.0859375000
0.0687500000 -0.1172389402 0.0945312500
0.0687500000 -0.1187180949 0.1031250000
0.0687500000 -0.1192387446 0.1117187500
0.0687500000 -0.1191658675 0.1203125000
0.0687500000 -0.1188317438 0.1289062500
0.0687500000 -0.1180000089 0.1375000000
0.0687500000 -0.1166071243 0.1460937500
0.0687500000 -0.1148140581 0.1546875000
0.0660799596 -0.1117187500 0.1632812500
0.0687500000 -0.1123412104 0.1632812500
0.0687500000 -0.1117187500 0.1648242806
0.0687500000 -0.1051618531 -0.1804687500
0.0687500000 -0.1031250000 -0.1852129107
0.0687500000 -0.1079941928 -0.1718750000
0.0687500000 -0.1104213899 -0.1632812500
0.0687500000 -0.1088410513 0.1718750000
0.0604401882 -0.1031250000 0.1804687500
0.0687500000 -0.1046116729 0.1804687500
0.0687500000 -0.1031250000 0.1833685773
0.0687500000 -0.0973613884 -0.1976562500
0.0687500000 -0.0945312500 -0.2034533467
0.0687500000 -0.1013337357 -0.1890625000
0.0687500000 -0.0999119503 0.1890625000
0.0687500000 -0.0945312500 0.1976526449
0.0687500000 -0.0884876170 -0.2148437500
0.0687500000 -0.0859375000 -0.2193871715
0.0687500000 -0.0931217604 -0.2062500000
0.0687500000 -0.0945279351 0.1976562500
0.0687500000 -0.0883943749 0.2062500000
0.0687500000 -0.0859375000 0.2125083329
0.0687500000 -0.0821010541 -0.2234375000
0.0687500000 -0.0773437500 -0.2289138654
0.0687500000 -0.0844175607 0.2148437500
0.0687500000 -0.0806024355 0.2234375000
0.0687500000 -0.0778684050 0.2320312500
0.0642376761 -0.0773437500 0.2406250000
0.0687500000 -0.0773437500 0.2340828490
0.0621004647 -0.0687500000 -0.2320312500
0.0687500000 -0.0687500000 -0.2284985105
0.0687500000 -0.0703466271 0.2406250000
0.0653169245 -0.0687500000 0.2492187500
0.0687500000 -0.0687500000 0.2420581619
0.0614096726 -0.0687500000 0.2578125000
0.0687500000 -0.0652584742 -0.2234375000
0.0687500000 -0.0601562500 -0.2162101763
0.0645110292 -0.0601562500 0.2320312500
0.0687500000 -0.0642917222 0.2320312500
0.0687500000 -0.0601562500 0.2256907974
0.0604720389 -0.0601562500 0.2406250000
0.0687500000 -0.0681483821 0.2406250000
0.0687500000 -0.0594254016 -0.2148437500
0.0687500000 -0.0561754677 -0.2062500000
0.0687500000 -0.0546735217 -0.1976562500
0.0687500000 -0.0537992502 -0.1890625000
0.0604443746 -0.0515625000 -0.1804687500
0.0687500000 -0.0529955191 -0.1804687500
0.0625091540 -0.0515625000 -0.1718750000
0.0687500000 -0.0527096341 -0.1718750000
0.0619096530 -0.0515625000 -0.1632812500
0.0687500000 -0.0527088749 -0.1632812500
0.0687500000 -0.0530121899 -0.1546875000
0.0687500000 -0.0530274557 -0.1460937500
0.0687500000 -0.0531472379 -0.1375000000
0.0687500000 -0.0534407481 -0.1289062500
0.0687500000 -0.0538285143 -0.1203125000
0.0687500000 -0.0543158827 -0.1117187500
0.0687500000 -0.0547964877 -0.1031250000
0.0687500000 -0.0554217587 -0.0945312500
0.0687500000 -0.0556262305 -0.0859375000
0.0687500000 -0.0549798524 -0.0773437500
0.0687500000 -0.0526444088 -0.0687500000
0.0687500000 -0.0515625000 -0.0679259322
0.0647117714 -0.0515625000 0.1976562500
0.0687500000 -0.0528423079 0.1976562500
0.0687500000 -0.0515625000 0.1940656198
0.0687500000 -0.0552908894 0.2062500000
0.0687500000 -0.0570401328 0.2148437500
0.0687500000 -0.0594141096 0.2234375000
0.0687500000 -0.0429687500 -0.0625882400
0.0687500000 -0.0462903347 0.0687500000
0.0687500000 -0.0429687500 0.0662397146
0.0687500000 -0.0501746931 0.0773437500
0.0687500000 -0.0510065898 0.0859375000
0.0687500000 -0.0508709971 0.0945312500
0.0687500000 -0.0501761447 0.1031250000
0.0687500000 -0.0487923860 0.1117187500
0.0687500000 -0.0467168678 0.1203125000
0.0687500000 -0.0444147116 0.1289062500
0.0621979508 -0.0429687500 0.1375000000
0.0687500000 -0.0429687500 0.1356813029
0.0626068031 -0.0429687500 0.1546875000
0.0687500000 -0.0430767304 0.1546875000
0.0687500000 -0.0429687500 0.1537176059
0.0687500000 -0.0447533689 0.1632812500
0.0687500000 -0.0460437782 0.1718750000
0.0687500000 -0.0482616260 0.1804687500
0.0687500000 -0.0504093338 0.1890625000
0.0687500000 -0.0393314477 -0.0601562500
0.0687500000 -0.0343750000 -0.0580345019
0.0687500000 -0.0362150759 0.0601562500
0.0687500000 -0.0343750000 0.0591968937
0.0687500000 -0.0426560518 0.1375000000
0.0687500000 -0.0424296893 0.1460937500
0.0687500000 -0.0257812500 -0.0544007729
0.0687500000 -0.0257812500 0.0541876140
0.0687500000 -0.0193078577 -0.0515625000
0.0687500000 -0.0171875000 -0.0505534068
0.0687500000 -0.0216343149 0.0515625000
0.0687500000 -0.0171875000 0.0486247996
0.0687500000 -0.0085937500 -0.0453334110
0.0687500000 -0.0103575354 0.0429687500
0.0687500000 -0.0085937500 0.0407082716
0.0687500000 -0.0058066047 -0.0429687500
0.0687500000 0.0000000000 -0.0360000739
0.0687500000 -0.0041134914 0.0343750000
0.0687500000 0.0000000000 0.0276499615
0.0687500000 0.0014409160 -0.0343750000
0.0687500000 0.0060795456 -0.0257812500
0.0687500000 0.0085937500 -0.0188361715
0.0687500000 0.0081234743 0.0085937500
0.0687500000 0.0085937500 0.0062052478
0.0687500000 0.0053053932 0.0171875000
0.0687500000 0.0012769271 0.0257812500
0.0687500000 0.0093236177 -0.0171875000
0.0687500000 0.0106362037 -0.0085937500
0.0687500000 0.0101680287 0.0000000000
0.0773437500 -0.1219204057 -0.0257812500
0.0773437500 -0.1203125000 -0.0315739462
0.0773437500 -0.1238384827 -0.0171875000
0.0773437500 -0.1249244062 -0.0085937500
0.0773437500 -0.1252735364 0.0000000000
0.0773437500 -0.1253860953 0.0085937500
0.0773437500 -0.1253309044 0.0171875000
0.0773437500 -0.1243647778 0.0257812500
0.0773437500 -0.1211394412 0.0343750000
0.0773437500 -0.1203125000 0.0361876244
0.0741377731 -0.1117187500 -0.1632812500
0.0773437500 -0.1123955957 -0.1632812500
0.0773437500 -0.1117187500 -0.1659869623
0.0773437500 -0.1135976082 -0.1546875000
0.0773437500 -0.1147185393 -0.1460937500
0.0773437500 -0.1156056431 -0.1375000000
0.0773437500 -0.1159247542 -0.1289062500
0.0773437500 -0.1159422059 -0.1203125000
0.0773437500 -0.1158767222 -0.1117187500
0.0773437500 -0.1156525724 -0.1031250000
0.0773437500 -0.1152262086 -0.0945312500
0.0773437500 -0.1145226950 -0.0859375000
0.0773437500 -0.1134529386 -0.0773437500
0.0773437500 -0.1124704330 -0.0687500000
0.0773437500 -0.1134836680 -0.0601562500
0.0773437500 -0.1149140735 -0.0515625000
0.0773437500 -0.1170001744 -0.0429687500
0.0773437500 -0.1196259229 -0.0343750000
0.0773437500 -0.1177045523 0.0429687500
0.0773437500 -0.1153182700 0.0515625000
0.0773437500 -0.1128313547 0.0601562500
0.0729995753 -0.1117187500 0.0687500000
0.0773437500 -0.1117187500 0.0656699709
0.0773437500 -0.1117274487 0.0773437500
0.0773437500 -0.1117187500 0.0772517311
0.0773437500 -0.1140250040 0.0859375000
0.0773437500 -0.1165772073 0.0945312500
0.0773437500 -0.1185775967 0.1031250000
0.0773437500 -0.1198290540 0.1117187500
0.0773437500 -0.1202167482 0.1203125000
0.0773437500 -0.1201892764 0.1289062500
0.0773437500 -0.1196716713 0.1375000000
0.0773437500 -0.1185569262 0.1460937500
0.0773437500 -0.1168059378 0.1546875000
0.0773437500 -0.1143345543 0.1632812500
0.0773437500 -0.1117187500 0.1698435630
0.0773437500 -0.1068997019 -0.1804687500
0.0773437500 -0.1031250000 -0.1890556617
0.0773437500 -0.1100124240 -0.1718750000
0.0773437500 -0.1109993907 0.0687500000
0.0773437500 -0.1108993463 0.1718750000
0.0773437500 -0.1064333104 0.1804687500
0.0773437500 -0.1031250000 0.1865361604
0.0773437500 -0.0983615143 -0.1976562500
0.0773437500 -0.0945312500 -0.2052294801
0.0773437500 -0.1031214664 -0.1890625000
0.0773437500 -0.1014108718 0.1890625000
0.0687784298 -0.0945312500 0.1976562500
0.0773437500 -0.0952886561 0.1976562500
0.0773437500 -0.0945312500 0.1987351361
0.0773437500 -0.0888912080 -0.2148437500
0.0773437500 -0.0859375000 -0.2195557459
0.0773437500 -0.0939864216 -0.2062500000
0.0773437500 -0.0877815413 0.2062500000
0.0773437500 -0.0859375000 0.2109357045
0.0773437500 -0.0808934213 -0.2234375000
0.0773437500 -0.0773437500 -0.2264726144
0.0773437500 -0.0829689695 0.2148437500
0.0773437500 -0.0775027636 0.2234375000
0.0699198324 -0.0773437500 0.2320312500
0.0773437500 -0.0773437500 0.2237020768
0.0773437500 -0.0687500000 -0.2235433671
0.0733050295 -0.0687500000 0.2320312500
0.0773437500 -0.0687500000 0.2260028766
0.0693736283 -0.0687500000 0.2406250000
0.0773437500 -0.0686779318 -0.2234375000
0.0711737013 -0.0601562500 -0.2148437500
0.0773437500 -0.0626563690 -0.2148437500
0.0773437500 -0.0601562500 -0.2106539931
0.0760526520 -0.0601562500 0.2148437500
0.0773437500 -0.0613630330 0.2148437500
0.0773437500 -0.0601562500 0.2124530557
0.0701846275 -0.0601562500 0.2234375000
0.0773437500 -0.0671466488 0.2234375000
0.0773437500 -0.0585534065 -0.2062500000
0.0773437500 -0.0569452317 -0.1976562500
0.0773437500 -0.0555914691 -0.1890625000
0.0773437500 -0.0545284309 -0.1804687500
0.0773437500 -0.0542819346 -0.1718750000
0.0773437500 -0.0542500083 -0.1632812500
0.0773437500 -0.0543048804 -0.1546875000
0.0773437500 -0.0542733540 -0.1460937500
0.0773437500 -0.0543344988 -0.1375000000
0.0773437500 -0.0544570372 -0.1289062500
0.0773437500 -0.0545475256 -0.1203125000
0.0773437500 -0.0549106002 -0.1117187500
0.0773437500 -0.0551531910 -0.1031250000
0.0773437500 -0.0554286593 -0.0945312500
0.0773437500 -0.0552594568 -0.0859375000
0.0773437500 -0.0541942447 -0.0773437500
0.0769280306 -0.0515625000 -0.0687500000
0.0773437500 -0.0515625000 -0.0688985112
0.0753109051 -0.0515625000 0.0859375000
0.0773437500 -0.0517460950 0.0859375000
0.0773437500 -0.0515625000 0.0842002651
0.0773437500 -0.0515625000 0.0926793157
0.0743006815 -0.0515625000 0.1890625000
0.0773437500 -0.0524549156 0.1890625000
0.0773437500 -0.0515625000 0.1868305194
0.0773437500 -0.0561570206 0.1976562500
0.0773437500 -0.0588223289 0.2062500000
0.0773437500 -0.0515033653 -0.0687500000
0.0773437500 -0.0429687500 -0.0631435422
0.0773437500 -0.0466572523 0.0687500000
0.0773437500 -0.0429687500 0.0660713235
0.0773437500 -0.0507788264 0.0773437500
0.0773437500 -0.0515137996 0.0945312500
0.0773437500 -0.0508780209 0.1031250000
0.0773437500 -0.0492852199 0.1117187500
0.0773437500 -0.0468143961 0.1203125000
0.0773437500 -0.0444170729 0.1289062500
0.0773437500 -0.0429687500 0.1362684697
0.0773437500 -0.0437977805 0.1546875000
0.0773437500 -0.0429687500 0.1490651767
0.0773437500 -0.0456363838 0.1632812500
0.0773437500 -0.0472840197 0.1718750000
0.0773437500 -0.0496759596 0.1804687500
0.0773437500 -0.0382798669 -0.0601562500
0.0773437500 -0.0343750000 -0.0585265055
0.0773437500 -0.0363104350 0.0601562500
0.0773437500 -0.0343750000 0.0591435820
0.0773437500 -0.0427760768 0.1375000000
0.0773437500 -0.0426916139 0.1460937500
0.0773437500 -0.0257812500 -0.0549986795
0.0773437500 -0.0257812500 0.0539533288
0.0773437500 -0.0180353279 -0.0515625000
0.0773437500 -0.0171875000 -0.0511349675
0.0773437500 -0.0221071327 0.0515625000
0.0773437500 -0.0171875000 0.0483494315
0.0773437500 -0.0085937500 -0.0455927959
0.0773437500 -0.0107098135 0.0429687500
0.0773437500 -0.0085937500 0.0401757571
0.0773437500 -0.0055276989 -0.0429687500
0.0773437500 0.0000000000 -0.0360411882
0.0773437500 -0.0044316216 0.0343750000
0.0773437500 0.0000000000 0.0271429270
0.0773437500 0.0014312047 -0.0343750000
0.0773437500 0.0060398061 -0.0257812500
0.0773437500 0.0085937500 -0.0186131159
0.0773437500 0.0079613654 0.0085937500
0.0773437500 0.0085937500 0.0050816385
0.0773437500 0.0050531261 0.0171875000
0.0773437500 0.0009180298 0.0257812500
0.0773437500 0.0092158338 -0.0171875000
0.0773437500 0.0102487194 -0.0085937500
0.0773437500 0.0097865825 0.0000000000
0.0859375000 -0.1215889485 -0.0257812500
0.0859375000 -0.1203125000 -0.0304906923
0.0859375000 -0.1235924633 -0.0171875000
0.0859375000 -0.1246451060 -0.0085937500
0.0859375000 -0.1249097904 0.0000000000
0.0859375000 -0.1249258116 0.0085937500
0.0859375000 -0.1248094409 0.0171875000
0.0859375000 -0.1238265139 0.0257812500
0.0857095631 -0.1203125000 0.0343750000
0.0859375000 -0.1203125000 0.0343255846
0.0782770977 -0.1203125000 0.1203125000
0.0859375000 -0.1210133614 0.1203125000
0.0859375000 -0.1203125000 0.1154780587
0.0780883720 -0.1203125000 0.1289062500
0.0859375000 -0.1215819054 0.1289062500
0.0810621185 -0.1203125000 0.1375000000
0.0859375000 -0.1212072452 0.1375000000
0.0845080311 -0.1203125000 0.1460937500
0.0859375000 -0.1206761156 0.1460937500
0.0859375000 -0.1203125000 0.1483983047
0.0851646616 -0.1117187500 -0.1718750000
0.0859375000 -0.1118617812 -0.1718750000
0.0859375000 -0.1117187500 -0.1723219968
0.0859375000 -0.1140229238 -0.1632812500
0.0859375000 -0.1152587620 -0.1546875000
0.0859375000 -0.1162084992 -0.1460937500
0.0859375000 -0.1168803025 -0.1375000000
0.0859375000 -0.1169038808 -0.1289062500
0.0859375000 -0.1166766219 -0.1203125000
0.0859375000 -0.1162278350 -0.1117187500
0.0859375000 -0.1157677799 -0.1031250000
0.0859375000 -0.1150431236 -0.0945312500
0.0859375000 -0.1138293733 -0.0859375000
0.0859375000 -0.1124912584 -0.0773437500
0.0830080261 -0.1117187500 -0.0687500000
0.0859375000 -0.1117187500 -0.0717147707
0.0859375000 -0.1124399412 -0.0601562500
0.0859375000 -0.1117187500 -0.0661820477
0.0859375000 -0.1138680028 -0.0515625000
0.0859375000 -0.1165466388 -0.0429687500
0.0859375000 -0.1194005906 -0.0343750000
0.0859375000 -0.1202943205 0.0343750000
0.0859375000 -0.1168406351 0.0429687500
0.0859375000 -0.1142305360 0.0515625000
0.0855910643 -0.1117187500 0.0601562500
0.0859375000 -0.1117187500 0.0600119681
0.0774035266 -0.1117187500 0.0773437500
0.0859375000 -0.1128666861 0.0859375000
0.0859375000 -0.1117187500 0.0818299994
0.0859375000 -0.1155538076 0.0945312500
0.0859375000 -0.1177590129 0.1031250000
0.0859375000 -0.1196311746 0.1117187500
0.0859375000 -0.1192276411 0.1546875000
0.0859375000 -0.1169833338 0.1632812500
0.0799920246 -0.1117187500 0.1718750000
0.0859375000 -0.1135675972 0.1718750000
0.0859375000 -0.1117187500 0.1754058884
0.0773613786 -0.1031250000 -0.1890625000
0.0859375000 -0.1045564540 -0.1890625000
0.0859375000 -0.1031250000 -0.1916662493
0.0859375000 -0.1086106947 -0.1804687500
0.0859375000 -0.1113573301 -0.0687500000
0.0859375000 -0.1116690450 0.0601562500
0.0859375000 -0.1098113152 0.0687500000
0.0859375000 -0.1103434273 0.0773437500
0.0859375000 -0.1088697115 0.1804687500
0.0840549992 -0.1031250000 0.1890625000
0.0859375000 -0.1035259300 0.1890625000
0.0859375000 -0.1031250000 0.1896934889
0.0859375000 -0.0993068576 -0.1976562500
0.0859375000 -0.0945312500 -0.2061841409
0.0859375000 -0.0965427041 0.1976562500
0.0859375000 -0.0945312500 0.2002083070
0.0859375000 -0.0890814344 -0.2148437500
0.0859375000 -0.0859375000 -0.2190706804
0.0859375000 -0.0944932126 -0.2062500000
0.0859375000 -0.0875576508 0.2062500000
0.0859375000 -0.0859375000 0.2091877170
0.0859375000 -0.0774033508 -0.2234375000
0.0859375000 -0.0773437500 -0.2234735703
0.0859375000 -0.0794628058 0.2148437500
0.0777083343 -0.0773437500 0.2234375000
0.0859375000 -0.0773437500 0.2172526047
0.0775137957 -0.0687500000 -0.2234375000
0.0859375000 -0.0772706622 -0.2234375000
0.0859375000 -0.0687500000 -0.2180967317
0.0794414118 -0.0687500000 0.2234375000
0.0859375000 -0.0687500000 0.2155826789
0.0859375000 -0.0665507526 -0.2148437500
0.0827643456 -0.0601562500 -0.2062500000
0.0859375000 -0.0614404116 -0.2062500000
0.0859375000 -0.0601562500 -0.2014308206
0.0807169612 -0.0601562500 0.2062500000
0.0859375000 -0.0640394633 0.2062500000
0.0859375000 -0.0601562500 0.2006177144
0.0859375000 -0.0683382011 0.2148437500
0.0859375000 -0.0594153909 -0.1976562500
0.0859375000 -0.0578630827 -0.1890625000
0.0859375000 -0.0564682525 -0.1804687500
0.0859375000 -0.0559247989 -0.1718750000
0.0859375000 -0.0557226208 -0.1632812500
0.0859375000 -0.0555968643 -0.1546875000
0.0859375000 -0.0555934891 -0.1460937500
0.0859375000 -0.0555654271 -0.1375000000
0.0859375000 -0.0556109675 -0.1289062500
0.0859375000 -0.0555891509 -0.1203125000
0.0859375000 -0.0556861979 -0.1117187500
0.0859375000 -0.0556345878 -0.1031250000
0.0859375000 -0.0555903020 -0.0945312500
0.0859375000 -0.0552084866 -0.0859375000
0.0859375000 -0.0538339082 -0.0773437500
0.0859375000 -0.0515625000 -0.0713969136
0.0859375000 -0.0525525209 0.0859375000
0.0859375000 -0.0515625000 0.0775841463
0.0779842143 -0.0515625000 0.0945312500
0.0859375000 -0.0521994872 0.0945312500
0.0831565092 -0.0515625000 0.1031250000
0.0859375000 -0.0518736430 0.1031250000
0.0859375000 -0.0515625000 0.1045405293
0.0859375000 -0.0549544482 0.1890625000
0.0859375000 -0.0515625000 0.1813295041
0.0859375000 -0.0591517521 0.1976562500
0.0859375000 -0.0503267877 -0.0687500000
0.0859375000 -0.0429687500 -0.0638913576
0.0859375000 -0.0470933471 0.0687500000
0.0859375000 -0.0429687500 0.0658673239
0.0859375000 -0.0515325753 0.0773437500
0.0859375000 -0.0500279518 0.1117187500
0.0859375000 -0.0474583236 0.1203125000
0.0859375000 -0.0452308153 0.1289062500
0.0808595859 -0.0429687500 0.1375000000
0.0859375000 -0.0434067294 0.1375000000
0.0807763860 -0.0429687500 0.1460937500
0.0859375000 -0.0435974509 0.1460937500
0.0859375000 -0.0449611128 0.1546875000
0.0859375000 -0.0469470641 0.1632812500
0.0859375000 -0.0487556917 0.1718750000
0.0859375000 -0.0512730239 0.1804687500
0.0859375000 -0.0367453414 -0.0601562500
0.0859375000 -0.0343750000 -0.0592486170
0.0859375000 -0.0365075983 0.0601562500
0.0859375000 -0.0343750000 0.0590161866
0.0859375000 -0.0257812500 -0.0557253276
0.0859375000 -0.0257812500 0.0535144274
0.0826833133 -0.0171875000 -0.0515625000
0.0859375000 -0.0171875000 -0.0518104235
0.0859375000 -0.0229334806 0.0515625000
0.0859375000 -0.0171875000 0.0479077049
0.0859375000 -0.0167979193 -0.0515625000
0.0859375000 -0.0085937500 -0.0458276900
0.0859375000 -0.0110086335 0.0429687500
0.0859375000 -0.0085937500 0.0398637043
0.0859375000 -0.0053645295 -0.0429687500
0.0859375000 0.0000000000 -0.0361801636
0.0859375000 -0.0044884505 0.0343750000
0.0859375000 0.0000000000 0.0265715569
0.0859375000 0.0015584293 -0.0343750000
0.0859375000 0.0061549134 -0.0257812500
0.0859375000 0.0085937500 -0.0186180676
0.0859375000 0.0077326085 0.0085937500
0.0859375000 0.0085937500 0.0039623960
0.0859375000 0.0048131069 0.0171875000
0.0859375000 0.0005095671 0.0257812500
0.0859375000 0.0091862632 -0.0171875000
0.0859375000 0.0099454764 -0.0085937500
0.0859375000 0.0095389925 0.0000000000
0.0945312500 -0.1213259410 -0.0257812500
0.0945312500 -0.1203125000 -0.0294517813
0.0945312500 -0.1233533291 -0.0171875000
0.0945312500 -0.1244981601 -0.0085937500
0.0945312500 -0.1246830566 0.0000000000
0.0945312500 -0.1247119428 0.0085937500
0.0945312500 -0.1245552072 0.0171875000
0.0945312500 -0.1234980240 0.0257812500
0.0945312500 -0.1203125000 0.0333166293
0.0945312500 -0.1215257887 0.1203125000
0.0945312500 -0.1203125000 0.1152043871
0.0945312500 -0.1228999809 0.1289062500
0.0945312500 -0.1230886015 0.1375000000
0.0945312500 -0.1228650155 0.1460937500
0.0898178726 -0.1203125000 0.1546875000
0.0945312500 -0.1215798643 0.1546875000
0.0945312500 -0.1203125000 0.1611650735
0.0945312500 -0.1133942020 -0.1718750000
0.0945312500 -0.1117187500 -0.1767883069
0.0945312500 -0.1156923822 -0.1632812500
0.0945312500 -0.1169478202 -0.1546875000
0.0945312500 -0.1177722802 -0.1460937500
0.0945312500 -0.1182085885 -0.1375000000
0.0945312500 -0.1180081710 -0.1289062500
0.0945312500 -0.1174271311 -0.1203125000
0.0945312500 -0.1167554289 -0.1117187500
0.0945312500 -0.1158811110 -0.1031250000
0.0945312500 -0.1146807478 -0.0945312500
0.0945312500 -0.1131105321 -0.0859375000
0.0913856977 -0.1117187500 -0.0773437500
0.0945312500 -0.1117187500 -0.0794458964
0.0924035271 -0.1117187500 -0.0601562500
0.0945312500 -0.1129855756 -0.0515625000
0.0945312500 -0.1117187500 -0.0590560133
0.0945312500 -0.1159956746 -0.0429687500
0.0945312500 -0.1191248891 -0.0343750000
0.0945312500 -0.1199213475 0.0343750000
0.0945312500 -0.1162294127 0.0429687500
0.0945312500 -0.1132516032 0.0515625000
0.0945312500 -0.1117187500 0.0570121971
0.0945312500 -0.1117346670 0.0859375000
0.0945312500 -0.1117187500 0.0858864703
0.0945312500 -0.1146310504 0.0945312500
0.0945312500 -0.1171003918 0.1031250000
0.0945312500 -0.1193287354 0.1117187500
0.0945312500 -0.1198009088 0.1632812500
0.0945312500 -0.1162265422 0.1718750000
0.0945312500 -0.1117187500 0.1801547652
0.0945312500 -0.1054612002 -0.1890625000
0.0945312500 -0.1031250000 -0.1930210250
0.0945312500 -0.1101549336 -0.1804687500
0.0945312500 -0.1112771054 -0.0773437500
0.0945312500 -0.1101030746 -0.0687500000
0.0945312500 -0.1114856362 -0.0601562500
0.0945312500 -0.1106776279 0.0601562500
0.0945312500 -0.1086706941 0.0687500000
0.0945312500 -0.1087397331 0.0773437500
0.0945312500 -0.1115202426 0.1804687500
0.0945312500 -0.1056787293 0.1890625000
0.0945312500 -0.1031250000 0.1926000437
0.0866686770 -0.0945312500 -0.2062500000
0.0945312500 -0.0949352300 -0.2062500000
0.0945312500 -0.0945312500 -0.2069118397
0.0945312500 -0.1000045281 -0.1976562500
0.0945312500 -0.0978054234 0.1976562500
0.0945312500 -0.0945312500 0.2011237949
0.0945312500 -0.0886459286 -0.2148437500
0.0945312500 -0.0859375000 -0.2177891088
0.0945312500 -0.0861252058 0.2062500000
0.0945312500 -0.0859375000 0.2064440619
0.0860346268 -0.0773437500 -0.2234375000
0.0945312500 -0.0773437500 -0.2204091367
0.0885838092 -0.0773437500 0.2148437500
0.0945312500 -0.0773437500 0.2105146041
0.0909115444 -0.0687500000 -0.2148437500
0.0945312500 -0.0708403395 -0.2148437500
0.0945312500 -0.0687500000 -0.2127384742
0.0925799416 -0.0687500000 0.2062500000
0.0945312500 -0.0715011575 0.2062500000
0.0945312500 -0.0687500000 0.2049904976
0.0864939982 -0.0687500000 0.2148437500
0.0945312500 -0.0649027482 -0.2062500000
0.0886413256 -0.0601562500 -0.1976562500
0.0945312500 -0.0619958025 -0.1976562500
0.0944223265 -0.0601562500 -0.1890625000
0.0945312500 -0.0601888686 -0.1890625000
0.0945312500 -0.0601562500 -0.1889328810
0.0889037308 -0.0601562500 0.1976562500
0.0945312500 -0.0629462697 0.1976562500
0.0945312500 -0.0601562500 0.1939637121
0.0945312500 -0.0584067323 -0.1804687500
0.0945312500 -0.0575220370 -0.1718750000
0.0945312500 -0.0571651576 -0.1632812500
0.0945312500 -0.0569580341 -0.1546875000
0.0945312500 -0.0569945318 -0.1460937500
0.0945312500 -0.0568790634 -0.1375000000
0.0945312500 -0.0568644921 -0.1289062500
0.0945312500 -0.0567772728 -0.1203125000
0.0945312500 -0.0566789218 -0.1117187500
0.0945312500 -0.0563815038 -0.1031250000
0.0945312500 -0.0562851782 -0.0945312500
0.0945312500 -0.0559552302 -0.0859375000
0.0945312500 -0.0544206592 -0.0773437500
0.0945312500 -0.0515625000 -0.0708704736
0.0863238226 -0.0515625000 0.0773437500
0.0945312500 -0.0522858587 0.0773437500
0.0945312500 -0.0515625000 0.0761124462
0.0945312500 -0.0536408324 0.0859375000
0.0945312500 -0.0531623334 0.0945312500
0.0945312500 -0.0530894891 0.1031250000
0.0945312500 -0.0515625000 0.1102603579
0.0872477798 -0.0515625000 0.1804687500
0.0945312500 -0.0535847483 0.1804687500
0.0945312500 -0.0515625000 0.1754703861
0.0945312500 -0.0575796443 0.1890625000
0.0945312500 -0.0503779273 -0.0687500000
0.0945312500 -0.0429687500 -0.0642052884
0.0945312500 -0.0475205057 0.0687500000
0.0945312500 -0.0429687500 0.0656757233
0.0945312500 -0.0512667553 0.1117187500
0.0945312500 -0.0486941722 0.1203125000
0.0945312500 -0.0463413409 0.1289062500
0.0945312500 -0.0445713151 0.1375000000
0.0945312500 -0.0448216907 0.1460937500
0.0945312500 -0.0463408360 0.1546875000
0.0945312500 -0.0482894240 0.1632812500
0.0945312500 -0.0502888830 0.1718750000
0.0945312500 -0.0362691253 -0.0601562500
0.0945312500 -0.0343750000 -0.0594767665
0.0945312500 -0.0365684957 0.0601562500
0.0945312500 -0.0343750000 0.0590041363
0.0945312500 -0.0257812500 -0.0562052934
0.0945312500 -0.0257812500 0.0534884153
0.0945312500 -0.0171875000 -0.0523635886
0.0945312500 -0.0229854598 0.0515625000
0.0945312500 -0.0171875000 0.0478926608
0.0945312500 -0.0159797383 -0.0515625000
0.0945312500 -0.0085937500 -0.0460592425
0.0945312500 -0.0109912222 0.0429687500
0.0945312500 -0.0085937500 0.0399407701
0.0945312500 -0.0053263423 -0.0429687500
0.0945312500 0.0000000000 -0.0363749401
0.0945312500 -0.0042201428 0.0343750000
0.0945312500 0.0000000000 0.0270423467
0.0945312500 0.0017829770 -0.0343750000
0.0945312500 0.0063153967 -0.0257812500
0.0945312500 0.0085937500 -0.0190888913
0.0945312500 0.0079414061 0.0085937500
0.0945312500 0.0085937500 0.0049722132
0.0945312500 0.0049898310 0.0171875000
0.0945312500 0.0007861010 0.0257812500
0.0945312500 0.0093681493 -0.0171875000
0.0945312500 0.0100082765 -0.0085937500
0.0945312500 0.0096989739 0.0000000000
0.1031250000 -0.1211876800 -0.0257812500
0.1031250000 -0.1203125000 -0.0286260773
0.1031250000 -0.1232938769 -0.0171875000
0.1031250000 -0.1245234548 -0.0085937500
0.1031250000 -0.1246242659 0.0000000000
0.1031250000 -0.1245754914 0.0085937500
0.1031250000 -0.1241916361 0.0171875000
0.1031250000 -0.1230569340 0.0257812500
0.1031250000 -0.1203125000 0.0320812457
0.1031250000 -0.1219425857 0.1203125000
0.1031250000 -0.1203125000 0.1151355822
0.1031250000 -0.1239316014 0.1289062500
0.1031250000 -0.1247661982 0.1375000000
0.1031250000 -0.1247981583 0.1460937500
0.1031250000 -0.1237971634 0.1546875000
0.0961844691 -0.1203125000 0.1632812500
0.1031250000 -0.1222485703 0.1632812500
0.1031250000 -0.1203125000 0.1683129708
0.1031250000 -0.1148913435 -0.1718750000
0.1031250000 -0.1117187500 -0.1803224823
0.1031250000 -0.1172553541 -0.1632812500
0.1031250000 -0.1184849195 -0.1546875000
0.1031250000 -0.1192276462 -0.1460937500
0.1031250000 -0.1194849972 -0.1375000000
0.1031250000 -0.1190605406 -0.1289062500
0.1031250000 -0.1183029588 -0.1203125000
0.1031250000 -0.1173285281 -0.1117187500
0.1031250000 -0.1159729398 -0.1031250000
0.1031250000 -0.1143693167 -0.0945312500
0.1031250000 -0.1124868031 -0.0859375000
0.1031250000 -0.1117187500 -0.0832146005
0.1031250000 -0.1124451891 -0.0515625000
0.1031250000 -0.1117187500 -0.0554407811
0.1031250000 -0.1155153819 -0.0429687500
0.1031250000 -0.1187930592 -0.0343750000
0.1031250000 -0.1194526583 0.0343750000
0.1031250000 -0.1155130111 0.0429687500
0.1031250000 -0.1121932918 0.0515625000
0.1031250000 -0.1117187500 0.0533024175
0.0946114486 -0.1117187500 0.0859375000
0.1031250000 -0.1131201435 0.0945312500
0.1031250000 -0.1117187500 0.0908867599
0.1031250000 -0.1160486980 0.1031250000
0.1031250000 -0.1190131786 0.1117187500
0.1031250000 -0.1187302177 0.1718750000
0.0952109483 -0.1117187500 0.1804687500
0.1031250000 -0.1136798887 0.1804687500
0.1031250000 -0.1117187500 0.1834488005
0.1031250000 -0.1063707141 -0.1890625000
0.1031250000 -0.1031250000 -0.1943005739
0.1031250000 -0.1116476284 -0.1804687500
0.1031250000 -0.1100860324 -0.0773437500
0.1031250000 -0.1088594509 -0.0687500000
0.1031250000 -0.1105954839 -0.0601562500
0.1031250000 -0.1094038294 0.0601562500
0.1031250000 -0.1072090677 0.0687500000
0.1031250000 -0.1065920762 0.0773437500
0.1031250000 -0.1093757297 0.0859375000
0.1031250000 -0.1073761162 0.1890625000
0.1031250000 -0.1031250000 0.1944386625
0.1031250000 -0.0953289206 -0.2062500000
0.1031250000 -0.0945312500 -0.2074330278
0.1031250000 -0.1008575335 -0.1976562500
0.1031250000 -0.0992204321 0.1976562500
0.1031250000 -0.0945312500 0.2014776621
0.1031250000 -0.0873331185 -0.2148437500
0.1031250000 -0.0859375000 -0.2160773552
0.0950336640 -0.0859375000 0.2062500000
0.1031250000 -0.0859375000 0.2044687531
0.1031250000 -0.0773437500 -0.2168611658
0.1009018732 -0.0773437500 0.2062500000
0.1031250000 -0.0773437500 0.2054505027
0.1031250000 -0.0751870272 -0.2148437500
0.1031250000 -0.0687500000 -0.2074130934
0.1031250000 -0.0687500000 0.1992212601
0.1031250000 -0.0681000935 -0.2062500000
0.1031250000 -0.0646293872 -0.1976562500
0.1031250000 -0.0623904164 -0.1890625000
0.1025571452 -0.0601562500 -0.1804687500
0.1031250000 -0.0603017781 -0.1804687500
0.1031250000 -0.0601562500 -0.1794991656
0.1019823319 -0.0601562500 0.1890625000
0.1031250000 -0.0606617474 0.1890625000
0.1031250000 -0.0601562500 0.1883116615
0.1031250000 -0.0673697299 0.1976562500
0.1031250000 -0.0592230060 -0.1718750000
0.1031250000 -0.0587447746 -0.1632812500
0.1031250000 -0.0585068636 -0.1546875000
0.1031250000 -0.0584513058 -0.1460937500
0.1031250000 -0.0583020441 -0.1375000000
0.1031250000 -0.0582935572 -0.1289062500
0.1031250000 -0.0581702292 -0.1203125000
0.1031250000 -0.0579282051 -0.1117187500
0.1031250000 -0.0574125995 -0.1031250000
0.1031250000 -0.0572621358 -0.0945312500
0.1031250000 -0.0569015684 -0.0859375000
0.1031250000 -0.0554325771 -0.0773437500
0.1031250000 -0.0515625000 -0.0696571567
0.1031250000 -0.0533118448 0.0773437500
0.1031250000 -0.0515625000 0.0745494933
0.1031250000 -0.0549054956 0.0859375000
0.1031250000 -0.0546387267 0.0945312500
0.1031250000 -0.0546074826 0.1031250000
0.0961360989 -0.0515625000 0.1117187500
0.1031250000 -0.0529495274 0.1117187500
0.1031250000 -0.0515625000 0.1162503925
0.1011114133 -0.0515625000 0.1718750000
0.1031250000 -0.0519855467 0.1718750000
0.1031250000 -0.0515625000 0.1704544864
0.1031250000 -0.0561024244 0.1804687500
0.1031250000 -0.0509899350 -0.0687500000
0.1031250000 -0.0429687500 -0.0641059351
0.1031250000 -0.0481835691 0.0687500000
0.1031250000 -0.0429687500 0.0652981904
0.1031250000 -0.0504486976 0.1203125000
0.1031250000 -0.0479378030 0.1289062500
0.1031250000 -0.0463141006 0.1375000000
0.1031250000 -0.0460974727 0.1460937500
0.1031250000 -0.0478140884 0.1546875000
0.1031250000 -0.0496294072 0.1632812500
0.1031250000 -0.0364371190 -0.0601562500
0.1031250000 -0.0343750000 -0.0594523977
0.1031250000 -0.0367118831 0.0601562500
0.1031250000 -0.0343750000 0.0589607445
0.1031250000 -0.0257812500 -0.0564531312
0.1031250000 -0.0257812500 0.0537044440
0.1031250000 -0.0171875000 -0.0524625918
0.1031250000 -0.0226569034 0.0515625000
0.1031250000 -0.0171875000 0.0480578845
0.1031250000 -0.0158484938 -0.0515625000
0.1031250000 -0.0085937500 -0.0461785793
0.1031250000 -0.0107849939 0.0429687500
0.1031250000 -0.0085937500 0.0401712796
0.1031250000 -0.0052524037 -0.0429687500
0.1031250000 0.0000000000 -0.0364902531
0.1031250000 -0.0039177076 0.0343750000
0.1031250000 0.0000000000 0.0275774296
0.1031250000 0.0018588959 -0.0343750000
0.1031250000 0.0064560827 -0.0257812500
0.1031250000 0.0085937500 -0.0196440653
0.1031250000 0.0081603629 0.0085937500
0.1031250000 0.0085937500 0.0061256141
0.1031250000 0.0053050664 0.0171875000
0.1031250000 0.0010790515 0.0257812500
0.1031250000 0.0096343485 -0.0171875000
0.1031250000 0.0102769450 -0.0085937500
0.1031250000 0.0099095298 0.0000000000
0.1114847173 -0.1203125000 -0.1460937500
0.1117187500 -0.1203421348 -0.1460937500
0.1117187500 -0.1203125000 -0.1466691773
0.1107563139 -0.1203125000 -0.1375000000
0.1117187500 -0.1204156260 -0.1375000000
0.1117187500 -0.1203125000 -0.1358496379
0.1117187500 -0.1209850762 -0.0257812500
0.1117187500 -0.1203125000 -0.0278719411
0.1117187500 -0.1233026738 -0.0171875000
0.1117187500 -0.1245372098 -0.0085937500
0.1117187500 -0.1245800208 0.0000000000
0.1117187500 -0.1244923789 0.0085937500
0.1117187500 -0.1238775303 0.0171875000
0.1117187500 -0.1225131618 0.0257812500
0.1117187500 -0.1203125000 0.0305220304
0.1117187500 -0.1221798224 0.1203125000
0.1117187500 -0.1203125000 0.1155272643
0.1117187500 -0.1245501655 0.1289062500
0.1117187500 -0.1259268479 0.1375000000
0.1117187500 -0.1264817611 0.1460937500
0.1117187500 -0.1256473160 0.1546875000
0.1117187500 -0.1243878941 0.1632812500
0.1085089186 -0.1203125000 0.1718750000
0.1117187500 -0.1211824252 0.1718750000
0.1117187500 -0.1203125000 0.1733331987
0.1036186265 -0.1117187500 -0.1804687500
0.1117187500 -0.1127303822 -0.1804687500
0.1117187500 -0.1117187500 -0.1823364354
0.1117187500 -0.1162226800 -0.1718750000
0.1117187500 -0.1186221950 -0.1632812500
0.1117187500 -0.1198602032 -0.1546875000
0.1117187500 -0.1198570603 -0.1289062500
0.1117187500 -0.1188201242 -0.1203125000
0.1117187500 -0.1174938990 -0.1117187500
0.1117187500 -0.1156738854 -0.1031250000
0.1117187500 -0.1137779299 -0.0945312500
0.1095366474 -0.1117187500 -0.0859375000
0.1117187500 -0.1117187500 -0.0869336275
0.1113187704 -0.1117187500 -0.0515625000
0.1117187500 -0.1149627638 -0.0429687500
0.1117187500 -0.1117187500 -0.0514742471
0.1117187500 -0.1185576101 -0.0343750000
0.1117187500 -0.1188200741 0.0343750000
0.1117187500 -0.1147104491 0.0429687500
0.1066655554 -0.1117187500 0.0515625000
0.1117187500 -0.1117187500 0.0500537761
0.1104734727 -0.1117187500 0.0945312500
0.1117187500 -0.1146820253 0.1031250000
0.1117187500 -0.1117187500 0.0952428346
0.1117187500 -0.1184675078 0.1117187500
0.1117187500 -0.1158310730 0.1804687500
0.1117187500 -0.1117187500 0.1864472915
0.1117187500 -0.1072743054 -0.1890625000
0.1117187500 -0.1031250000 -0.1955468113
0.1117187500 -0.1114423728 -0.0859375000
0.1117187500 -0.1085568308 -0.0773437500
0.1117187500 -0.1075776383 -0.0687500000
0.1117187500 -0.1094518830 -0.0601562500
0.1117187500 -0.1116835471 -0.0515625000
0.1117187500 -0.1110207893 0.0515625000
0.1117187500 -0.1076441790 0.0601562500
0.1117187500 -0.1052483092 0.0687500000
0.1117187500 -0.1042778558 0.0773437500
0.1117187500 -0.1062530797 0.0859375000
0.1117187500 -0.1113845189 0.0945312500
0.1117187500 -0.1093255445 0.1890625000
0.1117187500 -0.1031250000 0.1955838494
0.1117187500 -0.0953526845 -0.2062500000
0.1117187500 -0.0945312500 -0.2072756963
0.1117187500 -0.1016864312 -0.1976562500
0.1117187500 -0.1001706283 0.1976562500
0.1117187500 -0.0945312500 0.2010655878
0.1079806074 -0.0859375000 -0.2148437500
0.1117187500 -0.0859375000 -0.2138070577
0.1117187500 -0.0859375000 0.2023930337
0.1075343099 -0.0773437500 -0.2148437500
0.1117187500 -0.0773437500 -0.2127892706
0.1117187500 -0.0773437500 0.2016681815
0.1049277564 -0.0687500000 -0.2062500000
0.1117187500 -0.0719136491 -0.2062500000
0.1117187500 -0.0687500000 -0.2008175528
0.1057240787 -0.0687500000 0.1976562500
0.1117187500 -0.0725501274 0.1976562500
0.1117187500 -0.0687500000 0.1942924252
0.1117187500 -0.0673381470 -0.1976562500
0.1117187500 -0.0646020338 -0.1890625000
0.1117187500 -0.0622269790 -0.1804687500
0.1079284850 -0.0601562500 -0.1718750000
0.1117187500 -0.0610133317 -0.1718750000
0.1106967565 -0.0601562500 -0.1632812500
0.1117187500 -0.0603692667 -0.1632812500
0.1117187500 -0.0601562500 -0.1564816523
0.1117187500 -0.0644449204 0.1890625000
0.1117187500 -0.0601562500 0.1824683577
0.1117187500 -0.0601069723 -0.1546875000
0.1117187500 -0.0599540601 -0.1460937500
0.1117187500 -0.0597925653 -0.1375000000
0.1117187500 -0.0598015517 -0.1289062500
0.1117187500 -0.0596325603 -0.1203125000
0.1117187500 -0.0592086623 -0.1117187500
0.1117187500 -0.0585666111 -0.1031250000
0.1117187500 -0.0583076292 -0.0945312500
0.1117187500 -0.0579724597 -0.0859375000
0.1117187500 -0.0567719283 -0.0773437500
0.1092483992 -0.0515625000 -0.0687500000
0.1117187500 -0.0518188958 -0.0687500000
0.1117187500 -0.0515625000 -0.0686106306
0.1117187500 -0.0547691038 0.0773437500
0.1117187500 -0.0515625000 0.0725759495
0.1117187500 -0.0562973041 0.0859375000
0.1117187500 -0.0566219149 0.0945312500
0.1117187500 -0.0566995783 0.1031250000
0.1117187500 -0.0551290637 0.1117187500
0.1078668568 -0.0515625000 0.1203125000
0.1117187500 -0.0526834708 0.1203125000
0.1117187500 -0.0515625000 0.1232645812
0.1117187500 -0.0539834475 0.1718750000
0.1117187500 -0.0515625000 0.1643754435
0.1117187500 -0.0591322083 0.1804687500
0.1117187500 -0.0429687500 -0.0639229579
0.1117187500 -0.0492595724 0.0687500000
0.1117187500 -0.0429687500 0.0646544940
0.1117187500 -0.0499219374 0.1289062500
0.1117187500 -0.0483330887 0.1375000000
0.1117187500 -0.0478676207 0.1460937500
0.1117187500 -0.0494357536 0.1546875000
0.1117187500 -0.0512723854 0.1632812500
0.1117187500 -0.0365072614 -0.0601562500
0.1117187500 -0.0343750000 -0.0594537797
0.1117187500 -0.0370350767 0.0601562500
0.1117187500 -0.0343750000 0.0589132481
0.1117187500 -0.0257812500 -0.0565032439
0.1117187500 -0.0257812500 0.0538497985
0.1117187500 -0.0171875000 -0.0523650862
0.1117187500 -0.0223596742 0.0515625000
0.1117187500 -0.0171875000 0.0482403343
0.1117187500 -0.0160162115 -0.0515625000
0.1117187500 -0.0085937500 -0.0458761967
0.1117187500 -0.0104889719 0.0429687500
0.1117187500 -0.0085937500 0.0406432561
0.1117187500 -0.0056463354 -0.0429687500
0.1117187500 0.0000000000 -0.0362043221
0.1117187500 -0.0034609399 0.0343750000
0.1117187500 0.0000000000 0.0282439718
0.1117187500 0.0016678950 -0.0343750000
0.1117187500 0.0068954677 -0.0257812500
0.1117187500 0.0085937500 -0.0207917326
0.1117187500 0.0083389348 0.0085937500
0.1117187500 0.0085937500 0.0070477858
0.1117187500 0.0055540016 0.0171875000
0.1117187500 0.0014450021 0.0257812500
0.1117187500 0.0100439703 -0.0171875000
0.1117187500 0.0104917424 -0.0085937500
0.1117187500 0.0100144182 0.0000000000
0.1151559742 -0.1203125000 -0.1546875000
0.1203125000 -0.1209263649 -0.1546875000
0.1203125000 -0.1203125000 -0.1590124875
0.1203125000 -0.1212893131 -0.1460937500
0.1203125000 -0.1211250879 -0.1375000000
0.1203125000 -0.1203125000 -0.1297918951
0.1203125000 -0.1206246304 -0.0257812500
0.1203125000 -0.1203125000 -0.0267570858
0.1203125000 -0.1233460199 -0.0171875000
0.1203125000 -0.1244959164 -0.0085937500
0.1203125000 -0.1245202349 0.0000000000
0.1203125000 -0.1243944308 0.0085937500
0.1203125000 -0.1235108378 0.0171875000
0.1203125000 -0.1220132458 0.0257812500
0.1203125000 -0.1203125000 0.0293911951
0.1203125000 -0.1220473859 0.1203125000
0.1203125000 -0.1203125000 0.1167224723
0.1203125000 -0.1247181738 0.1289062500
0.1203125000 -0.1265696097 0.1375000000
0.1203125000 -0.1277287588 0.1460937500
0.1203125000 -0.1272553984 0.1546875000
0.1203125000 -0.1261690374 0.1632812500
0.1203125000 -0.1234137125 0.1718750000
0.1203125000 -0.1203125000 0.1770592279
0.1203125000 -0.1136118933 -0.1804687500
0.1203125000 -0.1117187500 -0.1838758518
0.1203125000 -0.1172504571 -0.1718750000
0.1203125000 -0.1196030822 -0.1632812500
0.1203125000 -0.1202095512 -0.1289062500
0.1203125000 -0.1186415966 -0.1203125000
0.1203125000 -0.1170021465 -0.1117187500
0.1203125000 -0.1149343329 -0.1031250000
0.1203125000 -0.1128306834 -0.0945312500
0.1203125000 -0.1117187500 -0.0910642332
0.1203125000 -0.1144939085 -0.0429687500
0.1203125000 -0.1117187500 -0.0493508092
0.1203125000 -0.1182931624 -0.0343750000
0.1203125000 -0.1183383417 0.0343750000
0.1203125000 -0.1139554399 0.0429687500
0.1203125000 -0.1117187500 0.0474041028
0.1203125000 -0.1127817719 0.1031250000
0.1203125000 -0.1117187500 0.1009698908
0.1203125000 -0.1174021294 0.1117187500
0.1203125000 -0.1179243228 0.1804687500
0.1203125000 -0.1117187500 0.1887660389
0.1203125000 -0.1082925647 -0.1890625000
0.1203125000 -0.1031250000 -0.1968378573
0.1203125000 -0.1099681393 -0.0859375000
0.1203125000 -0.1068250783 -0.0773437500
0.1203125000 -0.1060469574 -0.0687500000
0.1203125000 -0.1080499221 -0.0601562500
0.1203125000 -0.1107020265 -0.0515625000
0.1203125000 -0.1094200169 0.0515625000
0.1203125000 -0.1056469722 0.0601562500
0.1199466580 -0.1031250000 0.0687500000
0.1203125000 -0.1031250000 0.0684938264
0.1154800937 -0.1031250000 0.0773437500
0.1189955240 -0.1031250000 0.0859375000
0.1203125000 -0.1077010825 0.0945312500
0.1203125000 -0.1031250000 0.0870856367
0.1203125000 -0.1114220047 0.1890625000
0.1203125000 -0.1031250000 0.1965707906
0.1203125000 -0.0947248296 -0.2062500000
0.1203125000 -0.0945312500 -0.2064359702
0.1203125000 -0.1024895856 -0.1976562500
0.1203125000 -0.1030222735 0.0687500000
0.1203125000 -0.1014427309 0.0773437500
0.1203125000 -0.1025286397 0.0859375000
0.1203125000 -0.1010005093 0.1976562500
0.1203125000 -0.0945312500 0.2002921100
0.1203125000 -0.0859375000 -0.2112623187
0.1203125000 -0.0859375000 0.2004064082
0.1203125000 -0.0773437500 -0.2087635716
0.1203125000 -0.0773437500 0.1978096185
0.1203125000 -0.0753633409 -0.2062500000
0.1160672660 -0.0687500000 -0.1976562500
0.1203125000 -0.0704078081 -0.1976562500
0.1203125000 -0.0687500000 -0.1937304480
0.1203125000 -0.0771710388 0.1976562500
0.1203125000 -0.0687500000 0.1897852311
0.1203125000 -0.0671616673 -0.1890625000
0.1203125000 -0.0645052595 -0.1804687500
0.1203125000 -0.0629227224 -0.1718750000
0.1203125000 -0.0621124374 -0.1632812500
0.1119991452 -0.0601562500 -0.1546875000
0.1203125000 -0.0617295408 -0.1546875000
0.1129574103 -0.0601562500 -0.1460937500
0.1203125000 -0.0614140021 -0.1460937500
0.1138514045 -0.0601562500 -0.1375000000
0.1203125000 -0.0613030841 -0.1375000000
0.1141567175 -0.0601562500 -0.1289062500
0.1203125000 -0.0610723525 -0.1289062500
0.1156003440 -0.0601562500 -0.1203125000
0.1203125000 -0.0607879038 -0.1203125000
0.1195677283 -0.0601562500 -0.1117187500
0.1203125000 -0.0602467398 -0.1117187500
0.1203125000 -0.0601562500 -0.1094536343
0.1145409211 -0.0601562500 0.1804687500
0.1203125000 -0.0626114355 0.1804687500
0.1203125000 -0.0601562500 0.1770352293
0.1203125000 -0.0681972555 0.1890625000
0.1203125000 -0.0599052485 -0.1031250000
0.1203125000 -0.0596161498 -0.0945312500
0.1203125000 -0.0594461348 -0.0859375000
0.1203125000 -0.0584640762 -0.0773437500
0.1203125000 -0.0527708996 -0.0687500000
0.1203125000 -0.0515625000 -0.0681772721
0.1203125000 -0.0570075435 0.0773437500
0.1203125000 -0.0515625000 0.0699990455
0.1203125000 -0.0582482792 0.0859375000
0.1203125000 -0.0587994972 0.0945312500
0.1203125000 -0.0592258938 0.1031250000
0.1203125000 -0.0579181811 0.1117187500
0.1203125000 -0.0555446308 0.1203125000
0.1172103734 -0.0515625000 0.1289062500
0.1203125000 -0.0527748602 0.1289062500
0.1203125000 -0.0515625000 0.1326432682
0.1131258507 -0.0515625000 0.1632812500
0.1203125000 -0.0533304780 0.1632812500
0.1203125000 -0.0515625000 0.1559173221
0.1203125000 -0.0568890318 0.1718750000
0.1203125000 -0.0429687500 -0.0639045382
0.1203125000 -0.0507774746 0.0687500000
0.1203125000 -0.0429687500 0.0640267383
0.1203125000 -0.0503264029 0.1375000000
0.1203125000 -0.0497677560 0.1460937500
0.1203125000 -0.0513104162 0.1546875000
0.1203125000 -0.0360889423 -0.0601562500
0.1203125000 -0.0343750000 -0.0596289374
0.1203125000 -0.0373421453 0.0601562500
0.1203125000 -0.0343750000 0.0588947593
0.1203125000 -0.0257812500 -0.0566383841
0.1203125000 -0.0257812500 0.0540715802
0.1203125000 -0.0171875000 -0.0523327842
0.1203125000 -0.0219936857 0.0515625000
0.1203125000 -0.0171875000 0.0484668595
0.1203125000 -0.0161126595 -0.0515625000
0.1203125000 -0.0085937500 -0.0455138986
0.1203125000 -0.0100340741 0.0429687500
0.1203125000 -0.0085937500 0.0412525117
0.1203125000 -0.0061307432 -0.0429687500
0.1203125000 0.0000000000 -0.0358480218
0.1203125000 -0.0029634484 0.0343750000
0.1203125000 0.0000000000 0.0290135847
0.1203125000 0.0014305725 -0.0343750000
0.1203125000 0.0070624877 -0.0257812500
0.1203125000 0.0085937500 -0.0214893434
0.1203125000 0.0083684214 0.0085937500
0.1203125000 0.0085937500 0.0072563357
0.1203125000 0.0057629491 0.0171875000
0.1203125000 0.0018161976 0.0257812500
0.1203125000 0.0103797615 -0.0171875000
0.1203125000 0.0107086001 -0.0085937500
0.1203125000 0.0101430347 0.0000000000
0.1265157913 -0.1203125000 -0.1632812500
0.1289062500 -0.1205401334 -0.1632812500
0.1289062500 -0.1203125000 -0.1642588913
0.1289062500 -0.1216556489 -0.1546875000
0.1289062500 -0.1219277879 -0.1460937500
0.1289062500 -0.1215746025 -0.1375000000
0.1289062500 -0.1203125000 -0.1292348259
0.1289062500 -0.1206398011 -0.0257812500
0.1289062500 -0.1203125000 -0.0266914024
0.1289062500 -0.1232201356 -0.0171875000
0.1289062500 -0.1244888206 -0.0085937500
0.1289062500 -0.1245440904 0.0000000000
0.1289062500 -0.1241973817 0.0085937500
0.1289062500 -0.1230861312 0.0171875000
0.1289062500 -0.1213232460 0.0257812500
0.1289062500 -0.1203125000 0.0279127258
0.1289062500 -0.1215033982 0.1203125000
0.1289062500 -0.1203125000 0.1183368781
0.1289062500 -0.1246194732 0.1289062500
0.1289062500 -0.1267151235 0.1375000000
0.1289062500 -0.1286497536 0.1460937500
0.1289062500 -0.1286836314 0.1546875000
0.1289062500 -0.1276987636 0.1632812500
0.1289062500 -0.1253692822 0.1718750000
0.1289062500 -0.1203125000 0.1803679080
0.1289062500 -0.1141703441 -0.1804687500
0.1289062500 -0.1117187500 -0.1849710460
0.1289062500 -0.1179589864 -0.1718750000
0.1289062500 -0.1202542320 -0.1289062500
0.1289062500 -0.1182639161 -0.1203125000
0.1289062500 -0.1162512046 -0.1117187500
0.1289062500 -0.1140719083 -0.1031250000
0.1288332352 -0.1117187500 -0.0945312500
0.1289062500 -0.1117187500 -0.0945658661
0.1289062500 -0.1140234140 -0.0429687500
0.1289062500 -0.1117187500 -0.0476243472
0.1289062500 -0.1179739109 -0.0343750000
0.1289062500 -0.1176564552 0.0343750000
0.1289062500 -0.1129070525 0.0429687500
0.1289062500 -0.1117187500 0.0450911585
0.1232149898 -0.1117187500 0.1031250000
0.1289062500 -0.1152970884 0.1117187500
0.1289062500 -0.1117187500 0.1065085738
0.1289062500 -0.1202327818 0.1804687500
0.1221300898 -0.1117187500 0.1890625000
0.1289062500 -0.1126079784 0.1890625000
0.1289062500 -0.1117187500 0.1901309546
0.1273792784 -0.1031250000 -0.1976562500
0.1289062500 -0.1032504758 -0.1976562500
0.1289062500 -0.1031250000 -0.1978189366
0.1289062500 -0.1090815980 -0.1890625000
0.1289062500 -0.1117080764 -0.0945312500
0.1289062500 -0.1081671870 -0.0859375000
0.1289062500 -0.1046456418 -0.0773437500
0.1289062500 -0.1040093094 -0.0687500000
0.1289062500 -0.1063923196 -0.0601562500
0.1289062500 -0.1096344112 -0.0515625000
0.1289062500 -0.1077740648 0.0515625000
0.1289062500 -0.1036933306 0.0601562500
0.1289062500 -0.1031250000 0.0618955962
0.1269644838 -0.1031250000 0.0945312500
0.1289062500 -0.1088451986 0.1031250000
0.1289062500 -0.1031250000 0.0962745744
0.1289062500 -0.1031250000 0.1969432758
0.1222712424 -0.0945312500 -0.2062500000
0.1289062500 -0.0945312500 -0.2055665194
0.1289062500 -0.1001213376 0.0687500000
0.1289062500 -0.0978171210 0.0773437500
0.1289062500 -0.0983543890 0.0859375000
0.1289062500 -0.1018358346 0.0945312500
0.1289062500 -0.1008062314 0.1976562500
0.1289062500 -0.0945312500 0.1991820908
0.1289062500 -0.0922343201 -0.2062500000
0.1289062500 -0.0859375000 -0.2081475782
0.1289062500 -0.0859375000 0.1983299871
0.1254115695 -0.0773437500 -0.2062500000
0.1289062500 -0.0811432299 -0.2062500000
0.1289062500 -0.0773437500 -0.2039832269
0.1206315832 -0.0773437500 0.1976562500
0.1289062500 -0.0844834974 0.1976562500
0.1289062500 -0.0773437500 0.1939910374
0.1289062500 -0.0738536646 -0.1976562500
0.1255812681 -0.0687500000 -0.1890625000
0.1289062500 -0.0698471759 -0.1890625000
0.1289062500 -0.0687500000 -0.1861772173
0.1216650016 -0.0687500000 0.1890625000
0.1289062500 -0.0722508160 0.1890625000
0.1289062500 -0.0687500000 0.1845959579
0.1289062500 -0.0668328707 -0.1804687500
0.1289062500 -0.0649450479 -0.1718750000
0.1289062500 -0.0638862377 -0.1632812500
0.1289062500 -0.0633123844 -0.1546875000
0.1289062500 -0.0628267865 -0.1460937500
0.1289062500 -0.0625549008 -0.1375000000
0.1289062500 -0.0623047056 -0.1289062500
0.1289062500 -0.0620013842 -0.1203125000
0.1289062500 -0.0617297453 -0.1117187500
0.1217360405 -0.0601562500 -0.1031250000
0.1289062500 -0.0617044317 -0.1031250000
0.1226991952 -0.0601562500 -0.0945312500
0.1289062500 -0.0618668972 -0.0945312500
0.1231164616 -0.0601562500 -0.0859375000
0.1289062500 -0.0617997852 -0.0859375000
0.1265400138 -0.0601562500 -0.0773437500
0.1289062500 -0.0608338032 -0.0773437500
0.1289062500 -0.0601562500 -0.0762073044
0.1273951309 -0.0601562500 0.0859375000
0.1289062500 -0.0607035301 0.0859375000
0.1289062500 -0.0601562500 0.0797816042
0.1254153793 -0.0601562500 0.0945312500
0.1289062500 -0.0613168314 0.0945312500
0.1232325821 -0.0601562500 0.1031250000
0.1289062500 -0.0624811157 0.1031250000
0.1258388835 -0.0601562500 0.1117187500
0.1289062500 -0.0615839079 0.1117187500
0.1289062500 -0.0601562500 0.1161361772
0.1289062500 -0.0660681464 0.1804687500
0.1289062500 -0.0601562500 0.1719579933
0.1289062500 -0.0544076029 -0.0687500000
0.1289062500 -0.0515625000 -0.0676150915
0.1238779535 -0.0515625000 0.0687500000
0.1289062500 -0.0529346925 0.0687500000
0.1289062500 -0.0515625000 0.0681264290
0.1289062500 -0.0599466997 0.0773437500
0.1289062500 -0.0589961137 0.1203125000
0.1289062500 -0.0563504031 0.1289062500
0.1239601619 -0.0515625000 0.1375000000
0.1289062500 -0.0538562470 0.1375000000
0.1268701354 -0.0515625000 0.1460937500
0.1289062500 -0.0522491638 0.1460937500
0.1211954966 -0.0515625000 0.1546875000
0.1289062500 -0.0540648115 0.1546875000
0.1289062500 -0.0564623267 0.1632812500
0.1289062500 -0.0601037467 0.1718750000
0.1289062500 -0.0429687500 -0.0638345545
0.1289062500 -0.0429687500 0.0634994756
0.1289062500 -0.0356629966 -0.0601562500
0.1289062500 -0.0343750000 -0.0597764509
0.1289062500 -0.0376105424 0.0601562500
0.1289062500 -0.0343750000 0.0588856266
0.1289062500 -0.0257812500 -0.0568312132
0.1289062500 -0.0257812500 0.0543248964
0.1289062500 -0.0171875000 -0.0522113530
0.1289062500 -0.0214543269 0.0515625000
0.1289062500 -0.0171875000 0.0488877070
0.1289062500 -0.0163305960 -0.0515625000
0.1289062500 -0.0085937500 -0.0451604280
0.1289062500 -0.0093671972 0.0429687500
0.1289062500 -0.0085937500 0.0420468165
0.1289062500 -0.0064442761 -0.0429687500
0.1289062500 0.0000000000 -0.0357625074
0.1289062500 -0.0024149423 0.0343750000
0.1289062500 0.0000000000 0.0298926488
0.1289062500 0.0013287586 -0.0343750000
0.1289062500 0.0069287246 -0.0257812500
0.1289062500 0.0085937500 -0.0213369263
0.1289062500 0.0084218129 0.0085937500
0.1289062500 0.0085937500 0.0076528356
0.1289062500 0.0059619734 0.0171875000
0.1289062500 0.0022114432 0.0257812500
0.1289062500 0.0104840764 -0.0171875000
0.1289062500 0.0109979481 -0.0085937500
0.1289062500 0.0104023774 0.0000000000
0.1359213122 -0.1289062500 0.1460937500
0.1375000000 -0.1289506946 0.1460937500
0.1375000000 -0.1289062500 0.1459054673
0.1309192340 -0.1289062500 0.1546875000
0.1375000000 -0.1294944629 0.1546875000
0.1375000000 -0.1289062500 0.1618993345
0.1375000000 -0.1211899798 -0.1632812500
0.1375000000 -0.1203125000 -0.1670605877
0.1375000000 -0.1221748649 -0.1546875000
0.1375000000 -0.1222520823 -0.1460937500
0.1375000000 -0.1215588037 -0.1375000000
0.1375000000 -0.1203125000 -0.1303946809
0.1375000000 -0.1206206434 -0.0257812500
0.1375000000 -0.1203125000 -0.0265958010
0.1375000000 -0.1230229622 -0.0171875000
0.1375000000 -0.1242867419 -0.0085937500
0.1375000000 -0.1244620518 0.0000000000
0.1375000000 -0.1240480672 0.0085937500
0.1375000000 -0.1227251339 0.0171875000
0.1375000000 -0.1208729424 0.0257812500
0.1375000000 -0.1203125000 0.0268926218
0.1334961782 -0.1203125000 0.1203125000
0.1375000000 -0.1237792654 0.1289062500
0.1375000000 -0.1203125000 0.1224482218
0.1375000000 -0.1262634086 0.1375000000
0.1375000000 -0.1287483004 0.1632812500
0.1375000000 -0.1268295649 0.1718750000
0.1292691213 -0.1203125000 0.1804687500
0.1375000000 -0.1217629242 0.1804687500
0.1375000000 -0.1203125000 0.1824486679
0.1375000000 -0.1145877788 -0.1804687500
0.1375000000 -0.1117187500 -0.1855820994
0.1375000000 -0.1186705736 -0.1718750000
0.1375000000 -0.1199961779 -0.1289062500
0.1375000000 -0.1177506923 -0.1203125000
0.1375000000 -0.1154885582 -0.1117187500
0.1375000000 -0.1130960426 -0.1031250000
0.1375000000 -0.1117187500 -0.0987667925
0.1375000000 -0.1134358420 -0.0429687500
0.1375000000 -0.1117187500 -0.0461390052
0.1375000000 -0.1177355792 -0.0343750000
0.1375000000 -0.1169872984 0.0343750000
0.1375000000 -0.1119505944 0.0429687500
0.1375000000 -0.1117187500 0.0433515490
0.1370091530 -0.1117187500 0.1117187500
0.1375000000 -0.1188153472 0.1203125000
0.1375000000 -0.1117187500 0.1120094833
0.1375000000 -0.1135181456 0.1890625000
0.1375000000 -0.1117187500 0.1908443683
0.1357286381 -0.1031250000 -0.1976562500
0.1375000000 -0.1094677974 -0.1890625000
0.1375000000 -0.1031250000 -0.1976103517
0.1375000000 -0.1102050627 -0.0945312500
0.1375000000 -0.1056945423 -0.0859375000
0.1337459032 -0.1031250000 -0.0773437500
0.1375000000 -0.1031250000 -0.0802604067
0.1322337246 -0.1031250000 -0.0687500000
0.1375000000 -0.1046640749 -0.0601562500
0.1375000000 -0.1031250000 -0.0650454614
0.1375000000 -0.1085540409 -0.0515625000
0.1375000000 -0.1064324203 0.0515625000
0.1314981779 -0.1031250000 0.0601562500
0.1375000000 -0.1031250000 0.0579824429
0.1365005360 -0.1031250000 0.1031250000
0.1375000000 -0.1114311220 0.1117187500
0.1375000000 -0.1031250000 0.1038867229
0.1375000000 -0.1031250000 0.1961128434
0.1375000000 -0.1030644920 -0.1976562500
0.1375000000 -0.0945312500 -0.2036365614
0.1375000000 -0.1015255218 -0.0773437500
0.1375000000 -0.1013343621 -0.0687500000
0.1375000000 -0.1016438073 0.0601562500
0.1375000000 -0.0969523365 0.0687500000
0.1358020144 -0.0945312500 0.0773437500
0.1375000000 -0.0945312500 0.0754428553
0.1365204389 -0.0945312500 0.0859375000
0.1375000000 -0.0971454392 0.0945312500
0.1375000000 -0.0945312500 0.0874682435
0.1375000000 -0.1022385243 0.1031250000
0.1375000000 -0.0952289522 0.1976562500
0.1375000000 -0.0945312500 0.1977720022
0.1337390512 -0.0859375000 -0.2062500000
0.1375000000 -0.0859375000 -0.2046826174
0.1375000000 -0.0933298003 0.0773437500
0.1375000000 -0.0938654744 0.0859375000
0.1311189419 -0.0859375000 0.1976562500
0.1375000000 -0.0939714828 0.1976562500
0.1375000000 -0.0859375000 0.1957826133
0.1375000000 -0.0773437500 -0.1978152920
0.1375000000 -0.0773437500 0.1902249063
0.1375000000 -0.0772601727 -0.1976562500
0.1375000000 -0.0730367579 -0.1890625000
0.1351435667 -0.0687500000 -0.1804687500
0.1375000000 -0.0695500294 -0.1804687500
0.1375000000 -0.0687500000 -0.1778889895
0.1363091254 -0.0687500000 0.1804687500
0.1375000000 -0.0692140072 0.1804687500
0.1375000000 -0.0687500000 0.1798593851
0.1375000000 -0.0762270349 0.1890625000
0.1375000000 -0.0672191446 -0.1718750000
0.1375000000 -0.0658532213 -0.1632812500
0.1375000000 -0.0652192860 -0.1546875000
0.1375000000 -0.0647227441 -0.1460937500
0.1375000000 -0.0642086635 -0.1375000000
0.1375000000 -0.0639546952 -0.1289062500
0.1375000000 -0.0638722876 -0.1203125000
0.1375000000 -0.0638637586 -0.1117187500
0.1375000000 -0.0644808087 -0.1031250000
0.1375000000 -0.0647001505 -0.0945312500
0.1375000000 -0.0647415096 -0.0859375000
0.1375000000 -0.0637138802 -0.0773437500
0.1375000000 -0.0601562500 -0.0726475087
0.1294549762 -0.0601562500 0.0773437500
0.1375000000 -0.0640974052 0.0773437500
0.1375000000 -0.0601562500 0.0737782165
0.1375000000 -0.0644228595 0.0859375000
0.1375000000 -0.0646471206 0.0945312500
0.1375000000 -0.0659215973 0.1031250000
0.1375000000 -0.0658772189 0.1117187500
0.1311919668 -0.0601562500 0.1203125000
0.1375000000 -0.0637583004 0.1203125000
0.1368168077 -0.0601562500 0.1289062500
0.1375000000 -0.0605912586 0.1289062500
0.1375000000 -0.0601562500 0.1298847302
0.1290381757 -0.0601562500 0.1718750000
0.1375000000 -0.0635547052 0.1718750000
0.1375000000 -0.0601562500 0.1635346199
0.1375000000 -0.0566701221 -0.0687500000
0.1375000000 -0.0515625000 -0.0670369011
0.1375000000 -0.0554587496 0.0687500000
0.1375000000 -0.0515625000 0.0672404220
0.1375000000 -0.0575642882 0.1375000000
0.1375000000 -0.0559909950 0.1460937500
0.1375000000 -0.0575709135 0.1546875000
0.1375000000 -0.0600574132 0.1632812500
0.1375000000 -0.0429687500 -0.0638065667
0.1375000000 -0.0429687500 0.0631234603
0.1375000000 -0.0349487663 -0.0601562500
0.1375000000 -0.0343750000 -0.0599957972
0.1375000000 -0.0375096509 0.0601562500
0.1375000000 -0.0343750000 0.0590172066
0.1375000000 -0.0257812500 -0.0568976677
0.1375000000 -0.0257812500 0.0545005530
0.1375000000 -0.0171875000 -0.0519493110
0.1375000000 -0.0209896873 0.0515625000
0.1375000000 -0.0171875000 0.0492881319
0.1375000000 -0.0166920137 -0.0515625000
0.1375000000 -0.0085937500 -0.0449693049
0.1375000000 -0.0087063233 0.0429687500
0.1375000000 -0.0085937500 0.0428346007
0.1375000000 -0.0065709189 -0.0429687500
0.1375000000 0.0000000000 -0.0355267687
0.1375000000 -0.0018695265 0.0343750000
0.1375000000 0.0000000000 0.0308184412
0.1375000000 0.0010699812 -0.0343750000
0.1375000000 0.0067214045 -0.0257812500
0.1375000000 0.0085937500 -0.0210993471
0.1356369553 0.0085937500 0.0085937500
0.1375000000 0.0062797816 0.0171875000
0.1375000000 0.0085937500 0.0087712812
0.1375000000 0.0026083968 0.0257812500
0.1375000000 0.0105120010 -0.0171875000
0.1375000000 0.0111938147 -0.0085937500
0.1375000000 0.0106282447 0.0000000000
0.1375000000 0.0086563812 0.0085937500
0.1380829958 -0.1289062500 0.1460937500
0.1460937500 -0.1294056064 0.1546875000
0.1460937500 -0.1289062500 0.1510435468
0.1393709532 -0.1289062500 0.1632812500
0.1460937500 -0.1293577210 0.1632812500
0.1460937500 -0.1289062500 0.1667310089
0.1460937500 -0.1212919055 -0.1632812500
0.1460937500 -0.1203125000 -0.1673803742
0.1460937500 -0.1223524498 -0.1546875000
0.1460937500 -0.1221497745 -0.1460937500
0.1460937500 -0.1211832584 -0.1375000000
0.1460937500 -0.1203125000 -0.1327934795
0.1460937500 -0.1206513353 -0.0257812500
0.1460937500 -0.1203125000 -0.0266389169
0.1460937500 -0.1229041260 -0.0171875000
0.1460937500 -0.1241396086 -0.0085937500
0.1460937500 -0.1244906613 0.0000000000
0.1460937500 -0.1238385873 0.0085937500
0.1460937500 -0.1223672918 0.0171875000
0.1460937500 -0.1204638036 0.0257812500
0.1460937500 -0.1203125000 0.0260633223
0.1460937500 -0.1216975076 0.1289062500
0.1460937500 -0.1203125000 0.1268858906
0.1460937500 -0.1250012098 0.1375000000
0.1460937500 -0.1280045035 0.1460937500
0.1460937500 -0.1279383071 0.1718750000
0.1460937500 -0.1225242706 0.1804687500
0.1460937500 -0.1203125000 0.1833835835
0.1460937500 -0.1146426154 -0.1804687500
0.1460937500 -0.1117187500 -0.1857473261
0.1460937500 -0.1186938442 -0.1718750000
0.1460937500 -0.1194194407 -0.1289062500
0.1460937500 -0.1169378478 -0.1203125000
0.1460937500 -0.1143398356 -0.1117187500
0.1452836468 -0.1117187500 -0.1031250000
0.1460937500 -0.1117187500 -0.1035976784
0.1460937500 -0.1128532649 -0.0429687500
0.1460937500 -0.1117187500 -0.0449608457
0.1460937500 -0.1175229722 -0.0343750000
0.1460937500 -0.1163844045 0.0343750000
0.1405567448 -0.1117187500 0.0429687500
0.1460937500 -0.1117187500 0.0422881161
0.1460937500 -0.1149311502 0.1203125000
0.1460937500 -0.1117187500 0.1173416128
0.1460937500 -0.1143375403 0.1890625000
0.1460937500 -0.1117187500 0.1912356906
0.1460937500 -0.1094107362 -0.1890625000
0.1460937500 -0.1031250000 -0.1960192995
0.1460937500 -0.1115396302 -0.1031250000
0.1460937500 -0.1078375998 -0.0945312500
0.1451566047 -0.1031250000 -0.0859375000
0.1460937500 -0.1031250000 -0.0865213139
0.1447518936 -0.1031250000 -0.0601562500
0.1460937500 -0.1075871022 -0.0515625000
0.1460937500 -0.1031250000 -0.0597063865
0.1460937500 -0.1113543927 0.0429687500
0.1460937500 -0.1052201385 0.0515625000
0.1460937500 -0.1031250000 0.0551991558
0.1460937500 -0.1042086758 0.1117187500
0.1460937500 -0.1031250000 0.1107986066
0.1460937500 -0.1031250000 0.1945072836
0.1460937500 -0.1003446409 -0.1976562500
0.1460937500 -0.0945312500 -0.2007926365
0.1460937500 -0.1026957396 -0.0859375000
0.1460937500 -0.0973262624 -0.0773437500
0.1460937500 -0.0984581298 -0.0687500000
0.1460937500 -0.1027911066 -0.0601562500
0.1460937500 -0.0992473406 0.0601562500
0.1441790255 -0.0945312500 0.0687500000
0.1460937500 -0.0945312500 0.0677954240
0.1416488091 -0.0945312500 0.0945312500
0.1460937500 -0.0952356895 0.1031250000
0.1460937500 -0.0945312500 0.1016387651
0.1379720304 -0.0945312500 0.1976562500
0.1460937500 -0.0945312500 0.1952879126
0.1460937500 -0.0859375000 -0.2009187130
0.1460937500 -0.0934646588 0.0687500000
0.1460937500 -0.0872237569 0.0773437500
0.1460937500 -0.0877585204 0.0859375000
0.1460937500 -0.0901197828 0.0945312500
0.1460937500 -0.0859375000 0.1931217591
0.1377215776 -0.0773437500 -0.1976562500
0.1460937500 -0.0821255140 -0.1976562500
0.1460937500 -0.0773437500 -0.1913664669
0.1399851057 -0.0773437500 0.1890625000
0.1460937500 -0.0805857276 0.1890625000
0.1460937500 -0.0773437500 0.1861576105
0.1460937500 -0.0762760001 -0.1890625000
0.1460937500 -0.0727497989 -0.1804687500
0.1427018594 -0.0687500000 -0.1718750000
0.1460937500 -0.0699592044 -0.1718750000
0.1460937500 -0.0687500000 -0.1663976092
0.1459715674 -0.0687500000 -0.0859375000
0.1460937500 -0.0688175781 -0.0859375000
0.1460937500 -0.0687500000 -0.0865549525
0.1460937500 -0.0687500000 -0.0845665769
0.1458107744 -0.0687500000 0.0773437500
0.1460937500 -0.0691815958 0.0773437500
0.1460937500 -0.0687500000 0.0771855158
0.1456487831 -0.0687500000 0.0859375000
0.1460937500 -0.0694527149 0.0859375000
0.1450474070 -0.0687500000 0.0945312500
0.1460937500 -0.0703721427 0.0945312500
0.1430644557 -0.0687500000 0.1031250000
0.1460937500 -0.0721148017 0.1031250000
0.1425089514 -0.0687500000 0.1117187500
0.1460937500 -0.0715218406 0.1117187500
0.1460937500 -0.0687500000 0.1193009147
0.1460937500 -0.0725541983 0.1804687500
0.1460937500 -0.0687500000 0.1749594722
0.1460937500 -0.0682501928 -0.1632812500
0.1460937500 -0.0674056132 -0.1546875000
0.1460937500 -0.0666217246 -0.1460937500
0.1460937500 -0.0660290239 -0.1375000000
0.1460937500 -0.0660518988 -0.1289062500
0.1460937500 -0.0663974301 -0.1203125000
0.1460937500 -0.0671762174 -0.1117187500
0.1460937500 -0.0677999458 -0.1031250000
0.1460937500 -0.0680025392 -0.0945312500
0.1460937500 -0.0683569207 -0.0773437500
0.1460937500 -0.0601562500 -0.0695455979
0.1460937500 -0.0601562500 0.0706011377
0.1460937500 -0.0685101269 0.1203125000
0.1460937500 -0.0658437162 0.1289062500
0.1427624271 -0.0601562500 0.1375000000
0.1460937500 -0.0624385169 0.1375000000
0.1460937500 -0.0601562500 0.1458016947
0.1435910400 -0.0601562500 0.1546875000
0.1460937500 -0.0612538658 0.1546875000
0.1460937500 -0.0601562500 0.1467649128
0.1377472120 -0.0601562500 0.1632812500
0.1460937500 -0.0636662490 0.1632812500
0.1460937500 -0.0669215170 0.1718750000
0.1460937500 -0.0592312885 -0.0687500000
0.1460937500 -0.0515625000 -0.0664798094
0.1460937500 -0.0581728018 0.0687500000
0.1460937500 -0.0515625000 0.0664744882
0.1460937500 -0.0600812379 0.1460937500
0.1460937500 -0.0429687500 -0.0636694417
0.1460937500 -0.0429687500 0.0628892451
0.1460937500 -0.0343754710 -0.0601562500
0.1460937500 -0.0343750000 -0.0601561255
0.1460937500 -0.0371971552 0.0601562500
0.1460937500 -0.0343750000 0.0592050929
0.1460937500 -0.0257812500 -0.0570213142
0.1460937500 -0.0257812500 0.0547617759
0.1460937500 -0.0171875000 -0.0517850982
0.1460937500 -0.0203027440 0.0515625000
0.1460937500 -0.0171875000 0.0497092579
0.1460937500 -0.0169047732 -0.0515625000
0.1460937500 -0.0085937500 -0.0449366611
0.1399610194 -0.0085937500 0.0429687500
0.1460937500 -0.0085937500 0.0432182544
0.1460937500 -0.0065818395 -0.0429687500
0.1460937500 0.0000000000 -0.0354339426
0.1460937500 -0.0014864993 0.0343750000
0.1460937500 0.0000000000 0.0315041803
0.1460937500 -0.0083097149 0.0429687500
0.1460937500 0.0009703095 -0.0343750000
0.1460937500 0.0065983390 -0.0257812500
0.1460937500 0.0085937500 -0.0209594583
0.1460937500 0.0065619586 0.0171875000
0.1460937500 0.0085937500 0.0096168919
0.1460937500 0.0029247186 0.0257812500
0.1460937500 0.0105571547 -0.0171875000
0.1460937500 0.0113436249 -0.0085937500
0.1460937500 0.0106667119 0.0000000000
0.1460937500 0.0089429404 0.0085937500
0.1510756552 -0.1289062500 0.1546875000
0.1546875000 -0.1289721695 0.1632812500
0.1546875000 -0.1289062500 0.1621282336
0.1546875000 -0.1289062500 0.1645741840
0.1546875000 -0.1208893808 -0.1632812500
0.1546875000 -0.1203125000 -0.1656062654
0.1546875000 -0.1219456061 -0.1546875000
0.1546875000 -0.1216439792 -0.1460937500
0.1546875000 -0.1203363540 -0.1375000000
0.1546875000 -0.1203125000 -0.1373991629
0.1546875000 -0.1205467570 -0.0257812500
0.1546875000 -0.1203125000 -0.0263474262
0.1546875000 -0.1229099016 -0.0171875000
0.1546875000 -0.1241719212 -0.0085937500
0.1546875000 -0.1244216659 0.0000000000
0.1546875000 -0.1236299462 0.0085937500
0.1546875000 -0.1220496351 0.0171875000
0.1491763695 -0.1203125000 0.0257812500
0.1546875000 -0.1203125000 0.0246038646
0.1496866973 -0.1203125000 0.1289062500
0.1546875000 -0.1231292661 0.1375000000
0.1546875000 -0.1203125000 0.1324426047
0.1546875000 -0.1263824724 0.1460937500
0.1546875000 -0.1283726195 0.1546875000
0.1546875000 -0.1283369153 0.1718750000
0.1546875000 -0.1230057332 0.1804687500
0.1546875000 -0.1203125000 0.1836582917
0.1546875000 -0.1139791371 -0.1804687500
0.1546875000 -0.1117187500 -0.1845151966
0.1546875000 -0.1180746809 -0.1718750000
0.1546875000 -0.1179093027 -0.1289062500
0.1546875000 -0.1150499756 -0.1203125000
0.1546875000 -0.1123443265 -0.1117187500
0.1546875000 -0.1117187500 -0.1099159047
0.1546875000 -0.1121391596 -0.0429687500
0.1546875000 -0.1117187500 -0.0436424850
0.1546875000 -0.1172465556 -0.0343750000
0.1546875000 -0.1200654151 0.0257812500
0.1546875000 -0.1157792581 0.0343750000
0.1546875000 -0.1117187500 0.0411294473
0.1509247167 -0.1117187500 0.1203125000
0.1546875000 -0.1178965466 0.1289062500
0.1546875000 -0.1117187500 0.1228757617
0.1546875000 -0.1142797322 0.1890625000
0.1546875000 -0.1117187500 0.1907735187
0.1546875000 -0.1080242964 -0.1890625000
0.1546875000 -0.1031250000 -0.1934928999
0.1546875000 -0.1088575839 -0.1031250000
0.1546875000 -0.1047628808 -0.0945312500
0.1546875000 -0.1031250000 -0.0919519147
0.1546875000 -0.1066673903 -0.0515625000
0.1546875000 -0.1031250000 -0.0573295396
0.1546875000 -0.1106764650 0.0429687500
0.1546875000 -0.1036876529 0.0515625000
0.1546875000 -0.1031250000 0.0524391672
0.1471802640 -0.1031250000 0.1117187500
0.1546875000 -0.1080519576 0.1203125000
0.1546875000 -0.1031250000 0.1172466241
0.1546875000 -0.1031250000 0.1925472421
0.1545086399 -0.0945312500 -0.1976562500
0.1546875000 -0.0945312500 -0.1975825598
0.1546875000 -0.0981230440 -0.0859375000
0.1518407241 -0.0945312500 -0.0773437500
0.1546875000 -0.0945312500 -0.0799931694
0.1546875000 -0.0956228934 -0.0687500000
0.1546875000 -0.0945312500 -0.0730547963
0.1546875000 -0.1006925089 -0.0601562500
0.1546875000 -0.0963209924 0.0601562500
0.1546875000 -0.0945312500 0.0630114847
0.1471325394 -0.0945312500 0.1031250000
0.1540729911 -0.0945312500 0.1117187500
0.1546875000 -0.0945312500 0.1122483787
0.1546875000 -0.0945312500 0.1926050523
0.1527405142 -0.0859375000 -0.1976562500
0.1546875000 -0.0859375000 -0.1963871832
0.1546875000 -0.0918612338 -0.0773437500
0.1546875000 -0.0881469890 0.0687500000
0.1479707798 -0.0859375000 0.0773437500
0.1546875000 -0.0859375000 0.0717349139
0.1487570989 -0.0859375000 0.0859375000
0.1503914798 -0.0859375000 0.0945312500
0.1529481493 -0.0859375000 0.1031250000
0.1546875000 -0.0927856405 0.1117187500
0.1546875000 -0.0859375000 0.1065568009
0.1546875000 -0.0859375000 0.1896687932
0.1487902162 -0.0773437500 -0.1890625000
0.1546875000 -0.0805475358 -0.1890625000
0.1546875000 -0.0773437500 -0.1833324170
0.1507451867 -0.0773437500 0.0773437500
0.1546875000 -0.0773437500 0.0743868381
0.1502260069 -0.0773437500 0.0859375000
0.1499472400 -0.0773437500 0.0945312500
0.1504285351 -0.0773437500 0.1031250000
0.1529584810 -0.0773437500 0.1117187500
0.1546875000 -0.0809616570 0.1117187500
0.1546875000 -0.0773437500 0.1144336391
0.1546875000 -0.0851324783 0.1890625000
0.1546875000 -0.0773437500 0.1823360275
0.1546875000 -0.0761858138 -0.1804687500
0.1546875000 -0.0733297273 -0.1718750000
0.1477792141 -0.0687500000 -0.1632812500
0.1546875000 -0.0713553482 -0.1632812500
0.1507432497 -0.0687500000 -0.1546875000
0.1546875000 -0.0702258797 -0.1546875000
0.1541313823 -0.0687500000 -0.1460937500
0.1546875000 -0.0689439838 -0.1460937500
0.1546875000 -0.0687500000 -0.1435527771
0.1524933317 -0.0687500000 -0.1203125000
0.1546875000 -0.0696821393 -0.1203125000
0.1546875000 -0.0687500000 -0.1287794153
0.1499332725 -0.0687500000 -0.1117187500
0.1546875000 -0.0708386076 -0.1117187500
0.1480272356 -0.0687500000 -0.1031250000
0.1546875000 -0.0721919903 -0.1031250000
0.1475041794 -0.0687500000 -0.0945312500
0.1546875000 -0.0730370941 -0.0945312500
0.1546875000 -0.0741666060 -0.0859375000
0.1467411616 -0.0687500000 -0.0773437500
0.1546875000 -0.0745657630 -0.0773437500
0.1546875000 -0.0687500000 -0.0732203977
0.1546875000 -0.0687500000 0.0724360313
0.1464923157 -0.0687500000 0.1203125000
0.1546875000 -0.0748122402 0.1203125000
0.1509287147 -0.0687500000 0.1289062500
0.1546875000 -0.0714365269 0.1289062500
0.1546875000 -0.0687500000 0.1347094794
0.1505537079 -0.0687500000 0.1718750000
0.1546875000 -0.0706327644 0.1718750000
0.1546875000 -0.0687500000 0.1666533338
0.1546875000 -0.0758351987 0.1804687500
0.1546875000 -0.0683739544 -0.1375000000
0.1546875000 -0.0687380374 -0.1289062500
0.1497801584 -0.0601562500 -0.0687500000
0.1546875000 -0.0616648688 -0.0687500000
0.1546875000 -0.0601562500 -0.0684029390
0.1514239689 -0.0601562500 0.0687500000
0.1546875000 -0.0624775740 0.0687500000
0.1546875000 -0.0601562500 0.0682906855
0.1546875000 -0.0677004409 0.1375000000
0.1462332171 -0.0601562500 0.1460937500
0.1546875000 -0.0653728715 0.1460937500
0.1546875000 -0.0656201921 0.1546875000
0.1546875000 -0.0675914686 0.1632812500
0.1546875000 -0.0515625000 -0.0658974580
0.1546875000 -0.0515625000 0.0657652016
0.1546875000 -0.0429687500 -0.0635784473
0.1546875000 -0.0429687500 0.0626666531
0.1460967241 -0.0343750000 -0.0601562500
0.1546875000 -0.0343750000 -0.0606535265
0.1546875000 -0.0372577857 0.0601562500
0.1546875000 -0.0343750000 0.0592181835
0.1546875000 -0.0332705851 -0.0601562500
0.1546875000 -0.0257812500 -0.0571801025
0.1546875000 -0.0257812500 0.0549995992
0.1546875000 -0.0171875000 -0.0516171680
0.1546875000 -0.0198503397 0.0515625000
0.1546875000 -0.0171875000 0.0499911251
0.1546875000 -0.0171193173 -0.0515625000
0.1546875000 -0.0085937500 -0.0448789324
0.1546875000 -0.0085937500 0.0434758607
0.1546875000 -0.0065747808 -0.0429687500
0.1546875000 0.0000000000 -0.0354349351
0.1546875000 -0.0013357195 0.0343750000
0.1546875000 0.0000000000 0.0318739579
0.1546875000 -0.0080206053 0.0429687500
0.1546875000 0.0009603882 -0.0343750000
0.1546875000 0.0066270067 -0.0257812500
0.1546875000 0.0085937500 -0.0212107097
0.1546875000 0.0066827610 0.0171875000
0.1546875000 0.0085937500 0.0098597924
0.1546875000 0.0031935739 0.0257812500
0.1546875000 0.0107306733 -0.0171875000
0.1546875000 0.0114750580 -0.0085937500
0.1546875000 0.0108575245 0.0000000000
0.1546875000 0.0090307866 0.0085937500
0.1551389592 -0.1289062500 0.1632812500
0.1602698263 -0.1203125000 -0.1632812500
0.1632812500 -0.1211032943 -0.1546875000
0.1632812500 -0.1203125000 -0.1607908318
0.1632812500 -0.1205213064 -0.1460937500
0.1548293265 -0.1203125000 -0.1375000000
0.1632812500 -0.1203125000 -0.1450782241
0.1632812500 -0.1204893062 -0.0257812500
0.1632812500 -0.1203125000 -0.0261740064
0.1632812500 -0.1230019606 -0.0171875000
0.1632812500 -0.1241245242 -0.0085937500
0.1632812500 -0.1242610092 0.0000000000
0.1632812500 -0.1232618963 0.0085937500
0.1632812500 -0.1215888649 0.0171875000
0.1632812500 -0.1203125000 0.0225789909
0.1622310560 -0.1203125000 0.1375000000
0.1632812500 -0.1241068044 0.1460937500
0.1632812500 -0.1203125000 0.1383440158
0.1632812500 -0.1263327199 0.1546875000
0.1632812500 -0.1272513011 0.1632812500
0.1632812500 -0.1271549902 0.1718750000
0.1632812500 -0.1225351712 0.1804687500
0.1632812500 -0.1203125000 0.1830474192
0.1632812500 -0.1122104433 -0.1804687500
0.1632812500 -0.1117187500 -0.1812354428
0.1632812500 -0.1168733850 -0.1718750000
0.1632812500 -0.1198362743 -0.1632812500
0.1632812500 -0.1184031404 -0.1375000000
0.1632812500 -0.1157527241 -0.1289062500
0.1632812500 -0.1129266145 -0.1203125000
0.1569037900 -0.1117187500 -0.1117187500
0.1632812500 -0.1117187500 -0.1170583993
0.1590691321 -0.1117187500 -0.0429687500
0.1632812500 -0.1169641361 -0.0343750000
0.1632812500 -0.1117187500 -0.0423476625
0.1632812500 -0.1196603984 0.0257812500
0.1632812500 -0.1152111221 0.0343750000
0.1632812500 -0.1117187500 0.0399374523
0.1629719433 -0.1117187500 0.1289062500
0.1632812500 -0.1197640484 0.1375000000
0.1632812500 -0.1117187500 0.1291782794
0.1632812500 -0.1121666524 0.1890625000
0.1632812500 -0.1117187500 0.1892735124
0.1632812500 -0.1041208793 -0.1890625000
0.1632812500 -0.1031250000 -0.1898811317
0.1632812500 -0.1093865331 -0.1117187500
0.1632812500 -0.1055644260 -0.1031250000
0.1590737874 -0.1031250000 -0.0945312500
0.1632812500 -0.1031250000 -0.0981944994
0.1632812500 -0.1057671006 -0.0515625000
0.1632812500 -0.1031250000 -0.0554412396
0.1632812500 -0.1113519879 -0.0429687500
0.1632812500 -0.1098028666 0.0429687500
0.1573237333 -0.1031250000 0.0515625000
0.1632812500 -0.1031250000 0.0503156492
0.1587813261 -0.1031250000 0.1203125000
0.1632812500 -0.1113746108 0.1289062500
0.1632812500 -0.1031250000 0.1238553471
0.1632812500 -0.1031250000 0.1902636630
0.1632812500 -0.0945312500 -0.1933542570
0.1632812500 -0.1005650970 -0.0945312500
0.1612391518 -0.0945312500 -0.0859375000
0.1632812500 -0.0945312500 -0.0875491630
0.1578281554 -0.0945312500 -0.0687500000
0.1632812500 -0.0986220832 -0.0601562500
0.1632812500 -0.0945312500 -0.0665443737
0.1632812500 -0.1015850642 0.0515625000
0.1591534565 -0.0945312500 0.0601562500
0.1632812500 -0.0945312500 0.0586839025
0.1632812500 -0.0953528009 0.1203125000
0.1632812500 -0.0945312500 0.1197785003
0.1632812500 -0.0945312500 0.1894474492
0.1632812500 -0.0859375000 -0.1894301578
0.1632812500 -0.0915204346 -0.0859375000
0.1595619679 -0.0859375000 -0.0773437500
0.1632812500 -0.0859375000 -0.0822099043
0.1632812500 -0.0907929629 -0.0687500000
0.1632812500 -0.0859375000 -0.0736666722
0.1632812500 -0.0923107677 0.0601562500
0.1578583855 -0.0859375000 0.0687500000
0.1632812500 -0.0859375000 0.0660895077
0.1573817219 -0.0859375000 0.1117187500
0.1632812500 -0.0859375000 0.1184241688
0.1561641798 -0.0859375000 0.1890625000
0.1632812500 -0.0935113353 0.1890625000
0.1632812500 -0.0859375000 0.1856889172
0.1632812500 -0.0856888923 -0.1890625000
0.1573477927 -0.0773437500 -0.1804687500
0.1632812500 -0.0806587997 -0.1804687500
0.1632812500 -0.0773437500 -0.1740314911
0.1622736905 -0.0773437500 -0.0945312500
0.1632812500 -0.0780863034 -0.0945312500
0.1632812500 -0.0773437500 -0.1015505943
0.1592081644 -0.0773437500 -0.0859375000
0.1632812500 -0.0823866138 -0.0859375000
0.1579604521 -0.0773437500 -0.0773437500
0.1632812500 -0.0773437500 -0.0740460613
0.1628701435 -0.0773437500 0.0687500000
0.1632812500 -0.0773437500 0.0686296904
0.1581417714 -0.0773437500 0.1203125000
0.1632812500 -0.0841467263 0.1203125000
0.1632812500 -0.0773437500 0.1283293788
0.1581727474 -0.0773437500 0.1804687500
0.1632812500 -0.0803128643 0.1804687500
0.1632812500 -0.0773437500 0.1767270190
0.1632812500 -0.0765582560 -0.1718750000
0.1632812500 -0.0746772503 -0.1632812500
0.1632812500 -0.0732598787 -0.1546875000
0.1632812500 -0.0722146374 -0.1460937500
0.1556810872 -0.0687500000 -0.1375000000
0.1632812500 -0.0721641895 -0.1375000000
0.1547179897 -0.0687500000 -0.1289062500
0.1632812500 -0.0725660814 -0.1289062500
0.1632812500 -0.0735899137 -0.1203125000
0.1632812500 -0.0753560672 -0.1117187500
0.1632812500 -0.0772296896 -0.1031250000
0.1632812500 -0.0687500000 -0.0709410207
0.1617421623 -0.0687500000 0.0687500000
0.1632812500 -0.0687500000 0.0684263734
0.1632812500 -0.0770959822 0.1289062500
0.1566993704 -0.0687500000 0.1375000000
0.1632812500 -0.0733316400 0.1375000000
0.1611373110 -0.0687500000 0.1460937500
0.1632812500 -0.0700048955 0.1460937500
0.1605556282 -0.0687500000 0.1546875000
0.1632812500 -0.0702800872 0.1546875000
0.1571340810 -0.0687500000 0.1632812500
0.1632812500 -0.0718594922 0.1632812500
0.1632812500 -0.0745460525 0.1718750000
0.1632812500 -0.0649271847 -0.0687500000
0.1632812500 -0.0601562500 -0.0676523405
0.1632812500 -0.0601562500 0.0671091894
0.1632812500 -0.0515625000 -0.0654913515
0.1632812500 -0.0515625000 0.0650864211
0.1632812500 -0.0429687500 -0.0634554258
0.1632812500 -0.0429687500 0.0624368045
0.1632812500 -0.0343750000 -0.0611873442
0.1632812500 -0.0375064120 0.0601562500
0.1632812500 -0.0343750000 0.0591255649
0.1632812500 -0.0321196129 -0.0601562500
0.1632812500 -0.0257812500 -0.0573399717
0.1632812500 -0.0257812500 0.0549590990
0.1560480723 -0.0171875000 -0.0515625000
0.1632812500 -0.0175347376 -0.0515625000
0.1632812500 -0.0171875000 -0.0512888462
0.1632812500 -0.0198537435 0.0515625000
0.1632812500 -0.0171875000 0.0500259045
0.1632812500 -0.0085937500 -0.0448162330
0.1632812500 -0.0085937500 0.0434896225
0.1632812500 -0.0065923919 -0.0429687500
0.1632812500 0.0000000000 -0.0355704444
0.1632812500 -0.0013059135 0.0343750000
0.1632812500 0.0000000000 0.0319213641
0.1632812500 -0.0080177315 0.0429687500
0.1632812500 0.0010705250 -0.0343750000
0.1632812500 0.0067358708 -0.0257812500
0.1632812500 0.0085937500 -0.0214951593
0.1632812500 0.0067255240 0.0171875000
0.1632812500 0.0085937500 0.0104183860
0.1632812500 0.0032672087 0.0257812500
0.1632812500 0.0108642249 -0.0171875000
0.1632812500 0.0115791434 -0.0085937500
0.1632812500 0.0110390209 0.0000000000
0.1632812500 0.0092577615 0.0085937500
0.1688089162 -0.1203125000 -0.1546875000
0.1646495891 -0.1203125000 -0.1460937500
0.1718750000 -0.1203505687 -0.0257812500
0.1718750000 -0.1203125000 -0.0258616936
0.1718750000 -0.1230879418 -0.0171875000
0.1718750000 -0.1240481904 -0.0085937500
0.1718750000 -0.1239801120 0.0000000000
0.1718750000 -0.1228153370 0.0085937500
0.1718750000 -0.1210985370 0.0171875000
0.1718750000 -0.1203125000 0.0206728626
0.1718750000 -0.1203673589 0.1460937500
0.1718750000 -0.1203125000 0.1460079546
0.1718750000 -0.1236283714 0.1546875000
0.1718750000 -0.1246840726 0.1632812500
0.1718750000 -0.1247288563 0.1718750000
0.1718177995 -0.1203125000 0.1804687500
0.1718750000 -0.1203125000 0.1804410470
0.1648333536 -0.1117187500 -0.1804687500
0.1718750000 -0.1143954612 -0.1718750000
0.1718750000 -0.1117187500 -0.1762899213
0.1718750000 -0.1179567484 -0.1632812500
0.1718750000 -0.1196452621 -0.1546875000
0.1718750000 -0.1187425722 -0.1460937500
0.1718750000 -0.1163570171 -0.1375000000
0.1718750000 -0.1135063352 -0.1289062500
0.1678273637 -0.1117187500 -0.1203125000
0.1718750000 -0.1117187500 -0.1236923137
0.1718750000 -0.1167243570 -0.0343750000
0.1718750000 -0.1117187500 -0.0411926395
0.1718750000 -0.1193363772 0.0257812500
0.1718750000 -0.1145788493 0.0343750000
0.1718750000 -0.1117187500 0.0385180219
0.1718750000 -0.1127541161 0.1375000000
0.1718750000 -0.1117187500 0.1366581488
0.1718750000 -0.1202897058 0.1804687500
0.1639054653 -0.1117187500 0.1890625000
0.1718750000 -0.1117187500 0.1856772946
0.1649664231 -0.1031250000 -0.1890625000
0.1718750000 -0.1081766533 -0.1804687500
0.1718750000 -0.1031250000 -0.1851194727
0.1718750000 -0.1102303505 -0.1203125000
0.1718750000 -0.1057829625 -0.1117187500
0.1684855337 -0.1031250000 -0.1031250000
0.1718750000 -0.1031250000 -0.1064673568
0.1718750000 -0.1050511194 -0.0515625000
0.1718750000 -0.1031250000 -0.0540588331
0.1718750000 -0.1106059298 -0.0429687500
0.1718750000 -0.1085998191 0.0429687500
0.1718750000 -0.1031250000 0.0484894530
0.1699387122 -0.1031250000 0.1289062500
0.1718750000 -0.1031250000 0.1307833024
0.1665774230 -0.1031250000 0.1890625000
0.1718750000 -0.1031250000 0.1868941668
0.1700872753 -0.0945312500 -0.1890625000
0.1718750000 -0.0945312500 -0.1876294901
0.1718750000 -0.1004465317 -0.1031250000
0.1718750000 -0.0949072959 -0.0945312500
0.1718750000 -0.0945312500 -0.0940699871
0.1718750000 -0.0965319836 -0.0601562500
0.1718750000 -0.0945312500 -0.0631442573
0.1718750000 -0.0993479527 0.0515625000
0.1718750000 -0.0945312500 0.0559634221
0.1638659203 -0.0945312500 0.1203125000
0.1718750000 -0.0985441163 0.1289062500
0.1718750000 -0.0945312500 0.1271828059
0.1641519704 -0.0945312500 0.1890625000
0.1718750000 -0.0945312500 0.1853603061
0.1637322682 -0.0859375000 -0.1890625000
0.1718750000 -0.0859375000 -0.1815310867
0.1664160622 -0.0859375000 -0.0859375000
0.1718750000 -0.0859375000 -0.0933194181
0.1700459554 -0.0859375000 -0.0687500000
0.1718750000 -0.0859375000 -0.0682708931
0.1718750000 -0.0879842811 0.0601562500
0.1718750000 -0.0859375000 0.0621303795
0.1647854779 -0.0859375000 0.1203125000
0.1718750000 -0.0859375000 0.1278198423
0.1718750000 -0.0859375000 0.1805868213
0.1718750000 -0.0853126517 -0.1804687500
0.1653183444 -0.0773437500 -0.1718750000
0.1718750000 -0.0809772786 -0.1718750000
0.1704813689 -0.0773437500 -0.1632812500
0.1718750000 -0.0780370967 -0.1632812500
0.1718750000 -0.0773437500 -0.1603776357
0.1700029650 -0.0773437500 -0.1203125000
0.1718750000 -0.0784589291 -0.1203125000
0.1718750000 -0.0773437500 -0.1247162900
0.1666247302 -0.0773437500 -0.1117187500
0.1718750000 -0.0810004738 -0.1117187500
0.1634773962 -0.0773437500 -0.1031250000
0.1718750000 -0.0833204355 -0.1031250000
0.1718750000 -0.0852734069 -0.0945312500
0.1718750000 -0.0817280921 -0.0687500000
0.1718750000 -0.0773437500 -0.0697230972
0.1718750000 -0.0773437500 0.0660417689
0.1636838859 -0.0773437500 0.1289062500
0.1718750000 -0.0849986673 0.1289062500
0.1697792335 -0.0773437500 0.1375000000
0.1718750000 -0.0791915892 0.1375000000
0.1718750000 -0.0773437500 0.1404480628
0.1689086610 -0.0773437500 0.1718750000
0.1718750000 -0.0793697638 0.1718750000
0.1718750000 -0.0773437500 0.1666032490
0.1718750000 -0.0858122578 0.1804687500
0.1718750000 -0.0763242905 -0.1546875000
0.1718750000 -0.0753646807 -0.1460937500
0.1718750000 -0.0757285412 -0.1375000000
0.1718750000 -0.0764361953 -0.1289062500
0.1718750000 -0.0687500000 -0.0689255444
0.1718750000 -0.0687500000 0.0669660364
0.1718750000 -0.0749092956 0.1460937500
0.1718750000 -0.0748201564 0.1546875000
0.1718750000 -0.0763829549 0.1632812500
0.1718750000 -0.0684112404 -0.0687500000
0.1718750000 -0.0601562500 -0.0669108201
0.1718750000 -0.0601562500 0.0662322123
0.1718750000 -0.0515625000 -0.0650736823
0.1718750000 -0.0515625000 0.0645389212
0.1718750000 -0.0429687500 -0.0633962515
0.1718750000 -0.0429687500 0.0620694020
0.1718750000 -0.0343750000 -0.0614975215
0.1718750000 -0.0379987353 0.0601562500
0.1718750000 -0.0343750000 0.0590034559
0.1718750000 -0.0314437711 -0.0601562500
0.1718750000 -0.0257812500 -0.0574272939
0.1718750000 -0.0257812500 0.0549166995
0.1718750000 -0.0178588904 -0.0515625000
0.1718750000 -0.0171875000 -0.0510296852
0.1718750000 -0.0200079250 0.0515625000
0.1718750000 -0.0171875000 0.0499389398
0.1718750000 -0.0085937500 -0.0447046785
0.1718750000 -0.0085937500 0.0435837707
0.1718750000 -0.0067014161 -0.0429687500
0.1718750000 0.0000000000 -0.0356649122
0.1718750000 -0.0011090828 0.0343750000
0.1718750000 0.0000000000 0.0322617963
0.1718750000 -0.0079165712 0.0429687500
0.1718750000 0.0011713959 -0.0343750000
0.1718750000 0.0069446736 -0.0257812500
0.1718750000 0.0085937500 -0.0218359937
0.1718750000 0.0069627669 0.0171875000
0.1718750000 0.0085937500 0.0112206897
0.1718750000 0.0033916525 0.0257812500
0.1718750000 0.0109056379 -0.0171875000
0.1718750000 0.0116103413 -0.0085937500
0.1718750000 0.0111456219 0.0000000000
0.1718750000 0.0095029467 0.0085937500
0.1730505770 -0.1203125000 -0.0257812500
0.1804687500 -0.1230698086 -0.0171875000
0.1804687500 -0.1203125000 -0.0251182338
0.1804687500 -0.1239691131 -0.0085937500
0.1804687500 -0.1235544357 0.0000000000
0.1804687500 -0.1223581959 0.0085937500
0.1804687500 -0.1208476406 0.0171875000
0.1804687500 -0.1203125000 0.0194942581
0.1719636123 -0.1203125000 0.1460937500
0.1783061666 -0.1203125000 0.1546875000
0.1804687500 -0.1211647662 0.1632812500
0.1804687500 -0.1203125000 0.1597650060
0.1804687500 -0.1209861397 0.1718750000
0.1804687500 -0.1203125000 0.1734130470
0.1785154945 -0.1117187500 -0.1718750000
0.1804687500 -0.1148175972 -0.1632812500
0.1804687500 -0.1117187500 -0.1700211489
0.1804687500 -0.1170478858 -0.1546875000
0.1804687500 -0.1164623736 -0.1460937500
0.1804687500 -0.1138816929 -0.1375000000
0.1779231658 -0.1117187500 -0.1289062500
0.1804687500 -0.1117187500 -0.1314551508
0.1804687500 -0.1163824152 -0.0343750000
0.1804687500 -0.1117187500 -0.0404341497
0.1804687500 -0.1200970251 -0.0257812500
0.1804687500 -0.1190303678 0.0257812500
0.1804687500 -0.1139170559 0.0343750000
0.1804687500 -0.1117187500 0.0371922105
0.1728674001 -0.1117187500 0.1375000000
0.1804687500 -0.1125560267 0.1460937500
0.1804687500 -0.1117187500 0.1453155007
0.1804687500 -0.1184090759 0.1546875000
0.1804687500 -0.1123386322 0.1804687500
0.1804687500 -0.1117187500 0.1806728360
0.1791616327 -0.1031250000 -0.1804687500
0.1804687500 -0.1104626085 -0.1718750000
0.1804687500 -0.1031250000 -0.1794072016
0.1804687500 -0.1105608771 -0.1289062500
0.1804687500 -0.1062142108 -0.1203125000
0.1774074706 -0.1031250000 -0.1117187500
0.1804687500 -0.1031250000 -0.1148191701
0.1804687500 -0.1042216094 -0.0515625000
0.1804687500 -0.1031250000 -0.0528428529
0.1804687500 -0.1100857959 -0.0429687500
0.1804687500 -0.1072573810 0.0429687500
0.1804687500 -0.1031250000 0.0469303110
0.1798468477 -0.1031250000 0.1375000000
0.1804687500 -0.1031250000 0.1382294312
0.1804687500 -0.1031250000 0.1816629108
0.1803187470 -0.0945312500 -0.1804687500
0.1804687500 -0.0945312500 -0.1803203731
0.1804687500 -0.0993436286 -0.1117187500
0.1792809303 -0.0945312500 -0.1031250000
0.1804687500 -0.0945312500 -0.1052090377
0.1724057168 -0.0945312500 -0.0945312500
0.1797348840 -0.0945312500 -0.0601562500
0.1804687500 -0.0945312500 -0.0600200620
0.1804687500 -0.0975775755 0.0515625000
0.1804687500 -0.0945312500 0.0542077397
0.1739830490 -0.0945312500 0.1289062500
0.1804687500 -0.1015422929 0.1375000000
0.1804687500 -0.0945312500 0.1347971383
0.1790588761 -0.0945312500 0.1804687500
0.1804687500 -0.0983420744 0.1804687500
0.1804687500 -0.0945312500 0.1789283715
0.1729761592 -0.0859375000 -0.1804687500
0.1804687500 -0.0859375000 -0.1721845102
0.1782910519 -0.0859375000 -0.1117187500
0.1804687500 -0.0898645157 -0.1117187500
0.1804687500 -0.0859375000 -0.1163863215
0.1751063173 -0.0859375000 -0.1031250000
0.1726486180 -0.0859375000 -0.0945312500
0.1804687500 -0.0942766982 -0.0601562500
0.1804687500 -0.0859375000 -0.0660101333
0.1770843310 -0.0859375000 0.0601562500
0.1804687500 -0.0859375000 0.0594554226
0.1729019338 -0.0859375000 0.1289062500
0.1795922731 -0.0859375000 0.1375000000
0.1804687500 -0.0880484328 0.1375000000
0.1804687500 -0.0859375000 0.1391959252
0.1795096367 -0.0859375000 0.1718750000
0.1804687500 -0.0871249331 0.1718750000
0.1804687500 -0.0859375000 0.1699029500
0.1720303629 -0.0859375000 0.1804687500
0.1804687500 -0.0857821623 -0.1718750000
0.1804687500 -0.0823897800 -0.1632812500
0.1743006655 -0.0773437500 -0.1546875000
0.1804687500 -0.0804615404 -0.1546875000
0.1765552457 -0.0773437500 -0.1460937500
0.1804687500 -0.0794594406 -0.1460937500
0.1751022730 -0.0773437500 -0.1375000000
0.1804687500 -0.0804505682 -0.1375000000
0.1734129202 -0.0773437500 -0.1289062500
0.1804687500 -0.0819421364 -0.1289062500
0.1804687500 -0.0846303468 -0.1203125000
0.1739866495 -0.0773437500 -0.0687500000
0.1804687500 -0.0773437500 -0.0675004478
0.1804687500 -0.0843651798 0.0601562500
0.1804687500 -0.0773437500 0.0640832591
0.1761605197 -0.0773437500 0.1460937500
0.1804687500 -0.0819247441 0.1460937500
0.1762475613 -0.0773437500 0.1546875000
0.1804687500 -0.0808407077 0.1546875000
0.1735497547 -0.0773437500 0.1632812500
0.1804687500 -0.0829780547 0.1632812500
0.1724740140 -0.0687500000 -0.0687500000
0.1804687500 -0.0687500000 -0.0676130901
0.1804687500 -0.0687500000 0.0657752943
0.1804687500 -0.0601562500 -0.0661307486
0.1804687500 -0.0601562500 0.0653294405
0.1804687500 -0.0515625000 -0.0646302598
0.1804687500 -0.0515625000 0.0639799757
0.1804687500 -0.0429687500 -0.0632448781
0.1804687500 -0.0429687500 0.0617255314
0.1804687500 -0.0343750000 -0.0614000854
0.1804687500 -0.0384988372 0.0601562500
0.1804687500 -0.0343750000 0.0589060626
0.1804687500 -0.0316482252 -0.0601562500
0.1804687500 -0.0257812500 -0.0572418000
0.1804687500 -0.0257812500 0.0548959742
0.1804687500 -0.0181400042 -0.0515625000
0.1804687500 -0.0171875000 -0.0508338860
0.1804687500 -0.0200333597 0.0515625000
0.1804687500 -0.0171875000 0.0499315499
0.1804687500 -0.0085937500 -0.0445745629
0.1804687500 -0.0085937500 0.0437070633
0.1804687500 -0.0068105342 -0.0429687500
0.1804687500 0.0000000000 -0.0355859484
0.1804687500 -0.0008571865 0.0343750000
0.1804687500 0.0000000000 0.0327843897
0.1804687500 -0.0077627887 0.0429687500
0.1804687500 0.0011080196 -0.0343750000
0.1804687500 0.0071472091 -0.0257812500
0.1804687500 0.0085937500 -0.0222375874
0.1804687500 0.0073201460 0.0171875000
0.1804687500 0.0085937500 0.0123083503
0.1804687500 0.0036700582 0.0257812500
0.1804687500 0.0109854568 -0.0171875000
0.1804687500 0.0116435855 -0.0085937500
0.1804687500 0.0112216861 0.0000000000
0.1804687500 0.0097570250 0.0085937500
0.1890625000 -0.1230507211 -0.0171875000
0.1890625000 -0.1203125000 -0.0246649655
0.1890625000 -0.1239049259 -0.0085937500
0.1890625000 -0.1233717065 0.0000000000
0.1890625000 -0.1220151795 0.0085937500
0.1890625000 -0.1206299018 0.0171875000
0.1890625000 -0.1203125000 0.0184611068
0.1818523119 -0.1203125000 0.1632812500
0.1815422135 -0.1203125000 0.1718750000
0.1870988092 -0.1117187500 -0.1632812500
0.1890625000 -0.1135119429 -0.1546875000
0.1890625000 -0.1117187500 -0.1603592411
0.1890625000 -0.1132668782 -0.1460937500
0.1866005439 -0.1117187500 -0.1375000000
0.1890625000 -0.1117187500 -0.1409985449
0.1890625000 -0.1160070750 -0.0343750000
0.1890625000 -0.1117187500 -0.0398978870
0.1890625000 -0.1199436786 -0.0257812500
0.1890625000 -0.1186627687 0.0257812500
0.1890625000 -0.1131737058 0.0343750000
0.1890625000 -0.1117187500 0.0360577229
0.1812652344 -0.1117187500 0.1460937500
0.1867515353 -0.1117187500 0.1546875000
0.1887485571 -0.1117187500 0.1632812500
0.1873706710 -0.1117187500 0.1718750000
0.1807606846 -0.1117187500 0.1804687500
0.1890625000 -0.1031574624 -0.1718750000
0.1890625000 -0.1031250000 -0.1719038446
0.1890625000 -0.1100951926 -0.1632812500
0.1890625000 -0.1102724440 -0.1375000000
0.1890625000 -0.1052961940 -0.1289062500
0.1853667015 -0.1031250000 -0.1203125000
0.1890625000 -0.1031250000 -0.1253855120
0.1884316059 -0.1031250000 -0.0515625000
0.1890625000 -0.1097041368 -0.0429687500
0.1890625000 -0.1031250000 -0.0514588680
0.1890625000 -0.1058540938 0.0429687500
0.1890625000 -0.1031250000 0.0455604355
0.1870600277 -0.1031250000 0.1460937500
0.1890625000 -0.1065509961 0.1546875000
0.1890625000 -0.1031250000 0.1512112554
0.1890625000 -0.1106920588 0.1632812500
0.1886895192 -0.1031250000 0.1718750000
0.1890625000 -0.1031250000 0.1705810684
0.1819760089 -0.1031250000 0.1804687500
0.1890185520 -0.0945312500 -0.1718750000
0.1890625000 -0.0994922407 -0.1718750000
0.1890625000 -0.0945312500 -0.1718197880
0.1888665658 -0.0945312500 -0.1203125000
0.1890625000 -0.0945312500 -0.1206540066
0.1838144509 -0.0945312500 -0.1117187500
0.1890625000 -0.1030218740 -0.0515625000
0.1890625000 -0.0945312500 -0.0584152644
0.1890625000 -0.0961443672 0.0515625000
0.1890625000 -0.0945312500 0.0528926783
0.1830783524 -0.0945312500 0.1375000000
0.1876470442 -0.0945312500 0.1460937500
0.1890625000 -0.0945312500 0.1506682024
0.1861442108 -0.0945312500 0.1718750000
0.1890625000 -0.0945312500 0.1646308665
0.1807500255 -0.0859375000 -0.1718750000
0.1872774818 -0.0859375000 -0.1632812500
0.1890625000 -0.0877536578 -0.1632812500
0.1890625000 -0.0859375000 -0.1586730167
0.1861366879 -0.0859375000 -0.1289062500
0.1890625000 -0.0896586271 -0.1289062500
0.1890625000 -0.0859375000 -0.1363715237
0.1822082421 -0.0859375000 -0.1203125000
0.1890625000 -0.0911601110 -0.0601562500
0.1890625000 -0.0859375000 -0.0639063439
0.1890625000 -0.0859375000 0.0581016829
0.1844044772 -0.0859375000 0.1460937500
0.1857418094 -0.0859375000 0.1546875000
0.1890625000 -0.0920270451 0.1546875000
0.1836947091 -0.0859375000 0.1632812500
0.1890625000 -0.0937009920 0.1632812500
0.1890625000 -0.0852009990 -0.1546875000
0.1890625000 -0.0847982758 -0.1460937500
0.1890625000 -0.0856371319 -0.1375000000
0.1890625000 -0.0773437500 -0.0660563694
0.1890625000 -0.0813484134 0.0601562500
0.1890625000 -0.0773437500 0.0624000436
0.1890625000 -0.0687500000 -0.0665369122
0.1890625000 -0.0687500000 0.0646330341
0.1890625000 -0.0601562500 -0.0654524514
0.1890625000 -0.0601562500 0.0645760491
0.1890625000 -0.0515625000 -0.0642249441
0.1890625000 -0.0515625000 0.0633798550
0.1890625000 -0.0429687500 -0.0629206439
0.1890625000 -0.0429687500 0.0614631909
0.1890625000 -0.0343750000 -0.0610129737
0.1890625000 -0.0391738605 0.0601562500
0.1890625000 -0.0343750000 0.0587053758
0.1890625000 -0.0324676996 -0.0601562500
0.1890625000 -0.0257812500 -0.0569266151
0.1890625000 -0.0257812500 0.0549632464
0.1890625000 -0.0184564148 -0.0515625000
0.1890625000 -0.0171875000 -0.0506091693
0.1890625000 -0.0199698862 0.0515625000
0.1890625000 -0.0171875000 0.0499538609
0.1890625000 -0.0085937500 -0.0443649996
0.1890625000 -0.0085937500 0.0437338339
0.1890625000 -0.0070231186 -0.0429687500
0.1890625000 0.0000000000 -0.0354620031
0.1890625000 -0.0006032065 0.0343750000
0.1890625000 0.0000000000 0.0332795674
0.1890625000 -0.0077243326 0.0429687500
0.1890625000 0.0010008583 -0.0343750000
0.1890625000 0.0073256538 -0.0257812500
0.1890625000 0.0085937500 -0.0226265629
0.1890625000 0.0076133908 0.0171875000
0.1890625000 0.0085937500 0.0134081459
0.1890625000 0.0040364669 0.0257812500
0.1890625000 0.0110421605 -0.0171875000
0.1890625000 0.0117186109 -0.0085937500
0.1890625000 0.0113043956 0.0000000000
0.1890625000 0.0100365350 0.0085937500
0.1976562500 -0.1229961680 -0.0171875000
0.1976562500 -0.1203125000 -0.0245453469
0.1976562500 -0.1237289814 -0.0085937500
0.1976562500 -0.1231502612 0.0000000000
0.1976562500 -0.1216661835 0.0085937500
0.1967007355 -0.1203125000 0.0171875000
0.1976562500 -0.1203125000 0.0169284743
0.1920906104 -0.1117187500 -0.1546875000
0.1920217223 -0.1117187500 -0.1460937500
0.1976562500 -0.1159549994 -0.0343750000
0.1976562500 -0.1117187500 -0.0397338315
0.1976562500 -0.1199219741 -0.0257812500
0.1976562500 -0.1202800864 0.0171875000
0.1976562500 -0.1181988012 0.0257812500
0.1976562500 -0.1125269725 0.0343750000
0.1976562500 -0.1117187500 0.0352174655
0.1890918380 -0.1031250000 -0.1718750000
0.1961953791 -0.1031250000 -0.1632812500
0.1976562500 -0.1063876220 -0.1546875000
0.1976562500 -0.1031250000 -0.1608140101
0.1976562500 -0.1065136519 -0.1460937500
0.1967167622 -0.1031250000 -0.1375000000
0.1976562500 -0.1031250000 -0.1396612537
0.1913656613 -0.1031250000 -0.1289062500
0.1976562500 -0.1095296048 -0.0429687500
0.1976562500 -0.1031250000 -0.0504556364
0.1976562500 -0.1044675058 0.0429687500
0.1976562500 -0.1031250000 0.0441934271
0.1904411832 -0.1031250000 0.1546875000
0.1911401761 -0.1031250000 0.1632812500
0.1953795907 -0.0945312500 -0.1632812500
0.1976562500 -0.0945312500 -0.1575406434
0.1966614986 -0.0945312500 -0.1375000000
0.1976562500 -0.0945312500 -0.1413819108
0.1931102290 -0.0945312500 -0.1289062500
0.1976562500 -0.1019172015 -0.0515625000
0.1976562500 -0.0945312500 -0.0571952482
0.1976562500 -0.0948108052 0.0515625000
0.1976562500 -0.0945312500 0.0517899622
0.1904034826 -0.0945312500 0.1546875000
0.1895658549 -0.0945312500 0.1632812500
0.1901213078 -0.0859375000 -0.1546875000
0.1976562500 -0.0936893492 -0.1546875000
0.1906317032 -0.0859375000 -0.1460937500
0.1976562500 -0.0933796076 -0.1460937500
0.1894637855 -0.0859375000 -0.1375000000
0.1976562500 -0.0886752999 -0.0601562500
0.1976562500 -0.0859375000 -0.0621250867
0.1976562500 -0.0859375000 0.0570564099
0.1976562500 -0.0773437500 -0.0647827303
0.1976562500 -0.0788218972 0.0601562500
0.1976562500 -0.0773437500 0.0609902378
0.1976562500 -0.0687500000 -0.0655356044
0.1976562500 -0.0687500000 0.0636223128
0.1976562500 -0.0601562500 -0.0648189762
0.1976562500 -0.0601562500 0.0639564998
0.1976562500 -0.0515625000 -0.0637452382
0.1976562500 -0.0515625000 0.0629959446
0.1976562500 -0.0429687500 -0.0624568396
0.1976562500 -0.0429687500 0.0612214322
0.1976562500 -0.0343750000 -0.0603898229
0.1976562500 -0.0397848111 0.0601562500
0.1976562500 -0.0343750000 0.0585547382
0.1976562500 -0.0338733216 -0.0601562500
0.1976562500 -0.0257812500 -0.0562518764
0.1976562500 -0.0257812500 0.0549072612
0.1976562500 -0.0190516171 -0.0515625000
0.1976562500 -0.0171875000 -0.0502275444
0.1976562500 -0.0200189418 0.0515625000
0.1976562500 -0.0171875000 0.0499525544
0.1976562500 -0.0085937500 -0.0440229268
0.1976562500 -0.0085937500 0.0437498700
0.1976562500 -0.0073995743 -0.0429687500
0.1976562500 0.0000000000 -0.0352797414
0.1976562500 -0.0004115449 0.0343750000
0.1976562500 0.0000000000 0.0336463397
0.1976562500 -0.0076878010 0.0429687500
0.1976562500 0.0008481049 -0.0343750000
0.1976562500 0.0075339535 -0.0257812500
0.1976562500 0.0085937500 -0.0231164663
0.1976562500 0.0078702678 0.0171875000
0.1976562500 0.0085937500 0.0144094580
0.1976562500 0.0043937928 0.0257812500
0.1976562500 0.0111116372 -0.0171875000
0.1976562500 0.0117928130 -0.0085937500
0.1976562500 0.0114646312 0.0000000000
0.1976562500 0.0102623017 0.0085937500
0.2062500000 -0.1227546104 -0.0171875000
0.2062500000 -0.1203125000 -0.0239658401
0.2062500000 -0.1235151953 -0.0085937500
0.2062500000 -0.1228817446 0.0000000000
0.2062500000 -0.1214092031 0.0085937500
0.2062500000 -0.1203125000 0.0148099527
0.2062500000 -0.1159776734 -0.0343750000
0.2062500000 -0.1117187500 -0.0396532017
0.2062500000 -0.1197699262 -0.0257812500
0.2062500000 -0.1199874695 0.0171875000
0.2062500000 -0.1176925942 0.0257812500
0.2062500000 -0.1121790632 0.0343750000
0.2062500000 -0.1117187500 0.0348329887
0.2002727749 -0.1031250000 -0.1546875000
0.2001867950 -0.1031250000 -0.1460937500
0.2062500000 -0.1094202627 -0.0429687500
0.2062500000 -0.1031250000 -0.0498320949
0.2062500000 -0.1032803726 0.0429687500
0.2062500000 -0.1031250000 0.0430994848
0.1984000975 -0.0945312500 -0.1546875000
0.1986595903 -0.0945312500 -0.1460937500
0.2062500000 -0.1011230002 -0.0515625000
0.2062500000 -0.0945312500 -0.0564820344
0.1994494964 -0.0945312500 0.0515625000
0.2062500000 -0.0945312500 0.0507757304
0.2062500000 -0.0871046120 -0.0601562500
0.2062500000 -0.0859375000 -0.0609423747
0.2062500000 -0.0933577327 0.0515625000
0.2062500000 -0.0859375000 0.0561149281
0.2062500000 -0.0773437500 -0.0638479282
0.2038286427 -0.0773437500 0.0601562500
0.2062500000 -0.0773437500 0.0599308927
0.2062500000 -0.0687500000 -0.0646518039
0.2062500000 -0.0765778896 0.0601562500
0.2062500000 -0.0687500000 0.0627852569
0.2062500000 -0.0601562500 -0.0642624229
0.2062500000 -0.0601562500 0.0634150110
0.2062500000 -0.0515625000 -0.0632181248
0.2062500000 -0.0515625000 0.0627124355
0.2062500000 -0.0429687500 -0.0619415525
0.2062500000 -0.0429687500 0.0609159781
0.2003742422 -0.0343750000 -0.0601562500
0.2062500000 -0.0361474236 -0.0601562500
0.2062500000 -0.0343750000 -0.0596564601
0.2062500000 -0.0405108686 0.0601562500
0.2062500000 -0.0343750000 0.0584360279
0.2062500000 -0.0257812500 -0.0556665239
0.2062500000 -0.0257812500 0.0547908507
0.2062500000 -0.0197541252 -0.0515625000
0.2062500000 -0.0171875000 -0.0497963945
0.2062500000 -0.0201185771 0.0515625000
0.2062500000 -0.0171875000 0.0499399520
0.2062500000 -0.0085937500 -0.0436101813
0.2062500000 -0.0085937500 0.0437792356
0.2062500000 -0.0078592570 -0.0429687500
0.2062500000 0.0000000000 -0.0349587882
0.2062500000 -0.0002806586 0.0343750000
0.2062500000 0.0000000000 0.0338688680
0.2062500000 -0.0076406158 0.0429687500
0.2062500000 0.0005547738 -0.0343750000
0.2062500000 0.0075262771 -0.0257812500
0.2062500000 0.0085937500 -0.0232150056
0.2062500000 0.0079769816 0.0171875000
0.2062500000 0.0085937500 0.0148627223
0.2062500000 0.0045174730 0.0257812500
0.2062500000 0.0111411825 -0.0171875000
0.2062500000 0.0118166270 -0.0085937500
0.2062500000 0.0115784986 0.0000000000
0.2062500000 0.0103777229 0.0085937500
0.2148437500 -0.1227064457 -0.0171875000
0.2148437500 -0.1203125000 -0.0238501762
0.2148437500 -0.1233926146 -0.0085937500
0.2148437500 -0.1228318101 0.0000000000
0.2148437500 -0.1213015300 0.0085937500
0.2148437500 -0.1203125000 0.0141374064
0.2148437500 -0.1158653118 -0.0343750000
0.2148437500 -0.1117187500 -0.0394514762
0.2148437500 -0.1197337942 -0.0257812500
0.2148437500 -0.1198762736 0.0171875000
0.2148437500 -0.1173501005 0.0257812500
0.2137938277 -0.1117187500 0.0343750000
0.2148437500 -0.1117187500 0.0342670650
0.2148437500 -0.1093423064 -0.0429687500
0.2148437500 -0.1031250000 -0.0495123062
0.2148437500 -0.1116634006 0.0343750000
0.2077777453 -0.1031250000 0.0429687500
0.2148437500 -0.1031250000 0.0424030779
0.2148437500 -0.1005848840 -0.0515625000
0.2148437500 -0.0945312500 -0.0558796192
0.2148437500 -0.1025500479 0.0429687500
0.2148437500 -0.0945312500 0.0501087950
0.2147182360 -0.0859375000 -0.0601562500
0.2148437500 -0.0859375000 -0.0601486539
0.2148437500 -0.0923797116 0.0515625000
0.2148437500 -0.0859375000 0.0554257707
0.2148437500 -0.0859102536 -0.0601562500
0.2148437500 -0.0773437500 -0.0632011386
0.2148437500 -0.0773437500 0.0591982331
0.2148437500 -0.0687500000 -0.0640722884
0.2148437500 -0.0741414927 0.0601562500
0.2148437500 -0.0687500000 0.0620828347
0.2148437500 -0.0601562500 -0.0638766432
0.2148437500 -0.0601562500 0.0630077334
0.2148437500 -0.0515625000 -0.0628381303
0.2148437500 -0.0515625000 0.0624247530
0.2148437500 -0.0429687500 -0.0615105535
0.2148437500 -0.0429687500 0.0605702847
0.2148437500 -0.0380306215 -0.0601562500
0.2148437500 -0.0343750000 -0.0591036062
0.2148437500 -0.0415095364 0.0601562500
0.2148437500 -0.0343750000 0.0583298403
0.2148437500 -0.0257812500 -0.0552938950
0.2148437500 -0.0257812500 0.0546799195
0.2148437500 -0.0201075190 -0.0515625000
0.2148437500 -0.0171875000 -0.0496259718
0.2148437500 -0.0203034640 0.0515625000
0.2148437500 -0.0171875000 0.0499086151
0.2148437500 -0.0085937500 -0.0434652462
0.2148437500 -0.0085937500 0.0439228686
0.2148437500 -0.0080221460 -0.0429687500
0.2148437500 0.0000000000 -0.0348473677
0.2148437500 -0.0001092330 0.0343750000
0.2148437500 0.0000000000 0.0341740920
0.2148437500 -0.0074467275 0.0429687500
0.2148437500 0.0004521397 -0.0343750000
0.2148437500 0.0075880853 -0.0257812500
0.2148437500 0.0085937500 -0.0234266712
0.2148437500 0.0080241318 0.0171875000
0.2148437500 0.0085937500 0.0150830704
0.2148437500 0.0046200752 0.0257812500
0.2148437500 0.0112331791 -0.0171875000
0.2148437500 0.0118809383 -0.0085937500
0.2148437500 0.0116680622 0.0000000000
0.2148437500 0.0104285542 0.0085937500
0.2234375000 -0.1225638139 -0.0171875000
0.2234375000 -0.1203125000 -0.0239157145
0.2234375000 -0.1233554831 -0.0085937500
0.2234375000 -0.1228224605 0.0000000000
0.2234375000 -0.1212177713 0.0085937500
0.2234375000 -0.1203125000 0.0130168323
0.2234375000 -0.1157704477 -0.0343750000
0.2234375000 -0.1117187500 -0.0392990886
0.2234375000 -0.1197706206 -0.0257812500
0.2234375000 -0.1195955065 0.0171875000
0.2234375000 -0.1169766113 0.0257812500
0.2234375000 -0.1117187500 0.0330337562
0.2234375000 -0.1092856085 -0.0429687500
0.2234375000 -0.1031250000 -0.0493076137
0.2234375000 -0.1109837606 0.0343750000
0.2234375000 -0.1031250000 0.0417511629
0.2234375000 -0.1003192865 -0.0515625000
0.2234375000 -0.0945312500 -0.0554868510
0.2234375000 -0.1018706876 0.0429687500
0.2234375000 -0.0945312500 0.0494016886
0.2234375000 -0.0859375000 -0.0596029905
0.2234375000 -0.0914776740 0.0515625000
0.2234375000 -0.0859375000 0.0548541580
0.2234375000 -0.0841842289 -0.0601562500
0.2234375000 -0.0773437500 -0.0627491204
0.2234375000 -0.0773437500 0.0586907756
0.2234375000 -0.0687500000 -0.0635523055
0.2234375000 -0.0728128949 0.0601562500
0.2234375000 -0.0687500000 0.0616981345
0.2234375000 -0.0601562500 -0.0635177754
0.2234375000 -0.0601562500 0.0627881567
0.2234375000 -0.0515625000 -0.0626070152
0.2234375000 -0.0515625000 0.0622444227
0.2234375000 -0.0429687500 -0.0611364910
0.2234375000 -0.0429687500 0.0604656285
0.2234375000 -0.0391119509 -0.0601562500
0.2234375000 -0.0343750000 -0.0589008605
0.2234375000 -0.0418097747 0.0601562500
0.2234375000 -0.0343750000 0.0583048931
0.2234375000 -0.0257812500 -0.0551798062
0.2234375000 -0.0257812500 0.0547281454
0.2234375000 -0.0202194237 -0.0515625000
0.2234375000 -0.0171875000 -0.0496023927
0.2234375000 -0.0201759431 0.0515625000
0.2234375000 -0.0171875000 0.0500111416
0.2234375000 -0.0085937500 -0.0433966570
0.2234375000 -0.0085937500 0.0441411009
0.2234375000 -0.0080996745 -0.0429687500
0.2234375000 0.0000000000 -0.0349247552
0.2183486085 0.0000000000 0.0343750000
0.2234375000 -0.0071591364 0.0429687500
0.2234375000 0.0000000000 0.0345882417
0.2234375000 0.0005360192 -0.0343750000
0.2234375000 0.0075777923 -0.0257812500
0.2234375000 0.0085937500 -0.0234926551
0.2234375000 0.0079787615 0.0171875000
0.2234375000 0.0085937500 0.0149211186
0.2234375000 0.0047375503 0.0257812500
0.2234375000 0.0001667491 0.0343750000
0.2234375000 0.0113691128 -0.0171875000
0.2234375000 0.0119870450 -0.0085937500
0.2234375000 0.0117333208 0.0000000000
0.2234375000 0.0103752814 0.0085937500
0.2320312500 -0.1224373001 -0.0171875000
0.2320312500 -0.1203125000 -0.0234383556
0.2320312500 -0.1232819277 -0.0085937500
0.2320312500 -0.1226863778 0.0000000000
0.2320312500 -0.1211643849 0.0085937500
0.2320312500 -0.1203125000 0.0123524291
0.2320312500 -0.1156166697 -0.0343750000
0.2320312500 -0.1117187500 -0.0391950374
0.2320312500 -0.1196078866 -0.0257812500
0.2320312500 -0.1193749403 0.0171875000
0.2320312500 -0.1166579072 0.0257812500
0.2320312500 -0.1117187500 0.0322880658
0.2320312500 -0.1092307140 -0.0429687500
0.2320312500 -0.1031250000 -0.0490749482
0.2320312500 -0.1104895687 0.0343750000
0.2320312500 -0.1031250000 0.0411115655
0.2320312500 -0.0999123253 -0.0515625000
0.2320312500 -0.0945312500 -0.0549641230
0.2320312500 -0.1012022434 0.0429687500
0.2320312500 -0.0945312500 0.0486517207
0.2320312500 -0.0859375000 -0.0591949382
0.2320312500 -0.0905168236 0.0515625000
0.2320312500 -0.0859375000 0.0543087658
0.2320312500 -0.0828714262 -0.0601562500
0.2320312500 -0.0773437500 -0.0622035300
0.2320312500 -0.0773437500 0.0582192792
0.2320312500 -0.0687500000 -0.0630930240
0.2320312500 -0.0717959394 0.0601562500
0.2320312500 -0.0687500000 0.0613796584
0.2320312500 -0.0601562500 -0.0630876936
0.2320312500 -0.0601562500 0.0625207636
0.2320312500 -0.0515625000 -0.0623819800
0.2320312500 -0.0515625000 0.0620467980
0.2320312500 -0.0429687500 -0.0609210865
0.2320312500 -0.0429687500 0.0602297958
0.2320312500 -0.0396993959 -0.0601562500
0.2320312500 -0.0343750000 -0.0588658113
0.2320312500 -0.0427032170 0.0601562500
0.2320312500 -0.0343750000 0.0580484324
0.2320312500 -0.0257812500 -0.0551735031
0.2320312500 -0.0257812500 0.0546050853
0.2320312500 -0.0200890758 -0.0515625000
0.2320312500 -0.0171875000 -0.0497384841
0.2320312500 -0.0202691549 0.0515625000
0.2320312500 -0.0171875000 0.0500121031
0.2320312500 -0.0085937500 -0.0433844079
0.2320312500 -0.0085937500 0.0443295702
0.2320312500 -0.0081213888 -0.0429687500
0.2320312500 0.0000000000 -0.0349773239
0.2320312500 -0.0068696518 0.0429687500
0.2320312500 0.0000000000 0.0349395213
0.2320312500 0.0006069687 -0.0343750000
0.2320312500 0.0075818539 -0.0257812500
0.2320312500 0.0085937500 -0.0235700563
0.2320312500 0.0079456698 0.0171875000
0.2320312500 0.0085937500 0.0147598870
0.2320312500 0.0048967782 0.0257812500
0.2320312500 0.0004452487 0.0343750000
0.2320312500 0.0114119974 -0.0171875000
0.2320312500 0.0120655802 -0.0085937500
0.2320312500 0.0118511793 0.0000000000
0.2320312500 0.0103674856 0.0085937500
0.2406250000 -0.1224666993 -0.0171875000
0.2406250000 -0.1203125000 -0.0229921271
0.2406250000 -0.1232543655 -0.0085937500
0.2406250000 -0.1225473432 0.0000000000
0.2406250000 -0.1210237465 0.0085937500
0.2406250000 -0.1203125000 0.0116992558
0.2406250000 -0.1155141660 -0.0343750000
0.2406250000 -0.1117187500 -0.0389692562
0.2406250000 -0.1194027397 -0.0257812500
0.2406250000 -0.1192131763 0.0171875000
0.2406250000 -0.1162664442 0.0257812500
0.2406250000 -0.1117187500 0.0314880071
0.2406250000 -0.1089616227 -0.0429687500
0.2406250000 -0.1031250000 -0.0487152604
0.2406250000 -0.1098802529 0.0343750000
0.2406250000 -0.1031250000 0.0402962135
0.2406250000 -0.0993904260 -0.0515625000
0.2406250000 -0.0945312500 -0.0545171047
0.2406250000 -0.1004114348 0.0429687500
0.2406250000 -0.0945312500 0.0478859557
0.2406250000 -0.0859375000 -0.0586355898
0.2406250000 -0.0895784644 0.0515625000
0.2406250000 -0.0859375000 0.0538373555
0.2406250000 -0.0812798411 -0.0601562500
0.2406250000 -0.0773437500 -0.0616896876
0.2406250000 -0.0773437500 0.0578323000
0.2406250000 -0.0687500000 -0.0625995425
0.2406250000 -0.0708052483 0.0601562500
0.2406250000 -0.0687500000 0.0609718089
0.2406250000 -0.0601562500 -0.0627244113
0.2406250000 -0.0601562500 0.0622617128
0.2406250000 -0.0515625000 -0.0621556099
0.2406250000 -0.0515625000 0.0618871785
0.2406250000 -0.0429687500 -0.0608513151
0.2345370900 -0.0429687500 0.0601562500
0.2406250000 -0.0437112432 0.0601562500
0.2406250000 -0.0429687500 0.0600106604
0.2406250000 -0.0398324618 -0.0601562500
0.2406250000 -0.0343750000 -0.0588749130
0.2406250000 -0.0343750000 0.0577939167
0.2406250000 -0.0257812500 -0.0552469912
0.2406250000 -0.0257812500 0.0544089320
0.2406250000 -0.0198432567 -0.0515625000
0.2406250000 -0.0171875000 -0.0498843749
0.2406250000 -0.0204828511 0.0515625000
0.2406250000 -0.0171875000 0.0499481490
0.2406250000 -0.0085937500 -0.0433565484
0.2406250000 -0.0085937500 0.0442907355
0.2406250000 -0.0081655621 -0.0429687500
0.2406250000 0.0000000000 -0.0349649526
0.2406250000 -0.0068599850 0.0429687500
0.2406250000 0.0000000000 0.0350503025
0.2406250000 0.0006017852 -0.0343750000
0.2406250000 0.0075518617 -0.0257812500
0.2406250000 0.0085937500 -0.0235454853
0.2406250000 0.0080221927 0.0171875000
0.2406250000 0.0085937500 0.0150194395
0.2406250000 0.0050348001 0.0257812500
0.2406250000 0.0005412564 0.0343750000
0.2406250000 0.0113637899 -0.0171875000
0.2406250000 0.0120760421 -0.0085937500
0.2406250000 0.0119048750 0.0000000000
0.2406250000 0.0104552953 0.0085937500
0.2492187500 -0.1225394143 -0.0171875000
0.2492187500 -0.1203125000 -0.0228598046
0.2492187500 -0.1233030366 -0.0085937500
0.2492187500 -0.1224863209 0.0000000000
0.2492187500 -0.1209365002 0.0085937500
0.2492187500 -0.1203125000 0.0111425912
0.2492187500 -0.1153807316 -0.0343750000
0.2492187500 -0.1117187500 -0.0387618998
0.2492187500 -0.1192903018 -0.0257812500
0.2492187500 -0.1190030226 0.0171875000
0.2492187500 -0.1158670210 0.0257812500
0.2492187500 -0.1117187500 0.0307387101
0.2492187500 -0.1086682055 -0.0429687500
0.2492187500 -0.1031250000 -0.0482994335
0.2492187500 -0.1093186443 0.0343750000
0.2492187500 -0.1031250000 0.0397089442
0.2492187500 -0.0988616802 -0.0515625000
0.2492187500 -0.0945312500 -0.0540859321
0.2492187500 -0.0997813969 0.0429687500
0.2492187500 -0.0945312500 0.0472538309
0.2492187500 -0.0859375000 -0.0580652950
0.2492187500 -0.0888218591 0.0515625000
0.2492187500 -0.0859375000 0.0534243377
0.2492187500 -0.0799458098 -0.0601562500
0.2492187500 -0.0773437500 -0.0612254552
0.2492187500 -0.0773437500 0.0575651533
0.2492187500 -0.0687500000 -0.0621549584
0.2492187500 -0.0696484215 0.0601562500
0.2492187500 -0.0687500000 0.0604982470
0.2492187500 -0.0601562500 -0.0624752263
0.2492187500 -0.0601562500 0.0620308817
0.2492187500 -0.0515625000 -0.0619844867
0.2492187500 -0.0515625000 0.0618266657
0.2492187500 -0.0429687500 -0.0607959302
0.2492187500 -0.0440152491 0.0601562500
0.2492187500 -0.0429687500 0.0599476435
0.2492187500 -0.0402587346 -0.0601562500
0.2492187500 -0.0343750000 -0.0586920026
0.2492187500 -0.0343750000 0.0576401263
0.2492187500 -0.0257812500 -0.0553088395
0.2492187500 -0.0257812500 0.0543397471
0.2492187500 -0.0197234006 -0.0515625000
0.2492187500 -0.0171875000 -0.0499632887
0.2492187500 -0.0205923339 0.0515625000
0.2492187500 -0.0171875000 0.0498804588
0.2492187500 -0.0085937500 -0.0433852669
0.2492187500 -0.0085937500 0.0441990961
0.2492187500 -0.0081403614 -0.0429687500
0.2492187500 0.0000000000 -0.0349797945
0.2492187500 -0.0069468776 0.0429687500
0.2492187500 0.0000000000 0.0351419065
0.2492187500 0.0006123914 -0.0343750000
0.2492187500 0.0074608933 -0.0257812500
0.2492187500 0.0085937500 -0.0233351019
0.2492187500 0.0082254276 0.0171875000
0.2492187500 0.0085937500 0.0156975167
0.2492187500 0.0052982393 0.0257812500
0.2492187500 0.0006261541 0.0343750000
0.2492187500 0.0112507669 -0.0171875000
0.2492187500 0.0120444435 -0.0085937500
0.2492187500 0.0118853750 0.0000000000
0.2492187500 0.0105405878 0.0085937500
0.2578125000 -0.1226225584 -0.0171875000
0.2578125000 -0.1203125000 -0.0226984044
0.2578125000 -0.1233967406 -0.0085937500
0.2578125000 -0.1223940293 0.0000000000
0.2578125000 -0.1208500608 0.0085937500
0.2578125000 -0.1203125000 0.0107929481
0.2578125000 -0.1152422238 -0.0343750000
0.2578125000 -0.1117187500 -0.0385596597
0.2578125000 -0.1191551497 -0.0257812500
0.2578125000 -0.1188900214 0.0171875000
0.2578125000 -0.1155476466 0.0257812500
0.2578125000 -0.1117187500 0.0301991500
0.2578125000 -0.1084028568 -0.0429687500
0.2578125000 -0.1031250000 -0.0478808994
0.2578125000 -0.1088695338 0.0343750000
0.2578125000 -0.1031250000 0.0393218180
0.2578125000 -0.0982073041 -0.0515625000
0.2578125000 -0.0945312500 -0.0536313644
0.2578125000 -0.0993231258 0.0429687500
0.2578125000 -0.0945312500 0.0468126964
0.2578125000 -0.0859375000 -0.0575300824
0.2578125000 -0.0882956819 0.0515625000
0.2578125000 -0.0859375000 0.0530698819
0.2578125000 -0.0788212934 -0.0601562500
0.2578125000 -0.0773437500 -0.0608094316
0.2578125000 -0.0773437500 0.0574934063
0.2578125000 -0.0687500000 -0.0619645423
0.2578125000 -0.0696330348 0.0601562500
0.2578125000 -0.0687500000 0.0604994631
0.2578125000 -0.0601562500 -0.0623220764
0.2578125000 -0.0601562500 0.0619729381
0.2578125000 -0.0515625000 -0.0618810418
0.2578125000 -0.0515625000 0.0617902194
0.2578125000 -0.0429687500 -0.0607530546
0.2578125000 -0.0437840453 0.0601562500
0.2578125000 -0.0429687500 0.0599988505
0.2578125000 -0.0405072066 -0.0601562500
0.2578125000 -0.0343750000 -0.0586024320
0.2578125000 -0.0343750000 0.0576067055
0.2578125000 -0.0257812500 -0.0554434361
0.2578125000 -0.0257812500 0.0543525787
0.2578125000 -0.0195237998 -0.0515625000
0.2578125000 -0.0171875000 -0.0500903735
0.2578125000 -0.0205331260 0.0515625000
0.2578125000 -0.0171875000 0.0498892235
0.2578125000 -0.0085937500 -0.0436084604
0.2578125000 -0.0085937500 0.0441676643
0.2578125000 -0.0078897752 -0.0429687500
0.2578125000 0.0000000000 -0.0351399220
0.2578125000 -0.0069888534 0.0429687500
0.2578125000 0.0000000000 0.0351263841
0.2578125000 0.0007561980 -0.0343750000
0.2578125000 0.0075476119 -0.0257812500
0.2578125000 0.0085937500 -0.0234035778
0.2578125000 0.0083605583 0.0171875000
0.2578125000 0.0085937500 0.0161761684
0.2578125000 0.0055604645 0.0257812500
0.2578125000 0.0006166658 0.0343750000
0.2578125000 0.0111241357 -0.0171875000
0.2578125000 0.0119474094 -0.0085937500
0.2578125000 0.0118192220 0.0000000000
0.2578125000 0.0105168406 0.0085937500
0.2664062500 -0.1227451059 -0.0171875000
0.2664062500 -0.1203125000 -0.0226934961
0.2664062500 -0.1234885954 -0.0085937500
0.2664062500 -0.1223798031 0.0000000000
0.2664062500 -0.1208102269 0.0085937500
0.2664062500 -0.1203125000 0.0105923068
0.2664062500 -0.1152135825 -0.0343750000
0.2664062500 -0.1117187500 -0.0383736786
0.2664062500 -0.1190984443 -0.0257812500
0.2664062500 -0.1188043813 0.0171875000
0.2664062500 -0.1152813910 0.0257812500
0.2664062500 -0.1117187500 0.0297474938
0.2664062500 -0.1080486750 -0.0429687500
0.2664062500 -0.1031250000 -0.0474811203
0.2664062500 -0.1083557135 0.0343750000
0.2664062500 -0.1031250000 0.0387822568
0.2664062500 -0.0976836839 -0.0515625000
0.2664062500 -0.0945312500 -0.0533198295
0.2664062500 -0.0988085853 0.0429687500
0.2664062500 -0.0945312500 0.0464793022
0.2664062500 -0.0859375000 -0.0572963504
0.2664062500 -0.0881065155 0.0515625000
0.2664062500 -0.0859375000 0.0529634880
0.2664062500 -0.0781068143 -0.0601562500
0.2664062500 -0.0773437500 -0.0605000359
0.2664062500 -0.0773437500 0.0575845718
0.2664062500 -0.0687500000 -0.0617328595
0.2664062500 -0.0702357202 0.0601562500
0.2664062500 -0.0687500000 0.0607524815
0.2664062500 -0.0601562500 -0.0620536056
0.2664062500 -0.0601562500 0.0620800795
0.2664062500 -0.0515625000 -0.0617403649
0.2664062500 -0.0515625000 0.0618874034
0.2664062500 -0.0429687500 -0.0606737985
0.2664062500 -0.0435490303 0.0601562500
0.2664062500 -0.0429687500 0.0600399975
0.2664062500 -0.0408359799 -0.0601562500
0.2664062500 -0.0343750000 -0.0585190960
0.2664062500 -0.0343750000 0.0576444791
0.2664062500 -0.0257812500 -0.0554734932
0.2664062500 -0.0257812500 0.0543916675
0.2664062500 -0.0193575171 -0.0515625000
0.2664062500 -0.0171875000 -0.0502558693
0.2664062500 -0.0202531027 0.0515625000
0.2664062500 -0.0171875000 0.0500607254
0.2664062500 -0.0085937500 -0.0437997419
0.2664062500 -0.0085937500 0.0442189732
0.2664062500 -0.0076696561 -0.0429687500
0.2664062500 0.0000000000 -0.0353820761
0.2664062500 -0.0069458828 0.0429687500
0.2664062500 0.0000000000 0.0351001970
0.2664062500 0.0009733495 -0.0343750000
0.2664062500 0.0076555932 -0.0257812500
0.2664062500 0.0085937500 -0.0235175124
0.2664062500 0.0083819662 0.0171875000
0.2664062500 0.0085937500 0.0162170029
0.2664062500 0.0056956866 0.0257812500
0.2664062500 0.0006020448 0.0343750000
0.2664062500 0.0110059211 -0.0171875000
0.2664062500 0.0118325263 -0.0085937500
0.2664062500 0.0116763914 0.0000000000
0.2664062500 0.0104159614 0.0085937500
0.2750000000 -0.1229270876 -0.0171875000
0.2750000000 -0.1203125000 -0.0231085772
0.2750000000 -0.1235927432 -0.0085937500
0.2750000000 -0.1224282269 0.0000000000
0.2750000000 -0.1207464807 0.0085937500
0.2750000000 -0.1203125000 0.0102907131
0.2750000000 -0.1152226866 -0.0343750000
0.2750000000 -0.1117187500 -0.0383411692
0.2750000000 -0.1192350651 -0.0257812500
0.2750000000 -0.1186953179 0.0171875000
0.2750000000 -0.1150390905 0.0257812500
0.2750000000 -0.1117187500 0.0294198911
0.2750000000 -0.1077821773 -0.0429687500
0.2750000000 -0.1031250000 -0.0469793328
0.2750000000 -0.1079653655 0.0343750000
0.2750000000 -0.1031250000 0.0385181027
0.2750000000 -0.0970368999 -0.0515625000
0.2750000000 -0.0945312500 -0.0530011260
0.2750000000 -0.0987372448 0.0429687500
0.2750000000 -0.0945312500 0.0465236398
0.2750000000 -0.0859375000 -0.0569113352
0.2750000000 -0.0883493494 0.0515625000
0.2750000000 -0.0859375000 0.0531510608
0.2733317223 -0.0773437500 -0.0601562500
0.2750000000 -0.0773437500 -0.0600960422
0.2750000000 -0.0773437500 0.0578001285
0.2750000000 -0.0768554517 -0.0601562500
0.2750000000 -0.0687500000 -0.0614647153
0.2750000000 -0.0708627816 0.0601562500
0.2750000000 -0.0687500000 0.0609962291
0.2750000000 -0.0601562500 -0.0619287598
0.2750000000 -0.0601562500 0.0622305731
0.2750000000 -0.0515625000 -0.0616475427
0.2750000000 -0.0515625000 0.0620022968
0.2750000000 -0.0429687500 -0.0605799421
0.2750000000 -0.0431034966 0.0601562500
0.2750000000 -0.0429687500 0.0601288955
0.2750000000 -0.0411835566 -0.0601562500
0.2750000000 -0.0343750000 -0.0584882199
0.2750000000 -0.0343750000 0.0577160273
0.2750000000 -0.0257812500 -0.0554433235
0.2750000000 -0.0257812500 0.0544914770
0.2750000000 -0.0191373153 -0.0515625000
0.2750000000 -0.0171875000 -0.0504595892
0.2750000000 -0.0199203236 0.0515625000
0.2750000000 -0.0171875000 0.0502435844
0.2750000000 -0.0085937500 -0.0439721640
0.2750000000 -0.0085937500 0.0443770051
0.2750000000 -0.0074715884 -0.0429687500
0.2750000000 0.0000000000 -0.0355348583
0.2750000000 -0.0067883367 0.0429687500
0.2750000000 0.0000000000 0.0352008663
0.2750000000 0.0011071170 -0.0343750000
0.2750000000 0.0076005218 -0.0257812500
0.2750000000 0.0085937500 -0.0233209935
0.2750000000 0.0082921811 0.0171875000
0.2750000000 0.0085937500 0.0157688667
0.2750000000 0.0057699170 0.0257812500
0.2750000000 0.0006818580 0.0343750000
0.2750000000 0.0108096440 -0.0171875000
0.2750000000 0.0115768131 -0.0085937500
0.2750000000 0.0113930026 0.0000000000
0.2750000000 0.0102195572 0.0085937500
0.2835937500 -0.1230521525 -0.0171875000
0.2835937500 -0.1203125000 -0.0235337348
0.2835937500 -0.1237788932 -0.0085937500
0.2835937500 -0.1225872579 0.0000000000
0.2835937500 -0.1206859731 0.0085937500
0.2835937500 -0.1203125000 0.0099878519
0.2835937500 -0.1152442838 -0.0343750000
0.2835937500 -0.1117187500 -0.0382422844
0.2835937500 -0.1193912153 -0.0257812500
0.2835937500 -0.1186062883 0.0171875000
0.2835937500 -0.1148529079 0.0257812500
0.2835937500 -0.1117187500 0.0292314580
0.2835937500 -0.1073854347 -0.0429687500
0.2835937500 -0.1031250000 -0.0464875798
0.2835937500 -0.1077667688 0.0343750000
0.2835937500 -0.1031250000 0.0383927715
0.2835937500 -0.0963558693 -0.0515625000
0.2835937500 -0.0945312500 -0.0526167599
0.2835937500 -0.0988375195 0.0429687500
0.2835937500 -0.0945312500 0.0467934757
0.2835937500 -0.0859375000 -0.0565027474
0.2835937500 -0.0886947378 0.0515625000
0.2835937500 -0.0859375000 0.0533985904
0.2835937500 -0.0773437500 -0.0597433565
0.2835937500 -0.0773437500 0.0580734781
0.2835937500 -0.0744571676 -0.0601562500
0.2835937500 -0.0687500000 -0.0612055704
0.2835937500 -0.0713287940 0.0601562500
0.2835937500 -0.0687500000 0.0611138190
0.2835937500 -0.0601562500 -0.0618650826
0.2835937500 -0.0601562500 0.0623324768
0.2835937500 -0.0515625000 -0.0615558527
0.2835937500 -0.0515625000 0.0620672234
0.2835937500 -0.0429687500 -0.0605122920
0.2782023782 -0.0429687500 0.0601562500
0.2835937500 -0.0429687500 0.0602104738
0.2835937500 -0.0414131735 -0.0601562500
0.2835937500 -0.0343750000 -0.0585452755
0.2835937500 -0.0427906485 0.0601562500
0.2835937500 -0.0343750000 0.0578371477
0.2835937500 -0.0257812500 -0.0554726176
0.2835937500 -0.0257812500 0.0546735541
0.2835937500 -0.0189231859 -0.0515625000
0.2835937500 -0.0171875000 -0.0506091293
0.2835937500 -0.0194904669 0.0515625000
0.2835937500 -0.0171875000 0.0504411260
0.2835937500 -0.0085937500 -0.0441303293
0.2835937500 -0.0085937500 0.0445452677
0.2835937500 -0.0072848892 -0.0429687500
0.2835937500 0.0000000000 -0.0355041931
0.2835937500 -0.0065881606 0.0429687500
0.2835937500 0.0000000000 0.0353146282
0.2835937500 0.0010259147 -0.0343750000
0.2835937500 0.0073013791 -0.0257812500
0.2835937500 0.0085937500 -0.0223321563
0.2835937500 0.0080954567 0.0171875000
0.2835937500 0.0085937500 0.0146559563
0.2835937500 0.0057170956 0.0257812500
0.2835937500 0.0007520465 0.0343750000
0.2835937500 0.0103488454 -0.0171875000
0.2835937500 0.0110909236 -0.0085937500
0.2835937500 0.0109122539 0.0000000000
0.2835937500 0.0098885816 0.0085937500
0.2921875000 -0.1231090712 -0.0171875000
0.2921875000 -0.1203125000 -0.0236639775
0.2921875000 -0.1240007654 -0.0085937500
0.2921875000 -0.1228250881 0.0000000000
0.2921875000 -0.1207518251 0.0085937500
0.2921875000 -0.1203125000 0.0101829623
0.2921875000 -0.1150692590 -0.0343750000
0.2921875000 -0.1117187500 -0.0379801442
0.2921875000 -0.1194441017 -0.0257812500
0.2921875000 -0.1186275117 0.0171875000
0.2921875000 -0.1148195815 0.0257812500
0.2921875000 -0.1117187500 0.0291171228
0.2921875000 -0.1069202621 -0.0429687500
0.2921875000 -0.1031250000 -0.0459781157
0.2921875000 -0.1076405579 0.0343750000
0.2921875000 -0.1031250000 0.0384548310
0.2921875000 -0.0954772304 -0.0515625000
0.2921875000 -0.0945312500 -0.0521169801
0.2921875000 -0.0990129843 0.0429687500
0.2921875000 -0.0945312500 0.0470339170
0.2921875000 -0.0859375000 -0.0560900139
0.2921875000 -0.0890459675 0.0515625000
0.2921875000 -0.0859375000 0.0536490309
0.2921875000 -0.0773437500 -0.0594168548
0.2921875000 -0.0773437500 0.0584075055
0.2921875000 -0.0725667651 -0.0601562500
0.2921875000 -0.0687500000 -0.0609227075
0.2921875000 -0.0722228765 0.0601562500
0.2921875000 -0.0687500000 0.0613768247
0.2921875000 -0.0601562500 -0.0616453540
0.2921875000 -0.0601562500 0.0624891683
0.2921875000 -0.0515625000 -0.0613093699
0.2921875000 -0.0515625000 0.0621401953
0.2921875000 -0.0429687500 -0.0603218357
0.2921875000 -0.0429687500 0.0604308203
0.2921875000 -0.0422466870 -0.0601562500
0.2921875000 -0.0343750000 -0.0584583429
0.2921875000 -0.0420678371 0.0601562500
0.2921875000 -0.0343750000 0.0580020078
0.2921875000 -0.0257812500 -0.0555237968
0.2921875000 -0.0257812500 0.0548513376
0.2921875000 -0.0188310591 -0.0515625000
0.2921875000 -0.0171875000 -0.0506479814
0.2921875000 -0.0190085644 0.0515625000
0.2921875000 -0.0171875000 0.0506782735
0.2921875000 -0.0085937500 -0.0441593319
0.2921875000 -0.0085937500 0.0447375093
0.2921875000 -0.0072531938 -0.0429687500
0.2921875000 0.0000000000 -0.0351105954
0.2921875000 -0.0064335155 0.0429687500
0.2921875000 0.0000000000 0.0351413182
0.2921875000 0.0006428436 -0.0343750000
0.2921875000 0.0068060461 -0.0257812500
0.2921875000 0.0085937500 -0.0205865336
0.2921875000 0.0077898480 0.0171875000
0.2921875000 0.0085937500 0.0130685664
0.2921875000 0.0054898555 0.0257812500
0.2921875000 0.0005995176 0.0343750000
0.2921875000 0.0096785887 -0.0171875000
0.2921875000 0.0105313554 -0.0085937500
0.2921875000 0.0103596528 0.0000000000
0.2921875000 0.0095405091 0.0085937500
0.3007812500 -0.1231184854 -0.0171875000
0.3007812500 -0.1203125000 -0.0236506972
0.3007812500 -0.1242594946 -0.0085937500
0.3007812500 -0.1231582067 0.0000000000
0.3007812500 -0.1209626292 0.0085937500
0.3007812500 -0.1203125000 0.0109710991
0.3007812500 -0.1149552626 -0.0343750000
0.3007812500 -0.1117187500 -0.0377692575
0.3007812500 -0.1194375274 -0.0257812500
0.3007812500 -0.1187930116 0.0171875000
0.3007812500 -0.1148627882 0.0257812500
0.3007812500 -0.1117187500 0.0290634166
0.3007812500 -0.1065161146 -0.0429687500
0.3007812500 -0.1031250000 -0.0455574701
0.3007812500 -0.1075890315 0.0343750000
0.3007812500 -0.1031250000 0.0385337322
0.3007812500 -0.0946879234 -0.0515625000
0.3007812500 -0.0945312500 -0.0516539109
0.3007812500 -0.0992139726 0.0429687500
0.3007812500 -0.0945312500 0.0472737638
0.3007812500 -0.0859375000 -0.0557127323
0.3007812500 -0.0893787546 0.0515625000
0.3007812500 -0.0859375000 0.0538849690
0.3007812500 -0.0773437500 -0.0590778484
0.3007812500 -0.0773437500 0.0587685363
0.3007812500 -0.0705371564 -0.0601562500
0.3007812500 -0.0687500000 -0.0605179626
0.3007812500 -0.0730785321 0.0601562500
0.3007812500 -0.0687500000 0.0615556827
0.3007812500 -0.0601562500 -0.0612888089
0.3007812500 -0.0601562500 0.0624819114
0.3007812500 -0.0515625000 -0.0609561445
0.3007812500 -0.0515625000 0.0620257604
0.2972329303 -0.0429687500 -0.0601562500
0.3007812500 -0.0440687617 -0.0601562500
0.3007812500 -0.0429687500 -0.0600576129
0.3007812500 -0.0429687500 0.0604017622
0.3007812500 -0.0343750000 -0.0583754842
0.3007812500 -0.0421609512 0.0601562500
0.3007812500 -0.0343750000 0.0579549556
0.3007812500 -0.0257812500 -0.0556162012
0.3007812500 -0.0257812500 0.0548100650
0.3007812500 -0.0186990183 -0.0515625000
0.3007812500 -0.0171875000 -0.0506803745
0.3007812500 -0.0192425696 0.0515625000
0.3007812500 -0.0171875000 0.0505471443
0.3007812500 -0.0085937500 -0.0439657564
0.3007812500 -0.0085937500 0.0445142898
0.3007812500 -0.0074960718 -0.0429687500
0.3007812500 0.0000000000 -0.0345268892
0.3007217410 0.0000000000 0.0343750000
0.3007812500 -0.0000039167 0.0343750000
0.3007812500 0.0000000000 0.0343683181
0.3007812500 -0.0067535537 0.0429687500
0.3007812500 0.0001295331 -0.0343750000
0.3007812500 0.0060568111 -0.0257812500
0.3007812500 0.0085937500 -0.0183435794
0.3007812500 0.0073557496 0.0171875000
0.3007812500 0.0085937500 0.0107773620
0.3007812500 0.0050464834 0.0257812500
0.3007812500 0.0089612929 -0.0171875000
0.3007812500 0.0098915838 -0.0085937500
0.3007812500 0.0098035476 0.0000000000
0.3007812500 0.0090558362 0.0085937500
0.3093750000 -0.1231356658 -0.0171875000
0.3093750000 -0.1203125000 -0.0234140180
0.3093750000 -0.1245075688 -0.0085937500
0.3093750000 -0.1234138932 0.0000000000
0.3093750000 -0.1211828891 0.0085937500
0.3093750000 -0.1203125000 0.0117643798
0.3093750000 -0.1148398543 -0.0343750000
0.3093750000 -0.1117187500 -0.0375602808
0.3093750000 -0.1193081724 -0.0257812500
0.3093750000 -0.1189201524 0.0171875000
0.3093750000 -0.1148308914 0.0257812500
0.3093750000 -0.1117187500 0.0289310865
0.3093750000 -0.1061270833 -0.0429687500
0.3093750000 -0.1031250000 -0.0451684908
0.3093750000 -0.1075196226 0.0343750000
0.3093750000 -0.1031250000 0.0386074944
0.3022978500 -0.0945312500 -0.0515625000
0.3093750000 -0.0945312500 -0.0511048158
0.3093750000 -0.0992963472 0.0429687500
0.3093750000 -0.0945312500 0.0473393690
0.3093750000 -0.0937451538 -0.0515625000
0.3093750000 -0.0859375000 -0.0553808140
0.3093750000 -0.0894582226 0.0515625000
0.3093750000 -0.0859375000 0.0538985293
0.3093750000 -0.0773437500 -0.0586711171
0.3093750000 -0.0773437500 0.0588001460
0.3078086443 -0.0687500000 -0.0601562500
0.3093750000 -0.0687500000 -0.0600966993
0.3093750000 -0.0728372879 0.0601562500
0.3093750000 -0.0687500000 0.0613708211
0.3093750000 -0.0678977454 -0.0601562500
0.3093750000 -0.0601562500 -0.0608443029
0.3093750000 -0.0601562500 0.0620897957
0.3093750000 -0.0515625000 -0.0606321861
0.3093750000 -0.0515625000 0.0616817409
0.3093750000 -0.0468063158 -0.0601562500
0.3093750000 -0.0429687500 -0.0598495805
0.3087580436 -0.0429687500 0.0601562500
0.3093750000 -0.0430657269 0.0601562500
0.3093750000 -0.0429687500 0.0601392990
0.3093750000 -0.0343750000 -0.0582779307
0.3093750000 -0.0343750000 0.0576971887
0.3093750000 -0.0257812500 -0.0556589306
0.3093750000 -0.0257812500 0.0545507815
0.3093750000 -0.0186477392 -0.0515625000
0.3093750000 -0.0171875000 -0.0506386740
0.3093750000 -0.0200264061 0.0515625000
0.3093750000 -0.0171875000 0.0501018653
0.3093750000 -0.0085937500 -0.0436880846
0.3093750000 -0.0085937500 0.0440316013
0.3093750000 -0.0078088485 -0.0429687500
0.3025302058 0.0000000000 -0.0343750000
0.3093750000 -0.0004653376 -0.0343750000
0.3093750000 0.0000000000 -0.0336460159
0.3093750000 -0.0006960838 0.0343750000
0.3093750000 0.0000000000 0.0331880417
0.3093750000 -0.0073173153 0.0429687500
0.3093750000 0.0052796631 -0.0257812500
0.3045031988 0.0085937500 -0.0171875000
0.3093750000 0.0081244484 -0.0171875000
0.3093750000 0.0085937500 -0.0128056272
0.3058113341 0.0085937500 0.0085937500
0.3093750000 0.0083054922 0.0085937500
0.3093750000 0.0085937500 0.0046697965
0.3093750000 0.0067770499 0.0171875000
0.3093750000 0.0044754949 0.0257812500
0.3093750000 0.0090725762 -0.0085937500
0.3093750000 0.0090105062 0.0000000000
0.3179687500 -0.1231093635 -0.0171875000
0.3179687500 -0.1203125000 -0.0229552617
0.3179687500 -0.1246812330 -0.0085937500
0.3179687500 -0.1236336935 0.0000000000
0.3179687500 -0.1213688019 0.0085937500
0.3179687500 -0.1203125000 0.0122470296
0.3179687500 -0.1146045731 -0.0343750000
0.3179687500 -0.1117187500 -0.0373967188
0.3179687500 -0.1190990754 -0.0257812500
0.3179687500 -0.1189845300 0.0171875000
0.3179687500 -0.1148392401 0.0257812500
0.3179687500 -0.1117187500 0.0289064119
0.3179687500 -0.1054929240 -0.0429687500
0.3179687500 -0.1031250000 -0.0445846623
0.3179687500 -0.1074939309 0.0343750000
0.3179687500 -0.1031250000 0.0386446938
0.3179687500 -0.0945312500 -0.0504705892
0.3179687500 -0.0993478588 0.0429687500
0.3179687500 -0.0945312500 0.0473100487
0.3179687500 -0.0926678442 -0.0515625000
0.3179687500 -0.0859375000 -0.0549583413
0.3179687500 -0.0893478078 0.0515625000
0.3179687500 -0.0859375000 0.0538037289
0.3179687500 -0.0773437500 -0.0581954319
0.3179687500 -0.0773437500 0.0586635888
0.3179687500 -0.0687500000 -0.0597035420
0.3179687500 -0.0722881620 0.0601562500
0.3179687500 -0.0687500000 0.0611680141
0.3179687500 -0.0627362826 -0.0601562500
0.3179687500 -0.0601562500 -0.0604061838
0.3179687500 -0.0601562500 0.0617250141
0.3179687500 -0.0515625000 -0.0602871947
0.3179687500 -0.0515625000 0.0613282717
0.3179687500 -0.0499790084 -0.0601562500
0.3179687500 -0.0429687500 -0.0596965256
0.3179687500 -0.0447371861 0.0601562500
0.3179687500 -0.0429687500 0.0598544137
0.3179687500 -0.0343750000 -0.0581200068
0.3179687500 -0.0343750000 0.0574196461
0.3179687500 -0.0257812500 -0.0554660136
0.3179687500 -0.0257812500 0.0542640428
0.3179687500 -0.0191130722 -0.0515625000
0.3179687500 -0.0171875000 -0.0502693521
0.3179687500 -0.0209081902 0.0515625000
0.3179687500 -0.0171875000 0.0495395046
0.3179687500 -0.0085937500 -0.0431935234
0.3179687500 -0.0085937500 0.0435753096
0.3179687500 -0.0083524111 -0.0429687500
0.3179687500 -0.0010990309 -0.0343750000
0.3179687500 0.0000000000 -0.0326213603
0.3179687500 -0.0013566077 0.0343750000
0.3179687500 0.0000000000 0.0320781425
0.3179687500 -0.0078667791 0.0429687500
0.3179687500 0.0044237847 -0.0257812500
0.3179687500 0.0072986037 -0.0171875000
0.3144999055 0.0085937500 -0.0085937500
0.3179687500 0.0083015065 -0.0085937500
0.3139357368 0.0085937500 0.0000000000
0.3179687500 0.0082810275 0.0000000000
0.3179687500 0.0076300870 0.0085937500
0.3179687500 0.0062364122 0.0171875000
0.3179687500 0.0038863470 0.0257812500
0.3265625000 -0.1231146009 -0.0171875000
0.3265625000 -0.1203125000 -0.0226556489
0.3265625000 -0.1248309537 -0.0085937500
0.3265625000 -0.1236931033 0.0000000000
0.3265625000 -0.1213134003 0.0085937500
0.3265625000 -0.1203125000 0.0120617528
0.3265625000 -0.1142659847 -0.0343750000
0.3265625000 -0.1117187500 -0.0370106307
0.3265625000 -0.1189176806 -0.0257812500
0.3265625000 -0.1189965120 0.0171875000
0.3265625000 -0.1147834474 0.0257812500
0.3265625000 -0.1117187500 0.0287820495
0.3265625000 -0.1045757378 -0.0429687500
0.3265625000 -0.1031250000 -0.0439142474
0.3265625000 -0.1073980589 0.0343750000
0.3265625000 -0.1031250000 0.0386347424
0.3265625000 -0.0945312500 -0.0498636401
0.3265625000 -0.0993830487 0.0429687500
0.3265625000 -0.0945312500 0.0472593542
0.3265625000 -0.0914781080 -0.0515625000
0.3265625000 -0.0859375000 -0.0542131276
0.3265625000 -0.0891702484 0.0515625000
0.3265625000 -0.0859375000 0.0536747770
0.3265625000 -0.0773437500 -0.0574946350
0.3265625000 -0.0773437500 0.0584220199
0.3265625000 -0.0687500000 -0.0590635714
0.3265625000 -0.0710130507 0.0601562500
0.3265625000 -0.0687500000 0.0607625138
0.3207897582 -0.0601562500 -0.0601562500
0.3265625000 -0.0601562500 -0.0597512649
0.3265625000 -0.0601562500 0.0613525430
0.3198801972 -0.0515625000 -0.0601562500
0.3265625000 -0.0515625000 -0.0597920425
0.3265625000 -0.0515625000 0.0609506806
0.3265625000 -0.0429687500 -0.0593235576
0.3265625000 -0.0468519275 0.0601562500
0.3265625000 -0.0429687500 0.0594959452
0.3265625000 -0.0343750000 -0.0576568081
0.3265625000 -0.0343750000 0.0570728785
0.3265625000 -0.0257812500 -0.0549796405
0.3265625000 -0.0257812500 0.0537569377
0.3265625000 -0.0198845193 -0.0515625000
0.3265625000 -0.0171875000 -0.0497274694
0.3265625000 -0.0218906599 0.0515625000
0.3265625000 -0.0171875000 0.0490023445
0.3211760091 -0.0085937500 -0.0429687500
0.3265625000 -0.0090038162 -0.0429687500
0.3265625000 -0.0085937500 -0.0425387727
0.3265625000 -0.0085937500 0.0431174743
0.3265625000 -0.0017358728 -0.0343750000
0.3265625000 0.0000000000 -0.0314922594
0.3265625000 -0.0019485273 0.0343750000
0.3265625000 0.0000000000 0.0310773891
0.3265625000 -0.0084132213 0.0429687500
0.3265625000 0.0035932364 -0.0257812500
0.3265625000 0.0065629475 -0.0171875000
0.3265625000 0.0075808267 -0.0085937500
0.3265625000 0.0076546492 0.0000000000
0.3265625000 0.0069986328 0.0085937500
0.3265625000 0.0057307488 0.0171875000
0.3265625000 0.0032693632 0.0257812500
0.3351562500 -0.1230802673 -0.0171875000
0.3351562500 -0.1203125000 -0.0226081884
0.3351562500 -0.1248914200 -0.0085937500
0.3351562500 -0.1235890409 0.0000000000
0.3351562500 -0.1212060601 0.0085937500
0.3351562500 -0.1203125000 0.0116568813
0.3351562500 -0.1139939087 -0.0343750000
0.3351562500 -0.1117187500 -0.0365624234
0.3351562500 -0.1188995788 -0.0257812500
0.3351562500 -0.1189127840 0.0171875000
0.3351562500 -0.1147007359 0.0257812500
0.3351562500 -0.1117187500 0.0286674089
0.3351562500 -0.1037106108 -0.0429687500
0.3351562500 -0.1031250000 -0.0433448842
0.3351562500 -0.1072524414 0.0343750000
0.3351562500 -0.1031250000 0.0386086040
0.3351562500 -0.0945312500 -0.0491420522
0.3351562500 -0.0994305551 0.0429687500
0.3351562500 -0.0945312500 0.0472216915
0.3351562500 -0.0899736649 -0.0515625000
0.3351562500 -0.0859375000 -0.0534345555
0.3351562500 -0.0890160164 0.0515625000
0.3351562500 -0.0859375000 0.0535621502
0.3351562500 -0.0773437500 -0.0566760177
0.3351562500 -0.0773437500 0.0580798455
0.3351562500 -0.0687500000 -0.0583673669
0.3351562500 -0.0691078861 0.0601562500
0.3351562500 -0.0687500000 0.0602470639
0.3351562500 -0.0601562500 -0.0589459639
0.3351562500 -0.0601562500 0.0608921371
0.3351562500 -0.0515625000 -0.0590835948
0.3351562500 -0.0515625000 0.0604435557
0.3351562500 -0.0429687500 -0.0584905009
0.3351562500 -0.0498777613 0.0601562500
0.3351562500 -0.0429687500 0.0589851187
0.3351562500 -0.0343750000 -0.0569044775
0.3351562500 -0.0343750000 0.0565122349
0.3351562500 -0.0257812500 -0.0543480653
0.3351562500 -0.0257812500 0.0531805208
0.3351562500 -0.0207883287 -0.0515625000
0.3351562500 -0.0171875000 -0.0491494365
0.3351562500 -0.0228582450 0.0515625000
0.3351562500 -0.0171875000 0.0485235724
0.3351562500 -0.0096965254 -0.0429687500
0.3351562500 -0.0085937500 -0.0417930416
0.3291689121 -0.0085937500 0.0429687500
0.3351562500 -0.0090519579 0.0429687500
0.3351562500 -0.0085937500 0.0424667833
0.3351562500 -0.0024291032 -0.0343750000
0.3351562500 0.0000000000 -0.0303056868
0.3351562500 -0.0024278716 0.0343750000
0.3351562500 0.0000000000 0.0302419479
0.3351562500 0.0027932725 -0.0257812500
0.3351562500 0.0058410144 -0.0171875000
0.3351562500 0.0068378584 -0.0085937500
0.3351562500 0.0068820932 0.0000000000
0.3351562500 0.0063194251 0.0085937500
0.3351562500 0.0051410734 0.0171875000
0.3351562500 0.0027068854 0.0257812500
0.3437500000 -0.1230216276 -0.0171875000
0.3437500000 -0.1203125000 -0.0225796303
0.3437500000 -0.1248433089 -0.0085937500
0.3437500000 -0.1234065975 0.0000000000
0.3437500000 -0.1211326188 0.0085937500
0.3437500000 -0.1203125000 0.0113934404
0.3437500000 -0.1138219446 -0.0343750000
0.3437500000 -0.1117187500 -0.0363288308
0.3437500000 -0.1189155277 -0.0257812500
0.3437500000 -0.1188673156 0.0171875000
0.3437500000 -0.1144485260 0.0257812500
0.3437500000 -0.1117187500 0.0285360213
0.3409713882 -0.1031250000 -0.0429687500
0.3437500000 -0.1031250000 -0.0427550718
0.3437500000 -0.1072389110 0.0343750000
0.3437500000 -0.1031250000 0.0386279679
0.3437500000 -0.1028628238 -0.0429687500
0.3437500000 -0.0945312500 -0.0483329637
0.3437500000 -0.0994863189 0.0429687500
0.3437500000 -0.0945312500 0.0472466269
0.3437500000 -0.0883232876 -0.0515625000
0.3437500000 -0.0859375000 -0.0526578934
0.3437500000 -0.0889106610 0.0515625000
0.3437500000 -0.0859375000 0.0534553963
0.3437500000 -0.0773437500 -0.0559015466
0.3437500000 -0.0773437500 0.0578177387
0.3437500000 -0.0687500000 -0.0575586470
0.3365951531 -0.0687500000 0.0601562500
0.3437500000 -0.0687500000 0.0597188447
0.3437500000 -0.0601562500 -0.0580334219
0.3437500000 -0.0627067476 0.0601562500
0.3437500000 -0.0601562500 0.0603463415
0.3437500000 -0.0515625000 -0.0581599416
0.3394371166 -0.0515625000 0.0601562500
0.3437500000 -0.0567911812 0.0601562500
0.3437500000 -0.0515625000 0.0598555661
0.3437500000 -0.0429687500 -0.0575560089
0.3437500000 -0.0429687500 0.0582836064
0.3437500000 -0.0343750000 -0.0560723117
0.3437500000 -0.0343750000 0.0558897177
0.3437500000 -0.0257812500 -0.0536766091
0.3437500000 -0.0257812500 0.0525624575
0.3437500000 -0.0218403145 -0.0515625000
0.3437500000 -0.0171875000 -0.0485258562
0.3437500000 -0.0239134183 0.0515625000
0.3437500000 -0.0171875000 0.0480053424
0.3437500000 -0.0103302730 -0.0429687500
0.3437500000 -0.0085937500 -0.0410635081
0.3437500000 -0.0097134615 0.0429687500
0.3437500000 -0.0085937500 0.0417598765
0.3437500000 -0.0032466781 -0.0343750000
0.3437500000 0.0000000000 -0.0289105006
0.3437500000 -0.0029288803 0.0343750000
0.3437500000 0.0000000000 0.0294639869
0.3437500000 0.0018911597 -0.0257812500
0.3437500000 0.0049757178 -0.0171875000
0.3437500000 0.0060098368 -0.0085937500
0.3437500000 0.0060935780 0.0000000000
0.3437500000 0.0056306648 0.0085937500
0.3437500000 0.0045816671 0.0171875000
0.3437500000 0.0022418450 0.0257812500
0.3523437500 -0.1230015601 -0.0171875000
0.3523437500 -0.1203125000 -0.0227822160
0.3523437500 -0.1247702471 -0.0085937500
0.3523437500 -0.1233135973 0.0000000000
0.3523437500 -0.1211735577 0.0085937500
0.3523437500 -0.1203125000 0.0114225717
0.3523437500 -0.1136427162 -0.0343750000
0.3523437500 -0.1117187500 -0.0360760080
0.3523437500 -0.1190324314 -0.0257812500
0.3523437500 -0.1187949578 0.0171875000
0.3523437500 -0.1142074266 0.0257812500
0.3523437500 -0.1117187500 0.0284039631
0.3523437500 -0.1031250000 -0.0422429595
0.3523437500 -0.1072981432 0.0343750000
0.3523437500 -0.1031250000 0.0386327832
0.3523437500 -0.1021743204 -0.0429687500
0.3523437500 -0.0945312500 -0.0475418433
0.3523437500 -0.0994592828 0.0429687500
0.3523437500 -0.0945312500 0.0472079321
0.3523437500 -0.0866237540 -0.0515625000
0.3523437500 -0.0859375000 -0.0518759917
0.3523437500 -0.0886614168 0.0515625000
0.3523437500 -0.0859375000 0.0532541633
0.3523437500 -0.0773437500 -0.0549623292
0.3523437500 -0.0773437500 0.0574744894
0.3523437500 -0.0687500000 -0.0563344413
0.3523437500 -0.0687500000 0.0592624318
0.3523437500 -0.0601562500 -0.0566570222
0.3463300350 -0.0601562500 0.0601562500
0.3523437500 -0.0601562500 0.0597214135
0.3523437500 -0.0515625000 -0.0567067302
0.3523437500 -0.0515625000 0.0591034812
0.3523437500 -0.0429687500 -0.0560707520
0.3523437500 -0.0429687500 0.0575847963
0.3523437500 -0.0343750000 -0.0546309266
0.3523437500 -0.0343750000 0.0552577572
0.3523437500 -0.0257812500 -0.0525590581
0.3523437500 -0.0257812500 0.0518076681
0.3523437500 -0.0236564290 -0.0515625000
0.3523437500 -0.0171875000 -0.0477838538
0.3523437500 -0.0253014591 0.0515625000
0.3523437500 -0.0171875000 0.0474396614
0.3523437500 -0.0110990631 -0.0429687500
0.3523437500 -0.0085937500 -0.0401376415
0.3523437500 -0.0105123808 0.0429687500
0.3523437500 -0.0085937500 0.0409427796
0.3523437500 -0.0041439123 -0.0343750000
0.3523437500 0.0000000000 -0.0274262958
0.3523437500 -0.0035243497 0.0343750000
0.3523437500 0.0000000000 0.0284823638
0.3523437500 0.0009777469 -0.0257812500
0.3523437500 0.0041169531 -0.0171875000
0.3523437500 0.0052461964 -0.0085937500
0.3523437500 0.0054066286 0.0000000000
0.3523437500 0.0049951588 0.0085937500
0.3523437500 0.0040245413 0.0171875000
0.3523437500 0.0016340433 0.0257812500
0.3609375000 -0.1229669647 -0.0171875000
0.3609375000 -0.1203125000 -0.0228770420
0.3609375000 -0.1245572082 -0.0085937500
0.3609375000 -0.1232677512 0.0000000000
0.3609375000 -0.1212359568 0.0085937500
0.3609375000 -0.1203125000 0.0114241190
0.3609375000 -0.1131919268 -0.0343750000
0.3609375000 -0.1117187500 -0.0356253073
0.3609375000 -0.1190657278 -0.0257812500
0.3609375000 -0.1186672988 0.0171875000
0.3609375000 -0.1139832563 0.0257812500
0.3609375000 -0.1117187500 0.0282395093
0.3609375000 -0.1031250000 -0.0416282280
0.3609375000 -0.1073303675 0.0343750000
0.3609375000 -0.1031250000 0.0387106033
0.3609375000 -0.1013264023 -0.0429687500
0.3609375000 -0.0945312500 -0.0469429221
0.3609375000 -0.0994363023 0.0429687500
0.3609375000 -0.0945312500 0.0470680934
0.3545740313 -0.0859375000 -0.0515625000
0.3609375000 -0.0859375000 -0.0507295750
0.3609375000 -0.0883099496 0.0515625000
0.3609375000 -0.0859375000 0.0530018507
0.3609375000 -0.0834285554 -0.0515625000
0.3609375000 -0.0773437500 -0.0535484476
0.3609375000 -0.0773437500 0.0570516096
0.3609375000 -0.0687500000 -0.0548885150
0.3609375000 -0.0687500000 0.0586862142
0.3609375000 -0.0601562500 -0.0552339521
0.3609375000 -0.0601562500 0.0589806231
0.3609375000 -0.0515625000 -0.0552732747
0.3609375000 -0.0515625000 0.0583859988
0.3609375000 -0.0429687500 -0.0546035329
0.3609375000 -0.0429687500 0.0569641122
0.3609375000 -0.0343750000 -0.0531835832
0.3609375000 -0.0343750000 0.0546609407
0.3586826946 -0.0257812500 -0.0515625000
0.3609375000 -0.0272172524 -0.0515625000
0.3609375000 -0.0257812500 -0.0511504984
0.3553781191 -0.0257812500 0.0515625000
0.3609375000 -0.0267960453 0.0515625000
0.3609375000 -0.0257812500 0.0511282093
0.3609375000 -0.0171875000 -0.0464115719
0.3609375000 -0.0171875000 0.0468098709
0.3609375000 -0.0125754924 -0.0429687500
0.3609375000 -0.0085937500 -0.0386945842
0.3609375000 -0.0114547592 0.0429687500
0.3609375000 -0.0085937500 0.0400373316
0.3609375000 -0.0051176687 -0.0343750000
0.3609375000 0.0000000000 -0.0258411519
0.3609375000 -0.0041780019 0.0343750000
0.3609375000 0.0000000000 0.0272795731
0.3609375000 0.0000350204 -0.0257812500
0.3609375000 0.0032032885 -0.0171875000
0.3609375000 0.0045466182 -0.0085937500
0.3609375000 0.0047197904 0.0000000000
0.3609375000 0.0043269733 0.0085937500
0.3609375000 0.0034178999 0.0171875000
0.3609375000 0.0008960379 0.0257812500
0.3695312500 -0.1228177911 -0.0171875000
0.3695312500 -0.1203125000 -0.0225417883
0.3695312500 -0.1242949837 -0.0085937500
0.3695312500 -0.1231540829 0.0000000000
0.3695312500 -0.1212021301 0.0085937500
0.3695312500 -0.1203125000 0.0112111150
0.3695312500 -0.1123741948 -0.0343750000
0.3695312500 -0.1117187500 -0.0349143231
0.3695312500 -0.1189009659 -0.0257812500
0.3695312500 -0.1184893618 0.0171875000
0.3695312500 -0.1138738961 0.0257812500
0.3695312500 -0.1117187500 0.0281684287
0.3695312500 -0.1031250000 -0.0409422182
0.3695312500 -0.1072834586 0.0343750000
0.3695312500 -0.1031250000 0.0387190331
0.3695312500 -0.1001724993 -0.0429687500
0.3695312500 -0.0945312500 -0.0459473420
0.3695312500 -0.0993747604 0.0429687500
0.3695312500 -0.0945312500 0.0468884852
0.3695312500 -0.0859375000 -0.0494000897
0.3695312500 -0.0876804285 0.0515625000
0.3695312500 -0.0859375000 0.0525782760
0.3695312500 -0.0791240043 -0.0515625000
0.3695312500 -0.0773437500 -0.0521313842
0.3695312500 -0.0773437500 0.0564527359
0.3695312500 -0.0687500000 -0.0534441081
0.3695312500 -0.0687500000 0.0578965103
0.3695312500 -0.0601562500 -0.0536735968
0.3695312500 -0.0601562500 0.0582152170
0.3695312500 -0.0515625000 -0.0537549279
0.3695312500 -0.0515625000 0.0576069237
0.3695312500 -0.0429687500 -0.0530985274
0.3695312500 -0.0429687500 0.0562807100
0.3695312500 -0.0343750000 -0.0517228756
0.3695312500 -0.0343750000 0.0540224504
0.3695312500 -0.0336606739 -0.0515625000
0.3695312500 -0.0257812500 -0.0494114588
0.3695312500 -0.0283326081 0.0515625000
0.3695312500 -0.0257812500 0.0504672850
0.3695312500 -0.0171875000 -0.0448709066
0.3695312500 -0.0171875000 0.0461687929
0.3695312500 -0.0145306659 -0.0429687500
0.3695312500 -0.0085937500 -0.0364476933
0.3695312500 -0.0124695017 0.0429687500
0.3695312500 -0.0085937500 0.0390513639
0.3695312500 -0.0069075543 -0.0343750000
0.3611748437 0.0000000000 -0.0257812500
0.3695312500 -0.0012344804 -0.0257812500
0.3695312500 0.0000000000 -0.0229584157
0.3695312500 -0.0048738527 0.0343750000
0.3695312500 0.0000000000 0.0260169894
0.3695312500 0.0023669909 -0.0171875000
0.3695312500 0.0037629355 -0.0085937500
0.3695312500 0.0040135897 0.0000000000
0.3695312500 0.0036178590 0.0085937500
0.3695312500 0.0028116094 0.0171875000
0.3695312500 0.0001407080 0.0257812500
0.3781250000 -0.1225163507 -0.0171875000
0.3781250000 -0.1203125000 -0.0217707755
0.3781250000 -0.1239251306 -0.0085937500
0.3781250000 -0.1229800978 0.0000000000
0.3781250000 -0.1210951123 0.0085937500
0.3781250000 -0.1203125000 0.0108625809
0.3752004875 -0.1117187500 -0.0343750000
0.3781250000 -0.1185303172 -0.0257812500
0.3781250000 -0.1117187500 -0.0339211065
0.3781250000 -0.1183301918 0.0171875000
0.3781250000 -0.1138295340 0.0257812500
0.3781250000 -0.1117187500 0.0281628767
0.3781250000 -0.1113242845 -0.0343750000
0.3781250000 -0.1031250000 -0.0397445918
0.3781250000 -0.1071975081 0.0343750000
0.3781250000 -0.1031250000 0.0386447266
0.3781250000 -0.0977076470 -0.0429687500
0.3781250000 -0.0945312500 -0.0445165217
0.3781250000 -0.0992127446 0.0429687500
0.3781250000 -0.0945312500 0.0465814642
0.3781250000 -0.0859375000 -0.0480889535
0.3781250000 -0.0866882679 0.0515625000
0.3781250000 -0.0859375000 0.0519771350
0.3732084358 -0.0773437500 -0.0515625000
0.3781250000 -0.0773437500 -0.0508587290
0.3781250000 -0.0773437500 0.0558236590
0.3781250000 -0.0714371306 -0.0515625000
0.3781250000 -0.0687500000 -0.0519093187
0.3781250000 -0.0687500000 0.0570567220
0.3781250000 -0.0601562500 -0.0521640530
0.3781250000 -0.0601562500 0.0573119047
0.3781250000 -0.0515625000 -0.0522299715
0.3781250000 -0.0515625000 0.0566566450
0.3778294444 -0.0429687500 -0.0515625000
0.3781250000 -0.0436288172 -0.0515625000
0.3781250000 -0.0429687500 -0.0515075006
0.3781250000 -0.0429687500 0.0552914554
0.3703711762 -0.0343750000 -0.0515625000
0.3781250000 -0.0343750000 -0.0499803705
0.3781250000 -0.0343750000 0.0530790560
0.3781250000 -0.0257812500 -0.0476113222
0.3781250000 -0.0304964584 0.0515625000
0.3781250000 -0.0257812500 0.0496095747
0.3781250000 -0.0171875000 -0.0432449396
0.3781250000 -0.0171875000 0.0453614046
0.3781250000 -0.0167824539 -0.0429687500
0.3769563048 -0.0085937500 -0.0343750000
0.3781250000 -0.0088611785 -0.0343750000
0.3781250000 -0.0085937500 -0.0340229391
0.3781250000 -0.0136635394 0.0429687500
0.3781250000 -0.0085937500 0.0378207529
0.3781250000 -0.0028040084 -0.0257812500
0.3781250000 0.0000000000 -0.0199808425
0.3709291350 0.0000000000 0.0257812500
0.3781250000 -0.0007030801 0.0257812500
0.3781250000 0.0000000000 0.0235342935
0.3781250000 -0.0058505258 0.0343750000
0.3781250000 0.0013126482 -0.0171875000
0.3781250000 0.0027755548 -0.0085937500
0.3781250000 0.0031464286 0.0000000000
0.3781250000 0.0027716015 0.0085937500
0.3781250000 0.0019521703 0.0171875000
0.3867187500 -0.1221242692 -0.0171875000
0.3867187500 -0.1203125000 -0.0207389527
0.3867187500 -0.1234703818 -0.0085937500
0.3867187500 -0.1228923346 0.0000000000
0.3867187500 -0.1209990940 0.0085937500
0.3867187500 -0.1203125000 0.0105410002
0.3867187500 -0.1180059717 -0.0257812500
0.3867187500 -0.1117187500 -0.0323951183
0.3867187500 -0.1181300726 0.0171875000
0.3867187500 -0.1138056575 0.0257812500
0.3867187500 -0.1117187500 0.0281995327
0.3867187500 -0.1095445549 -0.0343750000
0.3867187500 -0.1031250000 -0.0380403486
0.3867187500 -0.1071266902 0.0343750000
0.3867187500 -0.1031250000 0.0384476814
0.3867187500 -0.0945665738 -0.0429687500
0.3867187500 -0.0945312500 -0.0429857538
0.3867187500 -0.0987836308 0.0429687500
0.3867187500 -0.0945312500 0.0460095100
0.3867187500 -0.0859375000 -0.0467062374
0.3837290658 -0.0859375000 0.0515625000
0.3867187500 -0.0859375000 0.0513037650
0.3867187500 -0.0773437500 -0.0494283854
0.3867187500 -0.0854214794 0.0515625000
0.3867187500 -0.0773437500 0.0547887425
0.3800339075 -0.0687500000 -0.0515625000
0.3867187500 -0.0687500000 -0.0504823699
0.3867187500 -0.0687500000 0.0556993950
0.3816188246 -0.0601562500 -0.0515625000
0.3867187500 -0.0601562500 -0.0507647678
0.3867187500 -0.0601562500 0.0558330004
0.3821655103 -0.0515625000 -0.0515625000
0.3867187500 -0.0515625000 -0.0508363402
0.3867187500 -0.0515625000 0.0552058329
0.3867187500 -0.0429687500 -0.0499330363
0.3867187500 -0.0429687500 0.0537898943
0.3867187500 -0.0343750000 -0.0481821465
0.3864023137 -0.0343750000 0.0515625000
0.3867187500 -0.0345931663 0.0515625000
0.3867187500 -0.0343750000 0.0515016313
0.3867187500 -0.0257812500 -0.0458011004
0.3867187500 -0.0257812500 0.0481279425
0.3794822174 -0.0171875000 -0.0429687500
0.3867187500 -0.0199209601 -0.0429687500
0.3867187500 -0.0171875000 -0.0409206638
0.3867187500 -0.0171875000 0.0437646703
0.3867187500 -0.0109315939 -0.0343750000
0.3867187500 -0.0085937500 -0.0314313033
0.3867187500 -0.0160388423 0.0429687500
0.3867187500 -0.0085937500 0.0356474755
0.3867187500 -0.0044937607 -0.0257812500
0.3867187500 0.0000000000 -0.0172381414
0.3867187500 -0.0024681701 0.0257812500
0.3867187500 0.0000000000 0.0190784038
0.3867187500 -0.0075348471 0.0343750000
0.3867187500 0.0000258857 -0.0171875000
0.3867187500 0.0016084801 -0.0085937500
0.3867187500 0.0020432726 0.0000000000
0.3867187500 0.0016995604 0.0085937500
0.3867187500 0.0007150829 0.0171875000
0.3953125000 -0.1216818654 -0.0171875000
0.3953125000 -0.1203125000 -0.0195602504
0.3953125000 -0.1230134739 -0.0085937500
0.3953125000 -0.1225616605 0.0000000000
0.3953125000 -0.1207769734 0.0085937500
0.3953125000 -0.1203125000 0.0099041722
0.3953125000 -0.1171063945 -0.0257812500
0.3953125000 -0.1117187500 -0.0306511370
0.3953125000 -0.1178205963 0.0171875000
0.3953125000 -0.1133019689 0.0257812500
0.3953125000 -0.1117187500 0.0275895578
0.3953125000 -0.1069917865 -0.0343750000
0.3953125000 -0.1031250000 -0.0364820280
0.3953125000 -0.1066541150 0.0343750000
0.3953125000 -0.1031250000 0.0377999325
0.3868152392 -0.0945312500 -0.0429687500
0.3953125000 -0.0945312500 -0.0414032903
0.3953125000 -0.0974222186 0.0429687500
0.3953125000 -0.0945312500 0.0448215692
0.3953125000 -0.0910399914 -0.0429687500
0.3953125000 -0.0859375000 -0.0450094273
0.3953125000 -0.0859375000 0.0494910083
0.3953125000 -0.0773437500 -0.0479240094
0.3953125000 -0.0813327408 0.0515625000
0.3953125000 -0.0773437500 0.0530519297
0.3953125000 -0.0687500000 -0.0491168161
0.3953125000 -0.0687500000 0.0540217166
0.3953125000 -0.0601562500 -0.0494101834
0.3953125000 -0.0601562500 0.0543080609
0.3953125000 -0.0515625000 -0.0494348201
0.3953125000 -0.0515625000 0.0536638127
0.3953125000 -0.0429687500 -0.0484565483
0.3953125000 -0.0429687500 0.0522113404
0.3953125000 -0.0343750000 -0.0465156646
0.3953125000 -0.0404313074 0.0515625000
0.3953125000 -0.0343750000 0.0499388215
0.3953125000 -0.0257812500 -0.0439444175
0.3953125000 -0.0257812500 0.0465265517
0.3953125000 -0.0236547331 -0.0429687500
0.3953125000 -0.0171875000 -0.0383449534
0.3903588671 -0.0171875000 0.0429687500
0.3953125000 -0.0191570898 0.0429687500
0.3953125000 -0.0171875000 0.0415597285
0.3953125000 -0.0132385362 -0.0343750000
0.3953125000 -0.0085937500 -0.0286553020
0.3912154166 -0.0085937500 0.0343750000
0.3953125000 -0.0097011294 0.0343750000
0.3953125000 -0.0085937500 0.0328486612
0.3953125000 -0.0064280378 -0.0257812500
0.3868734826 0.0000000000 -0.0171875000
0.3953125000 -0.0013871421 -0.0171875000
0.3953125000 0.0000000000 -0.0104064893
0.3906170416 0.0000000000 0.0171875000
0.3953125000 -0.0008625505 0.0171875000
0.3953125000 0.0000000000 0.0111323098
0.3953125000 -0.0042416662 0.0257812500
0.3953125000 0.0003716967 -0.0085937500
0.3953125000 0.0008771337 0.0000000000
0.3953125000 0.0003683267 0.0085937500
0.4039062500 -0.1204901284 -0.0171875000
0.4039062500 -0.1203125000 -0.0174657980
0.4039062500 -0.1220495671 -0.0085937500
0.4039062500 -0.1217559827 0.0000000000
0.4028001689 -0.1203125000 0.0085937500
0.4039062500 -0.1203125000 0.0082116117
0.4039062500 -0.1157142688 -0.0257812500
0.4039062500 -0.1117187500 -0.0291182040
0.4039062500 -0.1202472537 0.0085937500
0.4039062500 -0.1172013594 0.0171875000
0.4039062500 -0.1122420223 0.0257812500
0.4039062500 -0.1117187500 0.0263411232
0.4039062500 -0.1042909852 -0.0343750000
0.4039062500 -0.1031250000 -0.0349742018
0.4039062500 -0.1052270395 0.0343750000
0.4039062500 -0.1031250000 0.0361810117
0.4039062500 -0.0945312500 -0.0397493478
0.4039062500 -0.0945900155 0.0429687500
0.4039062500 -0.0945312500 0.0430035908
0.4039062500 -0.0865792301 -0.0429687500
0.4039062500 -0.0859375000 -0.0432196664
0.4039062500 -0.0859375000 0.0475834203
0.4039062500 -0.0773437500 -0.0463527774
0.4021429769 -0.0773437500 0.0515625000
0.4039062500 -0.0773437500 0.0511379535
0.4039062500 -0.0687500000 -0.0477732338
0.4039062500 -0.0743629543 0.0515625000
0.4039062500 -0.0687500000 0.0522674923
0.4039062500 -0.0601562500 -0.0480889849
0.4039062500 -0.0601562500 0.0524658913
0.4039062500 -0.0515625000 -0.0479164422
0.4039062500 -0.0515625000 0.0520089392
0.4039062500 -0.0429687500 -0.0469191723
0.3988415908 -0.0429687500 0.0515625000
0.4039062500 -0.0487076268 0.0515625000
0.4039062500 -0.0429687500 0.0505875021
0.4039062500 -0.0343750000 -0.0449185102
0.4039062500 -0.0343750000 0.0481962322
0.3999985268 -0.0257812500 -0.0429687500
0.4039062500 -0.0282152814 -0.0429687500
0.4039062500 -0.0257812500 -0.0418013040
0.4039062500 -0.0257812500 0.0445490478
0.4039062500 -0.0171875000 -0.0358665087
0.4039062500 -0.0228126234 0.0429687500
0.4039062500 -0.0171875000 0.0391528292
0.4039062500 -0.0156425125 -0.0343750000
0.4039062500 -0.0085937500 -0.0258430311
0.4039062500 -0.0120628726 0.0343750000
0.4039062500 -0.0085937500 0.0296057476
0.4039062500 -0.0085475583 -0.0257812500
0.4039062500 -0.0031766375 -0.0171875000
0.3974454017 0.0000000000 -0.0085937500
0.4039062500 -0.0010742353 -0.0085937500
0.4007349104 0.0000000000 0.0000000000
0.4039062500 -0.0004956776 0.0000000000
0.3975888908 0.0000000000 0.0085937500
0.4039062500 -0.0009822736 0.0085937500
0.4039062500 -0.0024285273 0.0171875000
0.4039062500 -0.0061712317 0.0257812500
0.4049728600 -0.1203125000 -0.0171875000
0.4125000000 -0.1208008604 -0.0085937500
0.4125000000 -0.1203125000 -0.0112021323
0.4125000000 -0.1204775580 0.0000000000
0.4125000000 -0.1203125000 0.0012192855
0.4125000000 -0.1137420936 -0.0257812500
0.4125000000 -0.1117187500 -0.0273108132
0.4125000000 -0.1192214469 -0.0171875000
0.4125000000 -0.1193104708 0.0085937500
0.4125000000 -0.1161473171 0.0171875000
0.4067291173 -0.1117187500 0.0257812500
0.4125000000 -0.1117187500 0.0240447752
0.4067900507 -0.1031250000 -0.0343750000
0.4125000000 -0.1031250000 -0.0328956277
0.4125000000 -0.1107442762 0.0257812500
0.4125000000 -0.1032167813 0.0343750000
0.4125000000 -0.1031250000 0.0344501661
0.4125000000 -0.1011937275 -0.0343750000
0.4125000000 -0.0945312500 -0.0380568715
0.4040483978 -0.0945312500 0.0429687500
0.4125000000 -0.0945312500 0.0406047224
0.4049769353 -0.0859375000 -0.0429687500
0.4125000000 -0.0859375000 -0.0413721157
0.4125000000 -0.0910765229 0.0429687500
0.4125000000 -0.0859375000 0.0457443737
0.4125000000 -0.0812582752 -0.0429687500
0.4125000000 -0.0773437500 -0.0444083086
0.4125000000 -0.0773437500 0.0489370039
0.4125000000 -0.0687500000 -0.0459469568
0.4069674539 -0.0687500000 0.0515625000
0.4125000000 -0.0687500000 0.0502138043
0.4125000000 -0.0601562500 -0.0464567370
0.4081622914 -0.0601562500 0.0515625000
0.4125000000 -0.0601562500 0.0505752058
0.4125000000 -0.0515625000 -0.0462342379
0.4060652413 -0.0515625000 0.0515625000
0.4125000000 -0.0515625000 0.0501253644
0.4125000000 -0.0429687500 -0.0451290296
0.4125000000 -0.0429687500 0.0487775508
0.4125000000 -0.0343750000 -0.0430166918
0.4125000000 -0.0343750000 0.0462193519
0.4125000000 -0.0342219606 -0.0429687500
0.4125000000 -0.0257812500 -0.0391318717
0.4101003372 -0.0257812500 0.0429687500
0.4125000000 -0.0270715988 0.0429687500
0.4125000000 -0.0257812500 0.0422641841
0.4086321825 -0.0171875000 -0.0343750000
0.4125000000 -0.0188026336 -0.0343750000
0.4125000000 -0.0171875000 -0.0329823864
0.4125000000 -0.0171875000 0.0367274986
0.4040905179 -0.0085937500 -0.0257812500
0.4125000000 -0.0108511347 -0.0257812500
0.4125000000 -0.0085937500 -0.0226689972
0.4125000000 -0.0145571327 0.0343750000
0.4125000000 -0.0085937500 0.0264366319
0.4125000000 -0.0052107824 -0.0171875000
0.4125000000 -0.0026907890 -0.0085937500
0.4125000000 -0.0021104476 0.0000000000
0.4125000000 -0.0025607167 0.0085937500
0.4125000000 -0.0042023427 0.0171875000
0.4125000000 -0.0081702507 0.0257812500
0.4161867467 -0.1203125000 -0.0085937500
0.4138148395 -0.1203125000 0.0000000000
0.4206723223 -0.1117187500 -0.0257812500
0.4210937500 -0.1180396965 -0.0171875000
0.4210937500 -0.1117187500 -0.0256462499
0.4210937500 -0.1197551096 -0.0085937500
0.4210937500 -0.1195187548 0.0000000000
0.4210937500 -0.1183365928 0.0085937500
0.4210937500 -0.1149709088 0.0171875000
0.4210937500 -0.1117187500 0.0217074525
0.4210937500 -0.1116015676 -0.0257812500
0.4210937500 -0.1031250000 -0.0308956844
0.4210937500 -0.1091411499 0.0257812500
0.4128664985 -0.1031250000 0.0343750000
0.4210937500 -0.1031250000 0.0320441611
0.4210937500 -0.0979337280 -0.0343750000
0.4210937500 -0.0945312500 -0.0361747840
0.4210937500 -0.1009308647 0.0343750000
0.4210937500 -0.0945312500 0.0385210476
0.4210937500 -0.0859375000 -0.0394752227
0.4210937500 -0.0874513321 0.0429687500
0.4210937500 -0.0859375000 0.0437652299
0.4181137379 -0.0773437500 -0.0429687500
0.4210937500 -0.0773437500 -0.0422489313
0.4210937500 -0.0773437500 0.0468341854
0.4210937500 -0.0732472142 -0.0429687500
0.4210937500 -0.0687500000 -0.0438368026
0.4210937500 -0.0687500000 0.0481794843
0.4210937500 -0.0601562500 -0.0445673134
0.4210937500 -0.0601562500 0.0485496330
0.4210937500 -0.0515625000 -0.0442916334
0.4210937500 -0.0515625000 0.0480947877
0.4210937500 -0.0429687500 -0.0431482777
0.4210937500 -0.0429687500 0.0467141375
0.4126994579 -0.0343750000 -0.0429687500
0.4210937500 -0.0422660769 -0.0429687500
0.4210937500 -0.0343750000 -0.0403548166
0.4210937500 -0.0343750000 0.0437490389
0.4210937500 -0.0257812500 -0.0364490354
0.4210937500 -0.0325291803 0.0429687500
0.4210937500 -0.0257812500 0.0396360623
0.4210937500 -0.0227067224 -0.0343750000
0.4210937500 -0.0171875000 -0.0295599609
0.4201952039 -0.0171875000 0.0343750000
0.4210937500 -0.0175704180 0.0343750000
0.4210937500 -0.0171875000 0.0339965512
0.4210937500 -0.0137698480 -0.0257812500
0.4210937500 -0.0085937500 -0.0187270203
0.4140539173 -0.0085937500 0.0257812500
0.4210937500 -0.0107479751 0.0257812500
0.4210937500 -0.0085937500 0.0220339543
0.4210937500 -0.0076403555 -0.0171875000
0.4210937500 -0.0045844997 -0.0085937500
0.4210937500 -0.0039206071 0.0000000000
0.4210937500 -0.0043400545 0.0085937500
0.4210937500 -0.0060565309 0.0171875000
0.4296875000 -0.1169425839 -0.0171875000
0.4296875000 -0.1117187500 -0.0229267563
0.4296875000 -0.1189991868 -0.0085937500
0.4296875000 -0.1186039685 0.0000000000
0.4296875000 -0.1173225585 0.0085937500
0.4296875000 -0.1135919038 0.0171875000
0.4296875000 -0.1117187500 0.0195330669
0.4296875000 -0.1087927243 -0.0257812500
0.4296875000 -0.1031250000 -0.0291320321
0.4296875000 -0.1073422774 0.0257812500
0.4296875000 -0.1031250000 0.0298215068
0.4289423146 -0.0945312500 -0.0343750000
0.4296875000 -0.0945312500 -0.0341784410
0.4296875000 -0.0981668991 0.0343750000
0.4296875000 -0.0945312500 0.0364931427
0.4296875000 -0.0941047066 -0.0343750000
0.4296875000 -0.0859375000 -0.0375674342
0.4242753131 -0.0859375000 0.0429687500
0.4296875000 -0.0859375000 0.0414355030
0.4296875000 -0.0773437500 -0.0403794459
0.4296875000 -0.0822288730 0.0429687500
0.4296875000 -0.0773437500 0.0446444432
0.4249299594 -0.0687500000 -0.0429687500
0.4296875000 -0.0687500000 -0.0419199640
0.4296875000 -0.0687500000 0.0461874060
0.4275531291 -0.0601562500 -0.0429687500
0.4296875000 -0.0601562500 -0.0424181581
0.4296875000 -0.0601562500 0.0466116986
0.4261246251 -0.0515625000 -0.0429687500
0.4296875000 -0.0515625000 -0.0419572852
0.4296875000 -0.0515625000 0.0461324361
0.4217588583 -0.0429687500 -0.0429687500
0.4296875000 -0.0429687500 -0.0404906324
0.4296875000 -0.0429687500 0.0445778650
0.4296875000 -0.0343750000 -0.0377098764
0.4237792830 -0.0343750000 0.0429687500
0.4296875000 -0.0387453629 0.0429687500
0.4296875000 -0.0343750000 0.0410765567
0.4282141271 -0.0257812500 -0.0343750000
0.4296875000 -0.0266692066 -0.0343750000
0.4296875000 -0.0257812500 -0.0338605647
0.4296875000 -0.0257812500 0.0369402415
0.4296875000 -0.0171875000 -0.0262417284
0.4296875000 -0.0216612743 0.0343750000
0.4296875000 -0.0171875000 0.0300820047
0.4296875000 -0.0167778231 -0.0257812500
0.4243937985 -0.0085937500 -0.0171875000
0.4296875000 -0.0102871497 -0.0171875000
0.4296875000 -0.0085937500 -0.0133788624
0.4296875000 -0.0138001405 0.0257812500
0.4296875000 -0.0085937500 0.0179246919
0.4296875000 -0.0066382257 -0.0085937500
0.4296875000 -0.0058901479 0.0000000000
0.4296875000 -0.0062414827 0.0085937500
0.4296875000 -0.0081484608 0.0171875000
0.4382812500 -0.1155059961 -0.0171875000
0.4382812500 -0.1117187500 -0.0207475619
0.4382812500 -0.1179484478 -0.0085937500
0.4382812500 -0.1174366623 0.0000000000
0.4382812500 -0.1160373156 0.0085937500
0.4382812500 -0.1121558904 0.0171875000
0.4382812500 -0.1117187500 0.0176933851
0.4382812500 -0.1059724629 -0.0257812500
0.4382812500 -0.1031250000 -0.0274276264
0.4382812500 -0.1052027743 0.0257812500
0.4382812500 -0.1031250000 0.0275834696
0.4382812500 -0.0945312500 -0.0318695102
0.4382812500 -0.0947588998 0.0343750000
0.4382812500 -0.0945312500 0.0345002168
0.4382812500 -0.0886549169 -0.0343750000
0.4382812500 -0.0859375000 -0.0354602676
0.4382812500 -0.0859375000 0.0390767266
0.4382812500 -0.0773437500 -0.0384080829
0.4357307100 -0.0773437500 0.0429687500
0.4382812500 -0.0773437500 0.0421811356
0.4382812500 -0.0687500000 -0.0399977992
0.4382812500 -0.0736575853 0.0429687500
0.4382812500 -0.0687500000 0.0439041801
0.4382812500 -0.0601562500 -0.0403982614
0.4382812500 -0.0601562500 0.0445249922
0.4382812500 -0.0515625000 -0.0396453238
0.4382812500 -0.0515625000 0.0440119700
0.4382812500 -0.0429687500 -0.0380027849
0.4354944338 -0.0429687500 0.0429687500
0.4382812500 -0.0466328349 0.0429687500
0.4382812500 -0.0429687500 0.0420473553
0.4382812500 -0.0343750000 -0.0352860103
0.4382812500 -0.0343750000 0.0385267215
0.4382812500 -0.0321540671 -0.0343750000
0.4382812500 -0.0257812500 -0.0305847903
0.4372925862 -0.0257812500 0.0343750000
0.4382812500 -0.0263929198 0.0343750000
0.4382812500 -0.0257812500 0.0339168558
0.4308300940 -0.0171875000 -0.0257812500
0.4382812500 -0.0203510021 -0.0257812500
0.4382812500 -0.0171875000 -0.0224982754
0.4382812500 -0.0171875000 0.0259096632
0.4382812500 -0.0131317045 -0.0171875000
0.4369137921 -0.0085937500 -0.0085937500
0.4382812500 -0.0089957346 -0.0085937500
0.4382812500 -0.0085937500 -0.0053061072
0.4313090163 -0.0085937500 0.0171875000
0.4382812500 -0.0108365660 0.0171875000
0.4382812500 -0.0085937500 0.0101243177
0.4382812500 -0.0170829377 0.0257812500
0.4382812500 -0.0080025238 0.0000000000
0.4382812500 -0.0081996462 0.0085937500
0.4468750000 -0.1135626425 -0.0171875000
0.4468750000 -0.1117187500 -0.0188501974
0.4468750000 -0.1162778432 -0.0085937500
0.4468750000 -0.1160106052 0.0000000000
0.4468750000 -0.1145978506 0.0085937500
0.4403690512 -0.1117187500 0.0171875000
0.4468750000 -0.1117187500 0.0145410842
0.4456259530 -0.1031250000 -0.0257812500
0.4468750000 -0.1031250000 -0.0254059063
0.4468750000 -0.1103170659 0.0171875000
0.4445075675 -0.1031250000 0.0257812500
0.4468750000 -0.1031250000 0.0248520505
0.4468750000 -0.1025591967 -0.0257812500
0.4468750000 -0.0945312500 -0.0296087218
0.4468750000 -0.1023959311 0.0257812500
0.4387259860 -0.0945312500 0.0343750000
0.4468750000 -0.0945312500 0.0316751020
0.4423619747 -0.0859375000 -0.0343750000
0.4468750000 -0.0859375000 -0.0331512581
0.4468750000 -0.0904933483 0.0343750000
0.4468750000 -0.0859375000 0.0367487380
0.4468750000 -0.0825584335 -0.0343750000
0.4468750000 -0.0773437500 -0.0362099645
0.4468750000 -0.0773437500 0.0395100120
0.4468750000 -0.0687500000 -0.0377989467
0.4413313107 -0.0687500000 0.0429687500
0.4468750000 -0.0687500000 0.0410820088
0.4468750000 -0.0601562500 -0.0381537744
0.4436549324 -0.0601562500 0.0429687500
0.4468750000 -0.0601562500 0.0418527507
0.4468750000 -0.0515625000 -0.0375196424
0.4418195572 -0.0515625000 0.0429687500
0.4468750000 -0.0515625000 0.0412388388
0.4468750000 -0.0429687500 -0.0357072022
0.4468750000 -0.0429687500 0.0392948441
0.4414558729 -0.0343750000 -0.0343750000
0.4468750000 -0.0388349928 -0.0343750000
0.4468750000 -0.0343750000 -0.0323659869
0.4468750000 -0.0343750000 0.0356976764
0.4468750000 -0.0257812500 -0.0270070717
0.4468750000 -0.0318307703 0.0343750000
0.4468750000 -0.0257812500 0.0301785145
0.4468750000 -0.0243607915 -0.0257812500
0.4468750000 -0.0171875000 -0.0181820874
0.4385324232 -0.0171875000 0.0257812500
0.4468750000 -0.0210901019 0.0257812500
0.4468750000 -0.0171875000 0.0211444567
0.4468750000 -0.0164822514 -0.0171875000
0.4468750000 -0.0122055173 -0.0085937500
0.4403026870 -0.0085937500 0.0000000000
0.4468750000 -0.0107154295 0.0000000000
0.4396640465 -0.0085937500 0.0085937500
0.4468750000 -0.0110454693 0.0085937500
0.4468750000 -0.0141966003 0.0171875000
0.4538853802 -0.1117187500 -0.0171875000
0.4554687500 -0.1143760348 -0.0085937500
0.4554687500 -0.1117187500 -0.0161293445
0.4554687500 -0.1142337939 0.0000000000
0.4554687500 -0.1127489978 0.0085937500
0.4554687500 -0.1117187500 0.0105503052
0.4554687500 -0.1112192187 -0.0171875000
0.4554687500 -0.1031250000 -0.0222510733
0.4554687500 -0.1080140858 0.0171875000
0.4554687500 -0.1031250000 0.0217500951
0.4554687500 -0.0966074113 -0.0257812500
0.4554687500 -0.0945312500 -0.0267724116
0.4554687500 -0.0990940654 0.0257812500
0.4554687500 -0.0945312500 0.0286128790
0.4554687500 -0.0859375000 -0.0306855643
0.4544934805 -0.0859375000 0.0343750000
0.4554687500 -0.0859375000 0.0340031998
0.4532016729 -0.0773437500 -0.0343750000
0.4554687500 -0.0773437500 -0.0336836354
0.4554687500 -0.0850531688 0.0343750000
0.4554687500 -0.0773437500 0.0369452498
0.4554687500 -0.0738656446 -0.0343750000
0.4554687500 -0.0687500000 -0.0352758451
0.4554687500 -0.0687500000 0.0382527554
0.4554687500 -0.0601562500 -0.0355982990
0.4554687500 -0.0601562500 0.0387119524
0.4554687500 -0.0515625000 -0.0349129624
0.4554687500 -0.0515625000 0.0380482896
0.4511142356 -0.0429687500 -0.0343750000
0.4554687500 -0.0491704941 -0.0343750000
0.4554687500 -0.0429687500 -0.0325943515
0.4554687500 -0.0429687500 0.0359368786
0.4554687500 -0.0343750000 -0.0286953693
0.4499936809 -0.0343750000 0.0343750000
0.4554687500 -0.0395021810 0.0343750000
0.4554687500 -0.0343750000 0.0315258331
0.4494429084 -0.0257812500 -0.0257812500
0.4554687500 -0.0296947024 -0.0257812500
0.4554687500 -0.0257812500 -0.0223515932
0.4547968786 -0.0257812500 0.0257812500
0.4554687500 -0.0262653786 0.0257812500
0.4554687500 -0.0257812500 0.0252856186
0.4484960965 -0.0171875000 -0.0171875000
0.4554687500 -0.0210190888 -0.0171875000
0.4554687500 -0.0171875000 -0.0105417068
0.4528327500 -0.0171875000 0.0171875000
0.4554687500 -0.0187755078 0.0171875000
0.4554687500 -0.0171875000 0.0142261868
0.4554687500 -0.0162209654 -0.0085937500
0.4554687500 -0.0140695301 0.0000000000
0.4554687500 -0.0146073250 0.0085937500
0.4640625000 -0.1126399493 -0.0085937500
0.4640625000 -0.1117187500 -0.0104128471
0.4640625000 -0.1125826024 0.0000000000
0.4597698455 -0.1117187500 0.0085937500
0.4640625000 -0.1117187500 0.0038814112
0.4640625000 -0.1064782911 -0.0171875000
0.4640625000 -0.1031250000 -0.0189803759
0.4640625000 -0.1106777872 0.0085937500
0.4640625000 -0.1055479035 0.0171875000
0.4640625000 -0.1031250000 0.0191482005
0.4587487430 -0.0945312500 -0.0257812500
0.4640625000 -0.0945312500 -0.0239990471
0.4638995933 -0.0945312500 0.0257812500
0.4640625000 -0.0945312500 0.0257109092
0.4640625000 -0.0910401776 -0.0257812500
0.4640625000 -0.0859375000 -0.0280390319
0.4640625000 -0.0944409979 0.0257812500
0.4640625000 -0.0859375000 0.0307351515
0.4640625000 -0.0773437500 -0.0309430992
0.4626529465 -0.0773437500 0.0343750000
0.4640625000 -0.0773437500 0.0337622942
0.4582555307 -0.0687500000 -0.0343750000
0.4640625000 -0.0687500000 -0.0322434049
0.4640625000 -0.0725765530 0.0343750000
0.4640625000 -0.0687500000 0.0348350589
0.4592407213 -0.0601562500 -0.0343750000
0.4640625000 -0.0601562500 -0.0324583589
0.4640625000 -0.0601562500 0.0351502890
0.4570560461 -0.0515625000 -0.0343750000
0.4640625000 -0.0515625000 -0.0314386063
0.4640625000 -0.0515625000 0.0345131310
0.4640625000 -0.0429687500 -0.0286418762
0.4590413388 -0.0429687500 0.0343750000
0.4640625000 -0.0510448718 0.0343750000
0.4640625000 -0.0429687500 0.0318225464
0.4617649782 -0.0343750000 -0.0257812500
0.4640625000 -0.0365428310 -0.0257812500
0.4640625000 -0.0343750000 -0.0242775067
0.4640625000 -0.0343750000 0.0269094950
0.4630570669 -0.0257812500 -0.0171875000
0.4640625000 -0.0265408381 -0.0171875000
0.4640625000 -0.0257812500 -0.0161538337
0.4640625000 -0.0328304244 0.0257812500
0.4640625000 -0.0257812500 0.0184701095
0.4573027242 -0.0171875000 -0.0085937500
0.4640625000 -0.0212510706 -0.0085937500
0.4615572707 -0.0171875000 0.0000000000
0.4640625000 -0.0186984005 0.0000000000
0.4601660704 -0.0171875000 0.0085937500
0.4640625000 -0.0196164415 0.0085937500
0.4640625000 -0.0247515012 0.0171875000
0.4675657078 -0.1117187500 -0.0085937500
0.4673125022 -0.1117187500 0.0000000000
0.4683512279 -0.1031250000 -0.0171875000
0.4726562500 -0.1100075636 -0.0085937500
0.4726562500 -0.1031250000 -0.0146916877
0.4726562500 -0.1101502741 0.0000000000
0.4726562500 -0.1078647545 0.0085937500
0.4704495489 -0.1031250000 0.0171875000
0.4726562500 -0.1031250000 0.0158900511
0.4726562500 -0.1000949529 -0.0171875000
0.4726562500 -0.0945312500 -0.0205557380
0.4726562500 -0.1021780421 0.0171875000
0.4726562500 -0.0945312500 0.0221544464
0.4705370526 -0.0859375000 -0.0257812500
0.4726562500 -0.0859375000 -0.0248472486
0.4726562500 -0.0893485984 0.0257812500
0.4726562500 -0.0859375000 0.0276093681
0.4726562500 -0.0835506889 -0.0257812500
0.4726562500 -0.0773437500 -0.0275719358
0.4726562500 -0.0773437500 0.0298755558
0.4726562500 -0.0687500000 -0.0283083739
0.4650632569 -0.0687500000 0.0343750000
0.4726562500 -0.0687500000 0.0304844850
0.4726562500 -0.0601562500 -0.0280413657
0.4655986165 -0.0601562500 0.0343750000
0.4726562500 -0.0601562500 0.0302496797
0.4726562500 -0.0515625000 -0.0267633426
0.4643121434 -0.0515625000 0.0343750000
0.4726562500 -0.0515625000 0.0289955720
0.4694317586 -0.0429687500 -0.0257812500
0.4726562500 -0.0484113212 -0.0257812500
0.4726562500 -0.0429687500 -0.0233144729
0.4726562500 -0.0429687500 0.0260764013
0.4726562500 -0.0343750000 -0.0176633854
0.4656474676 -0.0343750000 0.0257812500
0.4726562500 -0.0424536097 0.0257812500
0.4726562500 -0.0343750000 0.0192192446
0.4726562500 -0.0338330889 -0.0171875000
0.4708144129 -0.0257812500 -0.0085937500
0.4726562500 -0.0271945501 -0.0085937500
0.4726562500 -0.0257812500 -0.0044110638
0.4726131558 -0.0257812500 0.0085937500
0.4726562500 -0.0258144565 0.0085937500
0.4726562500 -0.0257812500 0.0083917733
0.4654366170 -0.0257812500 0.0171875000
0.4726562500 -0.0322647482 0.0171875000
0.4726562500 -0.0244247887 0.0000000000
0.4812500000 -0.1032449922 -0.0085937500
0.4812500000 -0.1031250000 -0.0086867947
0.4812500000 -0.1053506905 0.0000000000
0.4811170924 -0.1031250000 0.0085937500
0.4812500000 -0.1031250000 0.0082564914
0.4785733496 -0.0945312500 -0.0171875000
0.4812500000 -0.0945312500 -0.0153576294
0.4812500000 -0.1030400386 0.0085937500
0.4812500000 -0.0956212910 0.0171875000
0.4812500000 -0.0945312500 0.0178016581
0.4812500000 -0.0909936200 -0.0171875000
0.4812500000 -0.0859375000 -0.0195365238
0.4767281733 -0.0859375000 0.0257812500
0.4812500000 -0.0859375000 0.0230149551
0.4761446490 -0.0773437500 -0.0257812500
0.4812500000 -0.0773437500 -0.0223115809
0.4812500000 -0.0778202675 0.0257812500
0.4812500000 -0.0773437500 0.0258979452
0.4772048117 -0.0687500000 -0.0257812500
0.4812500000 -0.0687500000 -0.0228553832
0.4812500000 -0.0687500000 0.0262253358
0.4764515091 -0.0601562500 -0.0257812500
0.4812500000 -0.0601562500 -0.0219982834
0.4810511273 -0.0601562500 0.0257812500
0.4812500000 -0.0617171925 0.0257812500
0.4812500000 -0.0601562500 0.0256387496
0.4741952169 -0.0515625000 -0.0257812500
0.4812500000 -0.0515625000 -0.0202241736
0.4780685537 -0.0515625000 0.0257812500
0.4812500000 -0.0515625000 0.0232715153
0.4806622161 -0.0429687500 -0.0171875000
0.4812500000 -0.0439285766 -0.0171875000
0.4812500000 -0.0429687500 -0.0165649620
0.4731136787 -0.0429687500 0.0257812500
0.4812500000 -0.0429687500 0.0188854074
0.4732299065 -0.0343750000 -0.0171875000
0.4800224076 -0.0343750000 -0.0085937500
0.4812500000 -0.0357214770 -0.0085937500
0.4812500000 -0.0343750000 -0.0055637861
0.4750635072 -0.0343750000 0.0171875000
0.4812500000 -0.0407361866 0.0171875000
0.4812500000 -0.0343750000 0.0096648951
0.4743255532 -0.0257812500 0.0000000000
0.4812500000 -0.0321215983 0.0000000000
0.4812500000 -0.0335430240 0.0085937500
0.4813677349 -0.1031250000 -0.0085937500
0.4842435446 -0.1031250000 0.0000000000
0.4898437500 -0.0950806739 -0.0085937500
0.4898437500 -0.0945312500 -0.0090379314
0.4898437500 -0.0993839259 0.0000000000
0.4898437500 -0.0968394519 0.0085937500
0.4824465311 -0.0945312500 0.0171875000
0.4898437500 -0.0945312500 0.0109294280
0.4849052878 -0.0859375000 -0.0171875000
0.4898437500 -0.0859375000 -0.0136785942
0.4898437500 -0.0879849296 0.0171875000
0.4898437500 -0.0859375000 0.0182471948
0.4884129495 -0.0773437500 -0.0171875000
0.4898437500 -0.0773437500 -0.0160610226
0.4814648726 -0.0773437500 0.0257812500
0.4898437500 -0.0773437500 0.0201031867
0.4889361966 -0.0687500000 -0.0171875000
0.4898437500 -0.0687500000 -0.0164121975
0.4820335325 -0.0687500000 0.0257812500
0.4898437500 -0.0687500000 0.0202983126
0.4882330453 -0.0601562500 -0.0171875000
0.4898437500 -0.0601562500 -0.0157583405
0.4898437500 -0.0601562500 0.0190817067
0.4855051110 -0.0515625000 -0.0171875000
0.4898437500 -0.0515625000 -0.0130380076
0.4894671585 -0.0515625000 0.0171875000
0.4898437500 -0.0525480338 0.0171875000
0.4898437500 -0.0515625000 0.0167679765
0.4884084721 -0.0429687500 -0.0085937500
0.4898437500 -0.0449293608 -0.0085937500
0.4898437500 -0.0429687500 -0.0057867291
0.4835494083 -0.0429687500 0.0171875000
0.4898437500 -0.0429687500 0.0097594191
0.4840078739 -0.0343750000 0.0000000000
0.4898437500 -0.0398398464 0.0000000000
0.4822068406 -0.0343750000 0.0085937500
0.4898437500 -0.0419622274 0.0085937500
0.4903852190 -0.0945312500 -0.0085937500
0.4953626216 -0.0945312500 0.0000000000
0.4920035454 -0.0945312500 0.0085937500
0.4954426447 -0.0859375000 -0.0085937500
0.4984375000 -0.0900806798 0.0000000000
0.4984375000 -0.0859375000 -0.0038363608
0.4981089758 -0.0859375000 0.0085937500
0.4984375000 -0.0859375000 0.0074834276
0.4911746525 -0.0859375000 0.0171875000
0.4970207976 -0.0773437500 -0.0085937500
0.4984375000 -0.0773437500 -0.0063040923
0.4984375000 -0.0847044698 0.0085937500
0.4931489810 -0.0773437500 0.0171875000
0.4984375000 -0.0773437500 0.0105638364
0.4973507017 -0.0687500000 -0.0085937500
0.4984375000 -0.0687500000 -0.0067539224
0.4930384224 -0.0687500000 0.0171875000
0.4984375000 -0.0687500000 0.0105379099
0.4961955608 -0.0601562500 -0.0085937500
0.4984375000 -0.0601562500 -0.0043912400
0.4982066373 -0.0601562500 0.0085937500
0.4984375000 -0.0611119536 0.0085937500
0.4984375000 -0.0601562500 0.0078395311
0.4918057640 -0.0601562500 0.0171875000
0.4938536911 -0.0515625000 -0.0085937500
0.4976331384 -0.0515625000 0.0000000000
0.4984375000 -0.0536580622 0.0000000000
0.4954548350 -0.0515625000 0.0085937500
0.4926264900 -0.0429687500 0.0000000000
0.4906595282 -0.0429687500 0.0085937500
0.4994917103 -0.0859375000 0.0000000000
0.5004159430 -0.0773437500 0.0000000000
0.4994009324 -0.0773437500 0.0085937500
0.5005074254 -0.0687500000 0.0000000000
0.4994378824 -0.0687500000 0.0085937500
0.4997017848 -0.0601562500 0.0000000000
3 2 1 0
3 1 3 0
3 5 2 0
3 4 5 0
3 3 6 4
3 0 3 4
3 8 5 4
3 7 8 4
3 6 9 7
3 4 6 7
3 8 7 10
3 7 9 10
3 13 12 11
3 12 14 11
3 16 13 11
3 15 16 11
3 14 18 17
3 14 17 11
3 11 17 15
3 18 19 17
3 21 16 15
3 20 21 15
3 15 17 20
3 17 22 20
3 19 23 22
3 17 19 22
3 25 21 20
3 24 25 20
3 20 22 24
3 22 26 24
3 23 27 26
3 22 23 26
3 25 24 28
3 24 26 29
3 28 24 29
3 26 27 29
3 32 31 30
3 31 33 30
3 35 32 30
3 34 35 30
3 33 36 34
3 30 33 34
3 38 35 34
3 37 38 34
3 36 39 37
3 34 36 37
3 41 38 37
3 40 41 37
3 39 42 40
3 37 39 40
3 44 41 40
3 43 44 40
3 42 45 43
3 40 42 43
3 47 44 43
3 46 47 43
3 45 48 46
3 43 45 46
3 46 1 2
3 46 2 47
3 47 2 49
3 1 46 48
3 1 48 3
3 3 48 50
3 49 2 51
3 51 2 5
3 50 52 3
3 52 6 3
3 51 5 53
3 53 5 8
3 52 54 6
3 54 9 6
3 10 55 56
3 10 56 8
3 8 56 53
3 55 10 9
3 55 9 57
3 57 9 54
3 59 56 55
3 58 59 55
3 57 60 58
3 55 57 58
3 59 58 61
3 58 60 61
3 64 63 62
3 63 66 65
3 62 63 65
3 66 67 65
3 70 69 68
3 62 12 13
3 64 62 13
3 64 13 68
3 64 68 69
3 12 71 14
3 12 62 71
3 62 65 71
3 67 72 71
3 65 67 71
3 74 70 68
3 73 74 68
3 68 16 73
3 13 16 68
3 71 18 14
3 18 75 19
3 71 75 18
3 71 76 75
3 71 72 76
3 76 77 75
3 79 74 73
3 78 79 73
3 73 21 78
3 16 21 73
3 80 19 75
3 23 19 80
3 77 81 80
3 75 77 80
3 79 78 82
3 78 83 82
3 78 21 83
3 21 25 83
3 84 23 80
3 27 23 84
3 81 85 84
3 80 81 84
3 28 86 87
3 28 87 25
3 25 87 83
3 29 86 28
3 88 86 29
3 88 89 90
3 29 89 88
3 29 84 89
3 29 27 84
3 84 85 89
3 87 86 91
3 93 91 86
3 93 86 92
3 92 86 88
3 90 94 92
3 88 90 92
3 96 93 92
3 95 96 92
3 94 97 95
3 92 94 95
3 99 96 95
3 98 99 95
3 97 100 98
3 95 97 98
3 102 99 98
3 101 102 98
3 100 103 101
3 98 100 101
3 105 102 101
3 104 105 101
3 103 106 104
3 101 103 104
3 104 31 32
3 104 32 105
3 105 32 107
3 31 104 106
3 31 106 33
3 33 106 108
3 107 32 109
3 109 32 35
3 108 110 33
3 110 36 33
3 113 112 111
3 112 38 111
3 112 109 38
3 109 35 38
3 110 114 36
3 114 39 36
3 116 113 111
3 115 116 111
3 111 41 115
3 38 41 111
3 117 114 118
3 117 42 114
3 42 39 114
3 118 119 117
3 121 116 115
3 120 121 115
3 115 44 120
3 41 44 115
3 122 42 117
3 45 42 122
3 119 123 122
3 117 119 122
3 125 121 120
3 124 125 120
3 120 47 124
3 44 47 120
3 126 45 122
3 48 45 126
3 123 127 126
3 122 123 126
3 129 125 124
3 128 129 124
3 124 49 128
3 47 49 124
3 130 48 126
3 50 48 130
3 127 131 130
3 126 127 130
3 133 129 128
3 132 133 128
3 128 51 132
3 49 51 128
3 134 50 130
3 52 50 134
3 131 135 134
3 130 131 134
3 133 132 136
3 132 137 136
3 132 51 137
3 51 53 137
3 138 52 134
3 54 52 138
3 135 139 138
3 134 135 138
3 137 53 140
3 140 53 56
3 141 54 138
3 57 54 141
3 139 142 141
3 138 139 141
3 140 56 143
3 143 56 59
3 144 57 141
3 144 145 57
3 145 60 57
3 141 142 144
3 61 146 147
3 61 147 59
3 59 147 143
3 146 61 60
3 146 60 148
3 148 60 145
3 147 146 149
3 146 148 149
3 152 151 150
3 151 154 153
3 150 151 153
3 154 155 153
3 158 157 156
3 150 63 64
3 152 150 64
3 152 64 156
3 152 156 157
3 153 63 150
3 66 63 153
3 66 153 155
3 66 155 67
3 67 155 159
3 156 69 70
3 156 70 158
3 158 70 160
3 156 64 69
3 161 159 162
3 161 72 159
3 72 67 159
3 162 163 161
3 160 70 164
3 164 70 74
3 161 76 72
3 76 161 163
3 76 163 77
3 77 163 165
3 164 74 166
3 166 74 79
3 165 167 77
3 167 81 77
3 82 168 169
3 82 169 79
3 79 169 166
3 82 83 168
3 167 170 81
3 170 85 81
3 169 168 171
3 168 172 171
3 168 83 172
3 83 87 172
3 89 173 90
3 173 89 85
3 173 85 174
3 174 85 170
3 91 175 176
3 91 176 87
3 87 176 172
3 91 93 175
3 177 90 173
3 94 90 177
3 174 178 177
3 173 174 177
3 180 176 175
3 179 180 175
3 175 96 179
3 93 96 175
3 181 94 177
3 97 94 181
3 178 182 181
3 177 178 181
3 184 180 179
3 183 184 179
3 179 99 183
3 96 99 179
3 185 97 181
3 185 186 97
3 186 100 97
3 181 182 185
3 188 184 183
3 187 188 183
3 183 102 187
3 99 102 183
3 186 189 100
3 189 103 100
3 191 188 187
3 190 191 187
3 187 105 190
3 102 105 187
3 192 189 193
3 192 106 189
3 106 103 189
3 193 194 192
3 196 191 190
3 195 196 190
3 190 107 195
3 105 107 190
3 197 106 192
3 108 106 197
3 194 198 197
3 192 194 197
3 200 196 195
3 199 200 195
3 195 109 199
3 107 109 195
3 201 108 197
3 110 108 201
3 198 202 201
3 197 198 201
3 199 112 113
3 199 113 200
3 200 113 203
3 199 109 112
3 204 110 201
3 114 110 204
3 202 205 204
3 201 202 204
3 203 113 206
3 206 113 116
3 204 118 114
3 118 204 205
3 118 205 119
3 119 205 207
3 206 116 208
3 208 116 121
3 207 209 119
3 209 123 119
3 208 121 210
3 210 121 125
3 209 211 123
3 211 127 123
3 210 125 212
3 212 125 129
3 211 213 127
3 213 131 127
3 212 129 214
3 214 129 133
3 213 215 131
3 215 135 131
3 136 216 217
3 136 217 133
3 133 217 214
3 136 137 216
3 215 218 135
3 218 139 135
3 220 217 216
3 219 220 216
3 216 140 219
3 137 140 216
3 218 221 139
3 221 142 139
3 220 219 222
3 219 223 222
3 219 140 223
3 140 143 223
3 144 224 145
3 224 144 142
3 224 142 225
3 225 142 221
3 223 143 226
3 226 143 147
3 227 145 224
3 227 228 145
3 228 148 145
3 224 225 227
3 226 147 149
3 229 226 149
3 229 149 148
3 228 229 148
3 152 231 230
3 151 152 230
3 230 232 151
3 151 232 154
3 154 232 233
3 155 154 233
3 158 235 234
3 157 158 234
3 234 152 157
3 231 152 234
3 236 233 237
3 236 159 233
3 159 155 233
3 237 238 236
3 241 240 239
3 240 160 239
3 240 235 160
3 235 158 160
3 236 162 159
3 162 236 238
3 162 238 163
3 163 238 242
3 244 241 239
3 243 244 239
3 239 164 243
3 160 164 239
3 245 242 246
3 245 165 242
3 165 163 242
3 246 247 245
3 244 243 248
3 243 249 248
3 243 164 249
3 164 166 249
3 250 165 245
3 167 165 250
3 247 251 250
3 245 247 250
3 249 166 252
3 252 166 169
3 253 167 250
3 253 254 167
3 254 170 167
3 250 251 253
3 252 169 171
3 255 252 171
3 171 256 255
3 172 256 171
3 254 257 170
3 257 174 170
3 256 172 258
3 258 172 176
3 257 259 174
3 259 178 174
3 258 176 260
3 260 176 180
3 259 261 178
3 261 182 178
3 260 180 262
3 262 180 184
3 185 263 186
3 263 185 182
3 263 182 264
3 264 182 261
3 262 184 265
3 265 184 188
3 266 186 263
3 189 186 266
3 264 267 266
3 263 264 266
3 265 188 268
3 268 188 191
3 266 193 189
3 193 266 267
3 193 267 194
3 194 267 269
3 268 191 270
3 270 191 196
3 269 271 194
3 271 198 194
3 270 196 272
3 272 196 200
3 271 273 198
3 273 202 198
3 272 200 274
3 274 200 203
3 273 275 202
3 275 205 202
3 274 203 276
3 276 203 206
3 275 277 205
3 277 207 205
3 276 206 278
3 278 206 208
3 277 279 207
3 279 209 207
3 278 208 280
3 280 208 210
3 279 281 209
3 281 211 209
3 280 210 282
3 282 210 212
3 281 283 211
3 283 213 211
3 282 212 284
3 284 212 214
3 283 285 213
3 285 215 213
3 284 214 286
3 286 214 217
3 285 287 215
3 287 218 215
3 286 217 288
3 288 217 220
3 287 289 218
3 289 221 218
3 288 220 222
3 290 288 222
3 222 291 290
3 223 291 222
3 289 292 221
3 292 225 221
3 291 223 293
3 293 223 226
3 228 294 295
3 227 294 228
3 294 227 225
3 292 294 225
3 293 226 229
3 296 293 229
3 296 229 228
3 295 296 228
3 299 298 297
3 298 301 300
3 297 298 300
3 301 302 300
3 305 304 303
3 297 230 231
3 299 297 231
3 299 231 303
3 299 303 304
3 300 230 297
3 232 230 300
3 232 306 233
3 300 306 232
3 300 307 306
3 300 302 307
3 307 308 306
3 303 234 235
3 303 235 305
3 305 235 309
3 303 231 234
3 306 237 233
3 237 306 308
3 237 308 238
3 238 308 310
3 241 312 311
3 240 241 311
3 311 235 240
3 309 235 311
3 313 310 314
3 313 242 310
3 242 238 310
3 314 315 313
3 312 241 316
3 316 241 244
3 313 246 242
3 246 313 315
3 246 315 247
3 247 315 317
3 316 244 248
3 318 316 248
3 248 319 318
3 249 319 248
3 317 320 247
3 320 251 247
3 319 249 321
3 321 249 252
3 253 322 254
3 322 253 251
3 322 251 323
3 323 251 320
3 321 252 255
3 324 321 255
3 255 325 324
3 256 325 255
3 326 254 322
3 326 327 254
3 327 257 254
3 322 323 326
3 325 256 328
3 328 256 258
3 327 329 257
3 329 259 257
3 328 258 330
3 330 258 260
3 329 331 259
3 331 261 259
3 330 260 332
3 332 260 262
3 331 333 261
3 333 264 261
3 332 262 334
3 334 262 265
3 333 335 264
3 335 267 264
3 334 265 336
3 336 265 268
3 335 337 267
3 337 269 267
3 336 268 338
3 338 268 270
3 337 339 269
3 339 271 269
3 338 270 340
3 340 270 272
3 339 341 271
3 341 273 271
3 340 272 342
3 342 272 274
3 341 343 273
3 343 275 273
3 342 274 344
3 344 274 276
3 343 345 275
3 345 277 275
3 344 276 346
3 346 276 278
3 345 347 277
3 347 279 277
3 346 278 348
3 348 278 280
3 347 349 279
3 349 281 279
3 348 280 350
3 350 280 282
3 349 351 281
3 351 283 281
3 350 282 352
3 352 282 284
3 351 353 283
3 353 285 283
3 352 284 354
3 354 284 286
3 353 355 285
3 355 287 285
3 354 286 356
3 356 286 288
3 355 357 287
3 357 289 287
3 356 288 290
3 358 356 290
3 290 359 358
3 291 359 290
3 362 360 361
3 361 360 292
3 361 292 357
3 357 292 289
3 359 291 363
3 363 291 293
3 360 295 294
3 360 362 295
3 362 364 295
3 360 294 292
3 363 293 296
3 365 363 296
3 365 296 295
3 364 365 295
3 299 367 366
3 298 299 366
3 366 368 298
3 298 368 301
3 301 368 369
3 302 301 369
3 305 371 370
3 304 305 370
3 370 299 304
3 367 299 370
3 369 307 302
3 372 307 369
3 307 372 373
3 308 307 373
3 376 375 374
3 375 309 374
3 375 371 309
3 371 305 309
3 377 373 378
3 377 310 373
3 310 308 373
3 378 379 377
3 374 311 312
3 374 312 376
3 376 312 380
3 374 309 311
3 377 314 310
3 314 377 379
3 314 379 315
3 315 379 381
3 380 312 382
3 382 312 316
3 383 381 384
3 383 317 381
3 317 315 381
3 384 385 383
3 318 386 387
3 318 387 316
3 316 387 382
3 318 319 386
3 388 317 383
3 388 389 317
3 389 320 317
3 383 385 388
3 387 386 390
3 386 391 390
3 386 319 391
3 319 321 391
3 389 392 320
3 392 323 320
3 324 393 394
3 324 394 321
3 321 394 391
3 324 325 393
3 327 395 396
3 326 395 327
3 395 326 323
3 392 395 323
3 394 393 397
3 393 398 397
3 393 325 398
3 325 328 398
3 396 399 327
3 399 329 327
3 398 328 400
3 400 328 330
3 399 401 329
3 401 331 329
3 400 330 402
3 402 330 332
3 401 403 331
3 403 333 331
3 402 332 404
3 404 332 334
3 403 405 333
3 405 335 333
3 404 334 406
3 406 334 336
3 405 407 335
3 407 337 335
3 406 336 408
3 408 336 338
3 407 409 337
3 409 339 337
3 408 338 410
3 410 338 340
3 409 411 339
3 411 341 339
3 410 340 412
3 412 340 342
3 411 413 341
3 413 343 341
3 412 342 414
3 414 342 344
3 413 415 343
3 415 345 343
3 414 344 416
3 416 344 346
3 415 417 345
3 417 347 345
3 416 346 418
3 418 346 348
3 417 419 347
3 419 349 347
3 418 348 420
3 420 348 350
3 419 421 349
3 421 351 349
3 420 350 422
3 422 350 352
3 421 423 351
3 423 353 351
3 422 352 424
3 424 352 354
3 423 425 353
3 425 355 353
3 426 427 424
3 426 424 356
3 356 424 354
3 427 426 428
3 425 429 355
3 429 357 355
3 426 356 358
3 358 428 426
3 358 359 428
3 359 430 428
3 362 431 432
3 361 431 362
3 431 361 357
3 429 431 357
3 433 434 430
3 433 430 363
3 363 430 359
3 434 433 364
3 434 364 432
3 432 364 362
3 433 363 365
3 433 365 364
3 367 436 435
3 366 367 435
3 435 437 366
3 366 437 368
3 438 369 368
3 438 368 439
3 439 368 437
3 439 440 438
3 371 442 441
3 370 371 441
3 441 367 370
3 436 367 441
3 438 372 369
3 372 443 373
3 438 443 372
3 438 444 443
3 438 440 444
3 444 445 443
3 376 447 446
3 375 376 446
3 446 371 375
3 442 371 446
3 443 378 373
3 378 443 445
3 378 445 379
3 379 445 448
3 451 450 449
3 450 380 449
3 450 447 380
3 447 376 380
3 452 448 453
3 452 381 448
3 381 379 448
3 453 454 452
3 456 451 449
3 455 456 449
3 449 382 455
3 380 382 449
3 452 384 381
3 384 452 454
3 384 454 385
3 385 454 457
3 456 455 458
3 455 459 458
3 455 382 459
3 382 387 459
3 388 460 389
3 460 388 385
3 460 385 461
3 461 385 457
3 459 387 390
3 462 459 390
3 390 463 462
3 391 463 390
3 464 389 460
3 464 465 389
3 465 392 389
3 460 461 464
3 463 391 466
3 466 391 394
3 395 467 396
3 467 395 392
3 467 392 468
3 468 392 465
3 466 394 397
3 469 466 397
3 397 470 469
3 398 470 397
3 471 396 467
3 471 472 396
3 472 399 396
3 467 468 471
3 470 398 473
3 473 398 400
3 472 474 399
3 474 401 399
3 473 400 475
3 475 400 402
3 474 476 401
3 476 403 401
3 475 402 477
3 477 402 404
3 476 478 403
3 478 405 403
3 477 404 479
3 479 404 406
3 478 480 405
3 480 407 405
3 479 406 481
3 481 406 408
3 480 482 407
3 482 409 407
3 481 408 483
3 483 408 410
3 482 484 409
3 484 411 409
3 483 410 485
3 485 410 412
3 484 486 411
3 486 413 411
3 485 412 487
3 487 412 414
3 486 488 413
3 488 415 413
3 487 414 489
3 489 414 416
3 488 490 415
3 490 417 415
3 489 416 491
3 491 416 418
3 490 492 417
3 492 419 417
3 491 418 493
3 493 418 420
3 492 494 419
3 494 421 419
3 493 420 495
3 495 420 422
3 494 496 421
3 496 423 421
3 495 422 497
3 497 422 424
3 496 498 423
3 498 425 423
3 497 424 427
3 499 497 427
3 427 500 499
3 428 500 427
3 498 501 425
3 501 429 425
3 500 428 502
3 502 428 430
3 432 503 504
3 431 503 432
3 503 431 429
3 501 503 429
3 502 430 434
3 505 502 434
3 505 434 432
3 504 505 432
3 508 507 506
3 507 510 509
3 506 507 509
3 510 511 509
3 514 513 512
3 506 435 436
3 508 506 436
3 508 436 512
3 508 512 513
3 509 435 506
3 437 435 509
3 511 437 509
3 511 515 437
3 515 439 437
3 439 515 516
3 440 439 516
3 519 518 517
3 512 441 442
3 514 512 442
3 514 442 517
3 514 517 518
3 512 436 441
3 516 444 440
3 520 444 516
3 444 520 521
3 445 444 521
3 524 523 522
3 517 446 447
3 519 517 447
3 519 447 522
3 519 522 523
3 517 442 446
3 525 521 526
3 525 448 521
3 448 445 521
3 526 527 525
3 522 450 451
3 522 451 524
3 524 451 528
3 522 447 450
3 525 453 448
3 453 525 527
3 453 527 454
3 454 527 529
3 528 451 530
3 530 451 456
3 529 531 454
3 531 457 454
3 530 456 458
3 532 530 458
3 458 533 532
3 459 533 458
3 531 534 457
3 534 461 457
3 533 459 462
3 535 533 462
3 462 536 535
3 463 536 462
3 465 537 538
3 464 537 465
3 537 464 461
3 534 537 461
3 536 463 539
3 539 463 466
3 538 540 465
3 540 468 465
3 539 466 469
3 541 539 469
3 469 542 541
3 470 542 469
3 472 543 544
3 471 543 472
3 543 471 468
3 540 543 468
3 542 470 545
3 545 470 473
3 544 546 472
3 546 474 472
3 545 473 547
3 547 473 475
3 546 548 474
3 548 476 474
3 547 475 549
3 549 475 477
3 548 550 476
3 550 478 476
3 549 477 551
3 551 477 479
3 550 552 478
3 552 480 478
3 551 479 553
3 553 479 481
3 552 554 480
3 554 482 480
3 553 481 555
3 555 481 483
3 554 556 482
3 556 484 482
3 555 483 557
3 557 483 485
3 556 558 484
3 558 486 484
3 557 485 559
3 559 485 487
3 558 560 486
3 560 488 486
3 559 487 561
3 561 487 489
3 560 562 488
3 562 490 488
3 561 489 563
3 563 489 491
3 562 564 490
3 564 492 490
3 563 491 565
3 565 491 493
3 564 566 492
3 566 494 492
3 565 493 567
3 567 493 495
3 566 568 494
3 568 496 494
3 569 570 567
3 569 567 497
3 497 567 495
3 570 569 571
3 568 572 496
3 572 498 496
3 569 497 499
3 499 571 569
3 499 500 571
3 500 573 571
3 576 574 575
3 575 574 501
3 575 501 572
3 572 501 498
3 577 578 573
3 577 573 502
3 502 573 500
3 574 504 503
3 576 504 574
3 576 577 504
3 576 578 577
3 574 503 501
3 577 502 505
3 577 505 504
3 508 580 579
3 507 508 579
3 579 581 507
3 507 581 510
3 582 511 510
3 582 510 583
3 583 510 581
3 583 584 582
3 514 586 585
3 513 514 585
3 585 508 513
3 580 508 585
3 582 515 511
3 515 587 516
3 582 587 515
3 582 588 587
3 582 584 588
3 588 589 587
3 519 591 590
3 518 519 590
3 590 514 518
3 586 514 590
3 587 520 516
3 520 592 521
3 587 592 520
3 587 593 592
3 587 589 593
3 593 594 592
3 524 596 595
3 523 524 595
3 595 519 523
3 591 519 595
3 592 526 521
3 526 592 594
3 526 594 527
3 527 594 597
3 596 524 598
3 598 524 528
3 597 599 527
3 599 529 527
3 598 528 600
3 600 528 530
3 599 601 529
3 601 531 529
3 600 530 532
3 602 600 532
3 532 603 602
3 533 603 532
3 601 604 531
3 604 534 531
3 603 533 535
3 605 603 535
3 535 606 605
3 536 606 535
3 538 607 608
3 537 607 538
3 607 537 534
3 604 607 534
3 606 536 609
3 609 536 539
3 608 610 538
3 610 540 538
3 609 539 541
3 611 609 541
3 541 612 611
3 542 612 541
3 544 613 614
3 543 613 544
3 613 543 540
3 610 613 540
3 612 542 615
3 615 542 545
3 614 616 544
3 616 546 544
3 615 545 617
3 617 545 547
3 616 618 546
3 618 548 546
3 617 547 619
3 619 547 549
3 618 620 548
3 620 550 548
3 619 549 621
3 621 549 551
3 620 622 550
3 622 552 550
3 621 551 623
3 623 551 553
3 622 624 552
3 624 554 552
3 623 553 625
3 625 553 555
3 624 626 554
3 626 556 554
3 625 555 627
3 627 555 557
3 626 628 556
3 628 558 556
3 627 557 629
3 629 557 559
3 628 630 558
3 630 560 558
3 629 559 631
3 631 559 561
3 630 632 560
3 632 562 560
3 631 561 633
3 633 561 563
3 632 634 562
3 634 564 562
3 633 563 635
3 635 563 565
3 634 636 564
3 636 566 564
3 637 638 635
3 637 635 567
3 567 635 565
3 638 637 639
3 636 640 566
3 640 568 566
3 637 567 570
3 570 639 637
3 570 571 639
3 571 641 639
3 644 642 643
3 643 642 572
3 643 572 640
3 640 572 568
3 645 646 641
3 645 641 573
3 573 641 571
3 642 576 575
3 644 576 642
3 644 645 576
3 644 646 645
3 642 575 572
3 645 573 578
3 645 578 576
3 649 648 647
3 648 650 647
3 653 652 651
3 580 651 652
3 580 652 579
3 579 652 654
3 647 654 649
3 647 581 654
3 581 579 654
3 650 581 647
3 650 655 581
3 655 583 581
3 583 655 656
3 584 583 656
3 659 658 657
3 651 585 586
3 653 651 586
3 653 586 657
3 653 657 658
3 651 580 585
3 656 588 584
3 660 588 656
3 588 660 661
3 589 588 661
3 664 663 662
3 657 590 591
3 659 657 591
3 659 591 662
3 659 662 663
3 657 586 590
3 661 593 589
3 665 593 661
3 593 665 666
3 594 593 666
3 662 595 596
3 662 596 664
3 664 596 667
3 662 591 595
3 666 668 594
3 668 597 594
3 667 596 669
3 669 596 598
3 670 668 671
3 670 599 668
3 599 597 668
3 671 672 670
3 669 598 673
3 673 598 600
3 674 599 670
3 674 675 599
3 675 601 599
3 670 672 674
3 673 600 602
3 676 673 602
3 602 677 676
3 603 677 602
3 675 678 601
3 678 604 601
3 677 603 605
3 679 677 605
3 605 680 679
3 606 680 605
3 608 681 682
3 607 681 608
3 681 607 604
3 678 681 604
3 680 606 683
3 683 606 609
3 682 684 608
3 684 610 608
3 683 609 611
3 685 683 611
3 611 686 685
3 612 686 611
3 613 687 614
3 687 613 610
3 687 610 688
3 688 610 684
3 686 612 689
3 689 612 615
3 690 614 687
3 690 691 614
3 691 616 614
3 687 688 690
3 689 615 692
3 692 615 617
3 691 693 616
3 693 618 616
3 692 617 694
3 694 617 619
3 693 695 618
3 695 620 618
3 694 619 696
3 696 619 621
3 695 697 620
3 697 622 620
3 696 621 698
3 698 621 623
3 697 699 622
3 699 624 622
3 698 623 700
3 700 623 625
3 699 701 624
3 701 626 624
3 700 625 702
3 702 625 627
3 701 703 626
3 703 628 626
3 702 627 704
3 704 627 629
3 703 705 628
3 705 630 628
3 704 629 706
3 706 629 631
3 705 707 630
3 707 632 630
3 706 631 708
3 708 631 633
3 707 709 632
3 709 634 632
3 708 633 710
3 710 633 635
3 709 711 634
3 711 636 634
3 710 635 638
3 712 710 638
3 638 713 712
3 639 713 638
3 711 714 636
3 714 640 636
3 713 639 715
3 715 639 641
3 644 716 717
3 643 716 644
3 716 643 640
3 714 716 640
3 715 641 646
3 718 715 646
3 718 646 644
3 717 718 644
3 721 720 719
3 649 719 720
3 649 720 648
3 648 720 722
3 723 650 648
3 723 648 724
3 724 648 722
3 724 725 723
3 653 727 726
3 652 653 726
3 719 726 721
3 719 654 726
3 654 652 726
3 719 649 654
3 723 655 650
3 655 728 656
3 723 728 655
3 723 729 728
3 723 725 729
3 729 730 728
3 659 732 731
3 658 659 731
3 731 653 658
3 727 653 731
3 728 660 656
3 660 733 661
3 728 733 660
3 728 734 733
3 728 730 734
3 734 735 733
3 664 737 736
3 663 664 736
3 736 659 663
3 732 659 736
3 733 665 661
3 665 733 735
3 665 735 666
3 666 735 738
3 737 664 739
3 739 664 667
3 740 738 741
3 740 668 738
3 668 666 738
3 741 742 740
3 739 667 743
3 743 667 669
3 740 671 668
3 671 740 742
3 671 742 672
3 672 742 744
3 743 669 745
3 745 669 673
3 675 746 747
3 674 746 675
3 746 674 672
3 744 746 672
3 745 673 676
3 748 745 676
3 676 749 748
3 677 749 676
3 747 750 675
3 750 678 675
3 749 677 679
3 751 749 679
3 679 752 751
3 680 752 679
3 682 753 754
3 681 753 682
3 753 681 678
3 750 753 678
3 752 680 755
3 755 680 683
3 754 756 682
3 756 684 682
3 755 683 685
3 757 755 685
3 685 758 757
3 686 758 685
3 756 759 684
3 759 688 684
3 758 686 760
3 760 686 689
3 691 761 762
3 690 761 691
3 761 690 688
3 759 761 688
3 760 689 763
3 763 689 692
3 762 764 691
3 764 693 691
3 763 692 765
3 765 692 694
3 764 766 693
3 766 695 693
3 765 694 767
3 767 694 696
3 766 768 695
3 768 697 695
3 767 696 769
3 769 696 698
3 768 770 697
3 770 699 697
3 769 698 771
3 771 698 700
3 770 772 699
3 772 701 699
3 771 700 773
3 773 700 702
3 772 774 701
3 774 703 701
3 773 702 775
3 775 702 704
3 774 776 703
3 776 705 703
3 775 704 777
3 777 704 706
3 776 778 705
3 778 707 705
3 777 706 779
3 779 706 708
3 778 780 707
3 780 709 707
3 781 782 779
3 781 779 710
3 710 779 708
3 782 781 783
3 780 784 709
3 784 711 709
3 781 710 712
3 712 783 781
3 712 713 783
3 713 785 783
3 788 786 787
3 787 786 714
3 787 714 784
3 784 714 711
3 789 790 785
3 789 785 715
3 715 785 713
3 786 717 716
3 788 717 786
3 788 789 717
3 788 790 789
3 786 716 714
3 789 715 718
3 789 718 717
3 721 792 791
3 720 721 791
3 791 793 720
3 720 793 722
3 793 794 722
3 722 794 724
3 724 794 795
3 725 724 795
3 727 797 796
3 726 727 796
3 796 721 726
3 792 721 796
3 795 729 725
3 798 729 795
3 729 798 799
3 730 729 799
3 732 801 800
3 731 732 800
3 800 727 731
3 797 727 800
3 799 734 730
3 802 734 799
3 734 802 803
3 735 734 803
3 737 805 804
3 736 737 804
3 804 732 736
3 801 732 804
3 803 806 735
3 806 738 735
3 805 737 807
3 807 737 739
3 806 741 738
3 808 741 806
3 741 808 809
3 742 741 809
3 807 739 810
3 810 739 743
3 809 811 742
3 811 744 742
3 810 743 812
3 812 743 745
3 747 813 814
3 746 813 747
3 813 746 744
3 811 813 744
3 812 745 748
3 815 812 748
3 748 816 815
3 749 816 748
3 814 817 747
3 817 750 747
3 751 818 819
3 751 819 749
3 749 819 816
3 751 752 818
3 754 820 821
3 753 820 754
3 820 753 750
3 817 820 750
3 819 818 822
3 818 823 822
3 818 752 823
3 752 755 823
3 821 824 754
3 824 756 754
3 823 755 757
3 825 823 757
3 757 826 825
3 758 826 757
3 829 827 828
3 828 827 759
3 828 759 824
3 824 759 756
3 826 758 830
3 830 758 760
3 827 762 761
3 827 829 762
3 829 831 762
3 827 761 759
3 830 760 832
3 832 760 763
3 831 833 762
3 833 764 762
3 832 763 834
3 834 763 765
3 833 835 764
3 835 766 764
3 834 765 836
3 836 765 767
3 835 837 766
3 837 768 766
3 836 767 838
3 838 767 769
3 837 839 768
3 839 770 768
3 838 769 840
3 840 769 771
3 839 841 770
3 841 772 770
3 840 771 842
3 842 771 773
3 841 843 772
3 843 774 772
3 842 773 844
3 844 773 775
3 843 845 774
3 845 776 774
3 844 775 846
3 846 775 777
3 845 847 776
3 847 778 776
3 848 849 846
3 848 846 779
3 779 846 777
3 849 848 850
3 847 851 778
3 851 780 778
3 848 779 782
3 782 850 848
3 782 783 850
3 783 852 850
3 855 853 854
3 854 853 784
3 854 784 851
3 851 784 780
3 856 857 852
3 856 852 785
3 785 852 783
3 853 788 787
3 855 788 853
3 855 856 788
3 855 857 856
3 853 787 784
3 856 785 790
3 856 790 788
3 860 859 858
3 792 858 859
3 792 859 791
3 791 859 861
3 861 862 791
3 791 862 793
3 862 863 793
3 793 863 794
3 864 795 794
3 864 794 865
3 865 794 863
3 865 866 864
3 869 868 867
3 858 796 797
3 860 858 797
3 860 797 867
3 860 867 868
3 858 792 796
3 864 798 795
3 798 864 866
3 798 866 799
3 799 866 870
3 873 872 871
3 867 800 801
3 869 867 801
3 869 801 871
3 869 871 872
3 867 797 800
3 870 802 799
3 874 802 870
3 802 874 875
3 803 802 875
3 871 804 805
3 871 805 873
3 873 805 876
3 871 801 804
3 877 875 878
3 877 806 875
3 806 803 875
3 878 879 877
3 876 805 880
3 880 805 807
3 877 808 806
3 808 877 879
3 808 879 809
3 809 879 881
3 880 807 882
3 882 807 810
3 881 883 809
3 883 811 809
3 882 810 884
3 884 810 812
3 814 885 886
3 813 885 814
3 885 813 811
3 883 885 811
3 884 812 815
3 887 884 815
3 815 888 887
3 816 888 815
3 886 889 814
3 889 817 814
3 888 816 890
3 890 816 819
3 821 891 892
3 820 891 821
3 891 820 817
3 889 891 817
3 890 819 822
3 893 890 822
3 822 894 893
3 823 894 822
3 892 895 821
3 895 824 821
3 894 823 825
3 896 894 825
3 825 897 896
3 826 897 825
3 829 898 899
3 828 898 829
3 898 828 824
3 895 898 824
3 897 826 900
3 900 826 830
3 899 901 829
3 901 831 829
3 900 830 902
3 902 830 832
3 901 903 831
3 903 833 831
3 902 832 904
3 904 832 834
3 903 905 833
3 905 835 833
3 904 834 906
3 906 834 836
3 905 907 835
3 907 837 835
3 906 836 908
3 908 836 838
3 907 909 837
3 909 839 837
3 908 838 910
3 910 838 840
3 909 911 839
3 911 841 839
3 910 840 912
3 912 840 842
3 911 913 841
3 913 843 841
3 912 842 914
3 914 842 844
3 913 915 843
3 915 845 843
3 916 917 914
3 916 914 846
3 846 914 844
3 917 916 918
3 921 919 920
3 920 919 847
3 920 847 915
3 915 847 845
3 916 846 849
3 849 918 916
3 849 850 918
3 850 922 918
3 924 919 921
3 923 919 924
3 919 923 851
3 847 919 851
3 925 926 922
3 925 922 852
3 852 922 850
3 923 855 854
3 924 855 923
3 924 925 855
3 924 926 925
3 923 854 851
3 925 852 857
3 925 857 855
3 929 928 927
3 928 931 930
3 927 928 930
3 931 933 932
3 930 931 932
3 933 934 932
3 860 936 935
3 859 860 935
3 927 935 929
3 927 861 935
3 861 859 935
3 930 861 927
3 862 861 930
3 932 862 930
3 863 862 932
3 934 863 932
3 934 937 863
3 937 865 863
3 865 937 938
3 866 865 938
3 869 940 939
3 868 869 939
3 939 860 868
3 936 860 939
3 941 938 942
3 941 870 938
3 870 866 938
3 942 943 941
3 873 945 944
3 872 873 944
3 944 869 872
3 940 869 944
3 941 874 870
3 874 941 943
3 874 943 875
3 875 943 946
3 945 873 947
3 947 873 876
3 946 878 875
3 948 878 946
3 878 948 949
3 879 878 949
3 947 876 950
3 950 876 880
3 949 951 879
3 951 881 879
3 950 880 952
3 952 880 882
3 951 953 881
3 953 883 881
3 952 882 954
3 954 882 884
3 886 955 956
3 885 955 886
3 955 885 883
3 953 955 883
3 954 884 887
3 957 954 887
3 887 958 957
3 888 958 887
3 956 959 886
3 959 889 886
3 958 888 960
3 960 888 890
3 892 961 962
3 891 961 892
3 961 891 889
3 959 961 889
3 960 890 893
3 963 960 893
3 893 964 963
3 894 964 893
3 962 965 892
3 965 895 892
3 964 894 896
3 966 964 896
3 896 967 966
3 897 967 896
3 899 968 969
3 898 968 899
3 968 898 895
3 965 968 895
3 967 897 970
3 970 897 900
3 969 971 899
3 971 901 899
3 970 900 972
3 972 900 902
3 971 973 901
3 973 903 901
3 972 902 974
3 974 902 904
3 973 975 903
3 975 905 903
3 974 904 976
3 976 904 906
3 975 977 905
3 977 907 905
3 976 906 978
3 978 906 908
3 977 979 907
3 979 909 907
3 978 908 980
3 980 908 910
3 979 981 909
3 981 911 909
3 982 983 980
3 982 980 912
3 912 980 910
3 983 982 984
3 981 985 911
3 985 913 911
3 986 982 912
3 914 986 912
3 984 986 987
3 982 986 984
3 990 988 989
3 989 988 915
3 989 915 985
3 985 915 913
3 986 914 917
3 917 987 986
3 917 918 987
3 918 991 987
3 988 921 920
3 988 990 921
3 990 992 921
3 988 920 915
3 993 994 991
3 993 991 922
3 922 991 918
3 994 993 924
3 994 924 992
3 992 924 921
3 993 922 926
3 993 926 924
3 929 996 995
3 928 929 995
3 995 997 928
3 928 997 931
3 997 998 931
3 931 998 933
3 933 998 999
3 934 933 999
3 936 1001 1000
3 935 936 1000
3 1000 929 935
3 996 929 1000
3 999 937 934
3 1002 937 999
3 937 1002 1003
3 938 937 1003
3 940 1005 1004
3 939 940 1004
3 1004 936 939
3 1001 936 1004
3 1003 942 938
3 1006 942 1003
3 942 1006 1007
3 943 942 1007
3 945 1009 1008
3 944 945 1008
3 1008 940 944
3 1005 940 1008
3 1010 1007 1011
3 1010 946 1007
3 946 943 1007
3 1011 1012 1010
3 1009 945 1013
3 1013 945 947
3 1010 948 946
3 948 1010 1012
3 948 1012 949
3 949 1012 1014
3 1017 1016 1015
3 1016 950 1015
3 1016 1013 950
3 1013 947 950
3 1014 1018 949
3 1018 951 949
3 1017 1015 1019
3 1015 1020 1019
3 1015 950 1020
3 950 952 1020
3 1018 1021 951
3 1021 953 951
3 1020 952 1022
3 1022 952 954
3 956 1023 1024
3 955 1023 956
3 1023 955 953
3 1021 1023 953
3 1022 954 957
3 1025 1022 957
3 957 1026 1025
3 958 1026 957
3 1024 1027 956
3 1027 959 956
3 1026 958 1028
3 1028 958 960
3 962 1029 1030
3 961 1029 962
3 1029 961 959
3 1027 1029 959
3 1028 960 963
3 1031 1028 963
3 963 1032 1031
3 964 1032 963
3 1030 1033 962
3 1033 965 962
3 1032 964 966
3 1034 1032 966
3 966 1035 1034
3 967 1035 966
3 969 1036 1037
3 968 1036 969
3 1036 968 965
3 1033 1036 965
3 1035 967 1038
3 1038 967 970
3 1037 1039 969
3 1039 971 969
3 1038 970 1040
3 1040 970 972
3 1039 1041 971
3 1041 973 971
3 1040 972 1042
3 1042 972 974
3 1041 1043 973
3 1043 975 973
3 1042 974 1044
3 1044 974 976
3 1043 1045 975
3 1045 977 975
3 1046 1047 1044
3 1046 1044 978
3 978 1044 976
3 1047 1046 1048
3 1051 1049 1050
3 1050 1049 979
3 1050 979 1045
3 1045 979 977
3 1052 1046 978
3 980 1052 978
3 1048 1052 1053
3 1046 1052 1048
3 1055 1049 1051
3 1054 1049 1055
3 1049 1054 981
3 979 1049 981
3 1052 980 983
3 983 1053 1052
3 983 984 1053
3 984 1056 1053
3 1058 1054 1055
3 1057 1054 1058
3 1054 1057 985
3 981 1054 985
3 1059 1060 1056
3 1059 1056 987
3 987 1056 984
3 1057 990 989
3 1058 990 1057
3 1058 1059 990
3 1058 1060 1059
3 1057 989 985
3 1061 1059 987
3 991 1061 987
3 1059 1061 992
3 990 1059 992
3 1061 991 994
3 1061 994 992
3 1064 1063 1062
3 996 1062 1063
3 996 1063 995
3 995 1063 1065
3 1065 1066 995
3 995 1066 997
3 1066 1067 997
3 997 1067 998
3 1068 999 998
3 1068 998 1069
3 1069 998 1067
3 1069 1070 1068
3 1073 1072 1071
3 1062 1000 1001
3 1064 1062 1001
3 1064 1001 1071
3 1064 1071 1072
3 1062 996 1000
3 1068 1002 999
3 1002 1074 1003
3 1068 1074 1002
3 1068 1075 1074
3 1068 1070 1075
3 1075 1076 1074
3 1071 1004 1005
3 1071 1005 1073
3 1073 1005 1077
3 1071 1001 1004
3 1074 1006 1003
3 1006 1074 1076
3 1006 1076 1007
3 1007 1076 1078
3 1009 1080 1079
3 1008 1009 1079
3 1079 1005 1008
3 1077 1005 1079
3 1078 1011 1007
3 1081 1011 1078
3 1011 1081 1082
3 1012 1011 1082
3 1085 1084 1083
3 1084 1013 1083
3 1084 1080 1013
3 1080 1009 1013
3 1082 1086 1012
3 1086 1014 1012
3 1083 1016 1017
3 1083 1017 1085
3 1085 1017 1087
3 1083 1013 1016
3 1086 1088 1014
3 1088 1018 1014
3 1087 1017 1019
3 1089 1087 1019
3 1019 1090 1089
3 1020 1090 1019
3 1088 1091 1018
3 1091 1021 1018
3 1090 1020 1092
3 1092 1020 1022
3 1024 1093 1094
3 1023 1093 1024
3 1093 1023 1021
3 1091 1093 1021
3 1092 1022 1025
3 1095 1092 1025
3 1025 1096 1095
3 1026 1096 1025
3 1094 1097 1024
3 1097 1027 1024
3 1096 1026 1098
3 1098 1026 1028
3 1030 1099 1100
3 1029 1099 1030
3 1099 1029 1027
3 1097 1099 1027
3 1098 1028 1031
3 1101 1098 1031
3 1031 1102 1101
3 1032 1102 1031
3 1100 1103 1030
3 1103 1033 1030
3 1102 1032 1034
3 1104 1102 1034
3 1034 1105 1104
3 1035 1105 1034
3 1037 1106 1107
3 1036 1106 1037
3 1106 1036 1033
3 1103 1106 1033
3 1105 1035 1108
3 1108 1035 1038
3 1107 1109 1037
3 1109 1039 1037
3 1108 1038 1110
3 1110 1038 1040
3 1109 1111 1039
3 1111 1041 1039
3 1110 1040 1112
3 1112 1040 1042
3 1115 1113 1114
3 1114 1113 1043
3 1114 1043 1111
3 1111 1043 1041
3 1116 1117 1112
3 1116 1112 1044
3 1044 1112 1042
3 1117 1116 1118
3 1120 1113 1115
3 1119 1113 1120
3 1113 1119 1045
3 1043 1113 1045
3 1116 1044 1047
3 1047 1118 1116
3 1047 1048 1118
3 1048 1121 1118
3 1119 1051 1050
3 1119 1120 1051
3 1120 1122 1051
3 1119 1050 1045
3 1123 1124 1121
3 1123 1121 1053
3 1053 1121 1048
3 1124 1123 1055
3 1124 1055 1122
3 1122 1055 1051
3 1125 1123 1053
3 1056 1125 1053
3 1123 1125 1058
3 1055 1123 1058
3 1125 1056 1060
3 1125 1060 1058
3 1128 1127 1126
3 1127 1129 1126
3 1064 1131 1130
3 1063 1064 1130
3 1130 1132 1063
3 1063 1132 1065
3 1126 1132 1128
3 1126 1066 1132
3 1066 1065 1132
3 1129 1066 1126
3 1129 1133 1066
3 1133 1067 1066
3 1133 1134 1067
3 1067 1134 1069
3 1069 1134 1135
3 1070 1069 1135
3 1073 1137 1136
3 1072 1073 1136
3 1136 1064 1072
3 1131 1064 1136
3 1135 1075 1070
3 1138 1075 1135
3 1075 1138 1139
3 1076 1075 1139
3 1142 1141 1140
3 1141 1077 1140
3 1141 1137 1077
3 1137 1073 1077
3 1143 1139 1144
3 1143 1078 1139
3 1078 1076 1139
3 1144 1145 1143
3 1140 1079 1080
3 1140 1080 1142
3 1142 1080 1146
3 1140 1077 1079
3 1143 1081 1078
3 1081 1143 1145
3 1081 1145 1082
3 1082 1145 1147
3 1085 1149 1148
3 1084 1085 1148
3 1148 1080 1084
3 1146 1080 1148
3 1147 1150 1082
3 1150 1086 1082
3 1149 1085 1151
3 1151 1085 1087
3 1150 1152 1086
3 1152 1088 1086
3 1151 1087 1089
3 1153 1151 1089
3 1089 1154 1153
3 1090 1154 1089
3 1152 1155 1088
3 1155 1091 1088
3 1154 1090 1156
3 1156 1090 1092
3 1094 1157 1158
3 1093 1157 1094
3 1157 1093 1091
3 1155 1157 1091
3 1156 1092 1095
3 1159 1156 1095
3 1095 1160 1159
3 1096 1160 1095
3 1158 1161 1094
3 1161 1097 1094
3 1160 1096 1162
3 1162 1096 1098
3 1100 1163 1164
3 1099 1163 1100
3 1163 1099 1097
3 1161 1163 1097
3 1162 1098 1101
3 1165 1162 1101
3 1101 1166 1165
3 1102 1166 1101
3 1164 1167 1100
3 1167 1103 1100
3 1166 1102 1104
3 1168 1166 1104
3 1104 1169 1168
3 1105 1169 1104
3 1107 1170 1171
3 1106 1170 1107
3 1170 1106 1103
3 1167 1170 1103
3 1169 1105 1172
3 1172 1105 1108
3 1171 1173 1107
3 1173 1109 1107
3 1172 1108 1174
3 1174 1108 1110
3 1173 1175 1109
3 1175 1111 1109
3 1176 1177 1174
3 1176 1174 1112
3 1112 1174 1110
3 1177 1176 1178
3 1115 1179 1180
3 1114 1179 1115
3 1179 1114 1111
3 1175 1179 1111
3 1176 1112 1117
3 1117 1178 1176
3 1117 1118 1178
3 1118 1181 1178
3 1180 1182 1115
3 1182 1120 1115
3 1183 1184 1181
3 1183 1181 1121
3 1121 1181 1118
3 1184 1183 1122
3 1184 1122 1182
3 1182 1122 1120
3 1183 1121 1124
3 1183 1124 1122
3 1187 1186 1185
3 1128 1185 1186
3 1128 1186 1127
3 1127 1186 1188
3 1189 1129 1127
3 1189 1127 1190
3 1190 1127 1188
3 1190 1191 1189
3 1131 1193 1192
3 1130 1131 1192
3 1185 1192 1187
3 1185 1132 1192
3 1132 1130 1192
3 1185 1128 1132
3 1189 1133 1129
3 1191 1133 1189
3 1191 1194 1133
3 1194 1134 1133
3 1134 1194 1195
3 1135 1134 1195
3 1137 1197 1196
3 1136 1137 1196
3 1196 1131 1136
3 1193 1131 1196
3 1195 1138 1135
3 1198 1138 1195
3 1138 1198 1199
3 1139 1138 1199
3 1142 1201 1200
3 1141 1142 1200
3 1200 1137 1141
3 1197 1137 1200
3 1199 1144 1139
3 1202 1144 1199
3 1144 1202 1203
3 1145 1144 1203
3 1206 1205 1204
3 1205 1146 1204
3 1205 1201 1146
3 1201 1142 1146
3 1203 1207 1145
3 1207 1147 1145
3 1204 1148 1149
3 1204 1149 1206
3 1206 1149 1208
3 1204 1146 1148
3 1207 1209 1147
3 1209 1150 1147
3 1208 1149 1210
3 1210 1149 1151
3 1209 1211 1150
3 1211 1152 1150
3 1210 1151 1153
3 1212 1210 1153
3 1153 1213 1212
3 1154 1213 1153
3 1211 1214 1152
3 1214 1155 1152
3 1213 1154 1215
3 1215 1154 1156
3 1157 1216 1158
3 1216 1157 1155
3 1216 1155 1217
3 1217 1155 1214
3 1215 1156 1159
3 1218 1215 1159
3 1159 1219 1218
3 1160 1219 1159
3 1220 1158 1216
3 1220 1221 1158
3 1221 1161 1158
3 1216 1217 1220
3 1219 1160 1222
3 1222 1160 1162
3 1164 1223 1224
3 1163 1223 1164
3 1223 1163 1161
3 1221 1223 1161
3 1222 1162 1165
3 1225 1222 1165
3 1165 1226 1225
3 1166 1226 1165
3 1224 1227 1164
3 1227 1167 1164
3 1226 1166 1168
3 1228 1226 1168
3 1168 1229 1228
3 1169 1229 1168
3 1171 1230 1231
3 1170 1230 1171
3 1230 1170 1167
3 1227 1230 1167
3 1229 1169 1232
3 1232 1169 1172
3 1231 1233 1171
3 1233 1173 1171
3 1234 1235 1232
3 1234 1232 1174
3 1174 1232 1172
3 1235 1234 1236
3 1239 1237 1238
3 1238 1237 1175
3 1238 1175 1233
3 1233 1175 1173
3 1234 1174 1177
3 1177 1236 1234
3 1177 1178 1236
3 1178 1240 1236
3 1237 1180 1179
3 1237 1239 1180
3 1239 1241 1180
3 1237 1179 1175
3 1242 1243 1240
3 1242 1240 1181
3 1181 1240 1178
3 1243 1242 1182
3 1243 1182 1241
3 1241 1182 1180
3 1242 1181 1184
3 1242 1184 1182
3 1246 1245 1244
3 1187 1244 1245
3 1187 1245 1186
3 1186 1245 1247
3 1247 1248 1186
3 1186 1248 1188
3 1248 1249 1188
3 1188 1249 1190
3 1190 1249 1250
3 1191 1190 1250
3 1253 1252 1251
3 1244 1192 1193
3 1246 1244 1193
3 1246 1193 1251
3 1246 1251 1252
3 1244 1187 1192
3 1250 1194 1191
3 1254 1194 1250
3 1194 1254 1255
3 1195 1194 1255
3 1251 1196 1197
3 1251 1197 1253
3 1253 1197 1256
3 1251 1193 1196
3 1255 1198 1195
3 1257 1198 1255
3 1198 1257 1258
3 1199 1198 1258
3 1201 1260 1259
3 1200 1201 1259
3 1259 1197 1200
3 1256 1197 1259
3 1258 1202 1199
3 1261 1202 1258
3 1202 1261 1262
3 1203 1202 1262
3 1206 1264 1263
3 1205 1206 1263
3 1263 1201 1205
3 1260 1201 1263
3 1262 1265 1203
3 1265 1207 1203
3 1264 1206 1266
3 1266 1206 1208
3 1265 1267 1207
3 1267 1209 1207
3 1266 1208 1268
3 1268 1208 1210
3 1267 1269 1209
3 1269 1211 1209
3 1212 1270 1271
3 1212 1271 1210
3 1210 1271 1268
3 1212 1213 1270
3 1269 1272 1211
3 1272 1214 1211
3 1271 1270 1273
3 1270 1274 1273
3 1270 1213 1274
3 1213 1215 1274
3 1272 1275 1214
3 1275 1217 1214
3 1274 1215 1218
3 1276 1274 1218
3 1218 1277 1276
3 1219 1277 1218
3 1221 1278 1279
3 1220 1278 1221
3 1278 1220 1217
3 1275 1278 1217
3 1277 1219 1280
3 1280 1219 1222
3 1224 1281 1282
3 1223 1281 1224
3 1281 1223 1221
3 1279 1281 1221
3 1280 1222 1225
3 1283 1280 1225
3 1225 1284 1283
3 1226 1284 1225
3 1282 1285 1224
3 1285 1227 1224
3 1284 1226 1228
3 1286 1284 1228
3 1228 1287 1286
3 1229 1287 1228
3 1231 1288 1289
3 1230 1288 1231
3 1288 1230 1227
3 1285 1288 1227
3 1287 1229 1290
3 1290 1229 1232
3 1293 1291 1292
3 1292 1291 1233
3 1292 1233 1289
3 1289 1233 1231
3 1290 1232 1235
3 1294 1290 1235
3 1235 1295 1294
3 1236 1295 1235
3 1291 1239 1238
3 1291 1293 1239
3 1293 1296 1239
3 1291 1238 1233
3 1297 1298 1295
3 1297 1295 1240
3 1240 1295 1236
3 1298 1297 1241
3 1298 1241 1296
3 1296 1241 1239
3 1297 1240 1243
3 1297 1243 1241
3 1246 1300 1299
3 1245 1246 1299
3 1299 1301 1245
3 1245 1301 1247
3 1301 1302 1247
3 1247 1302 1248
3 1302 1303 1248
3 1248 1303 1249
3 1304 1250 1249
3 1304 1249 1305
3 1305 1249 1303
3 1305 1306 1304
3 1253 1308 1307
3 1252 1253 1307
3 1307 1246 1252
3 1300 1246 1307
3 1304 1254 1250
3 1254 1309 1255
3 1304 1309 1254
3 1304 1310 1309
3 1304 1306 1310
3 1310 1311 1309
3 1314 1313 1312
3 1313 1256 1312
3 1313 1308 1256
3 1308 1253 1256
3 1309 1257 1255
3 1257 1315 1258
3 1309 1315 1257
3 1309 1316 1315
3 1309 1311 1316
3 1316 1317 1315
3 1312 1259 1260
3 1312 1260 1314
3 1314 1260 1318
3 1312 1256 1259
3 1315 1261 1258
3 1261 1315 1317
3 1261 1317 1262
3 1262 1317 1319
3 1264 1321 1320
3 1263 1264 1320
3 1320 1260 1263
3 1318 1260 1320
3 1319 1322 1262
3 1322 1265 1262
3 1321 1264 1323
3 1323 1264 1266
3 1324 1322 1325
3 1324 1267 1322
3 1267 1265 1322
3 1325 1326 1324
3 1323 1266 1327
3 1327 1266 1268
3 1328 1267 1324
3 1328 1329 1267
3 1329 1269 1267
3 1324 1326 1328
3 1327 1268 1330
3 1330 1268 1271
3 1329 1331 1269
3 1331 1272 1269
3 1330 1271 1273
3 1332 1330 1273
3 1273 1333 1332
3 1274 1333 1273
3 1331 1334 1272
3 1334 1275 1272
3 1333 1274 1276
3 1335 1333 1276
3 1276 1336 1335
3 1277 1336 1276
3 1279 1337 1338
3 1278 1337 1279
3 1337 1278 1275
3 1334 1337 1275
3 1336 1277 1339
3 1339 1277 1280
3 1282 1340 1341
3 1281 1340 1282
3 1340 1281 1279
3 1338 1340 1279
3 1339 1280 1283
3 1342 1339 1283
3 1283 1343 1342
3 1284 1343 1283
3 1346 1344 1345
3 1345 1344 1285
3 1345 1285 1341
3 1341 1285 1282
3 1343 1284 1286
3 1347 1343 1286
3 1286 1348 1347
3 1287 1348 1286
3 1344 1289 1288
3 1344 1346 1289
3 1346 1349 1289
3 1344 1288 1285
3 1348 1287 1350
3 1350 1287 1290
3 1293 1351 1352
3 1292 1351 1293
3 1351 1292 1289
3 1349 1351 1289
3 1350 1290 1294
3 1353 1350 1294
3 1354 1294 1295
3 1354 1355 1294
3 1355 1353 1294
3 1355 1354 1296
3 1355 1296 1352
3 1352 1296 1293
3 1354 1295 1298
3 1354 1298 1296
3 1300 1357 1356
3 1299 1300 1356
3 1356 1358 1299
3 1299 1358 1301
3 1358 1359 1301
3 1301 1359 1302
3 1359 1360 1302
3 1302 1360 1303
3 1360 1361 1303
3 1303 1361 1305
3 1305 1361 1362
3 1306 1305 1362
3 1308 1364 1363
3 1307 1308 1363
3 1363 1300 1307
3 1357 1300 1363
3 1362 1310 1306
3 1365 1310 1362
3 1310 1365 1366
3 1311 1310 1366
3 1314 1368 1367
3 1313 1314 1367
3 1367 1308 1313
3 1364 1308 1367
3 1366 1316 1311
3 1369 1316 1366
3 1316 1369 1370
3 1317 1316 1370
3 1373 1372 1371
3 1372 1318 1371
3 1372 1368 1318
3 1368 1314 1318
3 1370 1374 1317
3 1374 1319 1317
3 1371 1320 1321
3 1371 1321 1373
3 1373 1321 1375
3 1371 1318 1320
3 1376 1374 1377
3 1376 1322 1374
3 1322 1319 1374
3 1377 1378 1376
3 1375 1321 1379
3 1379 1321 1323
3 1376 1325 1322
3 1325 1376 1378
3 1325 1378 1326
3 1326 1378 1380
3 1379 1323 1381
3 1381 1323 1327
3 1328 1382 1329
3 1382 1328 1326
3 1382 1326 1383
3 1383 1326 1380
3 1381 1327 1384
3 1384 1327 1330
3 1385 1329 1382
3 1385 1386 1329
3 1386 1331 1329
3 1382 1383 1385
3 1384 1330 1332
3 1387 1384 1332
3 1332 1388 1387
3 1333 1388 1332
3 1386 1389 1331
3 1389 1334 1331
3 1388 1333 1335
3 1390 1388 1335
3 1335 1391 1390
3 1336 1391 1335
3 1338 1392 1393
3 1337 1392 1338
3 1392 1337 1334
3 1389 1392 1334
3 1391 1336 1394
3 1394 1336 1339
3 1341 1395 1396
3 1340 1395 1341
3 1395 1340 1338
3 1393 1395 1338
3 1394 1339 1342
3 1397 1394 1342
3 1342 1398 1397
3 1343 1398 1342
3 1346 1399 1400
3 1345 1399 1346
3 1399 1345 1341
3 1396 1399 1341
3 1398 1343 1347
3 1401 1398 1347
3 1347 1402 1401
3 1348 1402 1347
3 1400 1403 1346
3 1403 1349 1346
3 1404 1405 1402
3 1404 1402 1350
3 1350 1402 1348
3 1405 1404 1406
3 1352 1407 1408
3 1351 1407 1352
3 1407 1351 1349
3 1403 1407 1349
3 1404 1350 1353
3 1406 1404 1353
3 1406 1353 1409
3 1409 1353 1355
3 1409 1355 1352
3 1408 1409 1352
3 1412 1411 1410
3 1411 1414 1413
3 1410 1411 1413
3 1414 1415 1413
3 1418 1417 1416
3 1357 1416 1417
3 1357 1417 1356
3 1356 1417 1419
3 1410 1419 1412
3 1410 1358 1419
3 1358 1356 1419
3 1413 1358 1410
3 1359 1358 1413
3 1415 1359 1413
3 1415 1420 1359
3 1420 1360 1359
3 1420 1421 1360
3 1360 1421 1361
3 1361 1421 1422
3 1362 1361 1422
3 1425 1424 1423
3 1416 1363 1364
3 1418 1416 1364
3 1418 1364 1423
3 1418 1423 1424
3 1416 1357 1363
3 1422 1365 1362
3 1426 1365 1422
3 1365 1426 1427
3 1366 1365 1427
3 1423 1367 1368
3 1423 1368 1425
3 1425 1368 1428
3 1423 1364 1367
3 1427 1369 1366
3 1429 1369 1427
3 1369 1429 1430
3 1370 1369 1430
3 1373 1432 1431
3 1372 1373 1431
3 1431 1368 1372
3 1428 1368 1431
3 1430 1433 1370
3 1433 1374 1370
3 1432 1373 1434
3 1434 1373 1375
3 1433 1377 1374
3 1435 1377 1433
3 1377 1435 1436
3 1378 1377 1436
3 1434 1375 1437
3 1437 1375 1379
3 1436 1438 1378
3 1438 1380 1378
3 1437 1379 1439
3 1439 1379 1381
3 1438 1440 1380
3 1440 1383 1380
3 1439 1381 1441
3 1441 1381 1384
3 1386 1442 1443
3 1385 1442 1386
3 1442 1385 1383
3 1440 1442 1383
3 1441 1384 1387
3 1444 1441 1387
3 1387 1445 1444
3 1388 1445 1387
3 1443 1446 1386
3 1446 1389 1386
3 1390 1447 1448
3 1390 1448 1388
3 1388 1448 1445
3 1390 1391 1447
3 1393 1449 1450
3 1392 1449 1393
3 1449 1392 1389
3 1446 1449 1389
3 1448 1447 1451
3 1447 1452 1451
3 1447 1391 1452
3 1391 1394 1452
3 1396 1453 1454
3 1395 1453 1396
3 1453 1395 1393
3 1450 1453 1393
3 1452 1394 1397
3 1455 1452 1397
3 1397 1456 1455
3 1398 1456 1397
3 1400 1457 1458
3 1399 1457 1400
3 1457 1399 1396
3 1454 1457 1396
3 1456 1398 1401
3 1459 1456 1401
3 1401 1460 1459
3 1402 1460 1401
3 1458 1461 1400
3 1461 1403 1400
3 1460 1402 1405
3 1462 1460 1405
3 1463 1405 1406
3 1463 1464 1405
3 1464 1462 1405
3 1408 1464 1463
3 1408 1407 1464
3 1407 1465 1464
3 1465 1407 1403
3 1461 1465 1403
3 1463 1406 1409
3 1463 1409 1408
3 1412 1467 1466
3 1411 1412 1466
3 1466 1468 1411
3 1411 1468 1414
3 1469 1415 1414
3 1469 1414 1470
3 1470 1414 1468
3 1470 1471 1469
3 1418 1473 1472
3 1417 1418 1472
3 1472 1474 1417
3 1417 1474 1419
3 1474 1412 1419
3 1467 1412 1474
3 1469 1420 1415
3 1471 1420 1469
3 1471 1475 1420
3 1475 1421 1420
3 1476 1422 1421
3 1476 1421 1477
3 1477 1421 1475
3 1477 1478 1476
3 1425 1480 1479
3 1424 1425 1479
3 1479 1418 1424
3 1473 1418 1479
3 1476 1426 1422
3 1426 1476 1478
3 1426 1478 1427
3 1427 1478 1481
3 1480 1425 1482
3 1482 1425 1428
3 1481 1429 1427
3 1483 1429 1481
3 1429 1483 1484
3 1430 1429 1484
3 1432 1486 1485
3 1431 1432 1485
3 1485 1428 1431
3 1482 1428 1485
3 1487 1484 1488
3 1487 1433 1484
3 1433 1430 1484
3 1488 1489 1487
3 1486 1432 1490
3 1490 1432 1434
3 1487 1435 1433
3 1435 1487 1489
3 1435 1489 1436
3 1436 1489 1491
3 1490 1434 1492
3 1492 1434 1437
3 1491 1493 1436
3 1493 1438 1436
3 1492 1437 1494
3 1494 1437 1439
3 1493 1495 1438
3 1495 1440 1438
3 1494 1439 1496
3 1496 1439 1441
3 1443 1497 1498
3 1442 1497 1443
3 1497 1442 1440
3 1495 1497 1440
3 1496 1441 1444
3 1499 1496 1444
3 1444 1500 1499
3 1445 1500 1444
3 1498 1501 1443
3 1501 1446 1443
3 1500 1445 1502
3 1502 1445 1448
3 1450 1503 1504
3 1449 1503 1450
3 1503 1449 1446
3 1501 1503 1446
3 1502 1448 1451
3 1505 1502 1451
3 1451 1506 1505
3 1452 1506 1451
3 1454 1507 1508
3 1453 1507 1454
3 1507 1453 1450
3 1504 1507 1450
3 1506 1452 1455
3 1509 1506 1455
3 1455 1510 1509
3 1456 1510 1455
3 1458 1511 1512
3 1457 1511 1458
3 1511 1457 1454
3 1508 1511 1454
3 1510 1456 1459
3 1513 1510 1459
3 1514 1459 1460
3 1514 1515 1459
3 1515 1513 1459
3 1515 1514 1516
3 1519 1517 1518
3 1518 1517 1461
3 1518 1461 1512
3 1512 1461 1458
3 1514 1460 1462
3 1516 1514 1462
3 1516 1462 1520
3 1520 1462 1464
3 1517 1519 1520
3 1517 1520 1465
3 1465 1520 1464
3 1517 1465 1461
3 1523 1522 1521
3 1467 1521 1522
3 1467 1522 1466
3 1466 1522 1524
3 1524 1525 1466
3 1466 1525 1468
3 1525 1526 1468
3 1468 1526 1470
3 1527 1471 1470
3 1527 1470 1528
3 1528 1470 1526
3 1528 1529 1527
3 1473 1531 1530
3 1472 1473 1530
3 1521 1530 1523
3 1521 1474 1530
3 1474 1472 1530
3 1521 1467 1474
3 1527 1475 1471
3 1529 1475 1527
3 1529 1532 1475
3 1532 1477 1475
3 1477 1532 1533
3 1478 1477 1533
3 1480 1535 1534
3 1479 1480 1534
3 1534 1473 1479
3 1531 1473 1534
3 1536 1533 1537
3 1536 1481 1533
3 1481 1478 1533
3 1537 1538 1536
3 1541 1540 1539
3 1540 1482 1539
3 1540 1535 1482
3 1535 1480 1482
3 1536 1483 1481
3 1483 1536 1538
3 1483 1538 1484
3 1484 1538 1542
3 1539 1485 1486
3 1539 1486 1541
3 1541 1486 1543
3 1539 1482 1485
3 1542 1488 1484
3 1544 1488 1542
3 1488 1544 1545
3 1489 1488 1545
3 1543 1486 1546
3 1546 1486 1490
3 1545 1547 1489
3 1547 1491 1489
3 1546 1490 1548
3 1548 1490 1492
3 1547 1549 1491
3 1549 1493 1491
3 1548 1492 1550
3 1550 1492 1494
3 1549 1551 1493
3 1551 1495 1493
3 1550 1494 1552
3 1552 1494 1496
3 1498 1553 1554
3 1497 1553 1498
3 1553 1497 1495
3 1551 1553 1495
3 1552 1496 1499
3 1555 1552 1499
3 1499 1556 1555
3 1500 1556 1499
3 1554 1557 1498
3 1557 1501 1498
3 1556 1500 1558
3 1558 1500 1502
3 1504 1559 1560
3 1503 1559 1504
3 1559 1503 1501
3 1557 1559 1501
3 1558 1502 1505
3 1561 1558 1505
3 1505 1562 1561
3 1506 1562 1505
3 1508 1563 1564
3 1507 1563 1508
3 1563 1507 1504
3 1560 1563 1504
3 1562 1506 1509
3 1565 1562 1509
3 1566 1509 1510
3 1566 1567 1509
3 1567 1565 1509
3 1567 1566 1568
3 1512 1569 1570
3 1511 1569 1512
3 1569 1511 1508
3 1564 1569 1508
3 1566 1510 1513
3 1568 1566 1513
3 1568 1513 1571
3 1571 1513 1515
3 1515 1572 1571
3 1516 1572 1515
3 1519 1573 1574
3 1518 1573 1519
3 1573 1518 1512
3 1570 1573 1512
3 1572 1516 1520
3 1575 1572 1520
3 1575 1520 1519
3 1574 1575 1519
3 1523 1577 1576
3 1522 1523 1576
3 1576 1578 1522
3 1522 1578 1524
3 1578 1579 1524
3 1524 1579 1525
3 1579 1580 1525
3 1525 1580 1526
3 1580 1581 1526
3 1526 1581 1528
3 1528 1581 1582
3 1529 1528 1582
3 1585 1584 1583
3 1531 1583 1584
3 1531 1584 1530
3 1530 1584 1586
3 1586 1523 1530
3 1577 1523 1586
3 1582 1532 1529
3 1587 1532 1582
3 1532 1587 1588
3 1533 1532 1588
3 1583 1534 1535
3 1583 1535 1585
3 1585 1535 1589
3 1583 1531 1534
3 1588 1537 1533
3 1590 1537 1588
3 1537 1590 1591
3 1538 1537 1591
3 1541 1593 1592
3 1540 1541 1592
3 1592 1535 1540
3 1589 1535 1592
3 1591 1594 1538
3 1594 1542 1538
3 1593 1541 1595
3 1595 1541 1543
3 1594 1544 1542
3 1596 1544 1594
3 1544 1596 1597
3 1545 1544 1597
3 1595 1543 1598
3 1598 1543 1546
3 1597 1599 1545
3 1599 1547 1545
3 1598 1546 1600
3 1600 1546 1548
3 1599 1601 1547
3 1601 1549 1547
3 1600 1548 1602
3 1602 1548 1550
3 1601 1603 1549
3 1603 1551 1549
3 1602 1550 1604
3 1604 1550 1552
3 1554 1605 1606
3 1553 1605 1554
3 1605 1553 1551
3 1603 1605 1551
3 1604 1552 1555
3 1607 1604 1555
3 1555 1608 1607
3 1556 1608 1555
3 1606 1609 1554
3 1609 1557 1554
3 1608 1556 1610
3 1610 1556 1558
3 1560 1611 1612
3 1559 1611 1560
3 1611 1559 1557
3 1609 1611 1557
3 1610 1558 1561
3 1613 1610 1561
3 1561 1614 1613
3 1562 1614 1561
3 1564 1615 1616
3 1563 1615 1564
3 1615 1563 1560
3 1612 1615 1560
3 1614 1562 1565
3 1617 1614 1565
3 1617 1565 1618
3 1565 1567 1618
3 1567 1619 1618
3 1568 1619 1567
3 1570 1620 1621
3 1569 1620 1570
3 1620 1569 1564
3 1616 1620 1564
3 1619 1568 1571
3 1622 1619 1571
3 1623 1571 1572
3 1623 1624 1571
3 1624 1622 1571
3 1574 1624 1623
3 1574 1573 1624
3 1573 1625 1624
3 1625 1573 1570
3 1621 1625 1570
3 1623 1572 1575
3 1623 1575 1574
3 1628 1627 1626
3 1577 1626 1627
3 1577 1627 1576
3 1576 1627 1629
3 1629 1630 1576
3 1576 1630 1578
3 1630 1631 1578
3 1578 1631 1579
3 1631 1632 1579
3 1579 1632 1580
3 1632 1633 1580
3 1580 1633 1581
3 1581 1633 1634
3 1582 1581 1634
3 1585 1636 1635
3 1584 1585 1635
3 1626 1635 1628
3 1626 1586 1635
3 1586 1584 1635
3 1626 1577 1586
3 1634 1587 1582
3 1637 1587 1634
3 1587 1637 1638
3 1588 1587 1638
3 1636 1585 1639
3 1639 1585 1589
3 1638 1590 1588
3 1640 1590 1638
3 1590 1640 1641
3 1591 1590 1641
3 1593 1643 1642
3 1592 1593 1642
3 1642 1589 1592
3 1639 1589 1642
3 1644 1641 1645
3 1644 1594 1641
3 1594 1591 1641
3 1645 1646 1644
3 1643 1593 1647
3 1647 1593 1595
3 1644 1596 1594
3 1596 1644 1646
3 1596 1646 1597
3 1597 1646 1648
3 1651 1650 1649
3 1650 1598 1649
3 1650 1647 1598
3 1647 1595 1598
3 1648 1652 1597
3 1652 1599 1597
3 1651 1649 1653
3 1649 1654 1653
3 1649 1598 1654
3 1598 1600 1654
3 1652 1655 1599
3 1655 1601 1599
3 1654 1600 1656
3 1656 1600 1602
3 1655 1657 1601
3 1657 1603 1601
3 1656 1602 1658
3 1658 1602 1604
3 1605 1659 1606
3 1659 1605 1603
3 1659 1603 1660
3 1660 1603 1657
3 1658 1604 1607
3 1661 1658 1607
3 1607 1662 1661
3 1608 1662 1607
3 1663 1606 1659
3 1663 1664 1606
3 1664 1609 1606
3 1659 1660 1663
3 1662 1608 1665
3 1665 1608 1610
3 1612 1666 1667
3 1611 1666 1612
3 1666 1611 1609
3 1664 1666 1609
3 1665 1610 1613
3 1668 1665 1613
3 1613 1669 1668
3 1614 1669 1613
3 1616 1670 1671
3 1615 1670 1616
3 1670 1615 1612
3 1667 1670 1612
3 1669 1614 1617
3 1672 1669 1617
3 1672 1617 1673
3 1617 1618 1673
3 1618 1674 1673
3 1619 1674 1618
3 1621 1675 1676
3 1620 1675 1621
3 1675 1620 1616
3 1671 1675 1616
3 1674 1619 1622
3 1677 1674 1622
3 1677 1622 1678
3 1622 1624 1678
3 1678 1624 1679
3 1624 1625 1679
3 1679 1625 1621
3 1676 1679 1621
3 1628 1681 1680
3 1627 1628 1680
3 1680 1682 1627
3 1627 1682 1629
3 1682 1683 1629
3 1629 1683 1630
3 1683 1684 1630
3 1630 1684 1631
3 1684 1685 1631
3 1631 1685 1632
3 1685 1686 1632
3 1632 1686 1633
3 1687 1634 1633
3 1687 1633 1688
3 1688 1633 1686
3 1688 1689 1687
3 1636 1691 1690
3 1635 1636 1690
3 1690 1628 1635
3 1681 1628 1690
3 1687 1637 1634
3 1637 1692 1638
3 1687 1692 1637
3 1687 1693 1692
3 1687 1689 1693
3 1693 1694 1692
3 1697 1696 1695
3 1696 1639 1695
3 1696 1691 1639
3 1691 1636 1639
3 1692 1640 1638
3 1640 1692 1694
3 1640 1694 1641
3 1641 1694 1698
3 1695 1642 1643
3 1695 1643 1697
3 1697 1643 1699
3 1695 1639 1642
3 1698 1645 1641
3 1700 1645 1698
3 1645 1700 1701
3 1646 1645 1701
3 1699 1643 1702
3 1702 1643 1647
3 1701 1703 1646
3 1703 1648 1646
3 1651 1705 1704
3 1650 1651 1704
3 1704 1647 1650
3 1702 1647 1704
3 1703 1706 1648
3 1706 1652 1648
3 1653 1707 1708
3 1653 1708 1651
3 1651 1708 1705
3 1653 1654 1707
3 1706 1709 1652
3 1709 1655 1652
3 1708 1707 1710
3 1707 1711 1710
3 1707 1654 1711
3 1654 1656 1711
3 1709 1712 1655
3 1712 1657 1655
3 1711 1656 1713
3 1713 1656 1658
3 1712 1714 1657
3 1714 1660 1657
3 1713 1658 1661
3 1715 1713 1661
3 1661 1716 1715
3 1662 1716 1661
3 1664 1717 1718
3 1663 1717 1664
3 1717 1663 1660
3 1714 1717 1660
3 1716 1662 1719
3 1719 1662 1665
3 1667 1720 1721
3 1666 1720 1667
3 1720 1666 1664
3 1718 1720 1664
3 1719 1665 1668
3 1722 1719 1668
3 1668 1723 1722
3 1669 1723 1668
3 1671 1724 1725
3 1670 1724 1671
3 1724 1670 1667
3 1721 1724 1667
3 1723 1669 1672
3 1726 1723 1672
3 1726 1672 1727
3 1672 1673 1727
3 1673 1728 1727
3 1674 1728 1673
3 1676 1729 1730
3 1675 1729 1676
3 1729 1675 1671
3 1725 1729 1671
3 1728 1674 1677
3 1731 1728 1677
3 1731 1677 1732
3 1677 1678 1732
3 1732 1678 1733
3 1678 1679 1733
3 1733 1679 1676
3 1730 1733 1676
3 1736 1735 1734
3 1735 1738 1737
3 1734 1735 1737
3 1738 1740 1739
3 1737 1738 1739
3 1740 1741 1739
3 1681 1743 1742
3 1680 1681 1742
3 1742 1744 1680
3 1680 1744 1682
3 1734 1744 1736
3 1734 1683 1744
3 1683 1682 1744
3 1737 1683 1734
3 1684 1683 1737
3 1739 1684 1737
3 1685 1684 1739
3 1741 1685 1739
3 1741 1745 1685
3 1745 1686 1685
3 1745 1746 1686
3 1686 1746 1688
3 1688 1746 1747
3 1689 1688 1747
3 1691 1749 1748
3 1690 1691 1748
3 1748 1681 1690
3 1743 1681 1748
3 1747 1693 1689
3 1750 1693 1747
3 1693 1750 1751
3 1694 1693 1751
3 1697 1753 1752
3 1696 1697 1752
3 1752 1691 1696
3 1749 1691 1752
3 1751 1754 1694
3 1754 1698 1694
3 1753 1697 1755
3 1755 1697 1699
3 1754 1700 1698
3 1756 1700 1754
3 1700 1756 1757
3 1701 1700 1757
3 1755 1699 1758
3 1758 1699 1702
3 1757 1759 1701
3 1759 1703 1701
3 1705 1761 1760
3 1704 1705 1760
3 1760 1702 1704
3 1758 1702 1760
3 1759 1762 1703
3 1762 1706 1703
3 1761 1705 1763
3 1763 1705 1708
3 1762 1764 1706
3 1764 1709 1706
3 1763 1708 1710
3 1765 1763 1710
3 1710 1766 1765
3 1711 1766 1710
3 1764 1767 1709
3 1767 1712 1709
3 1766 1711 1768
3 1768 1711 1713
3 1767 1769 1712
3 1769 1714 1712
3 1715 1770 1771
3 1715 1771 1713
3 1713 1771 1768
3 1715 1716 1770
3 1718 1772 1773
3 1717 1772 1718
3 1772 1717 1714
3 1769 1772 1714
3 1771 1770 1774
3 1770 1775 1774
3 1770 1716 1775
3 1716 1719 1775
3 1721 1776 1777
3 1720 1776 1721
3 1776 1720 1718
3 1773 1776 1718
3 1775 1719 1722
3 1778 1775 1722
3 1779 1722 1723
3 1779 1780 1722
3 1780 1778 1722
3 1780 1779 1781
3 1725 1782 1783
3 1724 1782 1725
3 1782 1724 1721
3 1777 1782 1721
3 1779 1723 1726
3 1781 1779 1726
3 1781 1726 1784
3 1784 1726 1727
3 1785 1727 1728
3 1785 1786 1727
3 1786 1784 1727
3 1786 1785 1787
3 1730 1788 1789
3 1729 1788 1730
3 1788 1729 1725
3 1783 1788 1725
3 1785 1728 1731
3 1787 1785 1731
3 1787 1731 1790
3 1790 1731 1732
3 1790 1732 1791
3 1732 1733 1791
3 1791 1733 1730
3 1789 1791 1730
3 1736 1793 1792
3 1735 1736 1792
3 1792 1794 1735
3 1735 1794 1738
3 1794 1795 1738
3 1738 1795 1740
3 1740 1795 1796
3 1741 1740 1796
3 1743 1798 1797
3 1742 1743 1797
3 1797 1799 1742
3 1742 1799 1744
3 1799 1736 1744
3 1793 1736 1799
3 1796 1745 1741
3 1800 1745 1796
3 1800 1801 1745
3 1745 1801 1746
3 1746 1801 1802
3 1747 1746 1802
3 1749 1804 1803
3 1748 1749 1803
3 1803 1743 1748
3 1798 1743 1803
3 1802 1750 1747
3 1805 1750 1802
3 1750 1805 1806
3 1751 1750 1806
3 1753 1808 1807
3 1752 1753 1807
3 1807 1749 1752
3 1804 1749 1807
3 1809 1806 1810
3 1809 1754 1806
3 1754 1751 1806
3 1810 1811 1809
3 1808 1753 1812
3 1812 1753 1755
3 1809 1756 1754
3 1756 1809 1811
3 1756 1811 1757
3 1757 1811 1813
3 1812 1755 1814
3 1814 1755 1758
3 1813 1815 1757
3 1815 1759 1757
3 1761 1817 1816
3 1760 1761 1816
3 1816 1758 1760
3 1814 1758 1816
3 1815 1818 1759
3 1818 1762 1759
3 1817 1761 1819
3 1819 1761 1763
3 1818 1820 1762
3 1820 1764 1762
3 1819 1763 1765
3 1821 1819 1765
3 1765 1822 1821
3 1766 1822 1765
3 1820 1823 1764
3 1823 1767 1764
3 1822 1766 1824
3 1824 1766 1768
3 1823 1825 1767
3 1825 1769 1767
3 1824 1768 1826
3 1826 1768 1771
3 1773 1827 1828
3 1772 1827 1773
3 1827 1772 1769
3 1825 1827 1769
3 1826 1771 1774
3 1829 1826 1774
3 1774 1830 1829
3 1775 1830 1774
3 1777 1831 1832
3 1776 1831 1777
3 1831 1776 1773
3 1828 1831 1773
3 1830 1775 1778
3 1833 1830 1778
3 1833 1778 1834
3 1778 1780 1834
3 1780 1835 1834
3 1781 1835 1780
3 1783 1836 1837
3 1782 1836 1783
3 1836 1782 1777
3 1832 1836 1777
3 1835 1781 1784
3 1838 1835 1784
3 1838 1784 1839
3 1784 1786 1839
3 1786 1840 1839
3 1787 1840 1786
3 1843 1841 1842
3 1789 1842 1841
3 1789 1788 1842
3 1788 1844 1842
3 1844 1788 1783
3 1837 1844 1783
3 1840 1787 1790
3 1845 1840 1790
3 1841 1843 1845
3 1841 1845 1791
3 1791 1845 1790
3 1841 1791 1789
3 1848 1847 1846
3 1793 1846 1847
3 1793 1847 1792
3 1792 1847 1849
3 1849 1850 1792
3 1792 1850 1794
3 1850 1851 1794
3 1794 1851 1795
3 1852 1796 1795
3 1852 1795 1853
3 1853 1795 1851
3 1853 1854 1852
3 1857 1856 1855
3 1798 1855 1856
3 1798 1856 1797
3 1797 1856 1858
3 1846 1858 1848
3 1846 1799 1858
3 1799 1797 1858
3 1846 1793 1799
3 1852 1800 1796
3 1854 1800 1852
3 1854 1859 1800
3 1859 1801 1800
3 1801 1859 1860
3 1802 1801 1860
3 1855 1803 1804
3 1855 1804 1857
3 1857 1804 1861
3 1855 1798 1803
3 1860 1805 1802
3 1862 1805 1860
3 1805 1862 1863
3 1806 1805 1863
3 1808 1865 1864
3 1807 1808 1864
3 1864 1804 1807
3 1861 1804 1864
3 1863 1810 1806
3 1866 1810 1863
3 1810 1866 1867
3 1811 1810 1867
3 1865 1808 1868
3 1868 1808 1812
3 1867 1869 1811
3 1869 1813 1811
3 1872 1871 1870
3 1871 1814 1870
3 1871 1868 1814
3 1868 1812 1814
3 1869 1873 1813
3 1873 1815 1813
3 1870 1816 1817
3 1870 1817 1872
3 1872 1817 1874
3 1870 1814 1816
3 1873 1875 1815
3 1875 1818 1815
3 1874 1817 1876
3 1876 1817 1819
3 1875 1877 1818
3 1877 1820 1818
3 1876 1819 1821
3 1878 1876 1821
3 1821 1879 1878
3 1822 1879 1821
3 1877 1880 1820
3 1880 1823 1820
3 1879 1822 1881
3 1881 1822 1824
3 1880 1882 1823
3 1882 1825 1823
3 1881 1824 1883
3 1883 1824 1826
3 1828 1884 1885
3 1827 1884 1828
3 1884 1827 1825
3 1882 1884 1825
3 1883 1826 1829
3 1886 1883 1829
3 1829 1887 1886
3 1830 1887 1829
3 1832 1888 1889
3 1831 1888 1832
3 1888 1831 1828
3 1885 1888 1828
3 1887 1830 1833
3 1890 1887 1833
3 1890 1833 1891
3 1833 1834 1891
3 1834 1892 1891
3 1835 1892 1834
3 1837 1893 1894
3 1836 1893 1837
3 1893 1836 1832
3 1889 1893 1832
3 1892 1835 1838
3 1895 1892 1838
3 1895 1838 1896
3 1838 1839 1896
3 1897 1839 1840
3 1897 1898 1839
3 1898 1896 1839
3 1843 1898 1897
3 1843 1842 1898
3 1842 1899 1898
3 1899 1842 1900
3 1842 1844 1900
3 1900 1844 1837
3 1894 1900 1837
3 1897 1840 1845
3 1897 1845 1843
3 1848 1902 1901
3 1847 1848 1901
3 1901 1903 1847
3 1847 1903 1849
3 1903 1904 1849
3 1849 1904 1850
3 1904 1905 1850
3 1850 1905 1851
3 1905 1906 1851
3 1851 1906 1853
3 1853 1906 1907
3 1854 1853 1907
3 1857 1909 1908
3 1856 1857 1908
3 1908 1910 1856
3 1856 1910 1858
3 1910 1848 1858
3 1902 1848 1910
3 1907 1859 1854
3 1911 1859 1907
3 1859 1911 1912
3 1860 1859 1912
3 1909 1857 1913
3 1913 1857 1861
3 1912 1862 1860
3 1914 1862 1912
3 1862 1914 1915
3 1863 1862 1915
3 1865 1917 1916
3 1864 1865 1916
3 1916 1861 1864
3 1913 1861 1916
3 1915 1866 1863
3 1918 1866 1915
3 1866 1918 1919
3 1867 1866 1919
3 1917 1865 1920
3 1920 1865 1868
3 1919 1921 1867
3 1921 1869 1867
3 1872 1923 1922
3 1871 1872 1922
3 1922 1868 1871
3 1920 1868 1922
3 1921 1924 1869
3 1924 1873 1869
3 1923 1872 1925
3 1925 1872 1874
3 1924 1926 1873
3 1926 1875 1873
3 1925 1874 1927
3 1927 1874 1876
3 1926 1928 1875
3 1928 1877 1875
3 1878 1929 1930
3 1878 1930 1876
3 1876 1930 1927
3 1878 1879 1929
3 1928 1931 1877
3 1931 1880 1877
3 1930 1929 1932
3 1929 1933 1932
3 1929 1879 1933
3 1879 1881 1933
3 1931 1934 1880
3 1934 1882 1880
3 1933 1881 1935
3 1935 1881 1883
3 1885 1936 1937
3 1884 1936 1885
3 1936 1884 1882
3 1934 1936 1882
3 1935 1883 1886
3 1938 1935 1886
3 1886 1939 1938
3 1887 1939 1886
3 1889 1940 1941
3 1888 1940 1889
3 1940 1888 1885
3 1937 1940 1885
3 1939 1887 1890
3 1942 1939 1890
3 1942 1890 1943
3 1890 1891 1943
3 1891 1944 1943
3 1892 1944 1891
3 1894 1945 1946
3 1893 1945 1894
3 1945 1893 1889
3 1941 1945 1889
3 1944 1892 1895
3 1947 1944 1895
3 1947 1895 1948
3 1895 1896 1948
3 1948 1896 1949
3 1896 1898 1949
3 1949 1898 1950
3 1898 1899 1950
3 1950 1899 1951
3 1899 1900 1951
3 1951 1900 1894
3 1946 1951 1894
3 1902 1953 1952
3 1901 1902 1952
3 1952 1954 1901
3 1901 1954 1903
3 1954 1955 1903
3 1903 1955 1904
3 1955 1956 1904
3 1904 1956 1905
3 1956 1957 1905
3 1905 1957 1906
3 1906 1957 1958
3 1907 1906 1958
3 1909 1960 1959
3 1908 1909 1959
3 1959 1961 1908
3 1908 1961 1910
3 1961 1902 1910
3 1953 1902 1961
3 1958 1911 1907
3 1962 1911 1958
3 1963 1912 1911
3 1963 1911 1964
3 1964 1911 1962
3 1964 1965 1963
3 1968 1967 1966
3 1967 1913 1966
3 1967 1960 1913
3 1960 1909 1913
3 1963 1914 1912
3 1914 1963 1965
3 1914 1965 1915
3 1915 1965 1969
3 1966 1916 1917
3 1966 1917 1968
3 1968 1917 1970
3 1966 1913 1916
3 1969 1918 1915
3 1971 1918 1969
3 1918 1971 1972
3 1919 1918 1972
3 1970 1917 1973
3 1973 1917 1920
3 1972 1974 1919
3 1974 1921 1919
3 1923 1976 1975
3 1922 1923 1975
3 1975 1920 1922
3 1973 1920 1975
3 1974 1977 1921
3 1977 1924 1921
3 1976 1923 1978
3 1978 1923 1925
3 1977 1979 1924
3 1979 1926 1924
3 1978 1925 1980
3 1980 1925 1927
3 1979 1981 1926
3 1981 1928 1926
3 1980 1927 1982
3 1982 1927 1930
3 1981 1983 1928
3 1983 1931 1928
3 1982 1930 1932
3 1984 1982 1932
3 1932 1985 1984
3 1933 1985 1932
3 1983 1986 1931
3 1986 1934 1931
3 1985 1933 1987
3 1987 1933 1935
3 1937 1988 1989
3 1936 1988 1937
3 1988 1936 1934
3 1986 1988 1934
3 1987 1935 1938
3 1990 1987 1938
3 1938 1991 1990
3 1939 1991 1938
3 1941 1992 1993
3 1940 1992 1941
3 1992 1940 1937
3 1989 1992 1937
3 1991 1939 1942
3 1994 1991 1942
3 1994 1942 1995
3 1942 1943 1995
3 1943 1996 1995
3 1944 1996 1943
3 1946 1997 1998
3 1945 1997 1946
3 1997 1945 1941
3 1993 1997 1941
3 1996 1944 1947
3 1999 1996 1947
3 1999 1947 2000
3 1947 1948 2000
3 2000 1948 2001
3 1948 1949 2001
3 2001 1949 2002
3 1949 1950 2002
3 2002 1950 2003
3 1950 1951 2003
3 2003 1951 1946
3 1998 2003 1946
3 2006 2005 2004
3 1953 2004 2005
3 1953 2005 1952
3 1952 2005 2007
3 2007 2008 1952
3 1952 2008 1954
3 2008 2009 1954
3 1954 2009 1955
3 2009 2010 1955
3 1955 2010 1956
3 2010 2011 1956
3 1956 2011 1957
3 2012 1958 1957
3 2012 1957 2013
3 2013 1957 2011
3 2013 2014 2012
3 1960 2016 2015
3 1959 1960 2015
3 2004 2015 2006
3 2004 1961 2015
3 1961 1959 2015
3 2004 1953 1961
3 2012 1962 1958
3 2014 1962 2012
3 2014 2017 1962
3 2017 1964 1962
3 1964 2017 2018
3 1965 1964 2018
3 1968 2020 2019
3 1967 1968 2019
3 2019 1960 1967
3 2016 1960 2019
3 2018 2021 1965
3 2021 1969 1965
3 2020 1968 2022
3 2022 1968 1970
3 2021 1971 1969
3 2023 1971 2021
3 1971 2023 2024
3 1972 1971 2024
3 2022 1970 2025
3 2025 1970 1973
3 2024 2026 1972
3 2026 1974 1972
3 1976 2028 2027
3 1975 1976 2027
3 2027 1973 1975
3 2025 1973 2027
3 2026 2029 1974
3 2029 1977 1974
3 2028 1976 2030
3 2030 1976 1978
3 2031 2029 2032
3 2031 1979 2029
3 1979 1977 2029
3 2032 2033 2031
3 2030 1978 2034
3 2034 1978 1980
3 2035 1979 2031
3 2035 2036 1979
3 2036 1981 1979
3 2031 2033 2035
3 2034 1980 2037
3 2037 1980 1982
3 2036 2038 1981
3 2038 1983 1981
3 2037 1982 1984
3 2039 2037 1984
3 1984 2040 2039
3 1985 2040 1984
3 2038 2041 1983
3 2041 1986 1983
3 2040 1985 2042
3 2042 1985 1987
3 1989 2043 2044
3 1988 2043 1989
3 2043 1988 1986
3 2041 2043 1986
3 2042 1987 1990
3 2045 2042 1990
3 1990 2046 2045
3 1991 2046 1990
3 1993 2047 2048
3 1992 2047 1993
3 2047 1992 1989
3 2044 2047 1989
3 2046 1991 1994
3 2049 2046 1994
3 2049 1994 2050
3 1994 1995 2050
3 1995 2051 2050
3 1996 2051 1995
3 1998 2052 2053
3 1997 2052 1998
3 2052 1997 1993
3 2048 2052 1993
3 2051 1996 1999
3 2054 2051 1999
3 2054 1999 2055
3 1999 2000 2055
3 2055 2000 2056
3 2000 2001 2056
3 2056 2001 2057
3 2001 2002 2057
3 2057 2002 2058
3 2002 2003 2058
3 2058 2003 1998
3 2053 2058 1998
3 2006 2060 2059
3 2005 2006 2059
3 2059 2061 2005
3 2005 2061 2007
3 2061 2062 2007
3 2007 2062 2008
3 2062 2063 2008
3 2008 2063 2009
3 2063 2064 2009
3 2009 2064 2010
3 2064 2065 2010
3 2010 2065 2011
3 2065 2066 2011
3 2011 2066 2013
3 2013 2066 2067
3 2014 2013 2067
3 2016 2069 2068
3 2015 2016 2068
3 2068 2006 2015
3 2060 2006 2068
3 2067 2017 2014
3 2070 2017 2067
3 2017 2070 2071
3 2018 2017 2071
3 2020 2073 2072
3 2019 2020 2072
3 2072 2016 2019
3 2069 2016 2072
3 2074 2071 2075
3 2074 2021 2071
3 2021 2018 2071
3 2075 2076 2074
3 2073 2020 2077
3 2077 2020 2022
3 2074 2023 2021
3 2023 2074 2076
3 2023 2076 2024
3 2024 2076 2078
3 2081 2080 2079
3 2080 2025 2079
3 2080 2077 2025
3 2077 2022 2025
3 2078 2082 2024
3 2082 2026 2024
3 2079 2027 2028
3 2079 2028 2081
3 2081 2028 2083
3 2079 2025 2027
3 2084 2082 2085
3 2084 2029 2082
3 2029 2026 2082
3 2085 2086 2084
3 2083 2028 2087
3 2087 2028 2030
3 2084 2032 2029
3 2032 2084 2086
3 2032 2086 2033
3 2033 2086 2088
3 2087 2030 2089
3 2089 2030 2034
3 2035 2090 2036
3 2090 2035 2033
3 2090 2033 2091
3 2091 2033 2088
3 2089 2034 2092
3 2092 2034 2037
3 2093 2036 2090
3 2093 2094 2036
3 2094 2038 2036
3 2090 2091 2093
3 2092 2037 2039
3 2095 2092 2039
3 2039 2096 2095
3 2040 2096 2039
3 2094 2097 2038
3 2097 2041 2038
3 2096 2040 2098
3 2098 2040 2042
3 2044 2099 2100
3 2043 2099 2044
3 2099 2043 2041
3 2097 2099 2041
3 2098 2042 2045
3 2101 2098 2045
3 2045 2102 2101
3 2046 2102 2045
3 2048 2103 2104
3 2047 2103 2048
3 2103 2047 2044
3 2100 2103 2044
3 2102 2046 2049
3 2105 2102 2049
3 2105 2049 2106
3 2049 2050 2106
3 2050 2107 2106
3 2051 2107 2050
3 2053 2108 2109
3 2052 2108 2053
3 2108 2052 2048
3 2104 2108 2048
3 2107 2051 2054
3 2110 2107 2054
3 2110 2054 2111
3 2054 2055 2111
3 2111 2055 2112
3 2055 2056 2112
3 2112 2056 2113
3 2056 2057 2113
3 2113 2057 2114
3 2057 2058 2114
3 2114 2058 2053
3 2109 2114 2053
3 2060 2116 2115
3 2059 2060 2115
3 2115 2117 2059
3 2059 2117 2061
3 2117 2118 2061
3 2061 2118 2062
3 2118 2119 2062
3 2062 2119 2063
3 2119 2120 2063
3 2063 2120 2064
3 2120 2121 2064
3 2064 2121 2065
3 2121 2122 2065
3 2065 2122 2066
3 2066 2122 2123
3 2067 2066 2123
3 2069 2125 2124
3 2068 2069 2124
3 2124 2060 2068
3 2116 2060 2124
3 2123 2070 2067
3 2126 2070 2123
3 2070 2126 2127
3 2071 2070 2127
3 2073 2129 2128
3 2072 2073 2128
3 2128 2069 2072
3 2125 2069 2128
3 2127 2075 2071
3 2130 2075 2127
3 2075 2130 2131
3 2076 2075 2131
3 2129 2073 2132
3 2132 2073 2077
3 2131 2133 2076
3 2133 2078 2076
3 2081 2135 2134
3 2080 2081 2134
3 2134 2077 2080
3 2132 2077 2134
3 2133 2136 2078
3 2136 2082 2078
3 2135 2081 2137
3 2137 2081 2083
3 2136 2085 2082
3 2138 2085 2136
3 2085 2138 2139
3 2086 2085 2139
3 2137 2083 2140
3 2140 2083 2087
3 2139 2141 2086
3 2141 2088 2086
3 2140 2087 2142
3 2142 2087 2089
3 2141 2143 2088
3 2143 2091 2088
3 2142 2089 2144
3 2144 2089 2092
3 2094 2145 2146
3 2093 2145 2094
3 2145 2093 2091
3 2143 2145 2091
3 2144 2092 2095
3 2147 2144 2095
3 2095 2148 2147
3 2096 2148 2095
3 2146 2149 2094
3 2149 2097 2094
3 2148 2096 2150
3 2150 2096 2098
3 2100 2151 2152
3 2099 2151 2100
3 2151 2099 2097
3 2149 2151 2097
3 2150 2098 2101
3 2153 2150 2101
3 2101 2154 2153
3 2102 2154 2101
3 2104 2155 2156
3 2103 2155 2104
3 2155 2103 2100
3 2152 2155 2100
3 2154 2102 2105
3 2157 2154 2105
3 2157 2105 2158
3 2105 2106 2158
3 2106 2159 2158
3 2107 2159 2106
3 2109 2160 2161
3 2108 2160 2109
3 2160 2108 2104
3 2156 2160 2104
3 2159 2107 2110
3 2162 2159 2110
3 2162 2110 2163
3 2110 2111 2163
3 2163 2111 2164
3 2111 2112 2164
3 2164 2112 2165
3 2112 2113 2165
3 2165 2113 2166
3 2113 2114 2166
3 2166 2114 2109
3 2161 2166 2109
3 2169 2168 2167
3 2168 2171 2170
3 2167 2168 2170
3 2171 2172 2170
3 2116 2174 2173
3 2115 2116 2173
3 2173 2175 2115
3 2115 2175 2117
3 2175 2176 2117
3 2117 2176 2118
3 2167 2176 2169
3 2167 2119 2176
3 2119 2118 2176
3 2170 2119 2167
3 2120 2119 2170
3 2172 2120 2170
3 2172 2177 2120
3 2177 2121 2120
3 2177 2178 2121
3 2121 2178 2122
3 2122 2178 2179
3 2123 2122 2179
3 2125 2181 2180
3 2124 2125 2180
3 2180 2116 2124
3 2174 2116 2180
3 2179 2126 2123
3 2182 2126 2179
3 2126 2182 2183
3 2127 2126 2183
3 2129 2185 2184
3 2128 2129 2184
3 2184 2125 2128
3 2181 2125 2184
3 2183 2130 2127
3 2186 2130 2183
3 2130 2186 2187
3 2131 2130 2187
3 2185 2129 2188
3 2188 2129 2132
3 2187 2189 2131
3 2189 2133 2131
3 2135 2191 2190
3 2134 2135 2190
3 2190 2132 2134
3 2188 2132 2190
3 2189 2192 2133
3 2192 2136 2133
3 2191 2135 2193
3 2193 2135 2137
3 2192 2138 2136
3 2194 2138 2192
3 2138 2194 2195
3 2139 2138 2195
3 2193 2137 2196
3 2196 2137 2140
3 2195 2197 2139
3 2197 2141 2139
3 2196 2140 2198
3 2198 2140 2142
3 2197 2199 2141
3 2199 2143 2141
3 2198 2142 2200
3 2200 2142 2144
3 2146 2201 2202
3 2145 2201 2146
3 2201 2145 2143
3 2199 2201 2143
3 2200 2144 2147
3 2203 2200 2147
3 2147 2204 2203
3 2148 2204 2147
3 2202 2205 2146
3 2205 2149 2146
3 2204 2148 2206
3 2206 2148 2150
3 2152 2207 2208
3 2151 2207 2152
3 2207 2151 2149
3 2205 2207 2149
3 2206 2150 2153
3 2209 2206 2153
3 2153 2210 2209
3 2154 2210 2153
3 2156 2211 2212
3 2155 2211 2156
3 2211 2155 2152
3 2208 2211 2152
3 2210 2154 2157
3 2213 2210 2157
3 2213 2157 2214
3 2157 2158 2214
3 2158 2215 2214
3 2159 2215 2158
3 2161 2216 2217
3 2160 2216 2161
3 2216 2160 2156
3 2212 2216 2156
3 2215 2159 2162
3 2218 2215 2162
3 2218 2162 2219
3 2162 2163 2219
3 2219 2163 2220
3 2163 2164 2220
3 2220 2164 2221
3 2164 2165 2221
3 2221 2165 2222
3 2165 2166 2222
3 2222 2166 2161
3 2217 2222 2161
3 2225 2224 2223
3 2169 2223 2224
3 2169 2224 2168
3 2168 2224 2226
3 2226 2227 2168
3 2168 2227 2171
3 2171 2227 2228
3 2172 2171 2228
3 2174 2230 2229
3 2173 2174 2229
3 2229 2231 2173
3 2173 2231 2175
3 2223 2231 2225
3 2223 2176 2231
3 2176 2175 2231
3 2223 2169 2176
3 2228 2177 2172
3 2232 2177 2228
3 2232 2233 2177
3 2177 2233 2178
3 2178 2233 2234
3 2179 2178 2234
3 2181 2236 2235
3 2180 2181 2235
3 2235 2174 2180
3 2230 2174 2235
3 2234 2182 2179
3 2237 2182 2234
3 2182 2237 2238
3 2183 2182 2238
3 2185 2240 2239
3 2184 2185 2239
3 2239 2181 2184
3 2236 2181 2239
3 2238 2186 2183
3 2241 2186 2238
3 2186 2241 2242
3 2187 2186 2242
3 2240 2185 2243
3 2243 2185 2188
3 2242 2244 2187
3 2244 2189 2187
3 2191 2246 2245
3 2190 2191 2245
3 2245 2188 2190
3 2243 2188 2245
3 2244 2247 2189
3 2247 2192 2189
3 2246 2191 2248
3 2248 2191 2193
3 2247 2194 2192
3 2249 2194 2247
3 2194 2249 2250
3 2195 2194 2250
3 2248 2193 2251
3 2251 2193 2196
3 2250 2252 2195
3 2252 2197 2195
3 2251 2196 2253
3 2253 2196 2198
3 2252 2254 2197
3 2254 2199 2197
3 2253 2198 2255
3 2255 2198 2200
3 2202 2256 2257
3 2201 2256 2202
3 2256 2201 2199
3 2254 2256 2199
3 2255 2200 2203
3 2258 2255 2203
3 2203 2259 2258
3 2204 2259 2203
3 2257 2260 2202
3 2260 2205 2202
3 2259 2204 2261
3 2261 2204 2206
3 2208 2262 2263
3 2207 2262 2208
3 2262 2207 2205
3 2260 2262 2205
3 2261 2206 2209
3 2264 2261 2209
3 2209 2265 2264
3 2210 2265 2209
3 2212 2266 2267
3 2211 2266 2212
3 2266 2211 2208
3 2263 2266 2208
3 2265 2210 2213
3 2268 2265 2213
3 2268 2213 2269
3 2213 2214 2269
3 2214 2270 2269
3 2215 2270 2214
3 2217 2271 2272
3 2216 2271 2217
3 2271 2216 2212
3 2267 2271 2212
3 2270 2215 2218
3 2273 2270 2218
3 2273 2218 2274
3 2218 2219 2274
3 2274 2219 2275
3 2219 2220 2275
3 2275 2220 2276
3 2220 2221 2276
3 2276 2221 2277
3 2221 2222 2277
3 2277 2222 2217
3 2272 2277 2217
3 2225 2279 2278
3 2224 2225 2278
3 2278 2280 2224
3 2224 2280 2226
3 2280 2281 2226
3 2226 2281 2227
3 2282 2228 2227
3 2282 2227 2283
3 2283 2227 2281
3 2283 2284 2282
3 2287 2286 2285
3 2230 2285 2286
3 2230 2286 2229
3 2229 2286 2288
3 2288 2289 2229
3 2229 2289 2231
3 2289 2225 2231
3 2279 2225 2289
3 2282 2232 2228
3 2284 2232 2282
3 2284 2290 2232
3 2290 2233 2232
3 2233 2290 2291
3 2234 2233 2291
3 2285 2235 2236
3 2285 2236 2287
3 2287 2236 2292
3 2285 2230 2235
3 2291 2237 2234
3 2293 2237 2291
3 2237 2293 2294
3 2238 2237 2294
3 2240 2296 2295
3 2239 2240 2295
3 2295 2236 2239
3 2292 2236 2295
3 2294 2241 2238
3 2297 2241 2294
3 2241 2297 2298
3 2242 2241 2298
3 2296 2240 2299
3 2299 2240 2243
3 2298 2300 2242
3 2300 2244 2242
3 2246 2302 2301
3 2245 2246 2301
3 2301 2243 2245
3 2299 2243 2301
3 2303 2300 2304
3 2303 2247 2300
3 2247 2244 2300
3 2304 2305 2303
3 2302 2246 2306
3 2306 2246 2248
3 2303 2249 2247
3 2249 2303 2305
3 2249 2305 2250
3 2250 2305 2307
3 2306 2248 2308
3 2308 2248 2251
3 2307 2309 2250
3 2309 2252 2250
3 2308 2251 2310
3 2310 2251 2253
3 2309 2311 2252
3 2311 2254 2252
3 2310 2253 2312
3 2312 2253 2255
3 2257 2313 2314
3 2256 2313 2257
3 2313 2256 2254
3 2311 2313 2254
3 2312 2255 2258
3 2315 2312 2258
3 2258 2316 2315
3 2259 2316 2258
3 2314 2317 2257
3 2317 2260 2257
3 2316 2259 2318
3 2318 2259 2261
3 2263 2319 2320
3 2262 2319 2263
3 2319 2262 2260
3 2317 2319 2260
3 2318 2261 2264
3 2321 2318 2264
3 2264 2322 2321
3 2265 2322 2264
3 2267 2323 2324
3 2266 2323 2267
3 2323 2266 2263
3 2320 2323 2263
3 2322 2265 2268
3 2325 2322 2268
3 2325 2268 2326
3 2268 2269 2326
3 2269 2327 2326
3 2270 2327 2269
3 2272 2328 2329
3 2271 2328 2272
3 2328 2271 2267
3 2324 2328 2267
3 2327 2270 2273
3 2330 2327 2273
3 2330 2273 2331
3 2273 2274 2331
3 2331 2274 2332
3 2274 2275 2332
3 2332 2275 2333
3 2275 2276 2333
3 2333 2276 2334
3 2276 2277 2334
3 2334 2277 2272
3 2329 2334 2272
3 2337 2336 2335
3 2279 2335 2336
3 2279 2336 2278
3 2278 2336 2338
3 2338 2339 2278
3 2278 2339 2280
3 2339 2340 2280
3 2280 2340 2281
3 2340 2341 2281
3 2281 2341 2283
3 2283 2341 2342
3 2284 2283 2342
3 2287 2344 2343
3 2286 2287 2343
3 2343 2345 2286
3 2286 2345 2288
3 2335 2345 2337
3 2335 2289 2345
3 2289 2288 2345
3 2335 2279 2289
3 2342 2290 2284
3 2346 2290 2342
3 2347 2291 2290
3 2347 2290 2348
3 2348 2290 2346
3 2348 2349 2347
3 2352 2351 2350
3 2351 2292 2350
3 2351 2344 2292
3 2344 2287 2292
3 2347 2293 2291
3 2293 2347 2349
3 2293 2349 2294
3 2294 2349 2353
3 2350 2295 2296
3 2350 2296 2352
3 2352 2296 2354
3 2350 2292 2295
3 2353 2297 2294
3 2355 2297 2353
3 2297 2355 2356
3 2298 2297 2356
3 2359 2358 2357
3 2358 2299 2357
3 2358 2354 2299
3 2354 2296 2299
3 2356 2360 2298
3 2360 2300 2298
3 2357 2301 2302
3 2357 2302 2359
3 2359 2302 2361
3 2357 2299 2301
3 2360 2304 2300
3 2362 2304 2360
3 2304 2362 2363
3 2305 2304 2363
3 2361 2302 2364
3 2364 2302 2306
3 2363 2365 2305
3 2365 2307 2305
3 2364 2306 2366
3 2366 2306 2308
3 2365 2367 2307
3 2367 2309 2307
3 2366 2308 2368
3 2368 2308 2310
3 2367 2369 2309
3 2369 2311 2309
3 2368 2310 2370
3 2370 2310 2312
3 2314 2371 2372
3 2313 2371 2314
3 2371 2313 2311
3 2369 2371 2311
3 2370 2312 2315
3 2373 2370 2315
3 2315 2374 2373
3 2316 2374 2315
3 2372 2375 2314
3 2375 2317 2314
3 2374 2316 2376
3 2376 2316 2318
3 2320 2377 2378
3 2319 2377 2320
3 2377 2319 2317
3 2375 2377 2317
3 2376 2318 2321
3 2379 2376 2321
3 2321 2380 2379
3 2322 2380 2321
3 2324 2381 2382
3 2323 2381 2324
3 2381 2323 2320
3 2378 2381 2320
3 2380 2322 2325
3 2383 2380 2325
3 2383 2325 2384
3 2325 2326 2384
3 2326 2385 2384
3 2327 2385 2326
3 2329 2386 2387
3 2328 2386 2329
3 2386 2328 2324
3 2382 2386 2324
3 2385 2327 2330
3 2388 2385 2330
3 2388 2330 2389
3 2330 2331 2389
3 2389 2331 2390
3 2331 2332 2390
3 2390 2332 2391
3 2332 2333 2391
3 2391 2333 2392
3 2333 2334 2392
3 2392 2334 2329
3 2387 2392 2329
3 2337 2394 2393
3 2336 2337 2393
3 2393 2395 2336
3 2336 2395 2338
3 2395 2396 2338
3 2338 2396 2339
3 2396 2397 2339
3 2339 2397 2340
3 2397 2398 2340
3 2340 2398 2341
3 2341 2398 2399
3 2342 2341 2399
3 2344 2401 2400
3 2343 2344 2400
3 2400 2402 2343
3 2343 2402 2345
3 2402 2337 2345
3 2394 2337 2402
3 2399 2346 2342
3 2403 2346 2399
3 2403 2404 2346
3 2346 2404 2348
3 2348 2404 2405
3 2349 2348 2405
3 2352 2407 2406
3 2351 2352 2406
3 2406 2344 2351
3 2401 2344 2406
3 2408 2405 2409
3 2408 2353 2405
3 2353 2349 2405
3 2409 2410 2408
3 2407 2352 2411
3 2411 2352 2354
3 2408 2355 2353
3 2355 2408 2410
3 2355 2410 2356
3 2356 2410 2412
3 2359 2414 2413
3 2358 2359 2413
3 2413 2354 2358
3 2411 2354 2413
3 2412 2415 2356
3 2415 2360 2356
3 2414 2359 2416
3 2416 2359 2361
3 2415 2362 2360
3 2417 2362 2415
3 2362 2417 2418
3 2363 2362 2418
3 2416 2361 2419
3 2419 2361 2364
3 2418 2420 2363
3 2420 2365 2363
3 2419 2364 2421
3 2421 2364 2366
3 2420 2422 2365
3 2422 2367 2365
3 2421 2366 2423
3 2423 2366 2368
3 2422 2424 2367
3 2424 2369 2367
3 2423 2368 2425
3 2425 2368 2370
3 2372 2426 2427
3 2371 2426 2372
3 2426 2371 2369
3 2424 2426 2369
3 2425 2370 2373
3 2428 2425 2373
3 2373 2429 2428
3 2374 2429 2373
3 2427 2430 2372
3 2430 2375 2372
3 2429 2374 2431
3 2431 2374 2376
3 2378 2432 2433
3 2377 2432 2378
3 2432 2377 2375
3 2430 2432 2375
3 2431 2376 2379
3 2434 2431 2379
3 2379 2435 2434
3 2380 2435 2379
3 2382 2436 2437
3 2381 2436 2382
3 2436 2381 2378
3 2433 2436 2378
3 2435 2380 2383
3 2438 2435 2383
3 2438 2383 2439
3 2383 2384 2439
3 2384 2440 2439
3 2385 2440 2384
3 2387 2441 2442
3 2386 2441 2387
3 2441 2386 2382
3 2437 2441 2382
3 2440 2385 2388
3 2443 2440 2388
3 2443 2388 2444
3 2388 2389 2444
3 2444 2389 2445
3 2389 2390 2445
3 2445 2390 2446
3 2390 2391 2446
3 2446 2391 2447
3 2391 2392 2447
3 2447 2392 2387
3 2442 2447 2387
3 2394 2449 2448
3 2393 2394 2448
3 2448 2450 2393
3 2393 2450 2395
3 2450 2451 2395
3 2395 2451 2396
3 2451 2452 2396
3 2396 2452 2397
3 2452 2453 2397
3 2397 2453 2398
3 2398 2453 2454
3 2399 2398 2454
3 2401 2456 2455
3 2400 2401 2455
3 2455 2457 2400
3 2400 2457 2402
3 2457 2394 2402
3 2449 2394 2457
3 2454 2403 2399
3 2458 2403 2454
3 2458 2459 2403
3 2403 2459 2404
3 2404 2459 2460
3 2405 2404 2460
3 2407 2462 2461
3 2406 2407 2461
3 2461 2401 2406
3 2456 2401 2461
3 2460 2409 2405
3 2463 2409 2460
3 2409 2463 2464
3 2410 2409 2464
3 2462 2407 2465
3 2465 2407 2411
3 2464 2466 2410
3 2466 2412 2410
3 2414 2468 2467
3 2413 2414 2467
3 2467 2411 2413
3 2465 2411 2467
3 2469 2466 2470
3 2469 2415 2466
3 2415 2412 2466
3 2470 2471 2469
3 2468 2414 2472
3 2472 2414 2416
3 2469 2417 2415
3 2417 2469 2471
3 2417 2471 2418
3 2418 2471 2473
3 2472 2416 2474
3 2474 2416 2419
3 2473 2475 2418
3 2475 2420 2418
3 2474 2419 2476
3 2476 2419 2421
3 2475 2477 2420
3 2477 2422 2420
3 2476 2421 2478
3 2478 2421 2423
3 2477 2479 2422
3 2479 2424 2422
3 2478 2423 2480
3 2480 2423 2425
3 2427 2481 2482
3 2426 2481 2427
3 2481 2426 2424
3 2479 2481 2424
3 2480 2425 2428
3 2483 2480 2428
3 2428 2484 2483
3 2429 2484 2428
3 2482 2485 2427
3 2485 2430 2427
3 2484 2429 2486
3 2486 2429 2431
3 2433 2487 2488
3 2432 2487 2433
3 2487 2432 2430
3 2485 2487 2430
3 2486 2431 2434
3 2489 2486 2434
3 2434 2490 2489
3 2435 2490 2434
3 2437 2491 2492
3 2436 2491 2437
3 2491 2436 2433
3 2488 2491 2433
3 2490 2435 2438
3 2493 2490 2438
3 2493 2438 2494
3 2438 2439 2494
3 2439 2495 2494
3 2440 2495 2439
3 2442 2496 2497
3 2441 2496 2442
3 2496 2441 2437
3 2492 2496 2437
3 2495 2440 2443
3 2498 2495 2443
3 2498 2443 2499
3 2443 2444 2499
3 2499 2444 2500
3 2444 2445 2500
3 2500 2445 2501
3 2445 2446 2501
3 2501 2446 2502
3 2446 2447 2502
3 2502 2447 2442
3 2497 2502 2442
3 2505 2504 2503
3 2449 2503 2504
3 2449 2504 2448
3 2448 2504 2506
3 2506 2507 2448
3 2448 2507 2450
3 2507 2508 2450
3 2450 2508 2451
3 2508 2509 2451
3 2451 2509 2452
3 2509 2510 2452
3 2452 2510 2453
3 2511 2454 2453
3 2511 2453 2512
3 2512 2453 2510
3 2512 2513 2511
3 2456 2515 2514
3 2455 2456 2514
3 2503 2514 2505
3 2503 2457 2514
3 2457 2455 2514
3 2503 2449 2457
3 2511 2458 2454
3 2513 2458 2511
3 2513 2516 2458
3 2516 2459 2458
3 2459 2516 2517
3 2460 2459 2517
3 2462 2519 2518
3 2461 2462 2518
3 2518 2456 2461
3 2515 2456 2518
3 2517 2463 2460
3 2520 2463 2517
3 2463 2520 2521
3 2464 2463 2521
3 2519 2462 2522
3 2522 2462 2465
3 2521 2523 2464
3 2523 2466 2464
3 2468 2525 2524
3 2467 2468 2524
3 2524 2465 2467
3 2522 2465 2524
3 2523 2470 2466
3 2526 2470 2523
3 2470 2526 2527
3 2471 2470 2527
3 2525 2468 2528
3 2528 2468 2472
3 2527 2529 2471
3 2529 2473 2471
3 2528 2472 2530
3 2530 2472 2474
3 2529 2531 2473
3 2531 2475 2473
3 2530 2474 2532
3 2532 2474 2476
3 2531 2533 2475
3 2533 2477 2475
3 2532 2476 2534
3 2534 2476 2478
3 2533 2535 2477
3 2535 2479 2477
3 2534 2478 2536
3 2536 2478 2480
3 2482 2537 2538
3 2481 2537 2482
3 2537 2481 2479
3 2535 2537 2479
3 2536 2480 2483
3 2539 2536 2483
3 2483 2540 2539
3 2484 2540 2483
3 2538 2541 2482
3 2541 2485 2482
3 2540 2484 2542
3 2542 2484 2486
3 2488 2543 2544
3 2487 2543 2488
3 2543 2487 2485
3 2541 2543 2485
3 2542 2486 2489
3 2545 2542 2489
3 2489 2546 2545
3 2490 2546 2489
3 2492 2547 2548
3 2491 2547 2492
3 2547 2491 2488
3 2544 2547 2488
3 2546 2490 2493
3 2549 2546 2493
3 2549 2493 2550
3 2493 2494 2550
3 2494 2551 2550
3 2495 2551 2494
3 2497 2552 2553
3 2496 2552 2497
3 2552 2496 2492
3 2548 2552 2492
3 2551 2495 2498
3 2554 2551 2498
3 2554 2498 2555
3 2498 2499 2555
3 2555 2499 2556
3 2499 2500 2556
3 2556 2500 2557
3 2500 2501 2557
3 2557 2501 2558
3 2501 2502 2558
3 2558 2502 2497
3 2553 2558 2497
3 2505 2560 2559
3 2504 2505 2559
3 2559 2561 2504
3 2504 2561 2506
3 2561 2562 2506
3 2506 2562 2507
3 2562 2563 2507
3 2507 2563 2508
3 2563 2564 2508
3 2508 2564 2509
3 2564 2565 2509
3 2509 2565 2510
3 2565 2566 2510
3 2510 2566 2512
3 2512 2566 2567
3 2513 2512 2567
3 2515 2569 2568
3 2514 2515 2568
3 2568 2505 2514
3 2560 2505 2568
3 2567 2516 2513
3 2570 2516 2567
3 2516 2570 2571
3 2517 2516 2571
3 2519 2573 2572
3 2518 2519 2572
3 2572 2515 2518
3 2569 2515 2572
3 2571 2520 2517
3 2574 2520 2571
3 2520 2574 2575
3 2521 2520 2575
3 2578 2577 2576
3 2577 2522 2576
3 2577 2573 2522
3 2573 2519 2522
3 2579 2575 2580
3 2579 2523 2575
3 2523 2521 2575
3 2580 2581 2579
3 2576 2524 2525
3 2576 2525 2578
3 2578 2525 2582
3 2576 2522 2524
3 2579 2526 2523
3 2526 2579 2581
3 2526 2581 2527
3 2527 2581 2583
3 2582 2525 2584
3 2584 2525 2528
3 2583 2585 2527
3 2585 2529 2527
3 2584 2528 2586
3 2586 2528 2530
3 2585 2587 2529
3 2587 2531 2529
3 2586 2530 2588
3 2588 2530 2532
3 2587 2589 2531
3 2589 2533 2531
3 2588 2532 2590
3 2590 2532 2534
3 2589 2591 2533
3 2591 2535 2533
3 2590 2534 2592
3 2592 2534 2536
3 2538 2593 2594
3 2537 2593 2538
3 2593 2537 2535
3 2591 2593 2535
3 2592 2536 2539
3 2595 2592 2539
3 2539 2596 2595
3 2540 2596 2539
3 2594 2597 2538
3 2597 2541 2538
3 2596 2540 2598
3 2598 2540 2542
3 2544 2599 2600
3 2543 2599 2544
3 2599 2543 2541
3 2597 2599 2541
3 2598 2542 2545
3 2601 2598 2545
3 2545 2602 2601
3 2546 2602 2545
3 2548 2603 2604
3 2547 2603 2548
3 2603 2547 2544
3 2600 2603 2544
3 2602 2546 2549
3 2605 2602 2549
3 2605 2549 2606
3 2549 2550 2606
3 2550 2607 2606
3 2551 2607 2550
3 2553 2608 2609
3 2552 2608 2553
3 2608 2552 2548
3 2604 2608 2548
3 2607 2551 2554
3 2610 2607 2554
3 2610 2554 2611
3 2554 2555 2611
3 2611 2555 2612
3 2555 2556 2612
3 2612 2556 2613
3 2556 2557 2613
3 2613 2557 2614
3 2557 2558 2614
3 2614 2558 2553
3 2609 2614 2553
3 2560 2616 2615
3 2559 2560 2615
3 2615 2617 2559
3 2559 2617 2561
3 2617 2618 2561
3 2561 2618 2562
3 2618 2619 2562
3 2562 2619 2563
3 2619 2620 2563
3 2563 2620 2564
3 2620 2621 2564
3 2564 2621 2565
3 2621 2622 2565
3 2565 2622 2566
3 2566 2622 2623
3 2567 2566 2623
3 2569 2625 2624
3 2568 2569 2624
3 2624 2560 2568
3 2616 2560 2624
3 2623 2570 2567
3 2626 2570 2623
3 2570 2626 2627
3 2571 2570 2627
3 2573 2629 2628
3 2572 2573 2628
3 2628 2569 2572
3 2625 2569 2628
3 2627 2574 2571
3 2630 2574 2627
3 2574 2630 2631
3 2575 2574 2631
3 2578 2633 2632
3 2577 2578 2632
3 2632 2573 2577
3 2629 2573 2632
3 2631 2580 2575
3 2634 2580 2631
3 2580 2634 2635
3 2581 2580 2635
3 2633 2578 2636
3 2636 2578 2582
3 2635 2637 2581
3 2637 2583 2581
3 2636 2582 2638
3 2638 2582 2584
3 2637 2639 2583
3 2639 2585 2583
3 2638 2584 2640
3 2640 2584 2586
3 2639 2641 2585
3 2641 2587 2585
3 2640 2586 2642
3 2642 2586 2588
3 2641 2643 2587
3 2643 2589 2587
3 2646 2645 2644
3 2645 2648 2647
3 2644 2645 2647
3 2648 2650 2649
3 2647 2648 2649
3 2650 2651 2649
3 2642 2588 2652
3 2652 2588 2590
3 2643 2653 2589
3 2653 2591 2589
3 2646 2644 2654
3 2644 2647 2655
3 2654 2644 2655
3 2647 2649 2656
3 2655 2647 2656
3 2649 2651 2656
3 2652 2590 2657
3 2657 2590 2592
3 2594 2658 2659
3 2593 2658 2594
3 2658 2593 2591
3 2653 2658 2591
3 2657 2592 2595
3 2660 2657 2595
3 2595 2661 2660
3 2596 2661 2595
3 2659 2662 2594
3 2662 2597 2594
3 2661 2596 2663
3 2663 2596 2598
3 2600 2664 2665
3 2599 2664 2600
3 2664 2599 2597
3 2662 2664 2597
3 2663 2598 2601
3 2666 2663 2601
3 2601 2667 2666
3 2602 2667 2601
3 2604 2668 2669
3 2603 2668 2604
3 2668 2603 2600
3 2665 2668 2600
3 2667 2602 2605
3 2670 2667 2605
3 2670 2605 2671
3 2605 2606 2671
3 2606 2672 2671
3 2607 2672 2606
3 2609 2673 2674
3 2608 2673 2609
3 2673 2608 2604
3 2669 2673 2604
3 2672 2607 2610
3 2675 2672 2610
3 2675 2610 2676
3 2610 2611 2676
3 2676 2611 2677
3 2611 2612 2677
3 2677 2612 2678
3 2612 2613 2678
3 2678 2613 2679
3 2613 2614 2679
3 2679 2614 2609
3 2674 2679 2609
3 2616 2681 2680
3 2615 2616 2680
3 2680 2682 2615
3 2615 2682 2617
3 2682 2683 2617
3 2617 2683 2618
3 2683 2684 2618
3 2618 2684 2619
3 2684 2685 2619
3 2619 2685 2620
3 2685 2686 2620
3 2620 2686 2621
3 2686 2687 2621
3 2621 2687 2622
3 2622 2687 2688
3 2623 2622 2688
3 2691 2690 2689
3 2625 2689 2690
3 2625 2690 2624
3 2624 2690 2692
3 2692 2616 2624
3 2681 2616 2692
3 2688 2626 2623
3 2693 2626 2688
3 2626 2693 2694
3 2627 2626 2694
3 2689 2628 2629
3 2689 2629 2691
3 2691 2629 2695
3 2689 2625 2628
3 2694 2630 2627
3 2696 2630 2694
3 2697 2631 2630
3 2697 2630 2698
3 2698 2630 2696
3 2698 2699 2697
3 2633 2701 2700
3 2632 2633 2700
3 2700 2629 2632
3 2695 2629 2700
3 2697 2634 2631
3 2634 2697 2699
3 2634 2699 2635
3 2635 2699 2702
3 2701 2633 2703
3 2703 2633 2636
3 2702 2704 2635
3 2704 2637 2635
3 2703 2636 2705
3 2705 2636 2638
3 2704 2706 2637
3 2706 2639 2637
3 2709 2708 2707
3 2708 2711 2710
3 2707 2708 2710
3 2711 2713 2712
3 2710 2711 2712
3 2713 2715 2714
3 2712 2713 2714
3 2715 2717 2716
3 2714 2715 2716
3 2717 2719 2718
3 2716 2717 2718
3 2719 2721 2720
3 2718 2719 2720
3 2721 2723 2722
3 2720 2721 2722
3 2723 2725 2724
3 2722 2723 2724
3 2725 2727 2726
3 2724 2725 2726
3 2727 2728 2726
3 2705 2638 2729
3 2729 2638 2640
3 2706 2730 2639
3 2730 2641 2639
3 2733 2732 2731
3 2732 2735 2734
3 2731 2732 2734
3 2735 2736 2734
3 2739 2738 2737
3 2738 2709 2707
3 2738 2707 2737
3 2737 2707 2740
3 2707 2710 2740
3 2710 2741 2740
3 2710 2712 2741
3 2712 2742 2741
3 2743 2744 2742
3 2743 2742 2714
3 2714 2742 2712
3 2714 2716 2745
3 2743 2714 2745
3 2716 2718 2746
3 2745 2716 2746
3 2718 2720 2747
3 2746 2718 2747
3 2720 2722 2748
3 2747 2720 2748
3 2722 2724 2749
3 2748 2722 2749
3 2724 2726 2750
3 2749 2724 2750
3 2726 2728 2750
3 2729 2640 2751
3 2751 2640 2642
3 2730 2752 2641
3 2752 2643 2641
3 2755 2754 2753
3 2754 2733 2731
3 2754 2731 2753
3 2753 2731 2756
3 2731 2734 2756
3 2734 2757 2756
3 2736 2758 2645
3 2736 2645 2757
3 2736 2757 2734
3 2757 2645 2646
3 2758 2759 2645
3 2645 2759 2648
3 2759 2760 2648
3 2648 2760 2650
3 2761 2651 2650
3 2761 2650 2762
3 2762 2650 2760
3 2762 2764 2763
3 2761 2762 2763
3 2764 2766 2765
3 2763 2764 2765
3 2766 2768 2767
3 2765 2766 2767
3 2768 2769 2767
3 2739 2737 2770
3 2737 2740 2771
3 2770 2737 2771
3 2740 2741 2772
3 2771 2740 2772
3 2741 2742 2773
3 2772 2741 2773
3 2742 2744 2773
3 2751 2642 2774
3 2774 2642 2652
3 2752 2775 2643
3 2775 2653 2643
3 2755 2753 2776
3 2753 2756 2777
3 2776 2753 2777
3 2756 2757 2778
3 2777 2756 2778
3 2757 2646 2654
3 2757 2654 2778
3 2778 2654 2779
3 2779 2654 2780
3 2654 2655 2780
3 2780 2655 2781
3 2655 2656 2781
3 2651 2761 2782
3 2651 2782 2656
3 2656 2782 2781
3 2761 2763 2783
3 2782 2761 2783
3 2785 2783 2763
3 2785 2763 2784
3 2784 2763 2765
3 2786 2787 2784
3 2786 2784 2767
3 2767 2784 2765
3 2767 2769 2786
3 2774 2652 2788
3 2788 2652 2657
3 2659 2789 2790
3 2658 2789 2659
3 2789 2658 2653
3 2775 2789 2653
3 2785 2784 2791
3 2784 2787 2791
3 2788 2657 2660
3 2792 2788 2660
3 2660 2793 2792
3 2661 2793 2660
3 2790 2794 2659
3 2794 2662 2659
3 2793 2661 2795
3 2795 2661 2663
3 2665 2796 2797
3 2664 2796 2665
3 2796 2664 2662
3 2794 2796 2662
3 2795 2663 2666
3 2798 2795 2666
3 2666 2799 2798
3 2667 2799 2666
3 2669 2800 2801
3 2668 2800 2669
3 2800 2668 2665
3 2797 2800 2665
3 2799 2667 2670
3 2802 2799 2670
3 2802 2670 2803
3 2670 2671 2803
3 2671 2804 2803
3 2672 2804 2671
3 2674 2805 2806
3 2673 2805 2674
3 2805 2673 2669
3 2801 2805 2669
3 2804 2672 2675
3 2807 2804 2675
3 2807 2675 2808
3 2675 2676 2808
3 2808 2676 2809
3 2676 2677 2809
3 2809 2677 2810
3 2677 2678 2810
3 2810 2678 2811
3 2678 2679 2811
3 2811 2679 2674
3 2806 2811 2674
3 2814 2813 2812
3 2681 2812 2813
3 2681 2813 2680
3 2680 2813 2815
3 2815 2816 2680
3 2680 2816 2682
3 2816 2817 2682
3 2682 2817 2683
3 2817 2818 2683
3 2683 2818 2684
3 2818 2819 2684
3 2684 2819 2685
3 2819 2820 2685
3 2685 2820 2686
3 2820 2821 2686
3 2686 2821 2687
3 2687 2821 2822
3 2688 2687 2822
3 2691 2824 2823
3 2690 2691 2823
3 2812 2823 2814
3 2812 2692 2823
3 2692 2690 2823
3 2812 2681 2692
3 2822 2693 2688
3 2825 2693 2822
3 2826 2694 2693
3 2826 2693 2827
3 2827 2693 2825
3 2827 2828 2826
3 2831 2830 2829
3 2830 2695 2829
3 2830 2824 2695
3 2824 2691 2695
3 2826 2696 2694
3 2828 2696 2826
3 2828 2832 2696
3 2832 2698 2696
3 2698 2832 2833
3 2699 2698 2833
3 2829 2700 2701
3 2829 2701 2831
3 2831 2701 2834
3 2829 2695 2700
3 2835 2833 2836
3 2835 2702 2833
3 2702 2699 2833
3 2836 2837 2835
3 2834 2701 2838
3 2838 2701 2703
3 2839 2702 2835
3 2704 2702 2839
3 2837 2840 2839
3 2835 2837 2839
3 2843 2842 2841
3 2842 2845 2844
3 2841 2842 2844
3 2845 2847 2846
3 2844 2845 2846
3 2847 2849 2848
3 2846 2847 2848
3 2849 2851 2850
3 2848 2849 2850
3 2851 2853 2852
3 2850 2851 2852
3 2853 2855 2854
3 2852 2853 2854
3 2855 2857 2856
3 2854 2855 2856
3 2857 2859 2858
3 2856 2857 2858
3 2859 2860 2858
3 2838 2703 2861
3 2861 2703 2705
3 2862 2704 2839
3 2862 2863 2704
3 2863 2706 2704
3 2839 2840 2862
3 2866 2865 2864
3 2865 2868 2867
3 2864 2865 2867
3 2709 2867 2868
3 2709 2868 2708
3 2708 2868 2869
3 2869 2870 2708
3 2708 2870 2711
3 2870 2871 2711
3 2711 2871 2713
3 2871 2872 2713
3 2713 2872 2715
3 2872 2873 2715
3 2715 2873 2717
3 2841 2873 2843
3 2841 2719 2873
3 2719 2717 2873
3 2844 2719 2841
3 2721 2719 2844
3 2846 2721 2844
3 2723 2721 2846
3 2848 2723 2846
3 2725 2723 2848
3 2850 2725 2848
3 2727 2725 2850
3 2727 2874 2728
3 2727 2850 2874
3 2850 2852 2874
3 2852 2854 2874
3 2854 2875 2874
3 2854 2856 2875
3 2856 2876 2875
3 2877 2878 2876
3 2877 2876 2858
3 2858 2876 2856
3 2858 2860 2877
3 2861 2705 2879
3 2879 2705 2729
3 2863 2880 2706
3 2880 2730 2706
3 2883 2882 2881
3 2882 2885 2884
3 2881 2882 2884
3 2885 2887 2886
3 2884 2885 2886
3 2887 2889 2888
3 2886 2887 2888
3 2733 2888 2889
3 2733 2889 2732
3 2732 2889 2890
3 2890 2891 2732
3 2732 2891 2735
3 2892 2736 2735
3 2892 2735 2893
3 2893 2735 2891
3 2893 2895 2894
3 2892 2893 2894
3 2895 2897 2896
3 2894 2895 2896
3 2897 2898 2896
3 2901 2900 2899
3 2900 2866 2864
3 2900 2864 2899
3 2899 2864 2902
3 2739 2867 2738
3 2739 2902 2867
3 2902 2864 2867
3 2867 2709 2738
3 2743 2903 2744
3 2745 2903 2743
3 2904 2903 2745
3 2746 2904 2745
3 2905 2904 2746
3 2747 2905 2746
3 2906 2905 2747
3 2748 2906 2747
3 2907 2906 2748
3 2749 2907 2748
3 2908 2907 2749
3 2908 2909 2910
3 2908 2749 2909
3 2749 2750 2909
3 2728 2874 2911
3 2728 2911 2750
3 2750 2911 2909
3 2874 2875 2912
3 2911 2874 2912
3 2875 2876 2913
3 2912 2875 2913
3 2876 2878 2913
3 2879 2729 2914
3 2914 2729 2751
3 2880 2915 2730
3 2915 2752 2730
3 2883 2881 2916
3 2918 2916 2881
3 2918 2881 2917
3 2917 2881 2884
3 2884 2886 2917
3 2886 2919 2917
3 2755 2888 2754
3 2755 2919 2888
3 2919 2886 2888
3 2888 2733 2754
3 2892 2758 2736
3 2894 2758 2892
3 2759 2758 2894
3 2896 2759 2894
3 2760 2759 2896
3 2898 2760 2896
3 2898 2920 2760
3 2920 2762 2760
3 2920 2921 2762
3 2762 2921 2764
3 2921 2922 2764
3 2764 2922 2766
3 2922 2923 2766
3 2766 2923 2768
3 2924 2769 2768
3 2924 2768 2925
3 2925 2768 2923
3 2925 2926 2924
3 2901 2899 2927
3 2899 2902 2928
3 2927 2899 2928
3 2902 2739 2770
3 2902 2770 2928
3 2928 2770 2929
3 2929 2770 2930
3 2770 2771 2930
3 2930 2771 2931
3 2771 2772 2931
3 2931 2772 2932
3 2772 2773 2932
3 2744 2903 2933
3 2744 2933 2773
3 2773 2933 2932
3 2903 2904 2934
3 2933 2903 2934
3 2904 2905 2935
3 2934 2904 2935
3 2905 2906 2936
3 2935 2905 2936
3 2906 2907 2937
3 2936 2906 2937
3 2907 2908 2938
3 2937 2907 2938
3 2908 2910 2938
3 2914 2751 2939
3 2939 2751 2774
3 2915 2940 2752
3 2940 2775 2752
3 2918 2917 2941
3 2917 2919 2942
3 2941 2917 2942
3 2919 2755 2776
3 2919 2776 2942
3 2942 2776 2943
3 2943 2776 2944
3 2776 2777 2944
3 2944 2777 2945
3 2777 2778 2945
3 2945 2778 2946
3 2778 2779 2946
3 2946 2779 2947
3 2779 2780 2947
3 2949 2781 2948
3 2949 2947 2781
3 2947 2780 2781
3 2782 2948 2781
3 2950 2948 2782
3 2783 2950 2782
3 2951 2950 2783
3 2783 2785 2951
3 2786 2952 2787
3 2952 2953 2954
3 2786 2953 2952
3 2786 2924 2953
3 2786 2769 2924
3 2924 2926 2953
3 2939 2774 2955
3 2955 2774 2788
3 2790 2956 2957
3 2789 2956 2790
3 2956 2789 2775
3 2940 2956 2775
3 2949 2948 2958
3 2948 2950 2959
3 2958 2948 2959
3 2950 2951 2960
3 2959 2950 2960
3 2951 2785 2791
3 2951 2791 2960
3 2960 2791 2961
3 2787 2952 2962
3 2787 2962 2791
3 2791 2962 2961
3 2952 2954 2962
3 2955 2788 2792
3 2963 2955 2792
3 2792 2964 2963
3 2793 2964 2792
3 2957 2965 2790
3 2965 2794 2790
3 2964 2793 2966
3 2966 2793 2795
3 2797 2967 2968
3 2796 2967 2797
3 2967 2796 2794
3 2965 2967 2794
3 2966 2795 2798
3 2969 2966 2798
3 2798 2970 2969
3 2799 2970 2798
3 2801 2971 2972
3 2800 2971 2801
3 2971 2800 2797
3 2968 2971 2797
3 2970 2799 2802
3 2973 2970 2802
3 2973 2802 2974
3 2802 2803 2974
3 2803 2975 2974
3 2804 2975 2803
3 2806 2976 2977
3 2805 2976 2806
3 2976 2805 2801
3 2972 2976 2801
3 2975 2804 2807
3 2978 2975 2807
3 2978 2807 2979
3 2807 2808 2979
3 2979 2808 2980
3 2808 2809 2980
3 2980 2809 2981
3 2809 2810 2981
3 2981 2810 2982
3 2810 2811 2982
3 2982 2811 2806
3 2977 2982 2806
3 2814 2984 2983
3 2813 2814 2983
3 2983 2985 2813
3 2813 2985 2815
3 2985 2986 2815
3 2815 2986 2816
3 2986 2987 2816
3 2816 2987 2817
3 2987 2988 2817
3 2817 2988 2818
3 2988 2989 2818
3 2818 2989 2819
3 2989 2990 2819
3 2819 2990 2820
3 2990 2991 2820
3 2820 2991 2821
3 2992 2822 2821
3 2992 2821 2993
3 2993 2821 2991
3 2993 2994 2992
3 2824 2996 2995
3 2823 2824 2995
3 2995 2814 2823
3 2984 2814 2995
3 2992 2825 2822
3 2994 2825 2992
3 2994 2997 2825
3 2997 2827 2825
3 2827 2997 2998
3 2828 2827 2998
3 2831 3000 2999
3 2830 2831 2999
3 2999 2824 2830
3 2996 2824 2999
3 2998 2832 2828
3 3001 2832 2998
3 2832 3001 3002
3 2833 2832 3002
3 3000 2831 3003
3 3003 2831 2834
3 3002 2836 2833
3 3004 2836 3002
3 2836 3004 3005
3 2837 2836 3005
3 3003 2834 3006
3 3006 2834 2838
3 3005 3007 2837
3 3007 2840 2837
3 3010 3009 3008
3 3009 3012 3011
3 3008 3009 3011
3 2843 3011 3012
3 2843 3012 2842
3 2842 3012 3013
3 3013 3014 2842
3 2842 3014 2845
3 3014 3015 2845
3 2845 3015 2847
3 3015 3016 2847
3 2847 3016 2849
3 3016 3017 2849
3 2849 3017 2851
3 3017 3018 2851
3 2851 3018 2853
3 3018 3019 2853
3 2853 3019 2855
3 3019 3020 2855
3 2855 3020 2857
3 3020 3021 2857
3 2857 3021 2859
3 3022 2860 2859
3 3022 2859 3023
3 3023 2859 3021
3 3023 3025 3024
3 3022 3023 3024
3 3025 3027 3026
3 3024 3025 3026
3 3027 3028 3026
3 3006 2838 3029
3 3029 2838 2861
3 2862 3030 2863
3 3030 2862 2840
3 3030 2840 3031
3 3031 2840 3007
3 3034 3033 3032
3 3033 3036 3035
3 3032 3033 3035
3 3036 3038 3037
3 3035 3036 3037
3 3038 3039 3037
3 3042 3041 3040
3 2866 3040 3041
3 2866 3041 2865
3 2865 3041 3043
3 3043 3044 2865
3 2865 3044 2868
3 3044 3045 2868
3 2868 3045 2869
3 3045 3046 2869
3 2869 3046 2870
3 3046 3047 2870
3 2870 3047 2871
3 3008 3047 3010
3 3008 2872 3047
3 2872 2871 3047
3 3011 2872 3008
3 2873 2872 3011
3 3011 2843 2873
3 2877 3048 2878
3 2860 3048 2877
3 2860 3022 3048
3 3022 3049 3048
3 3050 3051 3049
3 3050 3049 3024
3 3024 3049 3022
3 3024 3026 3052
3 3050 3024 3052
3 3026 3028 3052
3 3029 2861 3053
3 3053 2861 2879
3 3054 2863 3030
3 3054 3055 2863
3 3055 2880 2863
3 3030 3031 3054
3 3058 3057 3056
3 3057 3060 3059
3 3056 3057 3059
3 3060 3062 3061
3 3059 3060 3061
3 2883 3061 3062
3 2883 3062 2882
3 2882 3062 3063
3 3063 3064 2882
3 2882 3064 2885
3 3064 3065 2885
3 2885 3065 2887
3 3032 3065 3034
3 3032 2889 3065
3 2889 2887 3065
3 3035 2889 3032
3 2890 2889 3035
3 3037 2890 3035
3 2891 2890 3037
3 3039 2891 3037
3 3039 3066 2891
3 3066 2893 2891
3 3066 3067 2893
3 2893 3067 2895
3 3067 3068 2895
3 2895 3068 2897
3 3069 2898 2897
3 3069 2897 3070
3 3070 2897 3068
3 3070 3072 3071
3 3069 3070 3071
3 3072 3073 3071
3 3040 2900 2901
3 3040 2901 3042
3 3042 2901 3074
3 3040 2866 2900
3 2909 3075 2910
3 2911 3075 2909
3 3076 3075 2911
3 2912 3076 2911
3 3077 3076 2912
3 3077 3078 3079
3 3077 2912 3078
3 2912 2913 3078
3 2878 3048 3080
3 2878 3080 2913
3 2913 3080 3078
3 3048 3049 3081
3 3080 3048 3081
3 3049 3051 3081
3 3053 2879 3082
3 3082 2879 2914
3 3055 3083 2880
3 3083 2915 2880
3 3058 3056 3084
3 3086 3084 3056
3 3086 3056 3085
3 3085 3056 3059
3 3059 3061 3085
3 3061 3087 3085
3 2916 3061 2883
3 2916 3088 3061
3 3088 3087 3061
3 2916 2918 3088
3 3069 2920 2898
3 3071 2920 3069
3 2921 2920 3071
3 3073 2921 3071
3 3073 3089 2921
3 3089 2922 2921
3 3089 3090 2922
3 2922 3090 2923
3 3090 3091 2923
3 2923 3091 2925
3 2925 3091 3092
3 2926 2925 3092
3 3074 2901 2927
3 3093 3074 2927
3 3093 2927 3094
3 2927 2928 3094
3 3094 2928 3095
3 2928 2929 3095
3 3095 2929 3096
3 2929 2930 3096
3 3096 2930 3097
3 2930 2931 3097
3 3097 2931 3098
3 2931 2932 3098
3 3098 2932 3099
3 2932 2933 3099
3 3099 2933 3100
3 2933 2934 3100
3 3100 2934 3101
3 2934 2935 3101
3 3101 2935 3102
3 2935 2936 3102
3 3102 2936 3103
3 2936 2937 3103
3 3103 2937 3104
3 2937 2938 3104
3 2910 3075 3105
3 2910 3105 2938
3 2938 3105 3104
3 3075 3076 3106
3 3105 3075 3106
3 3076 3077 3107
3 3106 3076 3107
3 3077 3079 3107
3 3082 2914 3108
3 3108 2914 2939
3 3083 3109 2915
3 3109 2940 2915
3 3086 3085 3110
3 3085 3087 3111
3 3110 3085 3111
3 3087 3088 3112
3 3111 3087 3112
3 3088 2918 2941
3 3088 2941 3112
3 3112 2941 3113
3 3113 2941 3114
3 2941 2942 3114
3 3114 2942 3115
3 2942 2943 3115
3 3115 2943 3116
3 2943 2944 3116
3 3116 2944 3117
3 2944 2945 3117
3 3117 2945 3118
3 2945 2946 3118
3 3120 2947 3119
3 3120 3118 2947
3 3118 2946 2947
3 2947 2949 3119
3 3123 3121 3122
3 2954 3122 3121
3 2954 2953 3122
3 2953 3124 3122
3 3124 2953 2926
3 3092 3124 2926
3 3108 2939 3125
3 3125 2939 2955
3 2957 3126 3127
3 2956 3126 2957
3 3126 2956 2940
3 3109 3126 2940
3 3120 3119 3128
3 3119 2949 2958
3 3119 2958 3128
3 3128 2958 3129
3 3129 2958 3130
3 2958 2959 3130
3 3130 2959 3131
3 2959 2960 3131
3 3131 2960 3132
3 2960 2961 3132
3 3121 3123 3132
3 3121 3132 2962
3 2962 3132 2961
3 3121 2962 2954
3 3125 2955 2963
3 3133 3125 2963
3 2963 3134 3133
3 2964 3134 2963
3 3127 3135 2957
3 3135 2965 2957
3 3134 2964 3136
3 3136 2964 2966
3 2968 3137 3138
3 2967 3137 2968
3 3137 2967 2965
3 3135 3137 2965
3 3136 2966 2969
3 3139 3136 2969
3 2969 3140 3139
3 2970 3140 2969
3 2972 3141 3142
3 2971 3141 2972
3 3141 2971 2968
3 3138 3141 2968
3 3140 2970 2973
3 3143 3140 2973
3 3143 2973 3144
3 2973 2974 3144
3 2974 3145 3144
3 2975 3145 2974
3 2977 3146 3147
3 2976 3146 2977
3 3146 2976 2972
3 3142 3146 2972
3 3145 2975 2978
3 3148 3145 2978
3 3148 2978 3149
3 2978 2979 3149
3 3149 2979 3150
3 2979 2980 3150
3 3150 2980 3151
3 2980 2981 3151
3 3151 2981 3152
3 2981 2982 3152
3 3152 2982 2977
3 3147 3152 2977
3 2984 3154 3153
3 2983 2984 3153
3 3153 3155 2983
3 2983 3155 2985
3 3155 3156 2985
3 2985 3156 2986
3 3156 3157 2986
3 2986 3157 2987
3 3157 3158 2987
3 2987 3158 2988
3 3158 3159 2988
3 2988 3159 2989
3 3159 3160 2989
3 2989 3160 2990
3 3160 3161 2990
3 2990 3161 2991
3 3161 3162 2991
3 2991 3162 2993
3 2993 3162 3163
3 2994 2993 3163
3 2996 3165 3164
3 2995 2996 3164
3 3164 2984 2995
3 3154 2984 3164
3 3163 2997 2994
3 3166 2997 3163
3 2997 3166 3167
3 2998 2997 3167
3 3000 3169 3168
3 2999 3000 3168
3 3168 2996 2999
3 3165 2996 3168
3 3167 3001 2998
3 3170 3001 3167
3 3171 3002 3001
3 3171 3001 3172
3 3172 3001 3170
3 3172 3173 3171
3 3176 3175 3174
3 3175 3003 3174
3 3175 3169 3003
3 3169 3000 3003
3 3171 3004 3002
3 3004 3177 3005
3 3171 3177 3004
3 3171 3178 3177
3 3171 3173 3178
3 3178 3179 3177
3 3182 3181 3180
3 3181 3184 3183
3 3180 3181 3183
3 3184 3186 3185
3 3183 3184 3185
3 3186 3188 3187
3 3185 3186 3187
3 3188 3190 3189
3 3187 3188 3189
3 3190 3192 3191
3 3189 3190 3191
3 3192 3193 3191
3 3195 3176 3174
3 3194 3195 3174
3 3174 3006 3194
3 3003 3006 3174
3 3196 3005 3177
3 3007 3005 3196
3 3179 3197 3196
3 3177 3179 3196
3 3200 3199 3198
3 3199 3202 3201
3 3198 3199 3201
3 3010 3201 3202
3 3010 3202 3009
3 3009 3202 3203
3 3203 3204 3009
3 3009 3204 3012
3 3204 3205 3012
3 3012 3205 3013
3 3205 3206 3013
3 3013 3206 3014
3 3206 3207 3014
3 3014 3207 3015
3 3207 3208 3015
3 3015 3208 3016
3 3208 3209 3016
3 3016 3209 3017
3 3209 3210 3017
3 3017 3210 3018
3 3180 3210 3182
3 3180 3019 3210
3 3019 3018 3210
3 3183 3019 3180
3 3020 3019 3183
3 3185 3020 3183
3 3021 3020 3185
3 3187 3021 3185
3 3023 3021 3187
3 3189 3023 3187
3 3025 3023 3189
3 3191 3025 3189
3 3027 3025 3191
3 3027 3211 3028
3 3191 3211 3027
3 3191 3212 3211
3 3191 3193 3212
3 3212 3213 3211
3 3195 3194 3214
3 3194 3215 3214
3 3194 3006 3215
3 3006 3029 3215
3 3216 3007 3196
3 3216 3217 3007
3 3217 3031 3007
3 3196 3197 3216
3 3220 3219 3218
3 3219 3222 3221
3 3218 3219 3221
3 3222 3224 3223
3 3221 3222 3223
3 3224 3226 3225
3 3223 3224 3225
3 3226 3228 3227
3 3225 3226 3227
3 3228 3230 3229
3 3227 3228 3229
3 3230 3232 3231
3 3229 3230 3231
3 3034 3231 3232
3 3034 3232 3033
3 3033 3232 3233
3 3233 3234 3033
3 3033 3234 3036
3 3234 3235 3036
3 3036 3235 3038
3 3236 3039 3038
3 3236 3038 3237
3 3237 3038 3235
3 3237 3238 3236
3 3042 3240 3239
3 3041 3042 3239
3 3239 3241 3041
3 3041 3241 3043
3 3241 3242 3043
3 3043 3242 3044
3 3242 3243 3044
3 3044 3243 3045
3 3198 3243 3200
3 3198 3046 3243
3 3046 3045 3243
3 3201 3046 3198
3 3047 3046 3201
3 3201 3010 3047
3 3050 3244 3051
3 3052 3244 3050
3 3245 3244 3052
3 3245 3246 3247
3 3052 3246 3245
3 3052 3211 3246
3 3052 3028 3211
3 3211 3213 3246
3 3215 3029 3248
3 3248 3029 3053
3 3055 3249 3250
3 3054 3249 3055
3 3249 3054 3031
3 3217 3249 3031
3 3253 3252 3251
3 3252 3255 3254
3 3251 3252 3254
3 3255 3220 3218
3 3255 3218 3254
3 3254 3218 3256
3 3058 3221 3057
3 3058 3256 3221
3 3256 3218 3221
3 3223 3057 3221
3 3060 3057 3223
3 3225 3060 3223
3 3062 3060 3225
3 3227 3062 3225
3 3063 3062 3227
3 3229 3063 3227
3 3064 3063 3229
3 3231 3064 3229
3 3065 3064 3231
3 3231 3034 3065
3 3236 3066 3039
3 3238 3066 3236
3 3238 3257 3066
3 3257 3067 3066
3 3257 3258 3067
3 3067 3258 3068
3 3258 3259 3068
3 3068 3259 3070
3 3259 3260 3070
3 3070 3260 3072
3 3072 3260 3261
3 3073 3072 3261
3 3240 3042 3262
3 3262 3042 3074
3 3078 3263 3079
3 3080 3263 3078
3 3264 3263 3080
3 3264 3265 3266
3 3264 3080 3265
3 3080 3081 3265
3 3051 3244 3267
3 3051 3267 3081
3 3081 3267 3265
3 3244 3245 3268
3 3267 3244 3268
3 3245 3247 3268
3 3248 3053 3269
3 3269 3053 3082
3 3250 3270 3055
3 3270 3083 3055
3 3253 3251 3271
3 3251 3254 3272
3 3271 3251 3272
3 3274 3272 3254
3 3274 3254 3273
3 3273 3254 3256
3 3084 3256 3058
3 3084 3275 3256
3 3275 3273 3256
3 3084 3086 3275
3 3261 3089 3073
3 3276 3089 3261
3 3276 3277 3089
3 3089 3277 3090
3 3277 3278 3090
3 3090 3278 3091
3 3091 3278 3279
3 3092 3091 3279
3 3262 3074 3093
3 3280 3262 3093
3 3280 3093 3281
3 3093 3094 3281
3 3281 3094 3282
3 3094 3095 3282
3 3282 3095 3283
3 3095 3096 3283
3 3283 3096 3284
3 3096 3097 3284
3 3284 3097 3285
3 3097 3098 3285
3 3285 3098 3286
3 3098 3099 3286
3 3286 3099 3287
3 3099 3100 3287
3 3287 3100 3288
3 3100 3101 3288
3 3288 3101 3289
3 3101 3102 3289
3 3289 3102 3290
3 3102 3103 3290
3 3290 3103 3291
3 3103 3104 3291
3 3291 3104 3292
3 3104 3105 3292
3 3292 3105 3293
3 3105 3106 3293
3 3293 3106 3294
3 3106 3107 3294
3 3079 3263 3295
3 3079 3295 3107
3 3107 3295 3294
3 3263 3264 3296
3 3295 3263 3296
3 3264 3266 3296
3 3269 3082 3297
3 3297 3082 3108
3 3270 3298 3083
3 3298 3109 3083
3 3274 3273 3299
3 3273 3275 3300
3 3299 3273 3300
3 3275 3086 3110
3 3275 3110 3300
3 3300 3110 3301
3 3301 3110 3302
3 3110 3111 3302
3 3302 3111 3303
3 3111 3112 3303
3 3303 3112 3304
3 3112 3113 3304
3 3304 3113 3305
3 3113 3114 3305
3 3305 3114 3306
3 3114 3115 3306
3 3306 3115 3307
3 3115 3116 3307
3 3307 3116 3308
3 3116 3117 3308
3 3310 3118 3309
3 3310 3308 3118
3 3308 3117 3118
3 3118 3120 3309
3 3123 3311 3312
3 3122 3311 3123
3 3311 3122 3313
3 3122 3124 3313
3 3313 3124 3092
3 3279 3313 3092
3 3297 3108 3314
3 3314 3108 3125
3 3127 3315 3316
3 3126 3315 3127
3 3315 3126 3109
3 3298 3315 3109
3 3310 3309 3317
3 3309 3120 3128
3 3309 3128 3317
3 3317 3128 3318
3 3318 3128 3319
3 3128 3129 3319
3 3319 3129 3320
3 3129 3130 3320
3 3320 3130 3321
3 3130 3131 3321
3 3321 3131 3322
3 3131 3132 3322
3 3322 3132 3123
3 3312 3322 3123
3 3314 3125 3133
3 3323 3314 3133
3 3133 3324 3323
3 3134 3324 3133
3 3316 3325 3127
3 3325 3135 3127
3 3324 3134 3326
3 3326 3134 3136
3 3138 3327 3328
3 3137 3327 3138
3 3327 3137 3135
3 3325 3327 3135
3 3326 3136 3139
3 3329 3326 3139
3 3139 3330 3329
3 3140 3330 3139
3 3141 3331 3142
3 3331 3141 3138
3 3331 3138 3332
3 3332 3138 3328
3 3330 3140 3143
3 3333 3330 3143
3 3333 3143 3334
3 3143 3144 3334
3 3144 3335 3334
3 3145 3335 3144
3 3147 3336 3337
3 3146 3336 3147
3 3142 3331 3338
3 3142 3338 3146
3 3146 3338 3336
3 3331 3332 3338
3 3335 3145 3148
3 3339 3335 3148
3 3339 3148 3340
3 3148 3149 3340
3 3340 3149 3341
3 3149 3150 3341
3 3341 3150 3342
3 3150 3151 3342
3 3342 3151 3343
3 3151 3152 3343
3 3343 3152 3147
3 3337 3343 3147
3 3346 3345 3344
3 3345 3348 3347
3 3344 3345 3347
3 3348 3350 3349
3 3347 3348 3349
3 3350 3352 3351
3 3349 3350 3351
3 3352 3353 3351
3 3154 3355 3354
3 3153 3154 3354
3 3354 3356 3153
3 3153 3356 3155
3 3356 3357 3155
3 3155 3357 3156
3 3344 3357 3346
3 3344 3157 3357
3 3157 3156 3357
3 3347 3157 3344
3 3158 3157 3347
3 3349 3158 3347
3 3159 3158 3349
3 3351 3159 3349
3 3160 3159 3351
3 3353 3160 3351
3 3353 3358 3160
3 3358 3161 3160
3 3358 3359 3161
3 3161 3359 3162
3 3162 3359 3360
3 3163 3162 3360
3 3165 3362 3361
3 3164 3165 3361
3 3361 3154 3164
3 3355 3154 3361
3 3360 3166 3163
3 3363 3166 3360
3 3364 3167 3166
3 3364 3166 3365
3 3365 3166 3363
3 3365 3366 3364
3 3169 3368 3367
3 3168 3169 3367
3 3367 3165 3168
3 3362 3165 3367
3 3364 3170 3167
3 3366 3170 3364
3 3366 3369 3170
3 3369 3172 3170
3 3370 3173 3172
3 3370 3172 3371
3 3371 3172 3369
3 3371 3372 3370
3 3176 3374 3373
3 3175 3176 3373
3 3373 3169 3175
3 3368 3169 3373
3 3370 3178 3173
3 3178 3375 3179
3 3370 3375 3178
3 3370 3376 3375
3 3370 3372 3376
3 3376 3377 3375
3 3380 3379 3378
3 3379 3382 3381
3 3378 3379 3381
3 3182 3381 3382
3 3182 3382 3181
3 3181 3382 3383
3 3383 3384 3181
3 3181 3384 3184
3 3384 3385 3184
3 3184 3385 3186
3 3385 3386 3186
3 3186 3386 3188
3 3386 3387 3188
3 3188 3387 3190
3 3387 3388 3190
3 3190 3388 3192
3 3389 3193 3192
3 3389 3192 3390
3 3390 3192 3388
3 3390 3392 3391
3 3389 3390 3391
3 3392 3394 3393
3 3391 3392 3393
3 3394 3396 3395
3 3393 3394 3395
3 3396 3397 3395
3 3374 3176 3398
3 3398 3176 3195
3 3399 3179 3375
3 3399 3400 3179
3 3400 3197 3179
3 3375 3377 3399
3 3403 3402 3401
3 3402 3405 3404
3 3401 3402 3404
3 3405 3407 3406
3 3404 3405 3406
3 3407 3408 3406
3 3411 3410 3409
3 3200 3409 3410
3 3200 3410 3199
3 3199 3410 3412
3 3412 3413 3199
3 3199 3413 3202
3 3413 3414 3202
3 3202 3414 3203
3 3414 3415 3203
3 3203 3415 3204
3 3415 3416 3204
3 3204 3416 3205
3 3416 3417 3205
3 3205 3417 3206
3 3417 3418 3206
3 3206 3418 3207
3 3418 3419 3207
3 3207 3419 3208
3 3378 3419 3380
3 3378 3209 3419
3 3209 3208 3419
3 3381 3209 3378
3 3210 3209 3381
3 3381 3182 3210
3 3389 3212 3193
3 3212 3420 3213
3 3212 3389 3420
3 3389 3391 3420
3 3391 3393 3420
3 3393 3421 3420
3 3422 3423 3421
3 3422 3421 3395
3 3395 3421 3393
3 3395 3397 3422
3 3398 3195 3214
3 3424 3398 3214
3 3214 3425 3424
3 3215 3425 3214
3 3217 3426 3427
3 3216 3426 3217
3 3426 3216 3197
3 3400 3426 3197
3 3403 3401 3428
3 3401 3404 3429
3 3428 3401 3429
3 3431 3429 3404
3 3431 3404 3430
3 3430 3404 3406
3 3408 3433 3432
3 3408 3432 3406
3 3406 3432 3430
3 3433 3434 3432
3 3437 3436 3435
3 3436 3439 3438
3 3435 3436 3438
3 3439 3441 3440
3 3438 3439 3440
3 3441 3443 3442
3 3440 3441 3442
3 3220 3442 3443
3 3220 3443 3219
3 3219 3443 3444
3 3444 3445 3219
3 3219 3445 3222
3 3445 3446 3222
3 3222 3446 3224
3 3446 3447 3224
3 3224 3447 3226
3 3447 3448 3226
3 3226 3448 3228
3 3448 3449 3228
3 3228 3449 3230
3 3449 3450 3230
3 3230 3450 3232
3 3450 3451 3232
3 3232 3451 3233
3 3451 3452 3233
3 3233 3452 3234
3 3452 3453 3234
3 3234 3453 3235
3 3453 3454 3235
3 3235 3454 3237
3 3455 3238 3237
3 3455 3237 3456
3 3456 3237 3454
3 3456 3457 3455
3 3240 3459 3458
3 3239 3240 3458
3 3458 3460 3239
3 3239 3460 3241
3 3460 3461 3241
3 3241 3461 3242
3 3409 3461 3411
3 3409 3243 3461
3 3243 3242 3461
3 3409 3200 3243
3 3246 3462 3247
3 3462 3463 3464
3 3246 3463 3462
3 3246 3420 3463
3 3246 3213 3420
3 3420 3421 3465
3 3463 3420 3465
3 3421 3423 3465
3 3425 3215 3466
3 3466 3215 3248
3 3249 3467 3250
3 3467 3249 3217
3 3467 3217 3468
3 3468 3217 3427
3 3431 3430 3469
3 3430 3432 3470
3 3469 3430 3470
3 3432 3434 3470
3 3473 3472 3471
3 3472 3437 3435
3 3472 3435 3471
3 3471 3435 3474
3 3435 3438 3474
3 3438 3475 3474
3 3253 3440 3252
3 3253 3475 3440
3 3475 3438 3440
3 3442 3252 3440
3 3255 3252 3442
3 3442 3220 3255
3 3455 3257 3238
3 3457 3257 3455
3 3457 3476 3257
3 3476 3258 3257
3 3476 3477 3258
3 3258 3477 3259
3 3477 3478 3259
3 3259 3478 3260
3 3479 3261 3260
3 3479 3260 3480
3 3480 3260 3478
3 3480 3481 3479
3 3459 3240 3482
3 3482 3240 3262
3 3265 3483 3266
3 3267 3483 3265
3 3484 3483 3267
3 3484 3485 3486
3 3484 3267 3485
3 3267 3268 3485
3 3247 3462 3487
3 3247 3487 3268
3 3268 3487 3485
3 3462 3464 3487
3 3466 3248 3488
3 3488 3248 3269
3 3489 3250 3467
3 3489 3490 3250
3 3490 3270 3250
3 3467 3468 3489
3 3473 3471 3491
3 3471 3474 3492
3 3491 3471 3492
3 3474 3475 3493
3 3492 3474 3493
3 3475 3253 3271
3 3475 3271 3493
3 3493 3271 3494
3 3496 3272 3495
3 3496 3494 3272
3 3494 3271 3272
3 3272 3274 3495
3 3479 3276 3261
3 3481 3276 3479
3 3481 3497 3276
3 3497 3277 3276
3 3497 3498 3277
3 3277 3498 3278
3 3278 3498 3499
3 3279 3278 3499
3 3482 3262 3280
3 3500 3482 3280
3 3500 3280 3501
3 3280 3281 3501
3 3501 3281 3502
3 3281 3282 3502
3 3502 3282 3503
3 3282 3283 3503
3 3503 3283 3504
3 3283 3284 3504
3 3506 3285 3505
3 3506 3504 3285
3 3504 3284 3285
3 3505 3507 3508
3 3505 3285 3507
3 3285 3286 3507
3 3507 3286 3509
3 3286 3287 3509
3 3509 3287 3510
3 3287 3288 3510
3 3510 3288 3511
3 3288 3289 3511
3 3511 3289 3512
3 3289 3290 3512
3 3512 3290 3513
3 3290 3291 3513
3 3513 3291 3514
3 3291 3292 3514
3 3514 3292 3515
3 3292 3293 3515
3 3515 3293 3516
3 3293 3294 3516
3 3516 3294 3517
3 3294 3295 3517
3 3517 3295 3518
3 3295 3296 3518
3 3266 3483 3519
3 3266 3519 3296
3 3296 3519 3518
3 3483 3484 3520
3 3519 3483 3520
3 3484 3486 3520
3 3488 3269 3521
3 3521 3269 3297
3 3490 3522 3270
3 3522 3298 3270
3 3496 3495 3523
3 3495 3274 3299
3 3495 3299 3523
3 3523 3299 3524
3 3524 3299 3525
3 3299 3300 3525
3 3525 3300 3526
3 3300 3301 3526
3 3526 3301 3527
3 3301 3302 3527
3 3527 3302 3528
3 3302 3303 3528
3 3528 3303 3529
3 3303 3304 3529
3 3529 3304 3530
3 3304 3305 3530
3 3530 3305 3531
3 3305 3306 3531
3 3531 3306 3532
3 3306 3307 3532
3 3532 3307 3533
3 3307 3308 3533
3 3308 3534 3533
3 3310 3534 3308
3 3537 3535 3536
3 3312 3536 3535
3 3312 3311 3536
3 3311 3538 3536
3 3538 3311 3539
3 3311 3313 3539
3 3539 3313 3279
3 3499 3539 3279
3 3506 3505 3540
3 3505 3508 3540
3 3521 3297 3541
3 3541 3297 3314
3 3316 3542 3543
3 3315 3542 3316
3 3542 3315 3298
3 3522 3542 3298
3 3534 3310 3317
3 3544 3534 3317
3 3544 3317 3545
3 3317 3318 3545
3 3545 3318 3546
3 3318 3319 3546
3 3546 3319 3547
3 3319 3320 3547
3 3547 3320 3548
3 3320 3321 3548
3 3535 3537 3548
3 3535 3548 3322
3 3322 3548 3321
3 3535 3322 3312
3 3541 3314 3323
3 3549 3541 3323
3 3323 3550 3549
3 3324 3550 3323
3 3543 3551 3316
3 3551 3325 3316
3 3550 3324 3552
3 3552 3324 3326
3 3327 3553 3328
3 3553 3327 3325
3 3553 3325 3554
3 3554 3325 3551
3 3552 3326 3329
3 3555 3552 3329
3 3329 3556 3555
3 3330 3556 3329
3 3557 3328 3553
3 3557 3558 3328
3 3558 3332 3328
3 3553 3554 3557
3 3556 3330 3333
3 3559 3556 3333
3 3559 3333 3560
3 3333 3334 3560
3 3334 3561 3560
3 3335 3561 3334
3 3337 3562 3563
3 3336 3562 3337
3 3562 3336 3564
3 3336 3338 3564
3 3564 3338 3332
3 3558 3564 3332
3 3561 3335 3339
3 3565 3561 3339
3 3565 3339 3566
3 3339 3340 3566
3 3566 3340 3567
3 3340 3341 3567
3 3567 3341 3568
3 3341 3342 3568
3 3568 3342 3569
3 3342 3343 3569
3 3569 3343 3337
3 3563 3569 3337
3 3346 3571 3570
3 3345 3346 3570
3 3570 3572 3345
3 3345 3572 3348
3 3572 3573 3348
3 3348 3573 3350
3 3573 3574 3350
3 3350 3574 3352
3 3575 3353 3352
3 3575 3352 3576
3 3576 3352 3574
3 3576 3577 3575
3 3580 3579 3578
3 3355 3578 3579
3 3355 3579 3354
3 3354 3579 3581
3 3581 3582 3354
3 3354 3582 3356
3 3582 3583 3356
3 3356 3583 3357
3 3583 3346 3357
3 3571 3346 3583
3 3575 3358 3353
3 3577 3358 3575
3 3577 3584 3358
3 3584 3359 3358
3 3585 3360 3359
3 3585 3359 3586
3 3586 3359 3584
3 3586 3587 3585
3 3590 3589 3588
3 3578 3361 3362
3 3580 3578 3362
3 3580 3362 3588
3 3580 3588 3589
3 3578 3355 3361
3 3585 3363 3360
3 3587 3363 3585
3 3587 3591 3363
3 3591 3365 3363
3 3592 3366 3365
3 3592 3365 3593
3 3593 3365 3591
3 3593 3594 3592
3 3597 3596 3595
3 3588 3367 3368
3 3590 3588 3368
3 3590 3368 3595
3 3590 3595 3596
3 3588 3362 3367
3 3592 3369 3366
3 3594 3369 3592
3 3594 3598 3369
3 3598 3371 3369
3 3599 3372 3371
3 3599 3371 3600
3 3600 3371 3598
3 3600 3602 3601
3 3599 3600 3601
3 3602 3603 3601
3 3606 3605 3604
3 3605 3608 3607
3 3604 3605 3607
3 3608 3610 3609
3 3607 3608 3609
3 3610 3612 3611
3 3609 3610 3611
3 3612 3614 3613
3 3611 3612 3613
3 3614 3616 3615
3 3613 3614 3615
3 3616 3617 3615
3 3595 3373 3374
3 3595 3374 3597
3 3597 3374 3618
3 3595 3368 3373
3 3599 3376 3372
3 3376 3619 3377
3 3376 3599 3619
3 3599 3601 3619
3 3603 3621 3620
3 3603 3620 3601
3 3601 3620 3619
3 3621 3623 3622
3 3620 3621 3622
3 3623 3625 3624
3 3622 3623 3624
3 3625 3627 3626
3 3624 3625 3626
3 3627 3629 3628
3 3626 3627 3628
3 3629 3631 3630
3 3628 3629 3630
3 3631 3632 3630
3 3635 3634 3633
3 3380 3633 3634
3 3380 3634 3379
3 3379 3634 3636
3 3636 3637 3379
3 3379 3637 3382
3 3637 3638 3382
3 3382 3638 3383
3 3638 3639 3383
3 3383 3639 3384
3 3639 3640 3384
3 3384 3640 3385
3 3640 3641 3385
3 3385 3641 3386
3 3641 3642 3386
3 3386 3642 3387
3 3642 3643 3387
3 3387 3643 3388
3 3643 3644 3388
3 3388 3644 3390
3 3644 3645 3390
3 3390 3645 3392
3 3645 3646 3392
3 3392 3646 3394
3 3604 3646 3606
3 3604 3396 3646
3 3396 3394 3646
3 3396 3647 3397
3 3396 3604 3647
3 3604 3607 3647
3 3607 3609 3647
3 3609 3648 3647
3 3609 3611 3648
3 3611 3649 3648
3 3611 3613 3649
3 3613 3650 3649
3 3613 3615 3650
3 3615 3651 3650
3 3617 3653 3652
3 3617 3652 3615
3 3615 3652 3651
3 3653 3654 3652
3 3618 3374 3655
3 3655 3374 3398
3 3399 3656 3400
3 3377 3656 3399
3 3377 3619 3656
3 3619 3657 3656
3 3619 3620 3657
3 3620 3658 3657
3 3620 3622 3658
3 3622 3659 3658
3 3403 3624 3402
3 3403 3659 3624
3 3659 3622 3624
3 3626 3402 3624
3 3405 3402 3626
3 3628 3405 3626
3 3407 3405 3628
3 3407 3660 3408
3 3407 3628 3660
3 3628 3630 3660
3 3632 3662 3661
3 3632 3661 3630
3 3630 3661 3660
3 3662 3664 3663
3 3661 3662 3663
3 3664 3666 3665
3 3663 3664 3665
3 3666 3668 3667
3 3665 3666 3667
3 3668 3669 3667
3 3672 3671 3670
3 3671 3674 3673
3 3670 3671 3673
3 3674 3676 3675
3 3673 3674 3675
3 3676 3678 3677
3 3675 3676 3677
3 3678 3680 3679
3 3677 3678 3679
3 3680 3682 3681
3 3679 3680 3681
3 3682 3684 3683
3 3681 3682 3683
3 3684 3686 3685
3 3683 3684 3685
3 3686 3687 3685
3 3411 3689 3688
3 3410 3411 3688
3 3688 3690 3410
3 3410 3690 3412
3 3690 3691 3412
3 3412 3691 3413
3 3691 3692 3413
3 3413 3692 3414
3 3692 3693 3414
3 3414 3693 3415
3 3693 3694 3415
3 3415 3694 3416
3 3694 3695 3416
3 3416 3695 3417
3 3695 3696 3417
3 3417 3696 3418
3 3633 3696 3635
3 3633 3419 3696
3 3419 3418 3696
3 3633 3380 3419
3 3422 3697 3423
3 3397 3697 3422
3 3397 3647 3697
3 3647 3698 3697
3 3699 3700 3698
3 3699 3698 3648
3 3648 3698 3647
3 3648 3649 3701
3 3699 3648 3701
3 3649 3650 3702
3 3701 3649 3702
3 3650 3651 3703
3 3702 3650 3703
3 3651 3652 3704
3 3703 3651 3704
3 3652 3654 3704
3 3424 3705 3706
3 3424 3706 3398
3 3398 3706 3655
3 3424 3425 3705
3 3426 3707 3427
3 3707 3708 3709
3 3426 3708 3707
3 3426 3656 3708
3 3426 3400 3656
3 3656 3657 3710
3 3708 3656 3710
3 3657 3658 3711
3 3710 3657 3711
3 3713 3711 3658
3 3713 3658 3712
3 3712 3658 3659
3 3428 3659 3403
3 3428 3714 3659
3 3714 3712 3659
3 3429 3714 3428
3 3715 3714 3429
3 3429 3431 3715
3 3660 3433 3408
3 3433 3716 3434
3 3433 3660 3716
3 3660 3661 3716
3 3661 3663 3716
3 3663 3717 3716
3 3663 3665 3717
3 3665 3718 3717
3 3665 3667 3718
3 3667 3719 3718
3 3669 3721 3720
3 3669 3720 3667
3 3667 3720 3719
3 3721 3723 3722
3 3720 3721 3722
3 3723 3725 3724
3 3722 3723 3724
3 3725 3727 3726
3 3724 3725 3726
3 3437 3726 3727
3 3437 3727 3436
3 3436 3727 3728
3 3670 3728 3672
3 3670 3439 3728
3 3439 3436 3728
3 3673 3439 3670
3 3441 3439 3673
3 3675 3441 3673
3 3443 3441 3675
3 3677 3443 3675
3 3444 3443 3677
3 3679 3444 3677
3 3445 3444 3679
3 3681 3445 3679
3 3446 3445 3681
3 3683 3446 3681
3 3447 3446 3683
3 3685 3447 3683
3 3448 3447 3685
3 3687 3448 3685
3 3687 3729 3448
3 3729 3449 3448
3 3729 3730 3449
3 3449 3730 3450
3 3730 3731 3450
3 3450 3731 3451
3 3731 3732 3451
3 3451 3732 3452
3 3732 3733 3452
3 3452 3733 3453
3 3733 3734 3453
3 3453 3734 3454
3 3734 3735 3454
3 3454 3735 3456
3 3456 3735 3736
3 3457 3456 3736
3 3459 3738 3737
3 3458 3459 3737
3 3737 3739 3458
3 3458 3739 3460
3 3739 3740 3460
3 3460 3740 3461
3 3740 3411 3461
3 3689 3411 3740
3 3463 3741 3464
3 3741 3742 3743
3 3741 3463 3742
3 3463 3465 3742
3 3423 3697 3744
3 3423 3744 3465
3 3465 3744 3742
3 3697 3698 3745
3 3744 3697 3745
3 3698 3700 3745
3 3706 3705 3746
3 3705 3747 3746
3 3705 3425 3747
3 3425 3466 3747
3 3748 3427 3707
3 3748 3749 3427
3 3749 3468 3427
3 3707 3709 3748
3 3713 3712 3750
3 3712 3714 3751
3 3750 3712 3751
3 3714 3715 3752
3 3751 3714 3752
3 3715 3431 3469
3 3715 3469 3752
3 3752 3469 3753
3 3753 3469 3754
3 3469 3470 3754
3 3434 3754 3470
3 3434 3755 3754
3 3434 3716 3755
3 3755 3756 3754
3 3716 3717 3755
3 3717 3757 3755
3 3717 3718 3757
3 3718 3758 3757
3 3718 3719 3758
3 3719 3759 3758
3 3719 3720 3759
3 3720 3760 3759
3 3720 3722 3760
3 3722 3761 3760
3 3722 3724 3761
3 3724 3762 3761
3 3473 3726 3472
3 3473 3762 3726
3 3762 3724 3726
3 3726 3437 3472
3 3736 3476 3457
3 3763 3476 3736
3 3763 3764 3476
3 3476 3764 3477
3 3764 3765 3477
3 3477 3765 3478
3 3765 3766 3478
3 3478 3766 3480
3 3480 3766 3767
3 3481 3480 3767
3 3738 3459 3768
3 3768 3459 3482
3 3485 3769 3486
3 3769 3770 3771
3 3769 3485 3770
3 3485 3487 3770
3 3464 3741 3772
3 3464 3772 3487
3 3487 3772 3770
3 3741 3743 3772
3 3747 3466 3773
3 3773 3466 3488
3 3490 3774 3775
3 3489 3774 3490
3 3774 3489 3468
3 3749 3774 3468
3 3756 3755 3776
3 3755 3757 3777
3 3776 3755 3777
3 3757 3758 3778
3 3777 3757 3778
3 3758 3759 3779
3 3778 3758 3779
3 3759 3760 3780
3 3779 3759 3780
3 3760 3761 3781
3 3780 3760 3781
3 3761 3762 3782
3 3781 3761 3782
3 3762 3473 3491
3 3762 3491 3782
3 3782 3491 3783
3 3783 3491 3784
3 3491 3492 3784
3 3786 3493 3785
3 3786 3784 3493
3 3784 3492 3493
3 3494 3785 3493
3 3787 3785 3494
3 3494 3496 3787
3 3767 3497 3481
3 3788 3497 3767
3 3788 3789 3497
3 3497 3789 3498
3 3498 3789 3790
3 3499 3498 3790
3 3768 3482 3500
3 3791 3768 3500
3 3791 3500 3792
3 3500 3501 3792
3 3792 3501 3793
3 3501 3502 3793
3 3793 3502 3794
3 3502 3503 3794
3 3794 3503 3795
3 3503 3504 3795
3 3796 3504 3506
3 3796 3797 3504
3 3797 3795 3504
3 3508 3797 3796
3 3508 3507 3797
3 3507 3798 3797
3 3798 3507 3799
3 3507 3509 3799
3 3799 3509 3800
3 3509 3510 3800
3 3800 3510 3801
3 3510 3511 3801
3 3801 3511 3802
3 3511 3512 3802
3 3802 3512 3803
3 3512 3513 3803
3 3803 3513 3804
3 3513 3514 3804
3 3804 3514 3805
3 3514 3515 3805
3 3805 3515 3806
3 3515 3516 3806
3 3806 3516 3807
3 3516 3517 3807
3 3807 3517 3808
3 3517 3518 3808
3 3808 3518 3809
3 3518 3519 3809
3 3809 3519 3810
3 3519 3520 3810
3 3486 3769 3811
3 3486 3811 3520
3 3520 3811 3810
3 3769 3771 3811
3 3773 3488 3812
3 3812 3488 3521
3 3775 3813 3490
3 3813 3522 3490
3 3786 3785 3814
3 3785 3787 3815
3 3814 3785 3815
3 3787 3496 3523
3 3787 3523 3815
3 3815 3523 3816
3 3816 3523 3817
3 3523 3524 3817
3 3817 3524 3818
3 3524 3525 3818
3 3818 3525 3819
3 3525 3526 3819
3 3819 3526 3820
3 3526 3527 3820
3 3820 3527 3821
3 3527 3528 3821
3 3821 3528 3822
3 3528 3529 3822
3 3822 3529 3823
3 3529 3530 3823
3 3823 3530 3824
3 3530 3531 3824
3 3824 3531 3825
3 3531 3532 3825
3 3825 3532 3826
3 3532 3533 3826
3 3533 3827 3826
3 3534 3827 3533
3 3830 3828 3829
3 3537 3829 3828
3 3537 3536 3829
3 3536 3831 3829
3 3831 3536 3832
3 3536 3538 3832
3 3832 3538 3833
3 3538 3539 3833
3 3833 3539 3499
3 3790 3833 3499
3 3796 3506 3540
3 3796 3540 3508
3 3812 3521 3834
3 3834 3521 3541
3 3543 3835 3836
3 3542 3835 3543
3 3835 3542 3522
3 3813 3835 3522
3 3827 3534 3544
3 3837 3827 3544
3 3837 3544 3838
3 3544 3545 3838
3 3838 3545 3839
3 3545 3546 3839
3 3839 3546 3840
3 3546 3547 3840
3 3828 3830 3840
3 3828 3840 3548
3 3548 3840 3547
3 3828 3548 3537
3 3834 3541 3549
3 3841 3834 3549
3 3549 3842 3841
3 3550 3842 3549
3 3836 3843 3543
3 3843 3551 3543
3 3842 3550 3844
3 3844 3550 3552
3 3843 3845 3551
3 3845 3554 3551
3 3844 3552 3555
3 3846 3844 3555
3 3555 3847 3846
3 3556 3847 3555
3 3558 3848 3849
3 3557 3848 3558
3 3848 3557 3554
3 3845 3848 3554
3 3847 3556 3559
3 3850 3847 3559
3 3850 3559 3851
3 3559 3560 3851
3 3560 3852 3851
3 3561 3852 3560
3 3563 3853 3854
3 3562 3853 3563
3 3853 3562 3855
3 3562 3564 3855
3 3855 3564 3558
3 3849 3855 3558
3 3852 3561 3565
3 3856 3852 3565
3 3856 3565 3857
3 3565 3566 3857
3 3857 3566 3858
3 3566 3567 3858
3 3858 3567 3859
3 3567 3568 3859
3 3859 3568 3860
3 3568 3569 3860
3 3860 3569 3563
3 3854 3860 3563
3 3863 3862 3861
3 3571 3861 3862
3 3571 3862 3570
3 3570 3862 3864
3 3864 3865 3570
3 3570 3865 3572
3 3865 3866 3572
3 3572 3866 3573
3 3866 3867 3573
3 3573 3867 3574
3 3867 3868 3574
3 3574 3868 3576
3 3576 3868 3869
3 3577 3576 3869
3 3580 3871 3870
3 3579 3580 3870
3 3870 3872 3579
3 3579 3872 3581
3 3872 3873 3581
3 3581 3873 3582
3 3861 3873 3863
3 3861 3583 3873
3 3583 3582 3873
3 3861 3571 3583
3 3869 3584 3577
3 3874 3584 3869
3 3874 3875 3584
3 3584 3875 3586
3 3586 3875 3876
3 3587 3586 3876
3 3879 3878 3877
3 3590 3877 3878
3 3590 3878 3589
3 3589 3878 3880
3 3880 3580 3589
3 3871 3580 3880
3 3876 3591 3587
3 3881 3591 3876
3 3881 3882 3591
3 3591 3882 3593
3 3883 3594 3593
3 3883 3593 3884
3 3884 3593 3882
3 3884 3885 3883
3 3888 3887 3886
3 3887 3890 3889
3 3886 3887 3889
3 3890 3892 3891
3 3889 3890 3891
3 3892 3894 3893
3 3891 3892 3893
3 3894 3896 3895
3 3893 3894 3895
3 3896 3898 3897
3 3895 3896 3897
3 3898 3900 3899
3 3897 3898 3899
3 3877 3596 3597
3 3879 3877 3597
3 3879 3597 3899
3 3879 3899 3900
3 3877 3590 3596
3 3883 3598 3594
3 3885 3598 3883
3 3885 3901 3598
3 3901 3600 3598
3 3901 3902 3600
3 3600 3902 3602
3 3903 3603 3602
3 3903 3602 3904
3 3904 3602 3902
3 3904 3906 3905
3 3903 3904 3905
3 3906 3908 3907
3 3905 3906 3907
3 3908 3910 3909
3 3907 3908 3909
3 3910 3912 3911
3 3909 3910 3911
3 3912 3913 3911
3 3916 3915 3914
3 3915 3918 3917
3 3914 3915 3917
3 3606 3917 3918
3 3606 3918 3605
3 3605 3918 3919
3 3919 3920 3605
3 3605 3920 3608
3 3920 3921 3608
3 3608 3921 3610
3 3921 3922 3610
3 3610 3922 3612
3 3922 3923 3612
3 3612 3923 3614
3 3923 3924 3614
3 3614 3924 3616
3 3888 3886 3925
3 3888 3925 3616
3 3888 3616 3924
3 3617 3616 3925
3 3886 3889 3925
3 3889 3926 3925
3 3889 3891 3926
3 3891 3927 3926
3 3891 3893 3927
3 3893 3928 3927
3 3893 3895 3928
3 3895 3929 3928
3 3895 3897 3929
3 3897 3930 3929
3 3897 3899 3930
3 3899 3931 3930
3 3899 3618 3931
3 3597 3618 3899
3 3903 3621 3603
3 3905 3621 3903
3 3623 3621 3905
3 3907 3623 3905
3 3625 3623 3907
3 3909 3625 3907
3 3627 3625 3909
3 3911 3627 3909
3 3629 3627 3911
3 3913 3629 3911
3 3913 3932 3629
3 3932 3631 3629
3 3933 3632 3631
3 3933 3631 3934
3 3934 3631 3932
3 3934 3936 3935
3 3933 3934 3935
3 3936 3937 3935
3 3635 3939 3938
3 3634 3635 3938
3 3938 3940 3634
3 3634 3940 3636
3 3940 3941 3636
3 3636 3941 3637
3 3941 3942 3637
3 3637 3942 3638
3 3942 3943 3638
3 3638 3943 3639
3 3943 3944 3639
3 3639 3944 3640
3 3944 3945 3640
3 3640 3945 3641
3 3945 3946 3641
3 3641 3946 3642
3 3946 3947 3642
3 3642 3947 3643
3 3947 3948 3643
3 3643 3948 3644
3 3914 3948 3916
3 3914 3645 3948
3 3645 3644 3948
3 3917 3645 3914
3 3646 3645 3917
3 3917 3606 3646
3 3925 3653 3617
3 3653 3949 3654
3 3653 3925 3949
3 3925 3926 3949
3 3926 3927 3949
3 3927 3950 3949
3 3927 3928 3950
3 3928 3951 3950
3 3928 3929 3951
3 3929 3952 3951
3 3953 3954 3952
3 3953 3952 3930
3 3930 3952 3929
3 3956 3953 3930
3 3956 3930 3955
3 3955 3930 3931
3 3931 3655 3955
3 3618 3655 3931
3 3933 3662 3632
3 3935 3662 3933
3 3664 3662 3935
3 3937 3664 3935
3 3937 3957 3664
3 3957 3666 3664
3 3957 3958 3666
3 3666 3958 3668
3 3959 3669 3668
3 3959 3668 3960
3 3960 3668 3958
3 3960 3962 3961
3 3959 3960 3961
3 3962 3964 3963
3 3961 3962 3963
3 3964 3966 3965
3 3963 3964 3965
3 3966 3968 3967
3 3965 3966 3967
3 3672 3967 3968
3 3672 3968 3671
3 3671 3968 3969
3 3969 3970 3671
3 3671 3970 3674
3 3970 3971 3674
3 3674 3971 3676
3 3971 3972 3676
3 3676 3972 3678
3 3972 3973 3678
3 3678 3973 3680
3 3973 3974 3680
3 3680 3974 3682
3 3974 3975 3682
3 3682 3975 3684
3 3975 3976 3684
3 3684 3976 3686
3 3977 3687 3686
3 3977 3686 3978
3 3978 3686 3976
3 3978 3980 3979
3 3977 3978 3979
3 3980 3981 3979
3 3689 3983 3982
3 3688 3689 3982
3 3982 3984 3688
3 3688 3984 3690
3 3984 3985 3690
3 3690 3985 3691
3 3985 3986 3691
3 3691 3986 3692
3 3986 3987 3692
3 3692 3987 3693
3 3987 3988 3693
3 3693 3988 3694
3 3988 3989 3694
3 3694 3989 3695
3 3989 3990 3695
3 3695 3990 3696
3 3990 3635 3696
3 3939 3635 3990
3 3699 3991 3700
3 3701 3991 3699
3 3992 3991 3701
3 3702 3992 3701
3 3993 3992 3702
3 3993 3994 3995
3 3993 3702 3994
3 3702 3703 3994
3 3994 3703 3996
3 3703 3704 3996
3 3654 3949 3997
3 3654 3997 3704
3 3704 3997 3996
3 3949 3950 3998
3 3997 3949 3998
3 3950 3951 3999
3 3998 3950 3999
3 3951 3952 4000
3 3999 3951 4000
3 3952 3954 4000
3 3956 3955 4001
3 3955 4002 4001
3 3955 3655 4002
3 3655 3706 4002
3 3708 4003 3709
3 3710 4003 3708
3 4004 4003 3710
3 3711 4004 3710
3 4005 4004 3711
3 3711 3713 4005
3 3959 3721 3669
3 3961 3721 3959
3 3723 3721 3961
3 3963 3723 3961
3 3725 3723 3963
3 3965 3725 3963
3 3727 3725 3965
3 3967 3727 3965
3 3728 3727 3967
3 3967 3672 3728
3 3977 3729 3687
3 3979 3729 3977
3 3730 3729 3979
3 3981 3730 3979
3 3981 4006 3730
3 4006 3731 3730
3 4006 4007 3731
3 3731 4007 3732
3 4007 4008 3732
3 3732 4008 3733
3 4008 4009 3733
3 3733 4009 3734
3 4009 4010 3734
3 3734 4010 3735
3 3735 4010 4011
3 3736 3735 4011
3 3738 4013 4012
3 3737 3738 4012
3 4012 4014 3737
3 3737 4014 3739
3 4014 4015 3739
3 3739 4015 3740
3 4015 3689 3740
3 3983 3689 4015
3 3742 4016 3743
3 4016 4017 4018
3 4016 3742 4017
3 3742 3744 4017
3 4017 3744 4019
3 3744 3745 4019
3 3700 3991 4020
3 3700 4020 3745
3 3745 4020 4019
3 3991 3992 4021
3 4020 3991 4021
3 3992 3993 4022
3 4021 3992 4022
3 3993 3995 4022
3 3746 4023 4024
3 3746 4024 3706
3 3706 4024 4002
3 3746 3747 4023
3 3749 4025 4026
3 3748 4025 3749
3 3709 4003 4027
3 3709 4027 3748
3 3748 4027 4025
3 4003 4004 4028
3 4027 4003 4028
3 4004 4005 4029
3 4028 4004 4029
3 4005 3713 3750
3 4005 3750 4029
3 4029 3750 4030
3 4030 3750 4031
3 3750 3751 4031
3 4033 3752 4032
3 4033 4031 3752
3 4031 3751 3752
3 3753 4032 3752
3 4034 4032 3753
3 3754 4034 3753
3 4035 4034 3754
3 3754 3756 4035
3 4011 3763 3736
3 4036 3763 4011
3 4036 4037 3763
3 3763 4037 3764
3 4037 4038 3764
3 3764 4038 3765
3 4038 4039 3765
3 3765 4039 3766
3 3766 4039 4040
3 3767 3766 4040
3 4041 4042 4013
3 4041 4013 3768
3 3768 4013 3738
3 4042 4041 4043
3 3771 4044 4045
3 3770 4044 3771
3 4044 3770 4046
3 3770 3772 4046
3 3743 4016 4047
3 3743 4047 3772
3 3772 4047 4046
3 4016 4018 4047
3 4024 4023 4048
3 4023 4049 4048
3 4023 3747 4049
3 3747 3773 4049
3 3775 4050 4051
3 3774 4050 3775
3 4050 3774 3749
3 4026 4050 3749
3 4033 4032 4052
3 4032 4034 4053
3 4052 4032 4053
3 4034 4035 4054
3 4053 4034 4054
3 4035 3756 3776
3 4035 3776 4054
3 4054 3776 4055
3 4055 3776 4056
3 3776 3777 4056
3 4056 3777 4057
3 3777 3778 4057
3 4057 3778 4058
3 3778 3779 4058
3 4058 3779 4059
3 3779 3780 4059
3 4059 3780 4060
3 3780 3781 4060
3 4060 3781 4061
3 3781 3782 4061
3 4063 3783 4062
3 4063 4061 3783
3 4061 3782 3783
3 3784 4062 3783
3 4064 4062 3784
3 3784 3786 4064
3 4040 3788 3767
3 4065 3788 4040
3 4065 4066 3788
3 3788 4066 3789
3 3789 4066 4067
3 3790 3789 4067
3 4041 3768 3791
3 4043 4041 3791
3 4043 3791 4068
3 4068 3791 3792
3 4068 3792 4069
3 3792 3793 4069
3 4069 3793 4070
3 3793 3794 4070
3 4070 3794 4071
3 3794 3795 4071
3 4071 3795 4072
3 3795 3797 4072
3 4072 3797 4073
3 3797 3798 4073
3 4073 3798 4074
3 3798 3799 4074
3 4074 3799 4075
3 3799 3800 4075
3 4075 3800 4076
3 3800 3801 4076
3 4076 3801 4077
3 3801 3802 4077
3 4077 3802 4078
3 3802 3803 4078
3 4078 3803 4079
3 3803 3804 4079
3 4079 3804 4080
3 3804 3805 4080
3 4080 3805 4081
3 3805 3806 4081
3 4081 3806 4082
3 3806 3807 4082
3 4082 3807 4083
3 3807 3808 4083
3 4083 3808 4084
3 3808 3809 4084
3 4084 3809 4085
3 3809 3810 4085
3 4085 3810 4086
3 3810 3811 4086
3 4086 3811 3771
3 4045 4086 3771
3 4049 3773 4087
3 4087 3773 3812
3 4051 4088 3775
3 4088 3813 3775
3 4063 4062 4089
3 4062 4064 4090
3 4089 4062 4090
3 4064 3786 3814
3 4064 3814 4090
3 4090 3814 4091
3 4091 3814 4092
3 3814 3815 4092
3 4092 3815 4093
3 3815 3816 4093
3 4093 3816 4094
3 3816 3817 4094
3 4094 3817 4095
3 3817 3818 4095
3 4095 3818 4096
3 3818 3819 4096
3 4096 3819 4097
3 3819 3820 4097
3 4099 3821 4098
3 4099 4097 3821
3 4097 3820 3821
3 3822 4098 3821
3 4100 4098 3822
3 3823 4100 3822
3 4101 4100 3823
3 3824 4101 3823
3 4102 4101 3824
3 4102 4103 4104
3 4102 3824 4103
3 3824 3825 4103
3 4103 3825 4105
3 3825 3826 4105
3 4106 3826 3827
3 4106 4107 3826
3 4107 4105 3826
3 4107 4108 4109
3 4106 4108 4107
3 4109 4110 4111
3 4108 4110 4109
3 4111 4112 4113
3 4110 4112 4111
3 3830 4113 4112
3 3830 3829 4113
3 3829 4114 4113
3 4114 3829 4115
3 3829 3831 4115
3 4115 3831 4116
3 3831 3832 4116
3 4116 3832 4117
3 3832 3833 4117
3 4117 3833 3790
3 4067 4117 3790
3 4087 3812 4118
3 4118 3812 3834
3 3835 4119 3836
3 4119 3835 3813
3 4119 3813 4120
3 4120 3813 4088
3 4099 4098 4121
3 4098 4100 4122
3 4121 4098 4122
3 4100 4101 4123
3 4122 4100 4123
3 4101 4102 4124
3 4123 4101 4124
3 4102 4104 4124
3 4106 3827 3837
3 4108 4106 3837
3 3838 4108 3837
3 4110 4108 3838
3 3839 4110 3838
3 4112 4110 3839
3 3840 4112 3839
3 4112 3840 3830
3 4118 3834 3841
3 4125 4118 3841
3 3841 4126 4125
3 3842 4126 3841
3 4127 3836 4119
3 4127 4128 3836
3 4128 3843 3836
3 4119 4120 4127
3 4126 3842 4129
3 4129 3842 3844
3 4128 4130 3843
3 4130 3845 3843
3 4129 3844 3846
3 4131 4129 3846
3 3846 4132 4131
3 3847 4132 3846
3 3849 4133 4134
3 3848 4133 3849
3 4133 3848 3845
3 4130 4133 3845
3 4132 3847 3850
3 4135 4132 3850
3 4135 3850 4136
3 3850 3851 4136
3 3851 4137 4136
3 3852 4137 3851
3 3854 4138 4139
3 3853 4138 3854
3 4138 3853 4140
3 3853 3855 4140
3 4140 3855 3849
3 4134 4140 3849
3 4137 3852 3856
3 4141 4137 3856
3 4141 3856 4142
3 3856 3857 4142
3 4142 3857 4143
3 3857 3858 4143
3 4143 3858 4144
3 3858 3859 4144
3 4144 3859 4145
3 3859 3860 4145
3 4145 3860 3854
3 4139 4145 3854
3 3863 4147 4146
3 3862 3863 4146
3 4146 4148 3862
3 3862 4148 3864
3 4148 4149 3864
3 3864 4149 3865
3 4149 4150 3865
3 3865 4150 3866
3 4150 4151 3866
3 3866 4151 3867
3 4151 4152 3867
3 3867 4152 3868
3 4153 3869 3868
3 4153 3868 4154
3 4154 3868 4152
3 4154 4155 4153
3 4158 4157 4156
3 3871 4156 4157
3 3871 4157 3870
3 3870 4157 4159
3 4159 4160 3870
3 3870 4160 3872
3 4160 4161 3872
3 3872 4161 3873
3 4161 3863 3873
3 4147 3863 4161
3 4153 3874 3869
3 4155 3874 4153
3 4155 4162 3874
3 4162 3875 3874
3 4163 3876 3875
3 4163 3875 4164
3 4164 3875 4162
3 4164 4165 4163
3 4168 4167 4166
3 4167 4170 4169
3 4166 4167 4169
3 4170 4171 4169
3 3879 4173 4172
3 3878 3879 4172
3 4156 4172 4158
3 4156 3880 4172
3 3880 3878 4172
3 4156 3871 3880
3 4163 3881 3876
3 4165 3881 4163
3 4165 4174 3881
3 4174 3882 3881
3 4174 4175 3882
3 3882 4175 3884
3 4176 3885 3884
3 4176 3884 4177
3 4177 3884 4175
3 4177 4179 4178
3 4176 4177 4178
3 4179 4181 4180
3 4178 4179 4180
3 4181 4183 4182
3 4180 4181 4182
3 4183 4184 4182
3 4187 4186 4185
3 4186 4189 4188
3 4185 4186 4188
3 4189 4191 4190
3 4188 4189 4190
3 4191 4193 4192
3 4190 4191 4192
3 3888 4192 4193
3 3888 4193 3887
3 3887 4193 4194
3 4194 4195 3887
3 3887 4195 3890
3 4166 4195 4168
3 4166 3892 4195
3 3892 3890 4195
3 4169 3892 4166
3 3894 3892 4169
3 4171 3894 4169
3 4171 4196 3894
3 4196 3896 3894
3 4196 4197 3896
3 3896 4197 3898
3 4197 4198 3898
3 3898 4198 3900
3 4198 3879 3900
3 4173 3879 4198
3 4176 3901 3885
3 4178 3901 4176
3 3902 3901 4178
3 4180 3902 4178
3 3904 3902 4180
3 4182 3904 4180
3 3906 3904 4182
3 4184 3906 4182
3 4184 4199 3906
3 4199 3908 3906
3 4199 4200 3908
3 3908 4200 3910
3 4200 4201 3910
3 3910 4201 3912
3 4202 3913 3912
3 4202 3912 4203
3 4203 3912 4201
3 4203 4204 4202
3 4207 4206 4205
3 3916 4205 4206
3 3916 4206 3915
3 3915 4206 4208
3 4208 4209 3915
3 3915 4209 3918
3 4209 4210 3918
3 3918 4210 3919
3 4210 4211 3919
3 3919 4211 3920
3 4185 4211 4187
3 4185 3921 4211
3 3921 3920 4211
3 4188 3921 4185
3 3922 3921 4188
3 4190 3922 4188
3 3923 3922 4190
3 4192 3923 4190
3 3924 3923 4192
3 4192 3888 3924
3 4202 3932 3913
3 4204 3932 4202
3 4204 4212 3932
3 4212 3934 3932
3 4212 4213 3934
3 3934 4213 3936
3 4214 3937 3936
3 4214 3936 4215
3 4215 3936 4213
3 4215 4217 4216
3 4214 4215 4216
3 4217 4219 4218
3 4216 4217 4218
3 4219 4220 4218
3 3939 4222 4221
3 3938 3939 4221
3 4221 4223 3938
3 3938 4223 3940
3 4223 4224 3940
3 3940 4224 3941
3 4224 4225 3941
3 3941 4225 3942
3 4225 4226 3942
3 3942 4226 3943
3 4226 4227 3943
3 3943 4227 3944
3 4227 4228 3944
3 3944 4228 3945
3 4228 4229 3945
3 3945 4229 3946
3 4229 4230 3946
3 3946 4230 3947
3 4205 4230 4207
3 4205 3948 4230
3 3948 3947 4230
3 4205 3916 3948
3 3953 4231 3954
3 3953 3956 4231
3 4214 3957 3937
3 4216 3957 4214
3 3958 3957 4216
3 4218 3958 4216
3 3960 3958 4218
3 4220 3960 4218
3 4220 4232 3960
3 4232 3962 3960
3 4232 4233 3962
3 3962 4233 3964
3 4233 4234 3964
3 3964 4234 3966
3 4234 4235 3966
3 3966 4235 3968
3 4235 4236 3968
3 3968 4236 3969
3 4236 4237 3969
3 3969 4237 3970
3 4237 4238 3970
3 3970 4238 3971
3 4238 4239 3971
3 3971 4239 3972
3 4239 4240 3972
3 3972 4240 3973
3 4240 4241 3973
3 3973 4241 3974
3 4241 4242 3974
3 3974 4242 3975
3 4242 4243 3975
3 3975 4243 3976
3 4243 4244 3976
3 3976 4244 3978
3 4244 4245 3978
3 3978 4245 3980
3 4246 3981 3980
3 4246 3980 4247
3 4247 3980 4245
3 4247 4248 4246
3 3983 4250 4249
3 3982 3983 4249
3 4249 4251 3982
3 3982 4251 3984
3 4251 4252 3984
3 3984 4252 3985
3 4252 4253 3985
3 3985 4253 3986
3 4253 4254 3986
3 3986 4254 3987
3 4254 4255 3987
3 3987 4255 3988
3 4255 4256 3988
3 3988 4256 3989
3 4256 4257 3989
3 3989 4257 3990
3 4257 3939 3990
3 4222 3939 4257
3 3994 4258 3995
3 3996 4258 3994
3 4259 4258 3996
3 3997 4259 3996
3 4260 4259 3997
3 4260 4261 4262
3 4260 3997 4261
3 3997 3998 4261
3 4261 3998 4263
3 3998 3999 4263
3 4263 3999 4264
3 3999 4000 4264
3 3954 4231 4265
3 3954 4265 4000
3 4000 4265 4264
3 4267 4001 4266
3 4265 4001 4267
3 4265 3956 4001
3 4265 4231 3956
3 4001 4002 4266
3 4246 4006 3981
3 4248 4006 4246
3 4248 4268 4006
3 4268 4007 4006
3 4268 4269 4007
3 4007 4269 4008
3 4269 4270 4008
3 4008 4270 4009
3 4270 4271 4009
3 4009 4271 4010
3 4010 4271 4272
3 4011 4010 4272
3 4012 4013 4273
3 4273 4275 4274
3 4273 4274 4012
3 4012 4274 4014
3 4274 4276 4014
3 4014 4276 4015
3 4276 3983 4015
3 4250 3983 4276
3 4017 4277 4018
3 4019 4277 4017
3 4278 4277 4019
3 4278 4279 4280
3 4278 4019 4279
3 4019 4020 4279
3 4279 4020 4281
3 4020 4021 4281
3 4281 4021 4282
3 4021 4022 4282
3 3995 4258 4283
3 3995 4283 4022
3 4022 4283 4282
3 4258 4259 4284
3 4283 4258 4284
3 4259 4260 4285
3 4284 4259 4285
3 4260 4262 4285
3 4267 4266 4286
3 4266 4287 4286
3 4266 4002 4287
3 4002 4024 4287
3 4025 4288 4026
3 4288 4289 4290
3 4288 4025 4289
3 4025 4027 4289
3 4289 4027 4291
3 4027 4028 4291
3 4291 4028 4292
3 4028 4029 4292
3 4292 4029 4293
3 4029 4030 4293
3 4295 4031 4294
3 4295 4293 4031
3 4293 4030 4031
3 4031 4033 4294
3 4272 4036 4011
3 4296 4036 4272
3 4296 4297 4036
3 4036 4297 4037
3 4297 4298 4037
3 4037 4298 4038
3 4298 4299 4038
3 4038 4299 4039
3 4039 4299 4300
3 4040 4039 4300
3 4273 4013 4042
3 4042 4275 4273
3 4042 4043 4275
3 4043 4301 4275
3 4044 4302 4045
3 4302 4303 4304
3 4302 4044 4303
3 4044 4046 4303
3 4303 4046 4305
3 4046 4047 4305
3 4018 4277 4306
3 4018 4306 4047
3 4047 4306 4305
3 4277 4278 4307
3 4306 4277 4307
3 4278 4280 4307
3 4287 4024 4048
3 4308 4287 4048
3 4048 4309 4308
3 4049 4309 4048
3 4050 4310 4051
3 4310 4311 4312
3 4050 4311 4310
3 4050 4288 4311
3 4050 4026 4288
3 4288 4290 4311
3 4295 4294 4313
3 4294 4033 4052
3 4294 4052 4313
3 4313 4052 4314
3 4314 4052 4315
3 4052 4053 4315
3 4315 4053 4316
3 4053 4054 4316
3 4316 4054 4317
3 4054 4055 4317
3 4317 4055 4318
3 4055 4056 4318
3 4318 4056 4319
3 4056 4057 4319
3 4319 4057 4320
3 4057 4058 4320
3 4320 4058 4321
3 4058 4059 4321
3 4323 4060 4322
3 4323 4321 4060
3 4321 4059 4060
3 4061 4322 4060
3 4324 4322 4061
3 4061 4063 4324
3 4300 4065 4040
3 4325 4065 4300
3 4327 4326 4066
3 4327 4066 4325
3 4325 4066 4065
3 4066 4326 4067
3 4301 4043 4068
3 4328 4301 4068
3 4328 4068 4329
3 4068 4069 4329
3 4329 4069 4330
3 4069 4070 4330
3 4330 4070 4331
3 4070 4071 4331
3 4331 4071 4332
3 4071 4072 4332
3 4332 4072 4333
3 4072 4073 4333
3 4333 4073 4334
3 4073 4074 4334
3 4334 4074 4335
3 4074 4075 4335
3 4335 4075 4336
3 4075 4076 4336
3 4336 4076 4337
3 4076 4077 4337
3 4337 4077 4338
3 4077 4078 4338
3 4338 4078 4339
3 4078 4079 4339
3 4339 4079 4340
3 4079 4080 4340
3 4340 4080 4341
3 4080 4081 4341
3 4341 4081 4342
3 4081 4082 4342
3 4342 4082 4343
3 4082 4083 4343
3 4343 4083 4344
3 4083 4084 4344
3 4344 4084 4345
3 4084 4085 4345
3 4345 4085 4346
3 4085 4086 4346
3 4045 4302 4347
3 4045 4347 4086
3 4086 4347 4346
3 4302 4304 4347
3 4309 4049 4348
3 4348 4049 4087
3 4349 4051 4310
3 4349 4350 4051
3 4350 4088 4051
3 4310 4312 4349
3 4323 4322 4351
3 4322 4324 4352
3 4351 4322 4352
3 4324 4063 4089
3 4324 4089 4352
3 4352 4089 4353
3 4353 4089 4354
3 4089 4090 4354
3 4354 4090 4355
3 4090 4091 4355
3 4355 4091 4356
3 4091 4092 4356
3 4356 4092 4357
3 4092 4093 4357
3 4357 4093 4358
3 4093 4094 4358
3 4360 4095 4359
3 4360 4358 4095
3 4358 4094 4095
3 4096 4359 4095
3 4361 4359 4096
3 4097 4361 4096
3 4362 4361 4097
3 4097 4099 4362
3 4365 4363 4364
3 4364 4366 4367
3 4363 4366 4364
3 4104 4367 4366
3 4104 4103 4367
3 4103 4368 4367
3 4368 4103 4369
3 4103 4105 4369
3 4369 4105 4370
3 4105 4107 4370
3 4370 4107 4371
3 4107 4109 4371
3 4371 4109 4372
3 4109 4111 4372
3 4372 4111 4373
3 4111 4113 4373
3 4373 4113 4374
3 4113 4114 4374
3 4374 4114 4375
3 4114 4115 4375
3 4375 4115 4376
3 4115 4116 4376
3 4326 4327 4376
3 4326 4376 4117
3 4117 4376 4116
3 4326 4117 4067
3 4348 4087 4377
3 4377 4087 4118
3 4350 4378 4088
3 4378 4120 4088
3 4360 4359 4379
3 4359 4361 4380
3 4379 4359 4380
3 4361 4362 4381
3 4380 4361 4381
3 4362 4099 4121
3 4362 4121 4381
3 4381 4121 4382
3 4382 4121 4383
3 4121 4122 4383
3 4363 4365 4383
3 4363 4383 4123
3 4123 4383 4122
3 4366 4363 4123
3 4124 4366 4123
3 4366 4124 4104
3 4377 4118 4125
3 4384 4377 4125
3 4125 4385 4384
3 4126 4385 4125
3 4128 4386 4387
3 4127 4386 4128
3 4386 4127 4120
3 4378 4386 4120
3 4385 4126 4388
3 4388 4126 4129
3 4387 4389 4128
3 4389 4130 4128
3 4388 4129 4131
3 4390 4388 4131
3 4131 4391 4390
3 4132 4391 4131
3 4134 4392 4393
3 4133 4392 4134
3 4392 4133 4130
3 4389 4392 4130
3 4391 4132 4135
3 4394 4391 4135
3 4394 4135 4395
3 4135 4136 4395
3 4136 4396 4395
3 4137 4396 4136
3 4139 4397 4398
3 4138 4397 4139
3 4397 4138 4399
3 4138 4140 4399
3 4399 4140 4134
3 4393 4399 4134
3 4396 4137 4141
3 4400 4396 4141
3 4400 4141 4401
3 4141 4142 4401
3 4401 4142 4402
3 4142 4143 4402
3 4402 4143 4403
3 4143 4144 4403
3 4403 4144 4404
3 4144 4145 4404
3 4404 4145 4139
3 4398 4404 4139
3 4407 4406 4405
3 4147 4405 4406
3 4147 4406 4146
3 4146 4406 4408
3 4408 4409 4146
3 4146 4409 4148
3 4409 4410 4148
3 4148 4410 4149
3 4410 4411 4149
3 4149 4411 4150
3 4411 4412 4150
3 4150 4412 4151
3 4412 4413 4151
3 4151 4413 4152
3 4413 4414 4152
3 4152 4414 4154
3 4154 4414 4415
3 4155 4154 4415
3 4158 4417 4416
3 4157 4158 4416
3 4416 4418 4157
3 4157 4418 4159
3 4418 4419 4159
3 4159 4419 4160
3 4405 4419 4407
3 4405 4161 4419
3 4161 4160 4419
3 4405 4147 4161
3 4415 4162 4155
3 4420 4162 4415
3 4420 4421 4162
3 4162 4421 4164
3 4422 4165 4164
3 4422 4164 4423
3 4423 4164 4421
3 4423 4425 4424
3 4422 4423 4424
3 4425 4426 4424
3 4429 4428 4427
3 4428 4431 4430
3 4427 4428 4430
3 4431 4433 4432
3 4430 4431 4432
3 4433 4435 4434
3 4432 4433 4434
3 4168 4434 4435
3 4168 4435 4167
3 4167 4435 4436
3 4436 4437 4167
3 4167 4437 4170
3 4438 4171 4170
3 4438 4170 4439
3 4439 4170 4437
3 4439 4441 4440
3 4438 4439 4440
3 4441 4443 4442
3 4440 4441 4442
3 4173 4442 4443
3 4173 4443 4172
3 4172 4443 4444
3 4444 4158 4172
3 4417 4158 4444
3 4422 4174 4165
3 4424 4174 4422
3 4175 4174 4424
3 4426 4175 4424
3 4426 4445 4175
3 4445 4177 4175
3 4445 4446 4177
3 4177 4446 4179
3 4446 4447 4179
3 4179 4447 4181
3 4447 4448 4181
3 4181 4448 4183
3 4449 4184 4183
3 4449 4183 4450
3 4450 4183 4448
3 4450 4452 4451
3 4449 4450 4451
3 4452 4453 4451
3 4456 4455 4454
3 4455 4458 4457
3 4454 4455 4457
3 4187 4457 4458
3 4187 4458 4186
3 4186 4458 4459
3 4459 4460 4186
3 4186 4460 4189
3 4427 4460 4429
3 4427 4191 4460
3 4191 4189 4460
3 4430 4191 4427
3 4193 4191 4430
3 4432 4193 4430
3 4194 4193 4432
3 4434 4194 4432
3 4195 4194 4434
3 4434 4168 4195
3 4438 4196 4171
3 4440 4196 4438
3 4197 4196 4440
3 4442 4197 4440
3 4198 4197 4442
3 4442 4173 4198
3 4449 4199 4184
3 4451 4199 4449
3 4200 4199 4451
3 4453 4200 4451
3 4453 4461 4200
3 4461 4201 4200
3 4461 4462 4201
3 4201 4462 4203
3 4463 4204 4203
3 4463 4203 4464
3 4464 4203 4462
3 4464 4466 4465
3 4463 4464 4465
3 4466 4467 4465
3 4470 4469 4468
3 4207 4468 4469
3 4207 4469 4206
3 4206 4469 4471
3 4471 4472 4206
3 4206 4472 4208
3 4472 4473 4208
3 4208 4473 4209
3 4454 4473 4456
3 4454 4210 4473
3 4210 4209 4473
3 4457 4210 4454
3 4211 4210 4457
3 4457 4187 4211
3 4463 4212 4204
3 4465 4212 4463
3 4213 4212 4465
3 4467 4213 4465
3 4467 4474 4213
3 4474 4215 4213
3 4474 4475 4215
3 4215 4475 4217
3 4475 4476 4217
3 4217 4476 4219
3 4477 4220 4219
3 4477 4219 4478
3 4478 4219 4476
3 4478 4480 4479
3 4477 4478 4479
3 4480 4482 4481
3 4479 4480 4481
3 4482 4484 4483
3 4481 4482 4483
3 4484 4485 4483
3 4222 4487 4486
3 4221 4222 4486
3 4486 4488 4221
3 4221 4488 4223
3 4488 4489 4223
3 4223 4489 4224
3 4489 4490 4224
3 4224 4490 4225
3 4490 4491 4225
3 4225 4491 4226
3 4491 4492 4226
3 4226 4492 4227
3 4492 4493 4227
3 4227 4493 4228
3 4493 4494 4228
3 4228 4494 4229
3 4468 4494 4470
3 4468 4230 4494
3 4230 4229 4494
3 4468 4207 4230
3 4477 4232 4220
3 4479 4232 4477
3 4233 4232 4479
3 4481 4233 4479
3 4234 4233 4481
3 4483 4234 4481
3 4235 4234 4483
3 4485 4235 4483
3 4485 4495 4235
3 4495 4236 4235
3 4495 4496 4236
3 4236 4496 4237
3 4496 4497 4237
3 4237 4497 4238
3 4497 4498 4238
3 4238 4498 4239
3 4498 4499 4239
3 4239 4499 4240
3 4499 4500 4240
3 4240 4500 4241
3 4500 4501 4241
3 4241 4501 4242
3 4501 4502 4242
3 4242 4502 4243
3 4502 4503 4243
3 4243 4503 4244
3 4503 4504 4244
3 4244 4504 4245
3 4504 4505 4245
3 4245 4505 4247
3 4247 4505 4506
3 4248 4247 4506
3 4250 4508 4507
3 4249 4250 4507
3 4507 4509 4249
3 4249 4509 4251
3 4509 4510 4251
3 4251 4510 4252
3 4510 4511 4252
3 4252 4511 4253
3 4511 4512 4253
3 4253 4512 4254
3 4512 4513 4254
3 4254 4513 4255
3 4513 4514 4255
3 4255 4514 4256
3 4514 4515 4256
3 4256 4515 4257
3 4515 4222 4257
3 4487 4222 4515
3 4261 4516 4262
3 4263 4516 4261
3 4517 4516 4263
3 4264 4517 4263
3 4518 4517 4264
3 4265 4518 4264
3 4519 4518 4265
3 4265 4267 4519
3 4506 4268 4248
3 4520 4268 4506
3 4520 4521 4268
3 4268 4521 4269
3 4521 4522 4269
3 4269 4522 4270
3 4522 4523 4270
3 4270 4523 4271
3 4271 4523 4524
3 4272 4271 4524
3 4275 4526 4525
3 4274 4275 4525
3 4525 4527 4274
3 4274 4527 4276
3 4527 4250 4276
3 4508 4250 4527
3 4279 4528 4280
3 4528 4529 4530
3 4528 4279 4529
3 4279 4281 4529
3 4529 4281 4531
3 4281 4282 4531
3 4531 4282 4532
3 4282 4283 4532
3 4532 4283 4533
3 4283 4284 4533
3 4533 4284 4534
3 4284 4285 4534
3 4262 4516 4535
3 4262 4535 4285
3 4285 4535 4534
3 4516 4517 4536
3 4535 4516 4536
3 4517 4518 4537
3 4536 4517 4537
3 4518 4519 4538
3 4537 4518 4538
3 4519 4267 4286
3 4519 4286 4538
3 4538 4286 4539
3 4286 4540 4539
3 4287 4540 4286
3 4289 4541 4290
3 4541 4542 4543
3 4541 4289 4542
3 4289 4291 4542
3 4545 4292 4544
3 4545 4542 4292
3 4542 4291 4292
3 4293 4544 4292
3 4546 4544 4293
3 4293 4295 4546
3 4524 4296 4272
3 4547 4296 4524
3 4547 4548 4296
3 4296 4548 4297
3 4548 4549 4297
3 4297 4549 4298
3 4551 4550 4299
3 4551 4299 4549
3 4549 4299 4298
3 4299 4550 4300
3 4552 4553 4526
3 4552 4526 4301
3 4301 4526 4275
3 4553 4552 4554
3 4303 4555 4304
3 4555 4556 4557
3 4555 4303 4556
3 4303 4305 4556
3 4556 4305 4558
3 4305 4306 4558
3 4558 4306 4559
3 4306 4307 4559
3 4280 4528 4560
3 4280 4560 4307
3 4307 4560 4559
3 4528 4530 4560
3 4308 4561 4562
3 4308 4562 4287
3 4287 4562 4540
3 4308 4309 4561
3 4312 4563 4564
3 4311 4563 4312
3 4290 4541 4565
3 4290 4565 4311
3 4311 4565 4563
3 4541 4543 4565
3 4545 4544 4566
3 4544 4546 4567
3 4566 4544 4567
3 4546 4295 4313
3 4546 4313 4567
3 4567 4313 4568
3 4568 4313 4569
3 4313 4314 4569
3 4569 4314 4570
3 4314 4315 4570
3 4572 4316 4571
3 4572 4570 4316
3 4570 4315 4316
3 4317 4571 4316
3 4573 4571 4317
3 4318 4573 4317
3 4574 4573 4318
3 4319 4574 4318
3 4575 4574 4319
3 4320 4575 4319
3 4576 4575 4320
3 4321 4576 4320
3 4577 4576 4321
3 4321 4323 4577
3 4551 4578 4550
3 4580 4579 4325
3 4578 4580 4325
3 4578 4325 4300
3 4578 4300 4550
3 4325 4579 4327
3 4552 4301 4328
3 4554 4552 4328
3 4554 4328 4581
3 4581 4328 4329
3 4581 4329 4582
3 4329 4330 4582
3 4582 4330 4583
3 4330 4331 4583
3 4583 4331 4584
3 4331 4332 4584
3 4584 4332 4585
3 4332 4333 4585
3 4585 4333 4586
3 4333 4334 4586
3 4586 4334 4587
3 4334 4335 4587
3 4587 4335 4588
3 4335 4336 4588
3 4588 4336 4589
3 4336 4337 4589
3 4589 4337 4590
3 4337 4338 4590
3 4590 4338 4591
3 4338 4339 4591
3 4591 4339 4592
3 4339 4340 4592
3 4592 4340 4593
3 4340 4341 4593
3 4593 4341 4594
3 4341 4342 4594
3 4594 4342 4595
3 4342 4343 4595
3 4595 4343 4596
3 4343 4344 4596
3 4596 4344 4597
3 4344 4345 4597
3 4597 4345 4598
3 4345 4346 4598
3 4598 4346 4599
3 4346 4347 4599
3 4304 4555 4600
3 4304 4600 4347
3 4347 4600 4599
3 4555 4557 4600
3 4562 4561 4601
3 4561 4602 4601
3 4561 4309 4602
3 4309 4348 4602
3 4350 4603 4604
3 4349 4603 4350
3 4603 4349 4312
3 4564 4603 4312
3 4572 4571 4605
3 4571 4573 4606
3 4605 4571 4606
3 4573 4574 4607
3 4606 4573 4607
3 4574 4575 4608
3 4607 4574 4608
3 4575 4576 4609
3 4608 4575 4609
3 4576 4577 4610
3 4609 4576 4610
3 4577 4323 4351
3 4577 4351 4610
3 4610 4351 4611
3 4611 4351 4612
3 4351 4352 4612
3 4612 4352 4613
3 4352 4353 4613
3 4613 4353 4614
3 4353 4354 4614
3 4614 4354 4615
3 4354 4355 4615
3 4615 4355 4616
3 4355 4356 4616
3 4618 4357 4617
3 4618 4616 4357
3 4616 4356 4357
3 4358 4617 4357
3 4619 4617 4358
3 4358 4360 4619
3 4622 4620 4621
3 4621 4623 4624
3 4620 4623 4621
3 4624 4625 4626
3 4623 4625 4624
3 4365 4626 4625
3 4365 4364 4626
3 4364 4627 4626
3 4627 4364 4628
3 4364 4367 4628
3 4628 4367 4629
3 4367 4368 4629
3 4629 4368 4630
3 4368 4369 4630
3 4630 4369 4631
3 4369 4370 4631
3 4631 4370 4632
3 4370 4371 4632
3 4632 4371 4633
3 4371 4372 4633
3 4633 4372 4634
3 4372 4373 4634
3 4634 4373 4635
3 4373 4374 4635
3 4635 4374 4636
3 4374 4375 4636
3 4579 4580 4636
3 4579 4636 4376
3 4376 4636 4375
3 4579 4376 4327
3 4602 4348 4637
3 4637 4348 4377
3 4604 4638 4350
3 4638 4378 4350
3 4618 4617 4639
3 4617 4619 4640
3 4639 4617 4640
3 4619 4360 4379
3 4619 4379 4640
3 4640 4379 4641
3 4641 4379 4642
3 4379 4380 4642
3 4620 4622 4642
3 4620 4642 4381
3 4381 4642 4380
3 4623 4620 4381
3 4382 4623 4381
3 4625 4623 4382
3 4383 4625 4382
3 4625 4383 4365
3 4637 4377 4384
3 4643 4637 4384
3 4384 4644 4643
3 4385 4644 4384
3 4387 4645 4646
3 4386 4645 4387
3 4645 4386 4378
3 4638 4645 4378
3 4644 4385 4647
3 4647 4385 4388
3 4646 4648 4387
3 4648 4389 4387
3 4647 4388 4390
3 4649 4647 4390
3 4390 4650 4649
3 4391 4650 4390
3 4393 4651 4652
3 4392 4651 4393
3 4651 4392 4389
3 4648 4651 4389
3 4650 4391 4394
3 4653 4650 4394
3 4653 4394 4654
3 4394 4395 4654
3 4395 4655 4654
3 4396 4655 4395
3 4398 4656 4657
3 4397 4656 4398
3 4656 4397 4658
3 4397 4399 4658
3 4658 4399 4393
3 4652 4658 4393
3 4655 4396 4400
3 4659 4655 4400
3 4659 4400 4660
3 4400 4401 4660
3 4660 4401 4661
3 4401 4402 4661
3 4661 4402 4662
3 4402 4403 4662
3 4662 4403 4663
3 4403 4404 4663
3 4663 4404 4398
3 4657 4663 4398
3 4407 4665 4664
3 4406 4407 4664
3 4664 4666 4406
3 4406 4666 4408
3 4666 4667 4408
3 4408 4667 4409
3 4667 4668 4409
3 4409 4668 4410
3 4668 4669 4410
3 4410 4669 4411
3 4669 4670 4411
3 4411 4670 4412
3 4670 4671 4412
3 4412 4671 4413
3 4671 4672 4413
3 4413 4672 4414
3 4414 4672 4673
3 4415 4414 4673
3 4676 4675 4674
3 4675 4678 4677
3 4674 4675 4677
3 4417 4677 4678
3 4417 4678 4416
3 4416 4678 4679
3 4679 4680 4416
3 4416 4680 4418
3 4680 4681 4418
3 4418 4681 4419
3 4681 4407 4419
3 4665 4407 4681
3 4673 4420 4415
3 4682 4420 4673
3 4682 4683 4420
3 4420 4683 4421
3 4683 4684 4421
3 4421 4684 4423
3 4684 4685 4423
3 4423 4685 4425
3 4686 4426 4425
3 4686 4425 4687
3 4687 4425 4685
3 4687 4689 4688
3 4686 4687 4688
3 4689 4691 4690
3 4688 4689 4690
3 4691 4692 4690
3 4695 4694 4693
3 4429 4693 4694
3 4429 4694 4428
3 4428 4694 4696
3 4696 4697 4428
3 4428 4697 4431
3 4697 4698 4431
3 4431 4698 4433
3 4698 4699 4433
3 4433 4699 4435
3 4699 4700 4435
3 4435 4700 4436
3 4700 4701 4436
3 4436 4701 4437
3 4701 4702 4437
3 4437 4702 4439
3 4702 4703 4439
3 4439 4703 4441
3 4674 4703 4676
3 4674 4443 4703
3 4443 4441 4703
3 4677 4443 4674
3 4444 4443 4677
3 4677 4417 4444
3 4686 4445 4426
3 4688 4445 4686
3 4446 4445 4688
3 4690 4446 4688
3 4447 4446 4690
3 4692 4447 4690
3 4692 4704 4447
3 4704 4448 4447
3 4704 4705 4448
3 4448 4705 4450
3 4705 4706 4450
3 4450 4706 4452
3 4707 4453 4452
3 4707 4452 4708
3 4708 4452 4706
3 4708 4709 4707
3 4456 4711 4710
3 4455 4456 4710
3 4710 4712 4455
3 4455 4712 4458
3 4712 4713 4458
3 4458 4713 4459
3 4693 4713 4695
3 4693 4460 4713
3 4460 4459 4713
3 4693 4429 4460
3 4707 4461 4453
3 4709 4461 4707
3 4709 4714 4461
3 4714 4462 4461
3 4714 4715 4462
3 4462 4715 4464
3 4715 4716 4464
3 4464 4716 4466
3 4717 4467 4466
3 4717 4466 4718
3 4718 4466 4716
3 4718 4719 4717
3 4470 4721 4720
3 4469 4470 4720
3 4720 4722 4469
3 4469 4722 4471
3 4722 4723 4471
3 4471 4723 4472
3 4723 4724 4472
3 4472 4724 4473
3 4724 4456 4473
3 4711 4456 4724
3 4717 4474 4467
3 4719 4474 4717
3 4719 4725 4474
3 4725 4475 4474
3 4725 4726 4475
3 4475 4726 4476
3 4726 4727 4476
3 4476 4727 4478
3 4727 4728 4478
3 4478 4728 4480
3 4728 4729 4480
3 4480 4729 4482
3 4729 4730 4482
3 4482 4730 4484
3 4731 4485 4484
3 4731 4484 4732
3 4732 4484 4730
3 4732 4733 4731
3 4486 4487 4734
3 4734 4736 4735
3 4734 4735 4486
3 4486 4735 4488
3 4735 4737 4488
3 4488 4737 4489
3 4737 4738 4489
3 4489 4738 4490
3 4738 4739 4490
3 4490 4739 4491
3 4739 4740 4491
3 4491 4740 4492
3 4740 4741 4492
3 4492 4741 4493
3 4741 4742 4493
3 4493 4742 4494
3 4742 4470 4494
3 4721 4470 4742
3 4731 4495 4485
3 4733 4495 4731
3 4733 4743 4495
3 4743 4496 4495
3 4743 4744 4496
3 4496 4744 4497
3 4744 4745 4497
3 4497 4745 4498
3 4745 4746 4498
3 4498 4746 4499
3 4746 4747 4499
3 4499 4747 4500
3 4747 4748 4500
3 4500 4748 4501
3 4748 4749 4501
3 4501 4749 4502
3 4749 4750 4502
3 4502 4750 4503
3 4750 4751 4503
3 4503 4751 4504
3 4753 4752 4505
3 4753 4505 4751
3 4751 4505 4504
3 4505 4752 4506
3 4507 4508 4754
3 4754 4756 4755
3 4754 4755 4507
3 4507 4755 4509
3 4755 4757 4509
3 4509 4757 4510
3 4757 4758 4510
3 4510 4758 4511
3 4758 4759 4511
3 4511 4759 4512
3 4759 4760 4512
3 4512 4760 4513
3 4760 4761 4513
3 4513 4761 4514
3 4761 4762 4514
3 4514 4762 4515
3 4487 4763 4734
3 4487 4515 4763
3 4515 4762 4763
3 4734 4763 4736
3 4753 4764 4752
3 4752 4520 4506
3 4752 4764 4520
3 4764 4765 4520
3 4765 4766 4520
3 4520 4766 4521
3 4766 4767 4521
3 4521 4767 4522
3 4767 4768 4522
3 4522 4768 4523
3 4523 4768 4769
3 4524 4523 4769
3 4525 4526 4770
3 4770 4772 4771
3 4770 4771 4525
3 4525 4771 4527
3 4508 4773 4754
3 4508 4527 4773
3 4527 4771 4773
3 4754 4773 4756
3 4529 4774 4530
3 4531 4774 4529
3 4775 4774 4531
3 4775 4776 4777
3 4775 4531 4776
3 4531 4532 4776
3 4776 4532 4778
3 4532 4533 4778
3 4778 4533 4779
3 4533 4534 4779
3 4779 4534 4780
3 4534 4535 4780
3 4780 4535 4781
3 4535 4536 4781
3 4781 4536 4782
3 4536 4537 4782
3 4782 4537 4783
3 4537 4538 4783
3 4783 4538 4784
3 4538 4539 4784
3 4539 4785 4784
3 4540 4785 4539
3 4542 4786 4543
3 4542 4545 4786
3 4769 4547 4524
3 4787 4547 4769
3 4787 4788 4547
3 4547 4788 4548
3 4790 4789 4549
3 4790 4549 4788
3 4788 4549 4548
3 4549 4789 4551
3 4770 4526 4553
3 4553 4772 4770
3 4553 4554 4772
3 4554 4791 4772
3 4557 4792 4793
3 4556 4792 4557
3 4792 4556 4794
3 4556 4558 4794
3 4794 4558 4795
3 4558 4559 4795
3 4795 4559 4796
3 4559 4560 4796
3 4530 4774 4797
3 4530 4797 4560
3 4560 4797 4796
3 4774 4775 4798
3 4797 4774 4798
3 4775 4777 4798
3 4785 4540 4799
3 4799 4540 4562
3 4564 4800 4801
3 4563 4800 4564
3 4800 4563 4802
3 4563 4565 4802
3 4543 4786 4803
3 4543 4803 4565
3 4565 4803 4802
3 4786 4545 4566
3 4786 4566 4803
3 4803 4566 4804
3 4804 4566 4805
3 4566 4567 4805
3 4805 4567 4806
3 4567 4568 4806
3 4806 4568 4807
3 4568 4569 4807
3 4809 4570 4808
3 4809 4807 4570
3 4807 4569 4570
3 4570 4572 4808
3 4811 4789 4790
3 4810 4789 4811
3 4578 4551 4789
3 4578 4789 4812
3 4812 4789 4810
3 4578 4812 4580
3 4791 4554 4581
3 4813 4791 4581
3 4813 4581 4814
3 4581 4582 4814
3 4814 4582 4815
3 4582 4583 4815
3 4815 4583 4816
3 4583 4584 4816
3 4816 4584 4817
3 4584 4585 4817
3 4817 4585 4818
3 4585 4586 4818
3 4818 4586 4819
3 4586 4587 4819
3 4819 4587 4820
3 4587 4588 4820
3 4820 4588 4821
3 4588 4589 4821
3 4821 4589 4822
3 4589 4590 4822
3 4822 4590 4823
3 4590 4591 4823
3 4823 4591 4824
3 4591 4592 4824
3 4824 4592 4825
3 4592 4593 4825
3 4825 4593 4826
3 4593 4594 4826
3 4826 4594 4827
3 4594 4595 4827
3 4827 4595 4828
3 4595 4596 4828
3 4828 4596 4829
3 4596 4597 4829
3 4829 4597 4830
3 4597 4598 4830
3 4830 4598 4831
3 4598 4599 4831
3 4831 4599 4832
3 4599 4600 4832
3 4832 4600 4557
3 4793 4832 4557
3 4799 4562 4601
3 4833 4799 4601
3 4601 4834 4833
3 4602 4834 4601
3 4604 4835 4836
3 4603 4835 4604
3 4835 4603 4564
3 4801 4835 4564
3 4809 4808 4837
3 4808 4572 4605
3 4808 4605 4837
3 4837 4605 4838
3 4838 4605 4839
3 4605 4606 4839
3 4839 4606 4840
3 4606 4607 4840
3 4840 4607 4841
3 4607 4608 4841
3 4841 4608 4842
3 4608 4609 4842
3 4842 4609 4843
3 4609 4610 4843
3 4843 4610 4844
3 4610 4611 4844
3 4844 4611 4845
3 4611 4612 4845
3 4845 4612 4846
3 4612 4613 4846
3 4846 4613 4847
3 4613 4614 4847
3 4847 4614 4848
3 4614 4615 4848
3 4850 4616 4849
3 4850 4848 4616
3 4848 4615 4616
3 4616 4618 4849
3 4853 4851 4852
3 4622 4852 4851
3 4622 4621 4852
3 4621 4854 4852
3 4854 4621 4855
3 4621 4624 4855
3 4855 4624 4856
3 4624 4626 4856
3 4856 4626 4857
3 4626 4627 4857
3 4857 4627 4858
3 4627 4628 4858
3 4858 4628 4859
3 4628 4629 4859
3 4859 4629 4860
3 4629 4630 4860
3 4860 4630 4861
3 4630 4631 4861
3 4861 4631 4862
3 4631 4632 4862
3 4862 4632 4863
3 4632 4633 4863
3 4863 4633 4864
3 4633 4634 4864
3 4810 4811 4864
3 4810 4864 4635
3 4635 4864 4634
3 4812 4810 4635
3 4636 4812 4635
3 4812 4636 4580
3 4834 4602 4865
3 4865 4602 4637
3 4836 4866 4604
3 4866 4638 4604
3 4850 4849 4867
3 4849 4618 4639
3 4849 4639 4867
3 4867 4639 4868
3 4868 4639 4869
3 4639 4640 4869
3 4869 4640 4870
3 4640 4641 4870
3 4851 4853 4870
3 4851 4870 4642
3 4642 4870 4641
3 4851 4642 4622
3 4643 4871 4872
3 4643 4872 4637
3 4637 4872 4865
3 4643 4644 4871
3 4646 4873 4874
3 4645 4873 4646
3 4873 4645 4638
3 4866 4873 4638
3 4872 4871 4875
3 4871 4876 4875
3 4871 4644 4876
3 4644 4647 4876
3 4874 4877 4646
3 4877 4648 4646
3 4876 4647 4649
3 4878 4876 4649
3 4649 4879 4878
3 4650 4879 4649
3 4652 4880 4881
3 4651 4880 4652
3 4880 4651 4648
3 4877 4880 4648
3 4879 4650 4653
3 4882 4879 4653
3 4884 4654 4883
3 4884 4882 4654
3 4882 4653 4654
3 4654 4655 4883
3 4657 4885 4886
3 4656 4885 4657
3 4885 4656 4887
3 4656 4658 4887
3 4887 4658 4652
3 4881 4887 4652
3 4884 4883 4888
3 4883 4655 4659
3 4883 4659 4888
3 4888 4659 4889
3 4889 4659 4890
3 4659 4660 4890
3 4890 4660 4891
3 4660 4661 4891
3 4891 4661 4892
3 4661 4662 4892
3 4892 4662 4893
3 4662 4663 4893
3 4893 4663 4657
3 4886 4893 4657
3 4665 4895 4894
3 4664 4665 4894
3 4894 4896 4664
3 4664 4896 4666
3 4896 4897 4666
3 4666 4897 4667
3 4897 4898 4667
3 4667 4898 4668
3 4898 4899 4668
3 4668 4899 4669
3 4899 4900 4669
3 4669 4900 4670
3 4900 4901 4670
3 4670 4901 4671
3 4901 4902 4671
3 4671 4902 4672
3 4672 4902 4903
3 4673 4672 4903
3 4906 4905 4904
3 4905 4908 4907
3 4904 4905 4907
3 4908 4910 4909
3 4907 4908 4909
3 4910 4912 4911
3 4909 4910 4911
3 4912 4914 4913
3 4911 4912 4913
3 4676 4913 4914
3 4676 4914 4675
3 4675 4914 4915
3 4915 4916 4675
3 4675 4916 4678
3 4916 4917 4678
3 4678 4917 4679
3 4917 4918 4679
3 4679 4918 4680
3 4918 4919 4680
3 4680 4919 4681
3 4919 4665 4681
3 4895 4665 4919
3 4903 4682 4673
3 4920 4682 4903
3 4920 4921 4682
3 4682 4921 4683
3 4921 4922 4683
3 4683 4922 4684
3 4922 4923 4684
3 4684 4923 4685
3 4923 4924 4685
3 4685 4924 4687
3 4924 4925 4687
3 4687 4925 4689
3 4925 4926 4689
3 4689 4926 4691
3 4927 4692 4691
3 4927 4691 4928
3 4928 4691 4926
3 4928 4929 4927
3 4932 4931 4930
3 4695 4930 4931
3 4695 4931 4694
3 4694 4931 4933
3 4933 4934 4694
3 4694 4934 4696
3 4934 4935 4696
3 4696 4935 4697
3 4935 4936 4697
3 4697 4936 4698
3 4904 4936 4906
3 4904 4699 4936
3 4699 4698 4936
3 4907 4699 4904
3 4700 4699 4907
3 4909 4700 4907
3 4701 4700 4909
3 4911 4701 4909
3 4702 4701 4911
3 4913 4702 4911
3 4703 4702 4913
3 4913 4676 4703
3 4927 4704 4692
3 4929 4704 4927
3 4929 4937 4704
3 4937 4705 4704
3 4937 4938 4705
3 4705 4938 4706
3 4938 4939 4706
3 4706 4939 4708
3 4940 4709 4708
3 4940 4708 4941
3 4941 4708 4939
3 4941 4942 4940
3 4945 4944 4943
3 4711 4943 4944
3 4711 4944 4710
3 4710 4944 4946
3 4946 4947 4710
3 4710 4947 4712
3 4930 4947 4932
3 4930 4713 4947
3 4713 4712 4947
3 4930 4695 4713
3 4940 4714 4709
3 4942 4714 4940
3 4942 4948 4714
3 4948 4715 4714
3 4948 4949 4715
3 4715 4949 4716
3 4949 4950 4716
3 4716 4950 4718
3 4951 4719 4718
3 4951 4718 4952
3 4952 4718 4950
3 4952 4954 4953
3 4951 4952 4953
3 4954 4955 4953
3 4721 4957 4956
3 4720 4721 4956
3 4956 4958 4720
3 4720 4958 4722
3 4958 4959 4722
3 4722 4959 4723
3 4943 4959 4945
3 4943 4724 4959
3 4724 4723 4959
3 4943 4711 4724
3 4951 4725 4719
3 4953 4725 4951
3 4726 4725 4953
3 4955 4726 4953
3 4955 4960 4726
3 4960 4727 4726
3 4960 4961 4727
3 4727 4961 4728
3 4961 4962 4728
3 4728 4962 4729
3 4962 4963 4729
3 4729 4963 4730
3 4963 4964 4730
3 4730 4964 4732
3 4965 4733 4732
3 4965 4732 4966
3 4966 4732 4964
3 4966 4967 4965
3 4735 4736 4968
3 4737 4735 4968
3 4969 4737 4968
3 4969 4971 4970
3 4969 4970 4737
3 4737 4970 4738
3 4970 4972 4738
3 4738 4972 4739
3 4972 4973 4739
3 4739 4973 4740
3 4973 4974 4740
3 4740 4974 4741
3 4974 4975 4741
3 4741 4975 4742
3 4975 4721 4742
3 4957 4721 4975
3 4965 4743 4733
3 4967 4743 4965
3 4967 4976 4743
3 4976 4744 4743
3 4976 4977 4744
3 4744 4977 4745
3 4977 4978 4745
3 4745 4978 4746
3 4978 4979 4746
3 4746 4979 4747
3 4979 4980 4747
3 4747 4980 4748
3 4980 4981 4748
3 4748 4981 4749
3 4981 4982 4749
3 4749 4982 4750
3 4982 4983 4750
3 4750 4983 4751
3 4751 4983 4984
3 4753 4751 4984
3 4756 4986 4985
3 4755 4756 4985
3 4985 4987 4755
3 4755 4987 4757
3 4987 4988 4757
3 4757 4988 4758
3 4988 4989 4758
3 4758 4989 4759
3 4989 4990 4759
3 4759 4990 4760
3 4990 4991 4760
3 4760 4991 4761
3 4991 4992 4761
3 4761 4992 4762
3 4992 4993 4762
3 4762 4993 4763
3 4736 4994 4968
3 4736 4763 4994
3 4763 4993 4994
3 4968 4995 4969
3 4994 4995 4968
3 4969 4995 4971
3 4984 4764 4753
3 4996 4764 4984
3 4996 4997 4764
3 4764 4997 4765
3 4997 4998 4765
3 4765 4998 4766
3 4998 4999 4766
3 4766 4999 4767
3 5001 5000 4768
3 5001 4768 4999
3 4999 4768 4767
3 4768 5000 4769
3 4772 5003 5002
3 4771 4772 5002
3 5002 5004 4771
3 4771 5004 4773
3 5004 4756 4773
3 4986 4756 5004
3 4776 5005 4777
3 4778 5005 4776
3 5006 5005 4778
3 4779 5006 4778
3 5007 5006 4779
3 5007 5008 5009
3 5007 4779 5008
3 4779 4780 5008
3 5008 4780 5010
3 4780 4781 5010
3 5010 4781 5011
3 4781 4782 5011
3 5011 4782 5012
3 4782 4783 5012
3 5012 4783 5013
3 4783 4784 5013
3 4784 5014 5013
3 4785 5014 4784
3 5001 5015 5000
3 5000 4787 4769
3 5000 5015 4787
3 5015 5016 4787
3 5016 5017 4787
3 4787 5017 4788
3 4788 5017 5018
3 4790 4788 5018
3 5019 5020 5003
3 5019 5003 4791
3 4791 5003 4772
3 5020 5021 5022
3 5019 5021 5020
3 5022 5021 5023
3 4792 5024 4793
3 5024 5025 5026
3 5024 4792 5025
3 4792 4794 5025
3 5025 4794 5027
3 4794 4795 5027
3 5027 4795 5028
3 4795 4796 5028
3 5028 4796 5029
3 4796 4797 5029
3 5029 4797 5030
3 4797 4798 5030
3 4777 5005 5031
3 4777 5031 4798
3 4798 5031 5030
3 5005 5006 5032
3 5031 5005 5032
3 5006 5007 5033
3 5032 5006 5033
3 5007 5009 5033
3 5014 4785 5034
3 5034 4785 4799
3 4801 5035 5036
3 4800 5035 4801
3 5035 4800 5037
3 4800 4802 5037
3 5037 4802 5038
3 4802 4803 5038
3 5038 4803 5039
3 4803 4804 5039
3 5039 4804 5040
3 4804 4805 5040
3 5040 4805 5041
3 4805 4806 5041
3 5041 4806 5042
3 4806 4807 5042
3 4807 5043 5042
3 4809 5043 4807
3 5046 5044 5045
3 5045 5047 5048
3 5044 5047 5045
3 5048 5047 4811
3 5048 4811 5018
3 5018 4811 4790
3 5019 4791 4813
3 5021 5019 4813
3 4814 5021 4813
3 5023 5021 4814
3 5023 4814 5049
3 5049 4814 4815
3 5049 4815 5050
3 4815 4816 5050
3 5050 4816 5051
3 4816 4817 5051
3 5051 4817 5052
3 4817 4818 5052
3 5052 4818 5053
3 4818 4819 5053
3 5053 4819 5054
3 4819 4820 5054
3 5054 4820 5055
3 4820 4821 5055
3 5055 4821 5056
3 4821 4822 5056
3 5056 4822 5057
3 4822 4823 5057
3 5057 4823 5058
3 4823 4824 5058
3 5058 4824 5059
3 4824 4825 5059
3 5059 4825 5060
3 4825 4826 5060
3 5060 4826 5061
3 4826 4827 5061
3 5061 4827 5062
3 4827 4828 5062
3 5062 4828 5063
3 4828 4829 5063
3 5063 4829 5064
3 4829 4830 5064
3 5064 4830 5065
3 4830 4831 5065
3 5065 4831 5066
3 4831 4832 5066
3 4793 5024 5067
3 4793 5067 4832
3 4832 5067 5066
3 5024 5026 5067
3 5034 4799 4833
3 5068 5034 4833
3 4833 5069 5068
3 4834 5069 4833
3 4836 5070 5071
3 4835 5070 4836
3 5070 4835 4801
3 5036 5070 4801
3 5043 4809 4837
3 5072 5043 4837
3 5072 4837 5073
3 4837 4838 5073
3 5073 4838 5074
3 4838 4839 5074
3 5074 4839 5075
3 4839 4840 5075
3 5075 4840 5076
3 4840 4841 5076
3 5076 4841 5077
3 4841 4842 5077
3 5077 4842 5078
3 4842 4843 5078
3 5078 4843 5079
3 4843 4844 5079
3 5079 4844 5080
3 4844 4845 5080
3 5080 4845 5081
3 4845 4846 5081
3 5081 4846 5082
3 4846 4847 5082
3 5082 4847 5083
3 4847 4848 5083
3 4848 5084 5083
3 4850 5084 4848
3 5087 5085 5086
3 5086 5088 5089
3 5085 5088 5086
3 4853 5089 5088
3 4853 4852 5089
3 4852 5090 5089
3 5090 4852 5091
3 4852 4854 5091
3 5091 4854 5092
3 4854 4855 5092
3 5092 4855 5093
3 4855 4856 5093
3 5093 4856 5094
3 4856 4857 5094
3 5094 4857 5095
3 4857 4858 5095
3 5095 4858 5096
3 4858 4859 5096
3 5096 4859 5097
3 4859 4860 5097
3 5097 4860 5098
3 4860 4861 5098
3 5098 4861 5099
3 4861 4862 5099
3 5044 5046 5099
3 5044 5099 4863
3 4863 5099 4862
3 5047 5044 4863
3 4864 5047 4863
3 5047 4864 4811
3 5069 4834 5100
3 5100 4834 4865
3 5071 5101 4836
3 5101 4866 4836
3 5084 4850 4867
3 5102 5084 4867
3 5102 4867 5103
3 4867 4868 5103
3 5085 5087 5103
3 5085 5103 4869
3 4869 5103 4868
3 5088 5085 4869
3 4870 5088 4869
3 5088 4870 4853
3 5100 4865 5104
3 5104 4865 4872
3 4874 5105 5106
3 4873 5105 4874
3 5105 4873 4866
3 5101 5105 4866
3 5104 4872 4875
3 5107 5104 4875
3 4875 5108 5107
3 4876 5108 4875
3 5106 5109 4874
3 5109 4877 4874
3 5108 4876 4878
3 5110 5108 4878
3 4878 5111 5110
3 4879 5111 4878
3 4881 5112 5113
3 4880 5112 4881
3 5112 4880 4877
3 5109 5112 4877
3 5111 4879 4882
3 5114 5111 4882
3 4882 5115 5114
3 4884 5115 4882
3 4886 5116 5117
3 4885 5116 4886
3 5116 4885 5118
3 4885 4887 5118
3 5118 4887 4881
3 5113 5118 4881
3 5115 4884 4888
3 5119 5115 4888
3 5119 4888 5120
3 4888 4889 5120
3 5120 4889 5121
3 4889 4890 5121
3 5121 4890 5122
3 4890 4891 5122
3 5122 4891 5123
3 4891 4892 5123
3 5123 4892 5124
3 4892 4893 5124
3 5124 4893 4886
3 5117 5124 4886
3 4895 5126 5125
3 4894 4895 5125
3 5125 5127 4894
3 4894 5127 4896
3 5127 5128 4896
3 4896 5128 4897
3 5128 5129 4897
3 4897 5129 4898
3 5129 5130 4898
3 4898 5130 4899
3 5130 5131 4899
3 4899 5131 4900
3 5131 5132 4900
3 4900 5132 4901
3 5132 5133 4901
3 4901 5133 4902
3 4902 5133 5134
3 4903 4902 5134
3 5137 5136 5135
3 4906 5135 5136
3 4906 5136 4905
3 4905 5136 5138
3 5138 5139 4905
3 4905 5139 4908
3 5139 5140 4908
3 4908 5140 4910
3 5140 5141 4910
3 4910 5141 4912
3 5141 5142 4912
3 4912 5142 4914
3 5142 5143 4914
3 4914 5143 4915
3 5143 5144 4915
3 4915 5144 4916
3 5144 5145 4916
3 4916 5145 4917
3 5145 5146 4917
3 4917 5146 4918
3 5146 5147 4918
3 4918 5147 4919
3 5147 4895 4919
3 5126 4895 5147
3 5134 4920 4903
3 5148 4920 5134
3 5148 5149 4920
3 4920 5149 4921
3 5149 5150 4921
3 4921 5150 4922
3 5150 5151 4922
3 4922 5151 4923
3 5151 5152 4923
3 4923 5152 4924
3 5152 5153 4924
3 4924 5153 4925
3 5153 5154 4925
3 4925 5154 4926
3 5154 5155 4926
3 4926 5155 4928
3 5156 4929 4928
3 5156 4928 5157
3 5157 4928 5155
3 5157 5158 5156
3 4932 5160 5159
3 4931 4932 5159
3 5159 5161 4931
3 4931 5161 4933
3 5161 5162 4933
3 4933 5162 4934
3 5162 5163 4934
3 4934 5163 4935
3 5135 5163 5137
3 5135 4936 5163
3 4936 4935 5163
3 5135 4906 4936
3 5156 4937 4929
3 5158 4937 5156
3 5158 5164 4937
3 5164 4938 4937
3 5164 5165 4938
3 4938 5165 4939
3 5165 5166 4939
3 4939 5166 4941
3 5167 4942 4941
3 5167 4941 5168
3 5168 4941 5166
3 5168 5169 5167
3 4945 5171 5170
3 4944 4945 5170
3 5170 5172 4944
3 4944 5172 4946
3 5172 5173 4946
3 4946 5173 4947
3 5173 4932 4947
3 5160 4932 5173
3 5167 4948 4942
3 5169 4948 5167
3 5169 5174 4948
3 5174 4949 4948
3 5174 5175 4949
3 4949 5175 4950
3 5175 5176 4950
3 4950 5176 4952
3 5176 5177 4952
3 4952 5177 4954
3 4954 5177 5178
3 4955 4954 5178
3 4957 5180 5179
3 4956 4957 5179
3 5179 5181 4956
3 4956 5181 4958
3 5181 5182 4958
3 4958 5182 4959
3 5182 4945 4959
3 5171 4945 5182
3 5178 4960 4955
3 5183 4960 5178
3 5183 5184 4960
3 4960 5184 4961
3 5184 5185 4961
3 4961 5185 4962
3 5185 5186 4962
3 4962 5186 4963
3 5186 5187 4963
3 4963 5187 4964
3 5187 5188 4964
3 4964 5188 4966
3 4966 5188 5189
3 4967 4966 5189
3 4970 4971 5190
3 5190 5192 5191
3 5190 5191 4970
3 4970 5191 4972
3 5191 5193 4972
3 4972 5193 4973
3 5193 5194 4973
3 4973 5194 4974
3 5194 5195 4974
3 4974 5195 4975
3 5195 4957 4975
3 5180 4957 5195
3 5189 4976 4967
3 5196 4976 5189
3 5196 5197 4976
3 4976 5197 4977
3 5197 5198 4977
3 4977 5198 4978
3 5198 5199 4978
3 4978 5199 4979
3 5199 5200 4979
3 4979 5200 4980
3 5200 5201 4980
3 4980 5201 4981
3 5201 5202 4981
3 4981 5202 4982
3 5202 5203 4982
3 4982 5203 4983
3 4983 5203 5204
3 4984 4983 5204
3 4985 4986 5205
3 5205 5207 5206
3 5205 5206 4985
3 4985 5206 4987
3 5206 5208 4987
3 4987 5208 4988
3 5208 5209 4988
3 4988 5209 4989
3 5209 5210 4989
3 4989 5210 4990
3 5210 5211 4990
3 4990 5211 4991
3 5211 5212 4991
3 4991 5212 4992
3 5212 5213 4992
3 4992 5213 4993
3 5213 5214 4993
3 4993 5214 4994
3 5214 5215 4994
3 4994 5215 4995
3 4971 5216 5190
3 4971 4995 5216
3 4995 5215 5216
3 5190 5216 5192
3 5204 4996 4984
3 5217 4996 5204
3 5217 5218 4996
3 4996 5218 4997
3 5218 5219 4997
3 4997 5219 4998
3 5219 5220 4998
3 4998 5220 4999
3 4999 5220 5221
3 5001 4999 5221
3 5002 5003 5222
3 5222 5224 5223
3 5222 5223 5002
3 5002 5223 5004
3 4986 5225 5205
3 4986 5004 5225
3 5004 5223 5225
3 5205 5225 5207
3 5008 5226 5009
3 5010 5226 5008
3 5227 5226 5010
3 5011 5227 5010
3 5228 5227 5011
3 5228 5229 5230
3 5228 5011 5229
3 5011 5012 5229
3 5232 5013 5231
3 5232 5229 5013
3 5229 5012 5013
3 5013 5014 5231
3 5221 5015 5001
3 5233 5015 5221
3 5233 5234 5015
3 5015 5234 5016
3 5236 5235 5017
3 5236 5017 5234
3 5234 5017 5016
3 5017 5235 5018
3 5222 5003 5020
3 5224 5222 5020
3 5224 5020 5237
3 5237 5020 5022
3 5238 5022 5023
3 5238 5239 5022
3 5239 5237 5022
3 5239 5240 5241
3 5238 5240 5239
3 5241 5240 5242
3 5025 5243 5026
3 5243 5244 5245
3 5243 5025 5244
3 5025 5027 5244
3 5244 5027 5246
3 5027 5028 5246
3 5246 5028 5247
3 5028 5029 5247
3 5247 5029 5248
3 5029 5030 5248
3 5248 5030 5249
3 5030 5031 5249
3 5249 5031 5250
3 5031 5032 5250
3 5250 5032 5251
3 5032 5033 5251
3 5009 5226 5252
3 5009 5252 5033
3 5033 5252 5251
3 5226 5227 5253
3 5252 5226 5253
3 5227 5228 5254
3 5253 5227 5254
3 5228 5230 5254
3 5232 5231 5255
3 5231 5256 5255
3 5231 5014 5256
3 5014 5034 5256
3 5035 5257 5036
3 5257 5258 5259
3 5257 5035 5258
3 5035 5037 5258
3 5258 5037 5260
3 5037 5038 5260
3 5260 5038 5261
3 5038 5039 5261
3 5261 5039 5262
3 5039 5040 5262
3 5262 5040 5263
3 5040 5041 5263
3 5265 5042 5264
3 5265 5263 5042
3 5263 5041 5042
3 5042 5043 5264
3 5268 5266 5267
3 5267 5269 5270
3 5266 5269 5267
3 5046 5270 5269
3 5046 5045 5270
3 5045 5271 5270
3 5235 5236 5271
3 5235 5271 5048
3 5048 5271 5045
3 5235 5048 5018
3 5238 5023 5049
3 5240 5238 5049
3 5050 5240 5049
3 5242 5240 5050
3 5242 5050 5272
3 5272 5050 5051
3 5272 5051 5273
3 5051 5052 5273
3 5273 5052 5274
3 5052 5053 5274
3 5274 5053 5275
3 5053 5054 5275
3 5275 5054 5276
3 5054 5055 5276
3 5276 5055 5277
3 5055 5056 5277
3 5277 5056 5278
3 5056 5057 5278
3 5278 5057 5279
3 5057 5058 5279
3 5279 5058 5280
3 5058 5059 5280
3 5280 5059 5281
3 5059 5060 5281
3 5281 5060 5282
3 5060 5061 5282
3 5282 5061 5283
3 5061 5062 5283
3 5283 5062 5284
3 5062 5063 5284
3 5284 5063 5285
3 5063 5064 5285
3 5285 5064 5286
3 5064 5065 5286
3 5286 5065 5287
3 5065 5066 5287
3 5287 5066 5288
3 5066 5067 5288
3 5026 5243 5289
3 5026 5289 5067
3 5067 5289 5288
3 5243 5245 5289
3 5256 5034 5068
3 5290 5256 5068
3 5068 5291 5290
3 5069 5291 5068
3 5070 5292 5071
3 5292 5293 5294
3 5070 5293 5292
3 5070 5257 5293
3 5070 5036 5257
3 5257 5259 5293
3 5265 5264 5295
3 5264 5043 5072
3 5264 5072 5295
3 5295 5072 5296
3 5296 5072 5297
3 5072 5073 5297
3 5297 5073 5298
3 5073 5074 5298
3 5298 5074 5299
3 5074 5075 5299
3 5299 5075 5300
3 5075 5076 5300
3 5300 5076 5301
3 5076 5077 5301
3 5301 5077 5302
3 5077 5078 5302
3 5302 5078 5303
3 5078 5079 5303
3 5303 5079 5304
3 5079 5080 5304
3 5304 5080 5305
3 5080 5081 5305
3 5305 5081 5306
3 5081 5082 5306
3 5306 5082 5307
3 5082 5083 5307
3 5308 5083 5084
3 5308 5309 5083
3 5309 5307 5083
3 5309 5310 5311
3 5308 5310 5309
3 5087 5311 5310
3 5087 5086 5311
3 5086 5312 5311
3 5312 5086 5313
3 5086 5089 5313
3 5313 5089 5314
3 5089 5090 5314
3 5314 5090 5315
3 5090 5091 5315
3 5315 5091 5316
3 5091 5092 5316
3 5316 5092 5317
3 5092 5093 5317
3 5317 5093 5318
3 5093 5094 5318
3 5318 5094 5319
3 5094 5095 5319
3 5319 5095 5320
3 5095 5096 5320
3 5320 5096 5321
3 5096 5097 5321
3 5266 5268 5321
3 5266 5321 5098
3 5098 5321 5097
3 5269 5266 5098
3 5099 5269 5098
3 5269 5099 5046
3 5291 5069 5322
3 5322 5069 5100
3 5323 5071 5292
3 5323 5324 5071
3 5324 5101 5071
3 5292 5294 5323
3 5308 5084 5102
3 5310 5308 5102
3 5103 5310 5102
3 5310 5103 5087
3 5322 5100 5325
3 5325 5100 5104
3 5105 5326 5106
3 5326 5105 5101
3 5326 5101 5327
3 5327 5101 5324
3 5325 5104 5107
3 5328 5325 5107
3 5107 5329 5328
3 5108 5329 5107
3 5330 5106 5326
3 5330 5331 5106
3 5331 5109 5106
3 5326 5327 5330
3 5329 5108 5110
3 5332 5329 5110
3 5110 5333 5332
3 5111 5333 5110
3 5113 5334 5335
3 5112 5334 5113
3 5334 5112 5109
3 5331 5334 5109
3 5333 5111 5114
3 5336 5333 5114
3 5114 5337 5336
3 5115 5337 5114
3 5117 5338 5339
3 5116 5338 5117
3 5338 5116 5340
3 5116 5118 5340
3 5340 5118 5113
3 5335 5340 5113
3 5337 5115 5119
3 5341 5337 5119
3 5341 5119 5342
3 5119 5120 5342
3 5342 5120 5343
3 5120 5121 5343
3 5343 5121 5344
3 5121 5122 5344
3 5344 5122 5345
3 5122 5123 5345
3 5345 5123 5346
3 5123 5124 5346
3 5346 5124 5117
3 5339 5346 5117
3 5126 5348 5347
3 5125 5126 5347
3 5347 5349 5125
3 5125 5349 5127
3 5349 5350 5127
3 5127 5350 5128
3 5350 5351 5128
3 5128 5351 5129
3 5351 5352 5129
3 5129 5352 5130
3 5352 5353 5130
3 5130 5353 5131
3 5353 5354 5131
3 5131 5354 5132
3 5354 5355 5132
3 5132 5355 5133
3 5133 5355 5356
3 5134 5133 5356
3 5359 5358 5357
3 5137 5357 5358
3 5137 5358 5136
3 5136 5358 5360
3 5360 5361 5136
3 5136 5361 5138
3 5361 5362 5138
3 5138 5362 5139
3 5362 5363 5139
3 5139 5363 5140
3 5363 5364 5140
3 5140 5364 5141
3 5364 5365 5141
3 5141 5365 5142
3 5365 5366 5142
3 5142 5366 5143
3 5366 5367 5143
3 5143 5367 5144
3 5367 5368 5144
3 5144 5368 5145
3 5368 5369 5145
3 5145 5369 5146
3 5369 5370 5146
3 5146 5370 5147
3 5370 5126 5147
3 5348 5126 5370
3 5356 5148 5134
3 5371 5148 5356
3 5371 5372 5148
3 5148 5372 5149
3 5372 5373 5149
3 5149 5373 5150
3 5373 5374 5150
3 5150 5374 5151
3 5374 5375 5151
3 5151 5375 5152
3 5375 5376 5152
3 5152 5376 5153
3 5376 5377 5153
3 5153 5377 5154
3 5377 5378 5154
3 5154 5378 5155
3 5378 5379 5155
3 5155 5379 5157
3 5157 5379 5380
3 5158 5157 5380
3 5383 5382 5381
3 5160 5381 5382
3 5160 5382 5159
3 5159 5382 5384
3 5384 5385 5159
3 5159 5385 5161
3 5385 5386 5161
3 5161 5386 5162
3 5357 5386 5359
3 5357 5163 5386
3 5163 5162 5386
3 5357 5137 5163
3 5380 5164 5158
3 5387 5164 5380
3 5387 5388 5164
3 5164 5388 5165
3 5388 5389 5165
3 5165 5389 5166
3 5389 5390 5166
3 5166 5390 5168
3 5391 5169 5168
3 5391 5168 5392
3 5392 5168 5390
3 5392 5393 5391
3 5171 5395 5394
3 5170 5171 5394
3 5394 5396 5170
3 5170 5396 5172
3 5381 5396 5383
3 5381 5173 5396
3 5173 5172 5396
3 5381 5160 5173
3 5391 5174 5169
3 5393 5174 5391
3 5393 5397 5174
3 5397 5175 5174
3 5397 5398 5175
3 5175 5398 5176
3 5398 5399 5176
3 5176 5399 5177
3 5400 5178 5177
3 5400 5177 5401
3 5401 5177 5399
3 5401 5402 5400
3 5405 5404 5403
3 5180 5403 5404
3 5180 5404 5179
3 5179 5404 5406
3 5406 5407 5179
3 5179 5407 5181
3 5407 5408 5181
3 5181 5408 5182
3 5408 5171 5182
3 5395 5171 5408
3 5400 5183 5178
3 5402 5183 5400
3 5402 5409 5183
3 5409 5184 5183
3 5409 5410 5184
3 5184 5410 5185
3 5410 5411 5185
3 5185 5411 5186
3 5411 5412 5186
3 5186 5412 5187
3 5412 5413 5187
3 5187 5413 5188
3 5188 5413 5414
3 5189 5188 5414
3 5191 5192 5415
3 5415 5417 5416
3 5415 5416 5191
3 5191 5416 5193
3 5416 5418 5193
3 5193 5418 5194
3 5403 5418 5405
3 5403 5195 5418
3 5195 5194 5418
3 5403 5180 5195
3 5414 5196 5189
3 5419 5196 5414
3 5419 5420 5196
3 5196 5420 5197
3 5420 5421 5197
3 5197 5421 5198
3 5421 5422 5198
3 5198 5422 5199
3 5422 5423 5199
3 5199 5423 5200
3 5423 5424 5200
3 5200 5424 5201
3 5424 5425 5201
3 5201 5425 5202
3 5427 5426 5203
3 5427 5203 5425
3 5425 5203 5202
3 5203 5426 5204
3 5206 5207 5428
3 5428 5430 5429
3 5428 5429 5206
3 5206 5429 5208
3 5429 5431 5208
3 5208 5431 5209
3 5431 5432 5209
3 5209 5432 5210
3 5432 5433 5210
3 5210 5433 5211
3 5433 5434 5211
3 5211 5434 5212
3 5434 5435 5212
3 5212 5435 5213
3 5435 5436 5213
3 5213 5436 5214
3 5436 5437 5214
3 5214 5437 5215
3 5437 5438 5215
3 5215 5438 5216
3 5192 5439 5415
3 5192 5216 5439
3 5216 5438 5439
3 5415 5439 5417
3 5427 5440 5426
3 5426 5217 5204
3 5426 5440 5217
3 5440 5441 5217
3 5441 5442 5217
3 5217 5442 5218
3 5442 5443 5218
3 5218 5443 5219
3 5445 5444 5220
3 5445 5220 5443
3 5443 5220 5219
3 5220 5444 5221
3 5223 5224 5446
3 5225 5223 5446
3 5447 5225 5446
3 5447 5449 5448
3 5225 5447 5448
3 5225 5448 5428
3 5225 5428 5207
3 5428 5448 5430
3 5229 5450 5230
3 5229 5232 5450
3 5445 5451 5444
3 5453 5452 5233
3 5451 5453 5233
3 5451 5233 5221
3 5451 5221 5444
3 5234 5233 5452
3 5454 5234 5452
3 5234 5454 5236
3 5446 5224 5237
3 5447 5446 5237
3 5239 5447 5237
3 5449 5447 5239
3 5449 5239 5455
3 5455 5239 5241
3 5456 5241 5242
3 5456 5457 5241
3 5457 5455 5241
3 5457 5458 5459
3 5456 5458 5457
3 5459 5458 5460
3 5244 5461 5245
3 5461 5462 5463
3 5461 5244 5462
3 5244 5246 5462
3 5462 5246 5464
3 5246 5247 5464
3 5464 5247 5465
3 5247 5248 5465
3 5465 5248 5466
3 5248 5249 5466
3 5466 5249 5467
3 5249 5250 5467
3 5467 5250 5468
3 5250 5251 5468
3 5468 5251 5469
3 5251 5252 5469
3 5469 5252 5470
3 5252 5253 5470
3 5470 5253 5471
3 5253 5254 5471
3 5230 5450 5472
3 5230 5472 5254
3 5254 5472 5471
3 5450 5232 5255
3 5450 5255 5472
3 5472 5255 5473
3 5255 5474 5473
3 5256 5474 5255
3 5259 5475 5476
3 5258 5475 5259
3 5475 5258 5477
3 5258 5260 5477
3 5477 5260 5478
3 5260 5261 5478
3 5478 5261 5479
3 5261 5262 5479
3 5481 5263 5480
3 5481 5479 5263
3 5479 5262 5263
3 5263 5265 5480
3 5484 5482 5483
3 5483 5485 5486
3 5482 5485 5483
3 5486 5487 5488
3 5485 5487 5486
3 5268 5488 5487
3 5268 5267 5488
3 5267 5489 5488
3 5452 5453 5489
3 5452 5489 5270
3 5270 5489 5267
3 5454 5452 5270
3 5271 5454 5270
3 5454 5271 5236
3 5456 5242 5272
3 5458 5456 5272
3 5273 5458 5272
3 5460 5458 5273
3 5460 5273 5490
3 5490 5273 5274
3 5490 5274 5491
3 5274 5275 5491
3 5491 5275 5492
3 5275 5276 5492
3 5492 5276 5493
3 5276 5277 5493
3 5493 5277 5494
3 5277 5278 5494
3 5494 5278 5495
3 5278 5279 5495
3 5495 5279 5496
3 5279 5280 5496
3 5496 5280 5497
3 5280 5281 5497
3 5497 5281 5498
3 5281 5282 5498
3 5498 5282 5499
3 5282 5283 5499
3 5499 5283 5500
3 5283 5284 5500
3 5500 5284 5501
3 5284 5285 5501
3 5501 5285 5502
3 5285 5286 5502
3 5502 5286 5503
3 5286 5287 5503
3 5503 5287 5504
3 5287 5288 5504
3 5504 5288 5505
3 5288 5289 5505
3 5245 5461 5506
3 5245 5506 5289
3 5289 5506 5505
3 5461 5463 5506
3 5474 5256 5290
3 5507 5474 5290
3 5290 5508 5507
3 5291 5508 5290
3 5294 5509 5510
3 5293 5509 5294
3 5509 5293 5259
3 5476 5509 5259
3 5481 5480 5511
3 5480 5265 5295
3 5480 5295 5511
3 5511 5295 5512
3 5512 5295 5513
3 5295 5296 5513
3 5513 5296 5514
3 5296 5297 5514
3 5514 5297 5515
3 5297 5298 5515
3 5515 5298 5516
3 5298 5299 5516
3 5516 5299 5517
3 5299 5300 5517
3 5517 5300 5518
3 5300 5301 5518
3 5518 5301 5519
3 5301 5302 5519
3 5519 5302 5520
3 5302 5303 5520
3 5520 5303 5521
3 5303 5304 5521
3 5521 5304 5522
3 5304 5305 5522
3 5522 5305 5523
3 5305 5306 5523
3 5523 5306 5524
3 5306 5307 5524
3 5524 5307 5525
3 5307 5309 5525
3 5525 5309 5526
3 5309 5311 5526
3 5526 5311 5527
3 5311 5312 5527
3 5527 5312 5528
3 5312 5313 5528
3 5528 5313 5529
3 5313 5314 5529
3 5529 5314 5530
3 5314 5315 5530
3 5530 5315 5531
3 5315 5316 5531
3 5531 5316 5532
3 5316 5317 5532
3 5532 5317 5533
3 5317 5318 5533
3 5482 5484 5533
3 5482 5533 5319
3 5319 5533 5318
3 5485 5482 5319
3 5320 5485 5319
3 5487 5485 5320
3 5321 5487 5320
3 5487 5321 5268
3 5508 5291 5534
3 5534 5291 5322
3 5324 5535 5536
3 5323 5535 5324
3 5535 5323 5294
3 5510 5535 5294
3 5534 5322 5537
3 5537 5322 5325
3 5536 5538 5324
3 5538 5327 5324
3 5537 5325 5328
3 5539 5537 5328
3 5328 5540 5539
3 5329 5540 5328
3 5331 5541 5542
3 5330 5541 5331
3 5541 5330 5327
3 5538 5541 5327
3 5540 5329 5332
3 5543 5540 5332
3 5332 5544 5543
3 5333 5544 5332
3 5335 5545 5546
3 5334 5545 5335
3 5545 5334 5331
3 5542 5545 5331
3 5544 5333 5336
3 5547 5544 5336
3 5336 5548 5547
3 5337 5548 5336
3 5339 5549 5550
3 5338 5549 5339
3 5549 5338 5551
3 5338 5340 5551
3 5551 5340 5335
3 5546 5551 5335
3 5548 5337 5341
3 5552 5548 5341
3 5552 5341 5553
3 5341 5342 5553
3 5553 5342 5554
3 5342 5343 5554
3 5554 5343 5555
3 5343 5344 5555
3 5555 5344 5556
3 5344 5345 5556
3 5556 5345 5557
3 5345 5346 5557
3 5557 5346 5339
3 5550 5557 5339
3 5560 5559 5558
3 5348 5558 5559
3 5348 5559 5347
3 5347 5559 5561
3 5561 5562 5347
3 5347 5562 5349
3 5562 5563 5349
3 5349 5563 5350
3 5563 5564 5350
3 5350 5564 5351
3 5564 5565 5351
3 5351 5565 5352
3 5565 5566 5352
3 5352 5566 5353
3 5566 5567 5353
3 5353 5567 5354
3 5567 5568 5354
3 5354 5568 5355
3 5355 5568 5569
3 5356 5355 5569
3 5359 5571 5570
3 5358 5359 5570
3 5570 5572 5358
3 5358 5572 5360
3 5572 5573 5360
3 5360 5573 5361
3 5573 5574 5361
3 5361 5574 5362
3 5574 5575 5362
3 5362 5575 5363
3 5575 5576 5363
3 5363 5576 5364
3 5576 5577 5364
3 5364 5577 5365
3 5577 5578 5365
3 5365 5578 5366
3 5578 5579 5366
3 5366 5579 5367
3 5579 5580 5367
3 5367 5580 5368
3 5580 5581 5368
3 5368 5581 5369
3 5558 5581 5560
3 5558 5370 5581
3 5370 5369 5581
3 5558 5348 5370
3 5569 5371 5356
3 5582 5371 5569
3 5582 5583 5371
3 5371 5583 5372
3 5583 5584 5372
3 5372 5584 5373
3 5584 5585 5373
3 5373 5585 5374
3 5585 5586 5374
3 5374 5586 5375
3 5586 5587 5375
3 5375 5587 5376
3 5587 5588 5376
3 5376 5588 5377
3 5588 5589 5377
3 5377 5589 5378
3 5589 5590 5378
3 5378 5590 5379
3 5591 5380 5379
3 5591 5379 5592
3 5592 5379 5590
3 5592 5593 5591
3 5383 5595 5594
3 5382 5383 5594
3 5594 5596 5382
3 5382 5596 5384
3 5596 5597 5384
3 5384 5597 5385
3 5597 5598 5385
3 5385 5598 5386
3 5598 5359 5386
3 5571 5359 5598
3 5591 5387 5380
3 5593 5387 5591
3 5593 5599 5387
3 5599 5388 5387
3 5599 5600 5388
3 5388 5600 5389
3 5600 5601 5389
3 5389 5601 5390
3 5601 5602 5390
3 5390 5602 5392
3 5603 5393 5392
3 5603 5392 5604
3 5604 5392 5602
3 5604 5605 5603
3 5608 5607 5606
3 5395 5606 5607
3 5395 5607 5394
3 5394 5607 5609
3 5609 5610 5394
3 5394 5610 5396
3 5610 5383 5396
3 5595 5383 5610
3 5603 5397 5393
3 5605 5397 5603
3 5605 5611 5397
3 5611 5398 5397
3 5611 5612 5398
3 5398 5612 5399
3 5612 5613 5399
3 5399 5613 5401
3 5401 5613 5614
3 5402 5401 5614
3 5405 5616 5615
3 5404 5405 5615
3 5615 5617 5404
3 5404 5617 5406
3 5617 5618 5406
3 5406 5618 5407
3 5606 5618 5608
3 5606 5408 5618
3 5408 5407 5618
3 5606 5395 5408
3 5614 5409 5402
3 5619 5409 5614
3 5619 5620 5409
3 5409 5620 5410
3 5620 5621 5410
3 5410 5621 5411
3 5621 5622 5411
3 5411 5622 5412
3 5624 5623 5413
3 5624 5413 5622
3 5622 5413 5412
3 5413 5623 5414
3 5417 5626 5625
3 5416 5417 5625
3 5625 5627 5416
3 5416 5627 5418
3 5627 5405 5418
3 5616 5405 5627
3 5624 5628 5623
3 5623 5419 5414
3 5623 5628 5419
3 5628 5629 5419
3 5629 5630 5419
3 5419 5630 5420
3 5630 5631 5420
3 5420 5631 5421
3 5631 5632 5421
3 5421 5632 5422
3 5632 5633 5422
3 5422 5633 5423
3 5633 5634 5423
3 5423 5634 5424
3 5636 5635 5425
3 5636 5425 5634
3 5634 5425 5424
3 5425 5635 5427
3 5429 5430 5637
3 5431 5429 5637
3 5638 5431 5637
3 5638 5640 5639
3 5638 5639 5431
3 5431 5639 5432
3 5639 5641 5432
3 5432 5641 5433
3 5641 5642 5433
3 5433 5642 5434
3 5642 5643 5434
3 5434 5643 5435
3 5643 5644 5435
3 5435 5644 5436
3 5644 5645 5436
3 5436 5645 5437
3 5645 5646 5437
3 5437 5646 5438
3 5646 5647 5438
3 5438 5647 5439
3 5647 5417 5439
3 5626 5417 5647
3 5636 5648 5635
3 5635 5440 5427
3 5635 5648 5440
3 5648 5649 5440
3 5649 5650 5440
3 5440 5650 5441
3 5650 5651 5441
3 5441 5651 5442
3 5653 5652 5443
3 5653 5443 5651
3 5651 5443 5442
3 5443 5652 5445
3 5448 5449 5654
3 5430 5448 5654
3 5430 5654 5637
3 5637 5654 5655
3 5656 5655 5657
3 5656 5638 5655
3 5638 5637 5655
3 5638 5656 5640
3 5653 5658 5652
3 5660 5659 5451
3 5658 5660 5451
3 5658 5451 5445
3 5658 5445 5652
3 5451 5659 5453
3 5654 5449 5455
3 5655 5654 5455
3 5457 5655 5455
3 5657 5655 5457
3 5657 5457 5661
3 5661 5457 5459
3 5662 5459 5460
3 5662 5663 5459
3 5663 5661 5459
3 5663 5664 5665
3 5662 5664 5663
3 5665 5666 5667
3 5664 5666 5665
3 5667 5666 5668
3 5671 5669 5670
3 5670 5672 5673
3 5669 5672 5670
3 5673 5674 5675
3 5672 5674 5673
3 5675 5676 5677
3 5674 5676 5675
3 5677 5676 5678
3 5462 5679 5463
3 5679 5680 5681
3 5679 5462 5680
3 5462 5464 5680
3 5680 5464 5682
3 5464 5465 5682
3 5682 5465 5683
3 5465 5466 5683
3 5683 5466 5684
3 5466 5467 5684
3 5684 5467 5685
3 5467 5468 5685
3 5685 5468 5686
3 5468 5469 5686
3 5686 5469 5687
3 5469 5470 5687
3 5687 5470 5688
3 5470 5471 5688
3 5688 5471 5689
3 5471 5472 5689
3 5689 5472 5690
3 5472 5473 5690
3 5473 5691 5690
3 5474 5691 5473
3 5475 5692 5476
3 5692 5693 5694
3 5692 5475 5693
3 5475 5477 5693
3 5693 5477 5695
3 5477 5478 5695
3 5697 5479 5696
3 5697 5695 5479
3 5695 5478 5479
3 5479 5481 5696
3 5700 5698 5699
3 5699 5701 5702
3 5698 5701 5699
3 5484 5702 5701
3 5484 5483 5702
3 5483 5703 5702
3 5703 5483 5704
3 5483 5486 5704
3 5704 5486 5705
3 5486 5488 5705
3 5659 5660 5705
3 5659 5705 5489
3 5489 5705 5488
3 5659 5489 5453
3 5662 5460 5490
3 5664 5662 5490
3 5491 5664 5490
3 5666 5664 5491
3 5492 5666 5491
3 5668 5666 5492
3 5668 5492 5706
3 5706 5492 5493
3 5706 5493 5707
3 5493 5494 5707
3 5669 5671 5707
3 5669 5707 5495
3 5495 5707 5494
3 5672 5669 5495
3 5496 5672 5495
3 5674 5672 5496
3 5497 5674 5496
3 5676 5674 5497
3 5498 5676 5497
3 5678 5676 5498
3 5678 5498 5708
3 5708 5498 5499
3 5708 5499 5709
3 5499 5500 5709
3 5709 5500 5710
3 5500 5501 5710
3 5710 5501 5711
3 5501 5502 5711
3 5711 5502 5712
3 5502 5503 5712
3 5712 5503 5713
3 5503 5504 5713
3 5713 5504 5714
3 5504 5505 5714
3 5714 5505 5715
3 5505 5506 5715
3 5463 5679 5716
3 5463 5716 5506
3 5506 5716 5715
3 5679 5681 5716
3 5691 5474 5507
3 5717 5691 5507
3 5507 5718 5717
3 5508 5718 5507
3 5510 5719 5720
3 5509 5719 5510
3 5476 5692 5721
3 5476 5721 5509
3 5509 5721 5719
3 5692 5694 5721
3 5697 5696 5722
3 5696 5481 5511
3 5696 5511 5722
3 5722 5511 5723
3 5723 5511 5724
3 5511 5512 5724
3 5724 5512 5725
3 5512 5513 5725
3 5725 5513 5726
3 5513 5514 5726
3 5726 5514 5727
3 5514 5515 5727
3 5727 5515 5728
3 5515 5516 5728
3 5728 5516 5729
3 5516 5517 5729
3 5729 5517 5730
3 5517 5518 5730
3 5730 5518 5731
3 5518 5519 5731
3 5731 5519 5732
3 5519 5520 5732
3 5732 5520 5733
3 5520 5521 5733
3 5733 5521 5734
3 5521 5522 5734
3 5734 5522 5735
3 5522 5523 5735
3 5735 5523 5736
3 5523 5524 5736
3 5736 5524 5737
3 5524 5525 5737
3 5737 5525 5738
3 5525 5526 5738
3 5738 5526 5739
3 5526 5527 5739
3 5739 5527 5740
3 5527 5528 5740
3 5740 5528 5741
3 5528 5529 5741
3 5741 5529 5742
3 5529 5530 5742
3 5742 5530 5743
3 5530 5531 5743
3 5698 5700 5743
3 5698 5743 5532
3 5532 5743 5531
3 5701 5698 5532
3 5533 5701 5532
3 5701 5533 5484
3 5718 5508 5744
3 5744 5508 5534
3 5536 5745 5746
3 5535 5745 5536
3 5745 5535 5510
3 5720 5745 5510
3 5744 5534 5747
3 5747 5534 5537
3 5746 5748 5536
3 5748 5538 5536
3 5747 5537 5539
3 5749 5747 5539
3 5539 5750 5749
3 5540 5750 5539
3 5542 5751 5752
3 5541 5751 5542
3 5751 5541 5538
3 5748 5751 5538
3 5750 5540 5543
3 5753 5750 5543
3 5543 5754 5753
3 5544 5754 5543
3 5546 5755 5756
3 5545 5755 5546
3 5755 5545 5542
3 5752 5755 5542
3 5754 5544 5547
3 5757 5754 5547
3 5547 5758 5757
3 5548 5758 5547
3 5549 5759 5550
3 5759 5760 5761
3 5759 5549 5760
3 5549 5551 5760
3 5760 5551 5546
3 5756 5760 5546
3 5758 5548 5552
3 5762 5758 5552
3 5762 5552 5763
3 5552 5553 5763
3 5763 5553 5764
3 5553 5554 5764
3 5764 5554 5765
3 5554 5555 5765
3 5765 5555 5766
3 5555 5556 5766
3 5766 5556 5767
3 5556 5557 5767
3 5550 5759 5768
3 5550 5768 5557
3 5557 5768 5767
3 5759 5761 5768
3 5560 5770 5769
3 5559 5560 5769
3 5769 5771 5559
3 5559 5771 5561
3 5771 5772 5561
3 5561 5772 5562
3 5772 5773 5562
3 5562 5773 5563
3 5773 5774 5563
3 5563 5774 5564
3 5774 5775 5564
3 5564 5775 5565
3 5775 5776 5565
3 5565 5776 5566
3 5776 5777 5566
3 5566 5777 5567
3 5777 5778 5567
3 5567 5778 5568
3 5568 5778 5779
3 5569 5568 5779
3 5571 5781 5780
3 5570 5571 5780
3 5780 5782 5570
3 5570 5782 5572
3 5782 5783 5572
3 5572 5783 5573
3 5783 5784 5573
3 5573 5784 5574
3 5784 5785 5574
3 5574 5785 5575
3 5785 5786 5575
3 5575 5786 5576
3 5786 5787 5576
3 5576 5787 5577
3 5787 5788 5577
3 5577 5788 5578
3 5788 5789 5578
3 5578 5789 5579
3 5789 5790 5579
3 5579 5790 5580
3 5790 5791 5580
3 5580 5791 5581
3 5791 5560 5581
3 5770 5560 5791
3 5779 5582 5569
3 5792 5582 5779
3 5792 5793 5582
3 5582 5793 5583
3 5793 5794 5583
3 5583 5794 5584
3 5794 5795 5584
3 5584 5795 5585
3 5795 5796 5585
3 5585 5796 5586
3 5796 5797 5586
3 5586 5797 5587
3 5797 5798 5587
3 5587 5798 5588
3 5798 5799 5588
3 5588 5799 5589
3 5799 5800 5589
3 5589 5800 5590
3 5800 5801 5590
3 5590 5801 5592
3 5802 5593 5592
3 5802 5592 5803
3 5803 5592 5801
3 5803 5804 5802
3 5595 5806 5805
3 5594 5595 5805
3 5805 5807 5594
3 5594 5807 5596
3 5807 5808 5596
3 5596 5808 5597
3 5808 5809 5597
3 5597 5809 5598
3 5809 5571 5598
3 5781 5571 5809
3 5802 5599 5593
3 5804 5599 5802
3 5804 5810 5599
3 5810 5600 5599
3 5810 5811 5600
3 5600 5811 5601
3 5811 5812 5601
3 5601 5812 5602
3 5812 5813 5602
3 5602 5813 5604
3 5604 5813 5814
3 5605 5604 5814
3 5608 5816 5815
3 5607 5608 5815
3 5815 5817 5607
3 5607 5817 5609
3 5817 5818 5609
3 5609 5818 5610
3 5818 5595 5610
3 5806 5595 5818
3 5814 5611 5605
3 5819 5611 5814
3 5819 5820 5611
3 5611 5820 5612
3 5820 5821 5612
3 5612 5821 5613
3 5613 5821 5822
3 5614 5613 5822
3 5616 5824 5823
3 5615 5616 5823
3 5823 5825 5615
3 5615 5825 5617
3 5825 5826 5617
3 5617 5826 5618
3 5826 5608 5618
3 5816 5608 5826
3 5822 5619 5614
3 5827 5619 5822
3 5827 5828 5619
3 5619 5828 5620
3 5828 5829 5620
3 5620 5829 5621
3 5829 5830 5621
3 5621 5830 5622
3 5622 5830 5831
3 5624 5622 5831
3 5626 5833 5832
3 5625 5626 5832
3 5832 5834 5625
3 5625 5834 5627
3 5834 5616 5627
3 5824 5616 5834
3 5831 5628 5624
3 5835 5628 5831
3 5835 5836 5628
3 5628 5836 5629
3 5836 5837 5629
3 5629 5837 5630
3 5837 5838 5630
3 5630 5838 5631
3 5838 5839 5631
3 5631 5839 5632
3 5839 5840 5632
3 5632 5840 5633
3 5842 5841 5634
3 5842 5634 5840
3 5840 5634 5633
3 5634 5841 5636
3 5639 5640 5843
3 5641 5639 5843
3 5844 5641 5843
3 5642 5641 5844
3 5845 5642 5844
3 5845 5847 5846
3 5845 5846 5642
3 5642 5846 5643
3 5846 5848 5643
3 5643 5848 5644
3 5848 5849 5644
3 5644 5849 5645
3 5849 5850 5645
3 5645 5850 5646
3 5850 5851 5646
3 5646 5851 5647
3 5851 5626 5647
3 5833 5626 5851
3 5842 5852 5841
3 5841 5648 5636
3 5841 5852 5648
3 5852 5853 5648
3 5853 5854 5648
3 5648 5854 5649
3 5854 5855 5649
3 5649 5855 5650
3 5857 5856 5651
3 5857 5651 5855
3 5855 5651 5650
3 5651 5856 5653
3 5656 5657 5858
3 5640 5656 5858
3 5640 5858 5843
3 5843 5858 5859
3 5860 5859 5861
3 5860 5844 5859
3 5844 5843 5859
3 5844 5862 5845
3 5860 5862 5844
3 5845 5862 5847
3 5864 5856 5857
3 5863 5856 5864
3 5658 5653 5856
3 5658 5856 5865
3 5865 5856 5863
3 5658 5865 5660
3 5858 5657 5661
3 5859 5858 5661
3 5663 5859 5661
3 5861 5859 5663
3 5861 5663 5866
3 5866 5663 5665
3 5866 5665 5867
3 5665 5667 5867
3 5868 5667 5668
3 5868 5869 5667
3 5869 5867 5667
3 5869 5870 5871
3 5868 5870 5869
3 5671 5871 5870
3 5671 5670 5871
3 5670 5872 5871
3 5872 5670 5873
3 5670 5673 5873
3 5873 5673 5874
3 5673 5675 5874
3 5874 5675 5875
3 5675 5677 5875
3 5677 5876 5875
3 5678 5876 5677
3 5680 5877 5681
3 5877 5878 5879
3 5877 5680 5878
3 5680 5682 5878
3 5878 5682 5880
3 5682 5683 5880
3 5880 5683 5881
3 5683 5684 5881
3 5881 5684 5882
3 5684 5685 5882
3 5882 5685 5883
3 5685 5686 5883
3 5883 5686 5884
3 5686 5687 5884
3 5884 5687 5885
3 5687 5688 5885
3 5885 5688 5886
3 5688 5689 5886
3 5886 5689 5887
3 5689 5690 5887
3 5690 5888 5887
3 5691 5888 5690
3 5693 5889 5694
3 5695 5889 5693
3 5890 5889 5695
3 5695 5697 5890
3 5893 5891 5892
3 5892 5894 5895
3 5891 5894 5892
3 5895 5896 5897
3 5894 5896 5895
3 5700 5897 5896
3 5700 5699 5897
3 5699 5898 5897
3 5898 5699 5899
3 5699 5702 5899
3 5899 5702 5900
3 5702 5703 5900
3 5863 5864 5900
3 5863 5900 5704
3 5704 5900 5703
3 5865 5863 5704
3 5705 5865 5704
3 5865 5705 5660
3 5868 5668 5706
3 5870 5868 5706
3 5707 5870 5706
3 5870 5707 5671
3 5876 5678 5708
3 5901 5876 5708
3 5901 5708 5902
3 5708 5709 5902
3 5902 5709 5903
3 5709 5710 5903
3 5903 5710 5904
3 5710 5711 5904
3 5904 5711 5905
3 5711 5712 5905
3 5905 5712 5906
3 5712 5713 5906
3 5906 5713 5907
3 5713 5714 5907
3 5907 5714 5908
3 5714 5715 5908
3 5908 5715 5909
3 5715 5716 5909
3 5681 5877 5910
3 5681 5910 5716
3 5716 5910 5909
3 5877 5879 5910
3 5888 5691 5717
3 5911 5888 5717
3 5717 5912 5911
3 5718 5912 5717
3 5720 5913 5914
3 5719 5913 5720
3 5913 5719 5915
3 5719 5721 5915
3 5694 5889 5916
3 5694 5916 5721
3 5721 5916 5915
3 5889 5890 5917
3 5916 5889 5917
3 5890 5697 5722
3 5890 5722 5917
3 5917 5722 5918
3 5918 5722 5919
3 5722 5723 5919
3 5919 5723 5920
3 5723 5724 5920
3 5920 5724 5921
3 5724 5725 5921
3 5921 5725 5922
3 5725 5726 5922
3 5922 5726 5923
3 5726 5727 5923
3 5923 5727 5924
3 5727 5728 5924
3 5924 5728 5925
3 5728 5729 5925
3 5925 5729 5926
3 5729 5730 5926
3 5926 5730 5927
3 5730 5731 5927
3 5927 5731 5928
3 5731 5732 5928
3 5928 5732 5929
3 5732 5733 5929
3 5929 5733 5930
3 5733 5734 5930
3 5930 5734 5931
3 5734 5735 5931
3 5931 5735 5932
3 5735 5736 5932
3 5932 5736 5933
3 5736 5737 5933
3 5933 5737 5934
3 5737 5738 5934
3 5934 5738 5935
3 5738 5739 5935
3 5935 5739 5936
3 5739 5740 5936
3 5891 5893 5936
3 5891 5936 5741
3 5741 5936 5740
3 5894 5891 5741
3 5742 5894 5741
3 5896 5894 5742
3 5743 5896 5742
3 5896 5743 5700
3 5912 5718 5937
3 5937 5718 5744
3 5746 5938 5939
3 5745 5938 5746
3 5938 5745 5720
3 5914 5938 5720
3 5937 5744 5940
3 5940 5744 5747
3 5939 5941 5746
3 5941 5748 5746
3 5940 5747 5749
3 5942 5940 5749
3 5749 5943 5942
3 5750 5943 5749
3 5752 5944 5945
3 5751 5944 5752
3 5944 5751 5748
3 5941 5944 5748
3 5943 5750 5753
3 5946 5943 5753
3 5753 5947 5946
3 5754 5947 5753
3 5756 5948 5949
3 5755 5948 5756
3 5948 5755 5752
3 5945 5948 5752
3 5947 5754 5757
3 5950 5947 5757
3 5757 5951 5950
3 5758 5951 5757
3 5761 5952 5953
3 5760 5952 5761
3 5952 5760 5756
3 5949 5952 5756
3 5951 5758 5762
3 5954 5951 5762
3 5954 5762 5955
3 5762 5763 5955
3 5957 5764 5956
3 5957 5955 5764
3 5955 5763 5764
3 5765 5956 5764
3 5958 5956 5765
3 5958 5959 5960
3 5958 5765 5959
3 5765 5766 5959
3 5959 5766 5961
3 5766 5767 5961
3 5961 5767 5962
3 5767 5768 5962
3 5962 5768 5761
3 5953 5962 5761
3 5957 5956 5963
3 5956 5958 5964
3 5963 5956 5964
3 5958 5960 5964
3 5769 5770 5965
3 5965 5967 5966
3 5965 5966 5769
3 5769 5966 5771
3 5966 5968 5771
3 5771 5968 5772
3 5968 5969 5772
3 5772 5969 5773
3 5969 5970 5773
3 5773 5970 5774
3 5970 5971 5774
3 5774 5971 5775
3 5971 5972 5775
3 5775 5972 5776
3 5972 5973 5776
3 5776 5973 5777
3 5973 5974 5777
3 5777 5974 5778
3 5778 5974 5975
3 5779 5778 5975
3 5978 5977 5976
3 5781 5976 5977
3 5781 5977 5780
3 5780 5977 5979
3 5979 5980 5780
3 5780 5980 5782
3 5980 5981 5782
3 5782 5981 5783
3 5981 5982 5783
3 5783 5982 5784
3 5982 5983 5784
3 5784 5983 5785
3 5983 5984 5785
3 5785 5984 5786
3 5984 5985 5786
3 5786 5985 5787
3 5985 5986 5787
3 5787 5986 5788
3 5986 5987 5788
3 5788 5987 5789
3 5987 5988 5789
3 5789 5988 5790
3 5988 5989 5790
3 5790 5989 5791
3 5770 5990 5965
3 5770 5791 5990
3 5791 5989 5990
3 5965 5990 5967
3 5975 5792 5779
3 5991 5792 5975
3 5991 5992 5792
3 5792 5992 5793
3 5992 5993 5793
3 5793 5993 5794
3 5993 5994 5794
3 5794 5994 5795
3 5994 5995 5795
3 5795 5995 5796
3 5995 5996 5796
3 5796 5996 5797
3 5996 5997 5797
3 5797 5997 5798
3 5997 5998 5798
3 5798 5998 5799
3 5998 5999 5799
3 5799 5999 5800
3 5999 6000 5800
3 5800 6000 5801
3 6000 6001 5801
3 5801 6001 5803
3 6002 5804 5803
3 6002 5803 6003
3 6003 5803 6001
3 6003 6004 6002
3 6007 6006 6005
3 5806 6005 6006
3 5806 6006 5805
3 5805 6006 6008
3 6008 6009 5805
3 5805 6009 5807
3 6009 6010 5807
3 5807 6010 5808
3 5976 6010 5978
3 5976 5809 6010
3 5809 5808 6010
3 5976 5781 5809
3 6002 5810 5804
3 6004 5810 6002
3 6004 6011 5810
3 6011 5811 5810
3 6011 6012 5811
3 5811 6012 5812
3 6012 6013 5812
3 5812 6013 5813
3 6014 5814 5813
3 6014 5813 6015
3 6015 5813 6013
3 6015 6016 6014
3 5816 6018 6017
3 5815 5816 6017
3 6017 6019 5815
3 5815 6019 5817
3 6005 6019 6007
3 6005 5818 6019
3 5818 5817 6019
3 6005 5806 5818
3 6014 5819 5814
3 6016 5819 6014
3 6016 6020 5819
3 6020 5820 5819
3 6020 6021 5820
3 5820 6021 5821
3 5821 6021 6022
3 5822 5821 6022
3 5824 6024 6023
3 5823 5824 6023
3 6023 6025 5823
3 5823 6025 5825
3 6025 6026 5825
3 5825 6026 5826
3 6026 5816 5826
3 6018 5816 6026
3 6022 5827 5822
3 6027 5827 6022
3 6027 6028 5827
3 5827 6028 5828
3 6028 6029 5828
3 5828 6029 5829
3 6031 6030 5830
3 6031 5830 6029
3 6029 5830 5829
3 5830 6030 5831
3 5833 6033 6032
3 5832 5833 6032
3 6032 6034 5832
3 5832 6034 5834
3 6034 5824 5834
3 6024 5824 6034
3 6031 6035 6030
3 6030 5835 5831
3 6030 6035 5835
3 6035 6036 5835
3 6036 6037 5835
3 5835 6037 5836
3 6037 6038 5836
3 5836 6038 5837
3 6038 6039 5837
3 5837 6039 5838
3 6041 6040 5839
3 6041 5839 6039
3 6039 5839 5838
3 5840 5839 6040
3 6042 5840 6040
3 5840 6042 5842
3 5846 5847 6043
3 5848 5846 6043
3 6044 5848 6043
3 6044 6046 6045
3 6044 6045 5848
3 5848 6045 5849
3 6045 6047 5849
3 5849 6047 5850
3 6047 6048 5850
3 5850 6048 5851
3 6048 5833 5851
3 6033 5833 6048
3 6041 6049 6040
3 6040 6050 6042
3 6049 6050 6040
3 6042 5852 5842
3 6042 6050 5852
3 6050 6051 5852
3 6051 6052 5852
3 5852 6052 5853
3 6054 6053 5854
3 6054 5854 6052
3 6052 5854 5853
3 5855 5854 6053
3 6055 5855 6053
3 5855 6055 5857
3 5860 5861 6056
3 5862 5860 6056
3 6057 5862 6056
3 5847 5862 6057
3 5847 6057 6043
3 6043 6057 6058
3 6043 6058 6044
3 6044 6058 6059
3 6046 6060 6061
3 6046 6044 6060
3 6044 6059 6060
3 6061 6062 6063
3 6060 6062 6061
3 6063 6064 6065
3 6062 6064 6063
3 6065 6064 6066
3 6069 6067 6068
3 6068 6053 6054
3 6068 6067 6053
3 6067 6070 6053
3 6053 6070 6055
3 6055 6070 6071
3 6055 6071 5864
3 5857 6055 5864
3 6056 5861 5866
3 6057 6056 5866
3 5867 6057 5866
3 6058 6057 5867
3 5869 6058 5867
3 6059 6058 5869
3 5871 6059 5869
3 6060 6059 5871
3 5872 6060 5871
3 6062 6060 5872
3 5873 6062 5872
3 6064 6062 5873
3 5874 6064 5873
3 6066 6064 5874
3 6066 5874 6072
3 6072 5874 5875
3 6073 5875 5876
3 6073 6074 5875
3 6074 6072 5875
3 6074 6075 6076
3 6073 6075 6074
3 6076 6075 6077
3 5879 6078 6079
3 5878 6078 5879
3 6078 5878 6080
3 5878 5880 6080
3 6080 5880 6081
3 5880 5881 6081
3 6081 5881 6082
3 5881 5882 6082
3 6082 5882 6083
3 5882 5883 6083
3 6083 5883 6084
3 5883 5884 6084
3 6084 5884 6085
3 5884 5885 6085
3 6085 5885 6086
3 5885 5886 6086
3 6086 5886 6087
3 5886 5887 6087
3 5887 6088 6087
3 5888 6088 5887
3 6091 6089 6090
3 6090 6092 6093
3 6089 6092 6090
3 6093 6094 6095
3 6092 6094 6093
3 5893 6095 6094
3 5893 5892 6095
3 5892 6096 6095
3 6096 5892 6097
3 5892 5895 6097
3 6097 5895 6098
3 5895 5897 6098
3 6067 6069 6098
3 6067 6098 5898
3 5898 6098 5897
3 6070 6067 5898
3 5899 6070 5898
3 6071 6070 5899
3 5900 6071 5899
3 6071 5900 5864
3 6073 5876 5901
3 6075 6073 5901
3 5902 6075 5901
3 6077 6075 5902
3 6077 5902 6099
3 6099 5902 5903
3 6099 5903 6100
3 5903 5904 6100
3 6100 5904 6101
3 5904 5905 6101
3 6101 5905 6102
3 5905 5906 6102
3 6102 5906 6103
3 5906 5907 6103
3 6103 5907 6104
3 5907 5908 6104
3 6104 5908 6105
3 5908 5909 6105
3 6105 5909 6106
3 5909 5910 6106
3 6106 5910 5879
3 6079 6106 5879
3 5911 6107 6108
3 5911 6108 5888
3 5888 6108 6088
3 5911 5912 6107
3 5914 6109 6110
3 5913 6109 5914
3 6109 5913 6111
3 5913 5915 6111
3 6111 5915 6112
3 5915 5916 6112
3 6112 5916 6113
3 5916 5917 6113
3 6113 5917 6114
3 5917 5918 6114
3 6114 5918 6115
3 5918 5919 6115
3 6115 5919 6116
3 5919 5920 6116
3 6116 5920 6117
3 5920 5921 6117
3 6117 5921 6118
3 5921 5922 6118
3 6118 5922 6119
3 5922 5923 6119
3 6119 5923 6120
3 5923 5924 6120
3 6120 5924 6121
3 5924 5925 6121
3 6121 5925 6122
3 5925 5926 6122
3 6122 5926 6123
3 5926 5927 6123
3 6123 5927 6124
3 5927 5928 6124
3 6124 5928 6125
3 5928 5929 6125
3 6125 5929 6126
3 5929 5930 6126
3 6126 5930 6127
3 5930 5931 6127
3 6127 5931 6128
3 5931 5932 6128
3 6128 5932 6129
3 5932 5933 6129
3 6089 6091 6129
3 6089 6129 5934
3 5934 6129 5933
3 6092 6089 5934
3 5935 6092 5934
3 6094 6092 5935
3 5936 6094 5935
3 6094 5936 5893
3 6108 6107 6130
3 6107 6131 6130
3 6107 5912 6131
3 5912 5937 6131
3 5939 6132 6133
3 5938 6132 5939
3 6132 5938 5914
3 6110 6132 5914
3 6131 5937 6134
3 6134 5937 5940
3 6133 6135 5939
3 6135 5941 5939
3 6134 5940 5942
3 6136 6134 5942
3 5942 6137 6136
3 5943 6137 5942
3 5945 6138 6139
3 5944 6138 5945
3 6138 5944 5941
3 6135 6138 5941
3 5946 6140 6141
3 5946 6141 5943
3 5943 6141 6137
3 5946 5947 6140
3 5949 6142 6143
3 5948 6142 5949
3 6142 5948 5945
3 6139 6142 5945
3 6141 6140 6144
3 6146 5950 6145
3 6144 5950 6146
3 6144 5947 5950
3 6144 6140 5947
3 5950 5951 6145
3 5953 6147 6148
3 5952 6147 5953
3 6147 5952 5949
3 6143 6147 5949
3 6146 6145 6149
3 6145 5951 5954
3 6145 5954 6149
3 6149 5954 6150
3 6150 5954 6151
3 5954 5955 6151
3 5955 6152 6151
3 5957 6152 5955
3 5960 6153 6154
3 5959 6153 5960
3 6153 5959 6155
3 5959 5961 6155
3 6155 5961 6156
3 5961 5962 6156
3 6156 5962 5953
3 6148 6156 5953
3 6152 5957 5963
3 6157 6152 5963
3 6157 5963 6158
3 5963 5964 6158
3 6158 5964 5960
3 6154 6158 5960
3 5967 6160 6159
3 5966 5967 6159
3 6159 6161 5966
3 5966 6161 5968
3 6161 6162 5968
3 5968 6162 5969
3 6162 6163 5969
3 5969 6163 5970
3 6163 6164 5970
3 5970 6164 5971
3 6164 6165 5971
3 5971 6165 5972
3 6165 6166 5972
3 5972 6166 5973
3 6166 6167 5973
3 5973 6167 5974
3 5974 6167 6168
3 5975 5974 6168
3 5978 6170 6169
3 5977 5978 6169
3 6169 6171 5977
3 5977 6171 5979
3 6171 6172 5979
3 5979 6172 5980
3 6172 6173 5980
3 5980 6173 5981
3 6173 6174 5981
3 5981 6174 5982
3 6174 6175 5982
3 5982 6175 5983
3 6175 6176 5983
3 5983 6176 5984
3 6176 6177 5984
3 5984 6177 5985
3 6177 6178 5985
3 5985 6178 5986
3 6178 6179 5986
3 5986 6179 5987
3 6179 6180 5987
3 5987 6180 5988
3 6180 6181 5988
3 5988 6181 5989
3 6181 6182 5989
3 5989 6182 5990
3 6182 5967 5990
3 6160 5967 6182
3 6168 5991 5975
3 6183 5991 6168
3 6183 6184 5991
3 5991 6184 5992
3 6184 6185 5992
3 5992 6185 5993
3 6185 6186 5993
3 5993 6186 5994
3 6186 6187 5994
3 5994 6187 5995
3 6187 6188 5995
3 5995 6188 5996
3 6188 6189 5996
3 5996 6189 5997
3 6189 6190 5997
3 5997 6190 5998
3 6190 6191 5998
3 5998 6191 5999
3 6191 6192 5999
3 5999 6192 6000
3 6192 6193 6000
3 6000 6193 6001
3 6193 6194 6001
3 6001 6194 6003
3 6195 6004 6003
3 6195 6003 6196
3 6196 6003 6194
3 6196 6197 6195
3 6007 6199 6198
3 6006 6007 6198
3 6198 6200 6006
3 6006 6200 6008
3 6200 6201 6008
3 6008 6201 6009
3 6201 6202 6009
3 6009 6202 6010
3 6202 5978 6010
3 6170 5978 6202
3 6195 6011 6004
3 6197 6011 6195
3 6197 6203 6011
3 6203 6012 6011
3 6203 6204 6012
3 6012 6204 6013
3 6204 6205 6013
3 6013 6205 6015
3 6015 6205 6206
3 6016 6015 6206
3 6209 6208 6207
3 6018 6207 6208
3 6018 6208 6017
3 6017 6208 6210
3 6210 6211 6017
3 6017 6211 6019
3 6211 6007 6019
3 6199 6007 6211
3 6206 6020 6016
3 6212 6020 6206
3 6212 6213 6020
3 6020 6213 6021
3 6021 6213 6214
3 6022 6021 6214
3 6024 6216 6215
3 6023 6024 6215
3 6215 6217 6023
3 6023 6217 6025
3 6207 6217 6209
3 6207 6026 6217
3 6026 6025 6217
3 6207 6018 6026
3 6214 6027 6022
3 6218 6027 6214
3 6218 6219 6027
3 6027 6219 6028
3 6219 6220 6028
3 6028 6220 6029
3 6029 6220 6221
3 6031 6029 6221
3 6032 6033 6222
3 6222 6224 6223
3 6222 6223 6032
3 6032 6223 6034
3 6223 6024 6034
3 6216 6024 6223
3 6221 6035 6031
3 6225 6035 6221
3 6225 6226 6035
3 6035 6226 6036
3 6226 6227 6036
3 6036 6227 6037
3 6227 6228 6037
3 6037 6228 6038
3 6230 6229 6039
3 6230 6039 6228
3 6228 6039 6038
3 6039 6229 6041
3 6045 6046 6231
3 6047 6045 6231
3 6232 6047 6231
3 6048 6047 6232
3 6233 6048 6232
3 6233 6235 6234
3 6048 6233 6234
3 6048 6234 6222
3 6048 6222 6033
3 6222 6234 6224
3 6230 6236 6229
3 6229 6049 6041
3 6229 6236 6049
3 6236 6237 6049
3 6237 6238 6049
3 6049 6238 6050
3 6240 6239 6051
3 6240 6051 6238
3 6238 6051 6050
3 6052 6051 6239
3 6241 6052 6239
3 6052 6241 6054
3 6231 6046 6061
3 6232 6231 6061
3 6063 6232 6061
3 6233 6232 6063
3 6065 6233 6063
3 6065 6066 6242
3 6233 6065 6242
3 6233 6242 6243
3 6233 6243 6235
3 6243 6242 6244
3 6247 6245 6246
3 6246 6248 6249
3 6245 6248 6246
3 6249 6239 6240
3 6249 6248 6239
3 6248 6250 6239
3 6069 6068 6241
3 6069 6241 6250
3 6250 6241 6239
3 6241 6068 6054
3 6242 6066 6072
3 6244 6242 6072
3 6244 6072 6251
3 6251 6072 6074
3 6251 6074 6252
3 6074 6076 6252
3 6253 6076 6077
3 6253 6254 6076
3 6254 6252 6076
3 6254 6253 6255
3 6079 6256 6257
3 6078 6256 6079
3 6256 6078 6258
3 6078 6080 6258
3 6258 6080 6259
3 6080 6081 6259
3 6259 6081 6260
3 6081 6082 6260
3 6260 6082 6261
3 6082 6083 6261
3 6261 6083 6262
3 6083 6084 6262
3 6262 6084 6263
3 6084 6085 6263
3 6263 6085 6264
3 6085 6086 6264
3 6264 6086 6265
3 6086 6087 6265
3 6087 6266 6265
3 6088 6266 6087
3 6269 6267 6268
3 6268 6270 6271
3 6267 6270 6268
3 6091 6271 6270
3 6091 6090 6271
3 6090 6272 6271
3 6272 6090 6273
3 6090 6093 6273
3 6273 6093 6274
3 6093 6095 6274
3 6245 6247 6274
3 6245 6274 6096
3 6096 6274 6095
3 6248 6245 6096
3 6097 6248 6096
3 6250 6248 6097
3 6098 6250 6097
3 6250 6098 6069
3 6253 6077 6099
3 6255 6253 6099
3 6255 6099 6275
3 6275 6099 6100
3 6275 6100 6276
3 6100 6101 6276
3 6276 6101 6277
3 6101 6102 6277
3 6277 6102 6278
3 6102 6103 6278
3 6278 6103 6279
3 6103 6104 6279
3 6279 6104 6280
3 6104 6105 6280
3 6280 6105 6281
3 6105 6106 6281
3 6281 6106 6079
3 6257 6281 6079
3 6266 6088 6282
3 6282 6088 6108
3 6110 6283 6284
3 6109 6283 6110
3 6283 6109 6285
3 6109 6111 6285
3 6285 6111 6286
3 6111 6112 6286
3 6286 6112 6287
3 6112 6113 6287
3 6287 6113 6288
3 6113 6114 6288
3 6288 6114 6289
3 6114 6115 6289
3 6289 6115 6290
3 6115 6116 6290
3 6290 6116 6291
3 6116 6117 6291
3 6291 6117 6292
3 6117 6118 6292
3 6292 6118 6293
3 6118 6119 6293
3 6293 6119 6294
3 6119 6120 6294
3 6294 6120 6295
3 6120 6121 6295
3 6295 6121 6296
3 6121 6122 6296
3 6296 6122 6297
3 6122 6123 6297
3 6297 6123 6298
3 6123 6124 6298
3 6298 6124 6299
3 6124 6125 6299
3 6299 6125 6300
3 6125 6126 6300
3 6300 6126 6301
3 6126 6127 6301
3 6267 6269 6301
3 6267 6301 6128
3 6128 6301 6127
3 6270 6267 6128
3 6129 6270 6128
3 6270 6129 6091
3 6282 6108 6130
3 6302 6282 6130
3 6130 6303 6302
3 6131 6303 6130
3 6133 6304 6305
3 6132 6304 6133
3 6304 6132 6110
3 6284 6304 6110
3 6303 6131 6306
3 6306 6131 6134
3 6305 6307 6133
3 6307 6135 6133
3 6306 6134 6136
3 6308 6306 6136
3 6136 6309 6308
3 6137 6309 6136
3 6139 6310 6311
3 6138 6310 6139
3 6310 6138 6135
3 6307 6310 6135
3 6309 6137 6312
3 6312 6137 6141
3 6143 6313 6314
3 6142 6313 6143
3 6313 6142 6139
3 6311 6313 6139
3 6312 6141 6144
3 6315 6312 6144
3 6144 6316 6315
3 6146 6316 6144
3 6148 6317 6318
3 6147 6317 6148
3 6317 6147 6143
3 6314 6317 6143
3 6316 6146 6149
3 6319 6316 6149
3 6319 6149 6320
3 6149 6150 6320
3 6320 6150 6321
3 6150 6151 6321
3 6151 6322 6321
3 6152 6322 6151
3 6154 6323 6324
3 6153 6323 6154
3 6323 6153 6325
3 6153 6155 6325
3 6325 6155 6326
3 6155 6156 6326
3 6326 6156 6148
3 6318 6326 6148
3 6322 6152 6157
3 6327 6322 6157
3 6327 6157 6328
3 6157 6158 6328
3 6328 6158 6154
3 6324 6328 6154
3 6160 6330 6329
3 6159 6160 6329
3 6329 6331 6159
3 6159 6331 6161
3 6331 6332 6161
3 6161 6332 6162
3 6332 6333 6162
3 6162 6333 6163
3 6333 6334 6163
3 6163 6334 6164
3 6334 6335 6164
3 6164 6335 6165
3 6335 6336 6165
3 6165 6336 6166
3 6336 6337 6166
3 6166 6337 6167
3 6167 6337 6338
3 6168 6167 6338
3 6341 6340 6339
3 6170 6339 6340
3 6170 6340 6169
3 6169 6340 6342
3 6342 6343 6169
3 6169 6343 6171
3 6343 6344 6171
3 6171 6344 6172
3 6344 6345 6172
3 6172 6345 6173
3 6345 6346 6173
3 6173 6346 6174
3 6346 6347 6174
3 6174 6347 6175
3 6347 6348 6175
3 6175 6348 6176
3 6348 6349 6176
3 6176 6349 6177
3 6349 6350 6177
3 6177 6350 6178
3 6350 6351 6178
3 6178 6351 6179
3 6351 6352 6179
3 6179 6352 6180
3 6352 6353 6180
3 6180 6353 6181
3 6353 6354 6181
3 6181 6354 6182
3 6354 6160 6182
3 6330 6160 6354
3 6338 6183 6168
3 6355 6183 6338
3 6355 6356 6183
3 6183 6356 6184
3 6356 6357 6184
3 6184 6357 6185
3 6357 6358 6185
3 6185 6358 6186
3 6358 6359 6186
3 6186 6359 6187
3 6359 6360 6187
3 6187 6360 6188
3 6360 6361 6188
3 6188 6361 6189
3 6361 6362 6189
3 6189 6362 6190
3 6362 6363 6190
3 6190 6363 6191
3 6363 6364 6191
3 6191 6364 6192
3 6364 6365 6192
3 6192 6365 6193
3 6365 6366 6193
3 6193 6366 6194
3 6366 6367 6194
3 6194 6367 6196
3 6368 6197 6196
3 6368 6196 6369
3 6369 6196 6367
3 6369 6370 6368
3 6373 6372 6371
3 6199 6371 6372
3 6199 6372 6198
3 6198 6372 6374
3 6374 6375 6198
3 6198 6375 6200
3 6375 6376 6200
3 6200 6376 6201
3 6339 6376 6341
3 6339 6202 6376
3 6202 6201 6376
3 6339 6170 6202
3 6368 6203 6197
3 6370 6203 6368
3 6370 6377 6203
3 6377 6204 6203
3 6377 6378 6204
3 6204 6378 6205
3 6205 6378 6379
3 6206 6205 6379
3 6209 6381 6380
3 6208 6209 6380
3 6380 6382 6208
3 6208 6382 6210
3 6371 6382 6373
3 6371 6211 6382
3 6211 6210 6382
3 6371 6199 6211
3 6379 6212 6206
3 6383 6212 6379
3 6383 6384 6212
3 6212 6384 6213
3 6213 6384 6385
3 6214 6213 6385
3 6216 6387 6386
3 6215 6216 6386
3 6386 6388 6215
3 6215 6388 6217
3 6388 6209 6217
3 6381 6209 6388
3 6385 6218 6214
3 6389 6218 6385
3 6389 6390 6218
3 6218 6390 6219
3 6392 6391 6220
3 6392 6220 6390
3 6390 6220 6219
3 6220 6391 6221
3 6224 6394 6393
3 6223 6224 6393
3 6393 6216 6223
3 6387 6216 6393
3 6392 6395 6391
3 6391 6225 6221
3 6391 6395 6225
3 6395 6396 6225
3 6396 6397 6225
3 6225 6397 6226
3 6397 6398 6226
3 6226 6398 6227
3 6400 6399 6228
3 6400 6228 6398
3 6398 6228 6227
3 6228 6399 6230
3 6235 6402 6401
3 6234 6235 6401
3 6401 6224 6234
3 6394 6224 6401
3 6400 6403 6399
3 6399 6236 6230
3 6399 6403 6236
3 6403 6404 6236
3 6406 6405 6237
3 6406 6237 6404
3 6404 6237 6236
3 6238 6237 6405
3 6407 6238 6405
3 6238 6407 6240
3 6402 6235 6243
3 6408 6402 6243
3 6409 6243 6244
3 6409 6410 6243
3 6410 6408 6243
3 6410 6409 6411
3 6414 6412 6413
3 6413 6415 6416
3 6412 6415 6413
3 6405 6247 6246
3 6406 6247 6405
3 6406 6415 6247
3 6406 6416 6415
3 6407 6405 6246
3 6249 6407 6246
3 6407 6249 6240
3 6409 6244 6251
3 6411 6409 6251
3 6411 6251 6417
3 6417 6251 6252
3 6417 6252 6418
3 6252 6254 6418
3 6419 6254 6255
3 6419 6420 6254
3 6420 6418 6254
3 6420 6421 6422
3 6419 6421 6420
3 6422 6421 6423
3 6426 6424 6425
3 6425 6427 6428
3 6424 6427 6425
3 6257 6428 6427
3 6257 6256 6428
3 6256 6429 6428
3 6429 6256 6430
3 6256 6258 6430
3 6430 6258 6431
3 6258 6259 6431
3 6431 6259 6432
3 6259 6260 6432
3 6432 6260 6433
3 6260 6261 6433
3 6433 6261 6434
3 6261 6262 6434
3 6434 6262 6435
3 6262 6263 6435
3 6435 6263 6436
3 6263 6264 6436
3 6436 6264 6437
3 6264 6265 6437
3 6265 6438 6437
3 6266 6438 6265
3 6441 6439 6440
3 6440 6442 6443
3 6439 6442 6440
3 6269 6443 6442
3 6269 6268 6443
3 6268 6444 6443
3 6444 6268 6445
3 6268 6271 6445
3 6445 6271 6446
3 6271 6272 6446
3 6412 6414 6446
3 6412 6446 6273
3 6273 6446 6272
3 6415 6412 6273
3 6274 6415 6273
3 6415 6274 6247
3 6419 6255 6275
3 6421 6419 6275
3 6276 6421 6275
3 6423 6421 6276
3 6423 6276 6447
3 6447 6276 6277
3 6447 6277 6448
3 6277 6278 6448
3 6448 6278 6449
3 6278 6279 6449
3 6424 6426 6449
3 6424 6449 6280
3 6280 6449 6279
3 6427 6424 6280
3 6281 6427 6280
3 6427 6281 6257
3 6438 6266 6450
3 6450 6266 6282
3 6284 6451 6452
3 6283 6451 6284
3 6451 6283 6453
3 6283 6285 6453
3 6453 6285 6454
3 6285 6286 6454
3 6454 6286 6455
3 6286 6287 6455
3 6455 6287 6456
3 6287 6288 6456
3 6456 6288 6457
3 6288 6289 6457
3 6457 6289 6458
3 6289 6290 6458
3 6458 6290 6459
3 6290 6291 6459
3 6459 6291 6460
3 6291 6292 6460
3 6462 6293 6461
3 6462 6460 6293
3 6460 6292 6293
3 6294 6461 6293
3 6463 6461 6294
3 6463 6464 6465
3 6463 6294 6464
3 6294 6295 6464
3 6464 6295 6466
3 6295 6296 6466
3 6466 6296 6467
3 6296 6297 6467
3 6467 6297 6468
3 6297 6298 6468
3 6468 6298 6469
3 6298 6299 6469
3 6439 6441 6469
3 6439 6469 6300
3 6300 6469 6299
3 6442 6439 6300
3 6301 6442 6300
3 6442 6301 6269
3 6450 6282 6302
3 6470 6450 6302
3 6302 6471 6470
3 6303 6471 6302
3 6305 6472 6473
3 6304 6472 6305
3 6472 6304 6284
3 6452 6472 6284
3 6462 6461 6474
3 6461 6463 6475
3 6474 6461 6475
3 6463 6465 6475
3 6471 6303 6476
3 6476 6303 6306
3 6473 6477 6305
3 6477 6307 6305
3 6476 6306 6308
3 6478 6476 6308
3 6308 6479 6478
3 6309 6479 6308
3 6311 6480 6481
3 6310 6480 6311
3 6480 6310 6307
3 6477 6480 6307
3 6479 6309 6482
3 6482 6309 6312
3 6314 6483 6484
3 6313 6483 6314
3 6483 6313 6311
3 6481 6483 6311
3 6482 6312 6315
3 6485 6482 6315
3 6315 6486 6485
3 6316 6486 6315
3 6318 6487 6488
3 6317 6487 6318
3 6487 6317 6314
3 6484 6487 6314
3 6486 6316 6319
3 6489 6486 6319
3 6489 6319 6490
3 6319 6320 6490
3 6492 6321 6491
3 6492 6490 6321
3 6490 6320 6321
3 6321 6322 6491
3 6324 6493 6494
3 6323 6493 6324
3 6493 6323 6495
3 6323 6325 6495
3 6495 6325 6496
3 6325 6326 6496
3 6496 6326 6318
3 6488 6496 6318
3 6492 6491 6497
3 6491 6322 6327
3 6491 6327 6497
3 6497 6327 6498
3 6498 6327 6499
3 6327 6328 6499
3 6499 6328 6324
3 6494 6499 6324
3 6330 6501 6500
3 6329 6330 6500
3 6500 6502 6329
3 6329 6502 6331
3 6502 6503 6331
3 6331 6503 6332
3 6503 6504 6332
3 6332 6504 6333
3 6504 6505 6333
3 6333 6505 6334
3 6505 6506 6334
3 6334 6506 6335
3 6506 6507 6335
3 6335 6507 6336
3 6507 6508 6336
3 6336 6508 6337
3 6337 6508 6509
3 6338 6337 6509
3 6512 6511 6510
3 6341 6510 6511
3 6341 6511 6340
3 6340 6511 6513
3 6513 6514 6340
3 6340 6514 6342
3 6514 6515 6342
3 6342 6515 6343
3 6515 6516 6343
3 6343 6516 6344
3 6516 6517 6344
3 6344 6517 6345
3 6517 6518 6345
3 6345 6518 6346
3 6518 6519 6346
3 6346 6519 6347
3 6519 6520 6347
3 6347 6520 6348
3 6520 6521 6348
3 6348 6521 6349
3 6521 6522 6349
3 6349 6522 6350
3 6522 6523 6350
3 6350 6523 6351
3 6523 6524 6351
3 6351 6524 6352
3 6524 6525 6352
3 6352 6525 6353
3 6525 6526 6353
3 6353 6526 6354
3 6526 6330 6354
3 6501 6330 6526
3 6509 6355 6338
3 6527 6355 6509
3 6527 6528 6355
3 6355 6528 6356
3 6528 6529 6356
3 6356 6529 6357
3 6529 6530 6357
3 6357 6530 6358
3 6530 6531 6358
3 6358 6531 6359
3 6531 6532 6359
3 6359 6532 6360
3 6532 6533 6360
3 6360 6533 6361
3 6533 6534 6361
3 6361 6534 6362
3 6534 6535 6362
3 6362 6535 6363
3 6535 6536 6363
3 6363 6536 6364
3 6536 6537 6364
3 6364 6537 6365
3 6537 6538 6365
3 6365 6538 6366
3 6538 6539 6366
3 6366 6539 6367
3 6539 6540 6367
3 6367 6540 6369
3 6541 6370 6369
3 6541 6369 6542
3 6542 6369 6540
3 6542 6543 6541
3 6373 6545 6544
3 6372 6373 6544
3 6544 6546 6372
3 6372 6546 6374
3 6546 6547 6374
3 6374 6547 6375
3 6510 6547 6512
3 6510 6376 6547
3 6376 6375 6547
3 6510 6341 6376
3 6541 6377 6370
3 6543 6377 6541
3 6543 6548 6377
3 6548 6378 6377
3 6549 6379 6378
3 6549 6378 6550
3 6550 6378 6548
3 6550 6551 6549
3 6381 6553 6552
3 6380 6381 6552
3 6552 6554 6380
3 6380 6554 6382
3 6554 6373 6382
3 6545 6373 6554
3 6549 6383 6379
3 6551 6383 6549
3 6551 6555 6383
3 6555 6384 6383
3 6384 6555 6556
3 6385 6384 6556
3 6387 6558 6557
3 6386 6387 6557
3 6557 6559 6386
3 6386 6559 6388
3 6559 6381 6388
3 6553 6381 6559
3 6556 6389 6385
3 6560 6389 6556
3 6560 6561 6389
3 6389 6561 6390
3 6390 6561 6562
3 6392 6390 6562
3 6394 6564 6563
3 6393 6394 6563
3 6563 6387 6393
3 6558 6387 6563
3 6562 6395 6392
3 6565 6395 6562
3 6565 6566 6395
3 6395 6566 6396
3 6566 6567 6396
3 6396 6567 6397
3 6569 6568 6398
3 6569 6398 6567
3 6567 6398 6397
3 6398 6568 6400
3 6401 6402 6570
3 6570 6394 6401
3 6570 6571 6394
3 6571 6564 6394
3 6569 6572 6568
3 6574 6573 6403
3 6572 6574 6403
3 6572 6403 6400
3 6572 6400 6568
3 6404 6403 6573
3 6575 6404 6573
3 6404 6575 6406
3 6570 6402 6408
3 6571 6570 6408
3 6571 6408 6576
3 6576 6408 6410
3 6410 6577 6576
3 6411 6577 6410
3 6580 6578 6579
3 6579 6581 6582
3 6578 6581 6579
3 6573 6414 6413
3 6574 6414 6573
3 6574 6581 6414
3 6574 6582 6581
3 6575 6573 6413
3 6416 6575 6413
3 6575 6416 6406
3 6577 6411 6417
3 6583 6577 6417
3 6583 6417 6584
3 6417 6418 6584
3 6584 6418 6585
3 6418 6420 6585
3 6585 6420 6586
3 6420 6422 6586
3 6587 6422 6423
3 6587 6588 6422
3 6588 6586 6422
3 6588 6589 6590
3 6587 6589 6588
3 6590 6591 6592
3 6589 6591 6590
3 6426 6592 6591
3 6426 6425 6592
3 6425 6593 6592
3 6593 6425 6594
3 6425 6428 6594
3 6594 6428 6595
3 6428 6429 6595
3 6595 6429 6596
3 6429 6430 6596
3 6596 6430 6597
3 6430 6431 6597
3 6597 6431 6598
3 6431 6432 6598
3 6598 6432 6599
3 6432 6433 6599
3 6599 6433 6600
3 6433 6434 6600
3 6600 6434 6601
3 6434 6435 6601
3 6601 6435 6602
3 6435 6436 6602
3 6602 6436 6603
3 6436 6437 6603
3 6437 6604 6603
3 6438 6604 6437
3 6607 6605 6606
3 6441 6606 6605
3 6441 6440 6606
3 6440 6608 6606
3 6608 6440 6609
3 6440 6443 6609
3 6609 6443 6610
3 6443 6444 6610
3 6578 6580 6610
3 6578 6610 6445
3 6445 6610 6444
3 6581 6578 6445
3 6446 6581 6445
3 6581 6446 6414
3 6587 6423 6447
3 6589 6587 6447
3 6448 6589 6447
3 6591 6589 6448
3 6449 6591 6448
3 6591 6449 6426
3 6604 6438 6611
3 6611 6438 6450
3 6452 6612 6613
3 6451 6612 6452
3 6612 6451 6614
3 6451 6453 6614
3 6614 6453 6615
3 6453 6454 6615
3 6615 6454 6616
3 6454 6455 6616
3 6616 6455 6617
3 6455 6456 6617
3 6617 6456 6618
3 6456 6457 6618
3 6618 6457 6619
3 6457 6458 6619
3 6619 6458 6620
3 6458 6459 6620
3 6622 6460 6621
3 6622 6620 6460
3 6620 6459 6460
3 6460 6462 6621
3 6625 6623 6624
3 6465 6624 6623
3 6465 6464 6624
3 6464 6626 6624
3 6626 6464 6627
3 6464 6466 6627
3 6627 6466 6628
3 6466 6467 6628
3 6628 6467 6629
3 6467 6468 6629
3 6605 6607 6629
3 6605 6629 6469
3 6469 6629 6468
3 6605 6469 6441
3 6611 6450 6470
3 6630 6611 6470
3 6470 6631 6630
3 6471 6631 6470
3 6473 6632 6633
3 6472 6632 6473
3 6632 6472 6452
3 6613 6632 6452
3 6622 6621 6634
3 6621 6462 6474
3 6621 6474 6634
3 6634 6474 6635
3 6623 6625 6635
3 6623 6635 6475
3 6475 6635 6474
3 6623 6475 6465
3 6631 6471 6636
3 6636 6471 6476
3 6633 6637 6473
3 6637 6477 6473
3 6636 6476 6478
3 6638 6636 6478
3 6478 6639 6638
3 6479 6639 6478
3 6481 6640 6641
3 6480 6640 6481
3 6640 6480 6477
3 6637 6640 6477
3 6639 6479 6642
3 6642 6479 6482
3 6484 6643 6644
3 6483 6643 6484
3 6643 6483 6481
3 6641 6643 6481
3 6642 6482 6485
3 6645 6642 6485
3 6485 6646 6645
3 6486 6646 6485
3 6488 6647 6648
3 6487 6647 6488
3 6647 6487 6484
3 6644 6647 6484
3 6646 6486 6489
3 6649 6646 6489
3 6649 6489 6650
3 6489 6490 6650
3 6490 6651 6650
3 6492 6651 6490
3 6494 6652 6653
3 6493 6652 6494
3 6652 6493 6654
3 6493 6495 6654
3 6654 6495 6655
3 6495 6496 6655
3 6655 6496 6488
3 6648 6655 6488
3 6651 6492 6497
3 6656 6651 6497
3 6656 6497 6657
3 6497 6498 6657
3 6657 6498 6658
3 6498 6499 6658
3 6658 6499 6494
3 6653 6658 6494
3 6501 6660 6659
3 6500 6501 6659
3 6659 6661 6500
3 6500 6661 6502
3 6661 6662 6502
3 6502 6662 6503
3 6662 6663 6503
3 6503 6663 6504
3 6663 6664 6504
3 6504 6664 6505
3 6664 6665 6505
3 6505 6665 6506
3 6665 6666 6506
3 6506 6666 6507
3 6666 6667 6507
3 6507 6667 6508
3 6508 6667 6668
3 6509 6508 6668
3 6671 6670 6669
3 6512 6669 6670
3 6512 6670 6511
3 6511 6670 6672
3 6672 6673 6511
3 6511 6673 6513
3 6673 6674 6513
3 6513 6674 6514
3 6674 6675 6514
3 6514 6675 6515
3 6675 6676 6515
3 6515 6676 6516
3 6676 6677 6516
3 6516 6677 6517
3 6677 6678 6517
3 6517 6678 6518
3 6678 6679 6518
3 6518 6679 6519
3 6679 6680 6519
3 6519 6680 6520
3 6680 6681 6520
3 6520 6681 6521
3 6681 6682 6521
3 6521 6682 6522
3 6682 6683 6522
3 6522 6683 6523
3 6683 6684 6523
3 6523 6684 6524
3 6684 6685 6524
3 6524 6685 6525
3 6685 6686 6525
3 6525 6686 6526
3 6686 6501 6526
3 6660 6501 6686
3 6668 6527 6509
3 6687 6527 6668
3 6687 6688 6527
3 6527 6688 6528
3 6688 6689 6528
3 6528 6689 6529
3 6691 6690 6530
3 6691 6530 6689
3 6689 6530 6529
3 6690 6693 6692
3 6690 6692 6530
3 6530 6692 6531
3 6692 6694 6531
3 6531 6694 6532
3 6694 6695 6532
3 6532 6695 6533
3 6695 6696 6533
3 6533 6696 6534
3 6696 6697 6534
3 6534 6697 6535
3 6697 6698 6535
3 6535 6698 6536
3 6698 6699 6536
3 6536 6699 6537
3 6699 6700 6537
3 6537 6700 6538
3 6700 6701 6538
3 6538 6701 6539
3 6701 6702 6539
3 6539 6702 6540
3 6702 6703 6540
3 6540 6703 6542
3 6542 6703 6704
3 6543 6542 6704
3 6545 6706 6705
3 6544 6545 6705
3 6705 6707 6544
3 6544 6707 6546
3 6669 6707 6671
3 6669 6547 6707
3 6547 6546 6707
3 6669 6512 6547
3 6691 6708 6690
3 6690 6708 6693
3 6704 6548 6543
3 6709 6548 6704
3 6709 6710 6548
3 6548 6710 6550
3 6550 6710 6711
3 6551 6550 6711
3 6553 6713 6712
3 6552 6553 6712
3 6712 6714 6552
3 6552 6714 6554
3 6714 6545 6554
3 6706 6545 6714
3 6711 6555 6551
3 6715 6555 6711
3 6716 6556 6555
3 6716 6555 6717
3 6717 6555 6715
3 6717 6718 6716
3 6558 6720 6719
3 6557 6558 6719
3 6719 6721 6557
3 6557 6721 6559
3 6721 6553 6559
3 6713 6553 6721
3 6716 6560 6556
3 6718 6560 6716
3 6718 6722 6560
3 6722 6561 6560
3 6561 6722 6723
3 6562 6561 6723
3 6564 6725 6724
3 6563 6564 6724
3 6724 6558 6563
3 6720 6558 6724
3 6723 6565 6562
3 6726 6565 6723
3 6726 6727 6565
3 6565 6727 6566
3 6729 6728 6567
3 6729 6567 6727
3 6727 6567 6566
3 6567 6728 6569
3 6725 6564 6730
3 6730 6564 6571
3 6732 6728 6729
3 6731 6728 6732
3 6572 6569 6728
3 6572 6728 6733
3 6733 6728 6731
3 6572 6733 6574
3 6730 6571 6576
3 6734 6730 6576
3 6735 6576 6577
3 6735 6736 6576
3 6736 6734 6576
3 6736 6735 6737
3 6740 6738 6739
3 6739 6741 6742
3 6738 6741 6739
3 6731 6580 6579
3 6732 6580 6731
3 6732 6741 6580
3 6732 6742 6741
3 6733 6731 6579
3 6582 6733 6579
3 6733 6582 6574
3 6735 6577 6583
3 6737 6735 6583
3 6737 6583 6743
3 6743 6583 6584
3 6743 6584 6744
3 6584 6585 6744
3 6744 6585 6745
3 6585 6586 6745
3 6745 6586 6746
3 6586 6588 6746
3 6746 6588 6747
3 6588 6590 6747
3 6747 6590 6748
3 6590 6592 6748
3 6748 6592 6749
3 6592 6593 6749
3 6749 6593 6750
3 6593 6594 6750
3 6750 6594 6751
3 6594 6595 6751
3 6751 6595 6752
3 6595 6596 6752
3 6752 6596 6753
3 6596 6597 6753
3 6753 6597 6754
3 6597 6598 6754
3 6754 6598 6755
3 6598 6599 6755
3 6755 6599 6756
3 6599 6600 6756
3 6756 6600 6757
3 6600 6601 6757
3 6757 6601 6758
3 6601 6602 6758
3 6760 6603 6759
3 6760 6758 6603
3 6758 6602 6603
3 6603 6604 6759
3 6763 6761 6762
3 6762 6761 6764
3 6767 6765 6766
3 6607 6766 6765
3 6607 6606 6766
3 6606 6768 6766
3 6768 6606 6769
3 6606 6608 6769
3 6738 6740 6769
3 6738 6769 6609
3 6609 6769 6608
3 6741 6738 6609
3 6610 6741 6609
3 6741 6610 6580
3 6760 6759 6770
3 6759 6771 6770
3 6759 6604 6771
3 6604 6611 6771
3 6613 6772 6773
3 6612 6772 6613
3 6772 6612 6774
3 6612 6614 6774
3 6761 6763 6774
3 6761 6774 6615
3 6615 6774 6614
3 6764 6761 6615
3 6764 6615 6775
3 6775 6615 6616
3 6775 6616 6776
3 6616 6617 6776
3 6776 6617 6777
3 6617 6618 6777
3 6777 6618 6778
3 6618 6619 6778
3 6778 6619 6779
3 6619 6620 6779
3 6620 6780 6779
3 6622 6780 6620
3 6625 6781 6782
3 6624 6781 6625
3 6781 6624 6783
3 6624 6626 6783
3 6783 6626 6784
3 6626 6627 6784
3 6784 6627 6785
3 6627 6628 6785
3 6765 6767 6785
3 6765 6785 6629
3 6629 6785 6628
3 6765 6629 6607
3 6771 6611 6630
3 6786 6771 6630
3 6630 6787 6786
3 6631 6787 6630
3 6633 6788 6789
3 6632 6788 6633
3 6788 6632 6613
3 6773 6788 6613
3 6780 6622 6634
3 6790 6780 6634
3 6790 6634 6791
3 6634 6635 6791
3 6791 6635 6625
3 6782 6791 6625
3 6787 6631 6792
3 6792 6631 6636
3 6789 6793 6633
3 6793 6637 6633
3 6792 6636 6638
3 6794 6792 6638
3 6638 6795 6794
3 6639 6795 6638
3 6641 6796 6797
3 6640 6796 6641
3 6796 6640 6637
3 6793 6796 6637
3 6795 6639 6798
3 6798 6639 6642
3 6644 6799 6800
3 6643 6799 6644
3 6799 6643 6641
3 6797 6799 6641
3 6798 6642 6645
3 6801 6798 6645
3 6645 6802 6801
3 6646 6802 6645
3 6648 6803 6804
3 6647 6803 6648
3 6803 6647 6644
3 6800 6803 6644
3 6802 6646 6649
3 6805 6802 6649
3 6805 6649 6806
3 6649 6650 6806
3 6650 6807 6806
3 6651 6807 6650
3 6653 6808 6809
3 6652 6808 6653
3 6808 6652 6810
3 6652 6654 6810
3 6810 6654 6811
3 6654 6655 6811
3 6811 6655 6648
3 6804 6811 6648
3 6807 6651 6656
3 6812 6807 6656
3 6812 6656 6813
3 6656 6657 6813
3 6813 6657 6814
3 6657 6658 6814
3 6814 6658 6653
3 6809 6814 6653
3 6660 6816 6815
3 6659 6660 6815
3 6815 6817 6659
3 6659 6817 6661
3 6817 6818 6661
3 6661 6818 6662
3 6818 6819 6662
3 6662 6819 6663
3 6819 6820 6663
3 6663 6820 6664
3 6820 6821 6664
3 6664 6821 6665
3 6821 6822 6665
3 6665 6822 6666
3 6824 6823 6667
3 6824 6667 6822
3 6822 6667 6666
3 6667 6823 6668
3 6827 6826 6825
3 6826 6829 6828
3 6825 6826 6828
3 6829 6831 6830
3 6828 6829 6830
3 6831 6833 6832
3 6830 6831 6832
3 6833 6834 6832
3 6837 6836 6835
3 6671 6835 6836
3 6671 6836 6670
3 6670 6836 6838
3 6838 6839 6670
3 6670 6839 6672
3 6839 6840 6672
3 6672 6840 6673
3 6840 6841 6673
3 6673 6841 6674
3 6841 6842 6674
3 6674 6842 6675
3 6842 6843 6675
3 6675 6843 6676
3 6843 6844 6676
3 6676 6844 6677
3 6844 6845 6677
3 6677 6845 6678
3 6845 6846 6678
3 6678 6846 6679
3 6846 6847 6679
3 6679 6847 6680
3 6847 6848 6680
3 6680 6848 6681
3 6850 6849 6682
3 6850 6682 6848
3 6848 6682 6681
3 6849 6852 6851
3 6849 6851 6682
3 6682 6851 6683
3 6851 6853 6683
3 6683 6853 6684
3 6853 6854 6684
3 6684 6854 6685
3 6854 6855 6685
3 6685 6855 6686
3 6855 6660 6686
3 6816 6660 6855
3 6824 6856 6823
3 6823 6687 6668
3 6823 6856 6687
3 6856 6857 6687
3 6857 6858 6687
3 6687 6858 6688
3 6860 6859 6689
3 6860 6689 6858
3 6858 6689 6688
3 6689 6859 6691
3 6692 6693 6861
3 6861 6863 6862
3 6861 6862 6692
3 6692 6862 6694
3 6862 6864 6694
3 6694 6864 6695
3 6864 6865 6695
3 6695 6865 6696
3 6865 6866 6696
3 6696 6866 6697
3 6825 6866 6827
3 6825 6698 6866
3 6698 6697 6866
3 6828 6698 6825
3 6699 6698 6828
3 6830 6699 6828
3 6700 6699 6830
3 6832 6700 6830
3 6701 6700 6832
3 6834 6701 6832
3 6834 6867 6701
3 6867 6702 6701
3 6867 6868 6702
3 6702 6868 6703
3 6869 6704 6703
3 6869 6703 6870
3 6870 6703 6868
3 6870 6871 6869
3 6874 6873 6872
3 6706 6872 6873
3 6706 6873 6705
3 6705 6873 6875
3 6835 6875 6837
3 6835 6707 6875
3 6707 6705 6875
3 6835 6671 6707
3 6850 6876 6849
3 6849 6876 6852
3 6860 6877 6859
3 6859 6708 6691
3 6859 6877 6708
3 6877 6878 6708
3 6693 6879 6861
3 6693 6708 6879
3 6708 6878 6879
3 6861 6879 6863
3 6869 6709 6704
3 6871 6709 6869
3 6871 6880 6709
3 6880 6710 6709
3 6881 6711 6710
3 6881 6710 6882
3 6882 6710 6880
3 6882 6883 6881
3 6713 6885 6884
3 6712 6713 6884
3 6872 6884 6874
3 6872 6714 6884
3 6714 6712 6884
3 6872 6706 6714
3 6881 6715 6711
3 6883 6715 6881
3 6883 6886 6715
3 6886 6717 6715
3 6717 6886 6887
3 6718 6717 6887
3 6720 6889 6888
3 6719 6720 6888
3 6888 6890 6719
3 6719 6890 6721
3 6890 6713 6721
3 6885 6713 6890
3 6887 6722 6718
3 6891 6722 6887
3 6722 6891 6892
3 6723 6722 6892
3 6725 6894 6893
3 6724 6725 6893
3 6893 6720 6724
3 6889 6720 6893
3 6892 6726 6723
3 6895 6726 6892
3 6897 6896 6727
3 6897 6727 6895
3 6895 6727 6726
3 6727 6896 6729
3 6898 6899 6894
3 6898 6894 6730
3 6730 6894 6725
3 6899 6898 6900
3 6902 6896 6897
3 6901 6896 6902
3 6896 6901 6732
3 6729 6896 6732
3 6898 6730 6734
3 6900 6898 6734
3 6900 6734 6903
3 6903 6734 6736
3 6904 6736 6737
3 6904 6905 6736
3 6905 6903 6736
3 6905 6904 6906
3 6909 6907 6908
3 6740 6908 6907
3 6740 6739 6908
3 6739 6910 6908
3 6901 6902 6910
3 6901 6910 6742
3 6742 6910 6739
3 6901 6742 6732
3 6904 6737 6743
3 6906 6904 6743
3 6906 6743 6911
3 6911 6743 6744
3 6911 6744 6912
3 6744 6745 6912
3 6912 6745 6913
3 6745 6746 6913
3 6913 6746 6914
3 6746 6747 6914
3 6914 6747 6915
3 6747 6748 6915
3 6915 6748 6916
3 6748 6749 6916
3 6916 6749 6917
3 6749 6750 6917
3 6917 6750 6918
3 6750 6751 6918
3 6918 6751 6919
3 6751 6752 6919
3 6919 6752 6920
3 6752 6753 6920
3 6920 6753 6921
3 6753 6754 6921
3 6921 6754 6922
3 6754 6755 6922
3 6922 6755 6923
3 6755 6756 6923
3 6923 6756 6924
3 6756 6757 6924
3 6924 6757 6925
3 6757 6758 6925
3 6758 6926 6925
3 6760 6926 6758
3 6763 6927 6928
3 6762 6927 6763
3 6929 6762 6764
3 6929 6930 6762
3 6930 6927 6762
3 6930 6931 6932
3 6929 6931 6930
3 6932 6931 6933
3 6767 6934 6935
3 6766 6934 6767
3 6934 6766 6936
3 6766 6768 6936
3 6907 6909 6936
3 6907 6936 6769
3 6769 6936 6768
3 6907 6769 6740
3 6926 6760 6770
3 6937 6926 6770
3 6770 6938 6937
3 6771 6938 6770
3 6773 6939 6940
3 6772 6939 6773
3 6939 6772 6941
3 6772 6774 6941
3 6941 6774 6763
3 6928 6941 6763
3 6929 6764 6775
3 6931 6929 6775
3 6776 6931 6775
3 6933 6931 6776
3 6933 6776 6942
3 6942 6776 6777
3 6942 6777 6943
3 6777 6778 6943
3 6943 6778 6944
3 6778 6779 6944
3 6945 6779 6780
3 6945 6946 6779
3 6946 6944 6779
3 6946 6947 6948
3 6945 6947 6946
3 6782 6948 6947
3 6782 6781 6948
3 6781 6949 6948
3 6949 6781 6950
3 6781 6783 6950
3 6950 6783 6951
3 6783 6784 6951
3 6951 6784 6952
3 6784 6785 6952
3 6952 6785 6767
3 6935 6952 6767
3 6938 6771 6786
3 6953 6938 6786
3 6786 6954 6953
3 6787 6954 6786
3 6789 6955 6956
3 6788 6955 6789
3 6955 6788 6773
3 6940 6955 6773
3 6945 6780 6790
3 6947 6945 6790
3 6791 6947 6790
3 6947 6791 6782
3 6954 6787 6957
3 6957 6787 6792
3 6956 6958 6789
3 6958 6793 6789
3 6794 6959 6960
3 6794 6960 6792
3 6792 6960 6957
3 6794 6795 6959
3 6797 6961 6962
3 6796 6961 6797
3 6961 6796 6793
3 6958 6961 6793
3 6960 6959 6963
3 6959 6964 6963
3 6959 6795 6964
3 6795 6798 6964
3 6800 6965 6966
3 6799 6965 6800
3 6965 6799 6797
3 6962 6965 6797
3 6964 6798 6801
3 6967 6964 6801
3 6801 6968 6967
3 6802 6968 6801
3 6804 6969 6970
3 6803 6969 6804
3 6969 6803 6800
3 6966 6969 6800
3 6968 6802 6805
3 6971 6968 6805
3 6971 6805 6972
3 6805 6806 6972
3 6806 6973 6972
3 6807 6973 6806
3 6809 6974 6975
3 6808 6974 6809
3 6974 6808 6976
3 6808 6810 6976
3 6976 6810 6977
3 6810 6811 6977
3 6977 6811 6804
3 6970 6977 6804
3 6973 6807 6812
3 6978 6973 6812
3 6978 6812 6979
3 6812 6813 6979
3 6979 6813 6980
3 6813 6814 6980
3 6980 6814 6809
3 6975 6980 6809
3 6816 6982 6981
3 6815 6816 6981
3 6981 6983 6815
3 6815 6983 6817
3 6983 6984 6817
3 6817 6984 6818
3 6984 6985 6818
3 6818 6985 6819
3 6985 6986 6819
3 6819 6986 6820
3 6986 6987 6820
3 6820 6987 6821
3 6987 6988 6821
3 6821 6988 6822
3 6822 6988 6989
3 6824 6822 6989
3 6827 6991 6990
3 6826 6827 6990
3 6990 6992 6826
3 6826 6992 6829
3 6992 6993 6829
3 6829 6993 6831
3 6993 6994 6831
3 6831 6994 6833
3 6995 6834 6833
3 6995 6833 6996
3 6996 6833 6994
3 6996 6997 6995
3 6837 6999 6998
3 6836 6837 6998
3 6998 7000 6836
3 6836 7000 6838
3 7000 7001 6838
3 6838 7001 6839
3 7001 7002 6839
3 6839 7002 6840
3 7002 7003 6840
3 6840 7003 6841
3 7003 7004 6841
3 6841 7004 6842
3 7004 7005 6842
3 6842 7005 6843
3 7005 7006 6843
3 6843 7006 6844
3 7006 7007 6844
3 6844 7007 6845
3 7007 7008 6845
3 6845 7008 6846
3 7008 7009 6846
3 6846 7009 6847
3 7011 7010 6848
3 7011 6848 7009
3 7009 6848 6847
3 6848 7010 6850
3 6851 6852 7012
3 7012 7014 7013
3 7012 7013 6851
3 6851 7013 6853
3 7013 7015 6853
3 6853 7015 6854
3 7015 7016 6854
3 6854 7016 6855
3 7016 6816 6855
3 6982 6816 7016
3 6989 6856 6824
3 7017 6856 6989
3 7017 7018 6856
3 6856 7018 6857
3 7018 7019 6857
3 6857 7019 6858
3 6858 7019 7020
3 6860 6858 7020
3 6863 7022 7021
3 6862 6863 7021
3 7021 7023 6862
3 6862 7023 6864
3 7023 7024 6864
3 6864 7024 6865
3 7024 7025 6865
3 6865 7025 6866
3 7025 6827 6866
3 6991 6827 7025
3 6995 6867 6834
3 6997 6867 6995
3 6997 7026 6867
3 7026 6868 6867
3 7026 7027 6868
3 6868 7027 6870
3 6870 7027 7028
3 6871 6870 7028
3 6874 7030 7029
3 6873 6874 7029
3 7029 7031 6873
3 6873 7031 6875
3 7031 6837 6875
3 6999 6837 7031
3 7011 7032 7010
3 7010 6876 6850
3 7010 7032 6876
3 7032 7033 6876
3 6852 7034 7012
3 6852 6876 7034
3 6876 7033 7034
3 7012 7034 7014
3 7020 6877 6860
3 7035 6877 7020
3 7035 7036 6877
3 6877 7036 6878
3 7036 7037 6878
3 6878 7037 6879
3 7037 6863 6879
3 7022 6863 7037
3 7028 6880 6871
3 7038 6880 7028
3 7038 7039 6880
3 6880 7039 6882
3 6882 7039 7040
3 6883 6882 7040
3 7043 7042 7041
3 6885 7041 7042
3 6885 7042 6884
3 6884 7042 7044
3 7044 6874 6884
3 7030 6874 7044
3 7040 6886 6883
3 7045 6886 7040
3 6886 7045 7046
3 6887 6886 7046
3 6889 7048 7047
3 6888 6889 7047
3 7041 7047 7043
3 7041 6890 7047
3 6890 6888 7047
3 7041 6885 6890
3 7046 6891 6887
3 7049 6891 7046
3 6891 7049 7050
3 6892 6891 7050
3 6893 6894 7051
3 7051 6889 6893
3 7051 7052 6889
3 7052 7048 6889
3 6895 7054 7053
3 6895 6892 7054
3 6892 7050 7054
3 6895 7053 6897
3 7051 6894 6899
3 6899 6900 7055
3 7051 6899 7055
3 7051 7055 7056
3 7051 7056 7052
3 7056 7055 7057
3 7060 7058 7059
3 7059 7053 7054
3 7059 7058 7053
3 7058 7061 7053
3 7053 7061 6902
3 6897 7053 6902
3 7055 6900 6903
3 7057 7055 6903
3 7057 6903 7062
3 7062 6903 6905
3 7063 6905 6906
3 7063 7064 6905
3 7064 7062 6905
3 7064 7065 7066
3 7063 7065 7064
3 7066 7065 7067
3 7070 7068 7069
3 7058 6909 6908
3 7060 6909 7058
3 7060 7068 6909
3 7060 7069 7068
3 7061 7058 6908
3 6910 7061 6908
3 7061 6910 6902
3 7063 6906 6911
3 7065 7063 6911
3 6912 7065 6911
3 7067 7065 6912
3 7067 6912 7071
3 7071 6912 6913
3 7071 6913 7072
3 6913 6914 7072
3 7072 6914 7073
3 6914 6915 7073
3 7073 6915 7074
3 6915 6916 7074
3 7074 6916 7075
3 6916 6917 7075
3 7075 6917 7076
3 6917 6918 7076
3 7076 6918 7077
3 6918 6919 7077
3 7077 6919 7078
3 6919 6920 7078
3 7078 6920 7079
3 6920 6921 7079
3 7079 6921 7080
3 6921 6922 7080
3 7080 6922 7081
3 6922 6923 7081
3 7081 6923 7082
3 6923 6924 7082
3 7082 6924 7083
3 6924 6925 7083
3 6925 7084 7083
3 6926 7084 6925
3 7087 7085 7086
3 6928 7086 7085
3 6928 6927 7086
3 6927 7088 7086
3 7088 6927 7089
3 6927 6930 7089
3 7089 6930 7090
3 6930 6932 7090
3 6932 7091 7090
3 6933 7091 6932
3 7094 7092 7093
3 6935 7093 7092
3 6935 6934 7093
3 6934 7095 7093
3 7068 7070 7095
3 7068 7095 6936
3 6936 7095 6934
3 7068 6936 6909
3 7084 6926 6937
3 7096 7084 6937
3 6937 7097 7096
3 6938 7097 6937
3 6940 7098 7099
3 6939 7098 6940
3 7085 7087 7098
3 7085 7098 6941
3 6941 7098 6939
3 7085 6941 6928
3 7091 6933 6942
3 7100 7091 6942
3 7100 6942 7101
3 6942 6943 7101
3 7101 6943 7102
3 6943 6944 7102
3 7102 6944 7103
3 6944 6946 7103
3 7103 6946 7104
3 6946 6948 7104
3 7104 6948 7105
3 6948 6949 7105
3 7105 6949 7106
3 6949 6950 7106
3 7106 6950 7107
3 6950 6951 7107
3 7092 7094 7107
3 7092 7107 6952
3 6952 7107 6951
3 7092 6952 6935
3 7097 6938 6953
3 7108 7097 6953
3 6953 7109 7108
3 6954 7109 6953
3 6956 7110 7111
3 6955 7110 6956
3 7110 6955 6940
3 7099 7110 6940
3 7109 6954 7112
3 7112 6954 6957
3 7111 7113 6956
3 7113 6958 6956
3 7112 6957 7114
3 7114 6957 6960
3 6962 7115 7116
3 6961 7115 6962
3 7115 6961 6958
3 7113 7115 6958
3 7114 6960 6963
3 7117 7114 6963
3 6963 7118 7117
3 6964 7118 6963
3 6966 7119 7120
3 6965 7119 6966
3 7119 6965 6962
3 7116 7119 6962
3 7118 6964 6967
3 7121 7118 6967
3 6967 7122 7121
3 6968 7122 6967
3 6970 7123 7124
3 6969 7123 6970
3 7123 6969 6966
3 7120 7123 6966
3 7122 6968 6971
3 7125 7122 6971
3 7125 6971 7126
3 6971 6972 7126
3 6972 7127 7126
3 6973 7127 6972
3 6975 7128 7129
3 6974 7128 6975
3 7128 6974 7130
3 6974 6976 7130
3 7130 6976 7131
3 6976 6977 7131
3 7131 6977 6970
3 7124 7131 6970
3 7127 6973 6978
3 7132 7127 6978
3 7132 6978 7133
3 6978 6979 7133
3 7133 6979 7134
3 6979 6980 7134
3 7134 6980 6975
3 7129 7134 6975
3 6982 7136 7135
3 6981 6982 7135
3 7135 7137 6981
3 6981 7137 6983
3 7137 7138 6983
3 6983 7138 6984
3 7138 7139 6984
3 6984 7139 6985
3 7139 7140 6985
3 6985 7140 6986
3 7140 7141 6986
3 6986 7141 6987
3 7141 7142 6987
3 6987 7142 6988
3 6988 7142 7143
3 6989 6988 7143
3 6991 7145 7144
3 6990 6991 7144
3 7144 7146 6990
3 6990 7146 6992
3 7146 7147 6992
3 6992 7147 6993
3 7147 7148 6993
3 6993 7148 6994
3 7148 7149 6994
3 6994 7149 6996
3 7150 6997 6996
3 7150 6996 7151
3 7151 6996 7149
3 7151 7152 7150
3 6999 7154 7153
3 6998 6999 7153
3 7153 7155 6998
3 6998 7155 7000
3 7155 7156 7000
3 7000 7156 7001
3 7156 7157 7001
3 7001 7157 7002
3 7157 7158 7002
3 7002 7158 7003
3 7158 7159 7003
3 7003 7159 7004
3 7159 7160 7004
3 7004 7160 7005
3 7160 7161 7005
3 7005 7161 7006
3 7161 7162 7006
3 7006 7162 7007
3 7162 7163 7007
3 7007 7163 7008
3 7163 7164 7008
3 7008 7164 7009
3 7009 7164 7165
3 7011 7009 7165
3 7014 7167 7166
3 7013 7014 7166
3 7166 7168 7013
3 7013 7168 7015
3 7168 7169 7015
3 7015 7169 7016
3 7169 6982 7016
3 7136 6982 7169
3 7143 7017 6989
3 7170 7017 7143
3 7170 7171 7017
3 7017 7171 7018
3 7171 7172 7018
3 7018 7172 7019
3 7019 7172 7173
3 7020 7019 7173
3 7021 7022 7174
3 7174 7176 7175
3 7174 7175 7021
3 7021 7175 7023
3 7175 7177 7023
3 7023 7177 7024
3 7177 7178 7024
3 7024 7178 7025
3 7178 6991 7025
3 7145 6991 7178
3 7150 7026 6997
3 7152 7026 7150
3 7152 7179 7026
3 7179 7027 7026
3 7180 7028 7027
3 7180 7027 7181
3 7181 7027 7179
3 7181 7182 7180
3 7030 7184 7183
3 7029 7030 7183
3 7183 7185 7029
3 7029 7185 7031
3 7185 6999 7031
3 7154 6999 7185
3 7165 7032 7011
3 7186 7032 7165
3 7186 7187 7032
3 7032 7187 7033
3 7187 7188 7033
3 7033 7188 7034
3 7188 7014 7034
3 7167 7014 7188
3 7173 7035 7020
3 7189 7035 7173
3 7189 7190 7035
3 7035 7190 7036
3 7190 7191 7036
3 7036 7191 7037
3 7022 7192 7174
3 7022 7037 7192
3 7037 7191 7192
3 7174 7192 7176
3 7180 7038 7028
3 7182 7038 7180
3 7182 7193 7038
3 7193 7039 7038
3 7039 7193 7194
3 7040 7039 7194
3 7043 7196 7195
3 7042 7043 7195
3 7195 7197 7042
3 7042 7197 7044
3 7197 7030 7044
3 7184 7030 7197
3 7194 7045 7040
3 7198 7045 7194
3 7045 7198 7199
3 7046 7045 7199
3 7048 7201 7200
3 7047 7048 7200
3 7200 7043 7047
3 7196 7043 7200
3 7049 7203 7202
3 7049 7046 7203
3 7046 7199 7203
3 7049 7202 7050
3 7201 7048 7204
3 7204 7048 7052
3 7206 7202 7203
3 7205 7202 7206
3 7202 7205 7054
3 7050 7202 7054
3 7204 7052 7056
3 7207 7204 7056
3 7056 7208 7207
3 7057 7208 7056
3 7205 7060 7059
3 7205 7206 7060
3 7206 7209 7060
3 7205 7059 7054
3 7208 7057 7062
3 7210 7208 7062
3 7210 7062 7211
3 7062 7064 7211
3 7211 7064 7212
3 7064 7066 7212
3 7213 7066 7067
3 7213 7214 7066
3 7214 7212 7066
3 7214 7213 7215
3 7218 7216 7217
3 7070 7217 7216
3 7070 7069 7217
3 7069 7219 7217
3 7219 7069 7060
3 7209 7219 7060
3 7213 7067 7071
3 7215 7213 7071
3 7215 7071 7220
3 7220 7071 7072
3 7220 7072 7221
3 7072 7073 7221
3 7221 7073 7222
3 7073 7074 7222
3 7222 7074 7223
3 7074 7075 7223
3 7223 7075 7224
3 7075 7076 7224
3 7224 7076 7225
3 7076 7077 7225
3 7225 7077 7226
3 7077 7078 7226
3 7226 7078 7227
3 7078 7079 7227
3 7227 7079 7228
3 7079 7080 7228
3 7228 7080 7229
3 7080 7081 7229
3 7229 7081 7230
3 7081 7082 7230
3 7230 7082 7231
3 7082 7083 7231
3 7083 7232 7231
3 7084 7232 7083
3 7087 7233 7234
3 7086 7233 7087
3 7233 7086 7235
3 7086 7088 7235
3 7235 7088 7236
3 7088 7089 7236
3 7236 7089 7237
3 7089 7090 7237
3 7238 7090 7091
3 7238 7239 7090
3 7239 7237 7090
3 7239 7238 7240
3 7243 7241 7242
3 7094 7242 7241
3 7094 7093 7242
3 7093 7244 7242
3 7216 7218 7244
3 7216 7244 7095
3 7095 7244 7093
3 7216 7095 7070
3 7232 7084 7096
3 7245 7232 7096
3 7096 7246 7245
3 7097 7246 7096
3 7099 7247 7248
3 7098 7247 7099
3 7247 7098 7087
3 7234 7247 7087
3 7238 7091 7100
3 7240 7238 7100
3 7240 7100 7249
3 7249 7100 7101
3 7249 7101 7250
3 7101 7102 7250
3 7250 7102 7251
3 7102 7103 7251
3 7251 7103 7252
3 7103 7104 7252
3 7252 7104 7253
3 7104 7105 7253
3 7253 7105 7254
3 7105 7106 7254
3 7241 7243 7254
3 7241 7254 7107
3 7107 7254 7106
3 7241 7107 7094
3 7246 7097 7108
3 7255 7246 7108
3 7108 7256 7255
3 7109 7256 7108
3 7111 7257 7258
3 7110 7257 7111
3 7257 7110 7099
3 7248 7257 7099
3 7256 7109 7259
3 7259 7109 7112
3 7258 7260 7111
3 7260 7113 7111
3 7259 7112 7261
3 7261 7112 7114
3 7116 7262 7263
3 7115 7262 7116
3 7262 7115 7113
3 7260 7262 7113
3 7261 7114 7117
3 7264 7261 7117
3 7117 7265 7264
3 7118 7265 7117
3 7120 7266 7267
3 7119 7266 7120
3 7266 7119 7116
3 7263 7266 7116
3 7265 7118 7121
3 7268 7265 7121
3 7121 7269 7268
3 7122 7269 7121
3 7124 7270 7271
3 7123 7270 7124
3 7270 7123 7120
3 7267 7270 7120
3 7269 7122 7125
3 7272 7269 7125
3 7272 7125 7273
3 7125 7126 7273
3 7126 7274 7273
3 7127 7274 7126
3 7129 7275 7276
3 7128 7275 7129
3 7275 7128 7277
3 7128 7130 7277
3 7277 7130 7278
3 7130 7131 7278
3 7278 7131 7124
3 7271 7278 7124
3 7274 7127 7132
3 7279 7274 7132
3 7279 7132 7280
3 7132 7133 7280
3 7280 7133 7281
3 7133 7134 7281
3 7281 7134 7129
3 7276 7281 7129
3 7284 7283 7282
3 7283 7286 7285
3 7282 7283 7285
3 7286 7287 7285
3 7136 7289 7288
3 7135 7136 7288
3 7288 7290 7135
3 7135 7290 7137
3 7290 7291 7137
3 7137 7291 7138
3 7291 7292 7138
3 7138 7292 7139
3 7292 7293 7139
3 7139 7293 7140
3 7293 7294 7140
3 7140 7294 7141
3 7294 7295 7141
3 7141 7295 7142
3 7142 7295 7296
3 7143 7142 7296
3 7145 7298 7297
3 7144 7145 7297
3 7297 7299 7144
3 7144 7299 7146
3 7299 7300 7146
3 7146 7300 7147
3 7300 7301 7147
3 7147 7301 7148
3 7301 7302 7148
3 7148 7302 7149
3 7302 7303 7149
3 7149 7303 7151
3 7304 7152 7151
3 7304 7151 7305
3 7305 7151 7303
3 7305 7306 7304
3 7309 7308 7307
3 7154 7307 7308
3 7154 7308 7153
3 7153 7308 7310
3 7310 7311 7153
3 7153 7311 7155
3 7311 7312 7155
3 7155 7312 7156
3 7282 7312 7284
3 7282 7157 7312
3 7157 7156 7312
3 7285 7157 7282
3 7158 7157 7285
3 7287 7158 7285
3 7287 7313 7158
3 7313 7159 7158
3 7313 7314 7159
3 7159 7314 7160
3 7314 7315 7160
3 7160 7315 7161
3 7315 7316 7161
3 7161 7316 7162
3 7316 7317 7162
3 7162 7317 7163
3 7319 7318 7164
3 7319 7164 7317
3 7317 7164 7163
3 7164 7318 7165
3 7166 7167 7320
3 7320 7322 7321
3 7320 7321 7166
3 7166 7321 7168
3 7321 7323 7168
3 7168 7323 7169
3 7323 7136 7169
3 7289 7136 7323
3 7296 7170 7143
3 7324 7170 7296
3 7324 7325 7170
3 7170 7325 7171
3 7327 7326 7172
3 7327 7172 7325
3 7325 7172 7171
3 7172 7326 7173
3 7175 7176 7328
3 7328 7330 7329
3 7328 7329 7175
3 7175 7329 7177
3 7329 7331 7177
3 7177 7331 7178
3 7331 7145 7178
3 7298 7145 7331
3 7304 7179 7152
3 7306 7179 7304
3 7306 7332 7179
3 7332 7181 7179
3 7181 7332 7333
3 7182 7181 7333
3 7184 7335 7334
3 7183 7184 7334
3 7307 7334 7309
3 7307 7185 7334
3 7185 7183 7334
3 7307 7154 7185
3 7319 7336 7318
3 7318 7186 7165
3 7318 7336 7186
3 7336 7337 7186
3 7337 7338 7186
3 7186 7338 7187
3 7338 7339 7187
3 7187 7339 7188
3 7167 7340 7320
3 7167 7188 7340
3 7188 7339 7340
3 7320 7340 7322
3 7327 7341 7326
3 7326 7189 7173
3 7326 7341 7189
3 7341 7342 7189
3 7342 7343 7189
3 7189 7343 7190
3 7343 7344 7190
3 7190 7344 7191
3 7344 7345 7191
3 7191 7345 7192
3 7176 7346 7328
3 7176 7192 7346
3 7192 7345 7346
3 7328 7346 7330
3 7333 7193 7182
3 7347 7193 7333
3 7193 7347 7348
3 7194 7193 7348
3 7196 7350 7349
3 7195 7196 7349
3 7349 7351 7195
3 7195 7351 7197
3 7351 7184 7197
3 7335 7184 7351
3 7348 7198 7194
3 7352 7198 7348
3 7198 7352 7353
3 7199 7198 7353
3 7200 7201 7354
3 7354 7196 7200
3 7354 7355 7196
3 7355 7350 7196
3 7353 7356 7199
3 7356 7203 7199
3 7357 7354 7201
3 7204 7357 7201
3 7355 7357 7358
3 7354 7357 7355
3 7356 7359 7203
3 7359 7206 7203
3 7357 7204 7207
3 7207 7208 7360
3 7357 7207 7360
3 7357 7360 7361
3 7357 7361 7358
3 7361 7360 7362
3 7365 7363 7364
3 7364 7363 7209
3 7364 7209 7359
3 7359 7209 7206
3 7360 7208 7210
3 7362 7360 7210
3 7362 7210 7366
3 7366 7210 7211
3 7366 7211 7367
3 7211 7212 7367
3 7367 7212 7368
3 7212 7214 7368
3 7369 7214 7215
3 7369 7370 7214
3 7370 7368 7214
3 7370 7371 7372
3 7369 7371 7370
3 7372 7371 7373
3 7218 7374 7375
3 7217 7374 7218
3 7363 7365 7374
3 7363 7374 7219
3 7219 7374 7217
3 7363 7219 7209
3 7369 7215 7220
3 7371 7369 7220
3 7221 7371 7220
3 7373 7371 7221
3 7373 7221 7376
3 7376 7221 7222
3 7376 7222 7377
3 7222 7223 7377
3 7377 7223 7378
3 7223 7224 7378
3 7378 7224 7379
3 7224 7225 7379
3 7379 7225 7380
3 7225 7226 7380
3 7380 7226 7381
3 7226 7227 7381
3 7381 7227 7382
3 7227 7228 7382
3 7382 7228 7383
3 7228 7229 7383
3 7383 7229 7384
3 7229 7230 7384
3 7384 7230 7385
3 7230 7231 7385
3 7386 7231 7232
3 7386 7387 7231
3 7387 7385 7231
3 7387 7386 7388
3 7234 7389 7390
3 7233 7389 7234
3 7389 7233 7391
3 7233 7235 7391
3 7391 7235 7392
3 7235 7236 7392
3 7392 7236 7393
3 7236 7237 7393
3 7393 7237 7394
3 7237 7239 7394
3 7395 7239 7240
3 7395 7396 7239
3 7396 7394 7239
3 7396 7395 7397
3 7243 7398 7399
3 7242 7398 7243
3 7398 7242 7400
3 7242 7244 7400
3 7400 7244 7218
3 7375 7400 7218
3 7386 7232 7245
3 7245 7388 7386
3 7245 7246 7388
3 7246 7401 7388
3 7248 7402 7403
3 7247 7402 7248
3 7402 7247 7234
3 7390 7402 7234
3 7395 7240 7249
3 7397 7395 7249
3 7397 7249 7404
3 7404 7249 7250
3 7404 7250 7405
3 7250 7251 7405
3 7405 7251 7406
3 7251 7252 7406
3 7406 7252 7407
3 7252 7253 7407
3 7407 7253 7408
3 7253 7254 7408
3 7408 7254 7243
3 7399 7408 7243
3 7401 7246 7255
3 7409 7401 7255
3 7255 7410 7409
3 7256 7410 7255
3 7258 7411 7412
3 7257 7411 7258
3 7411 7257 7248
3 7403 7411 7248
3 7410 7256 7413
3 7413 7256 7259
3 7412 7414 7258
3 7414 7260 7258
3 7413 7259 7415
3 7415 7259 7261
3 7263 7416 7417
3 7262 7416 7263
3 7416 7262 7260
3 7414 7416 7260
3 7415 7261 7264
3 7418 7415 7264
3 7264 7419 7418
3 7265 7419 7264
3 7267 7420 7421
3 7266 7420 7267
3 7420 7266 7263
3 7417 7420 7263
3 7419 7265 7268
3 7422 7419 7268
3 7268 7423 7422
3 7269 7423 7268
3 7271 7424 7425
3 7270 7424 7271
3 7424 7270 7267
3 7421 7424 7267
3 7423 7269 7272
3 7426 7423 7272
3 7426 7272 7427
3 7272 7273 7427
3 7273 7428 7427
3 7274 7428 7273
3 7276 7429 7430
3 7275 7429 7276
3 7429 7275 7431
3 7275 7277 7431
3 7431 7277 7432
3 7277 7278 7432
3 7432 7278 7271
3 7425 7432 7271
3 7428 7274 7279
3 7433 7428 7279
3 7433 7279 7434
3 7279 7280 7434
3 7434 7280 7435
3 7280 7281 7435
3 7435 7281 7276
3 7430 7435 7276
3 7438 7437 7436
3 7284 7436 7437
3 7284 7437 7283
3 7283 7437 7439
3 7439 7440 7283
3 7283 7440 7286
3 7286 7440 7441
3 7287 7286 7441
3 7289 7443 7442
3 7288 7289 7442
3 7442 7444 7288
3 7288 7444 7290
3 7444 7445 7290
3 7290 7445 7291
3 7445 7446 7291
3 7291 7446 7292
3 7446 7447 7292
3 7292 7447 7293
3 7447 7448 7293
3 7293 7448 7294
3 7448 7449 7294
3 7294 7449 7295
3 7295 7449 7450
3 7296 7295 7450
3 7298 7452 7451
3 7297 7298 7451
3 7451 7453 7297
3 7297 7453 7299
3 7453 7454 7299
3 7299 7454 7300
3 7454 7455 7300
3 7300 7455 7301
3 7455 7456 7301
3 7301 7456 7302
3 7456 7457 7302
3 7302 7457 7303
3 7457 7458 7303
3 7303 7458 7305
3 7305 7458 7459
3 7306 7305 7459
3 7309 7461 7460
3 7308 7309 7460
3 7460 7462 7308
3 7308 7462 7310
3 7462 7463 7310
3 7310 7463 7311
3 7436 7463 7438
3 7436 7312 7463
3 7312 7311 7463
3 7436 7284 7312
3 7441 7313 7287
3 7464 7313 7441
3 7464 7465 7313
3 7313 7465 7314
3 7465 7466 7314
3 7314 7466 7315
3 7466 7467 7315
3 7315 7467 7316
3 7467 7468 7316
3 7316 7468 7317
3 7317 7468 7469
3 7319 7317 7469
3 7322 7471 7470
3 7321 7322 7470
3 7470 7472 7321
3 7321 7472 7323
3 7472 7289 7323
3 7443 7289 7472
3 7450 7324 7296
3 7473 7324 7450
3 7473 7474 7324
3 7324 7474 7325
3 7325 7474 7475
3 7327 7325 7475
3 7330 7477 7476
3 7329 7330 7476
3 7476 7478 7329
3 7329 7478 7331
3 7478 7298 7331
3 7452 7298 7478
3 7459 7332 7306
3 7479 7332 7459
3 7332 7479 7480
3 7333 7332 7480
3 7335 7482 7481
3 7334 7335 7481
3 7481 7309 7334
3 7461 7309 7481
3 7469 7336 7319
3 7483 7336 7469
3 7483 7484 7336
3 7336 7484 7337
3 7484 7485 7337
3 7337 7485 7338
3 7485 7486 7338
3 7338 7486 7339
3 7486 7487 7339
3 7339 7487 7340
3 7487 7322 7340
3 7471 7322 7487
3 7475 7341 7327
3 7488 7341 7475
3 7488 7489 7341
3 7341 7489 7342
3 7491 7490 7343
3 7491 7343 7489
3 7489 7343 7342
3 7344 7343 7490
3 7492 7344 7490
3 7345 7344 7492
3 7493 7345 7492
3 7493 7495 7494
3 7493 7494 7345
3 7345 7494 7346
3 7494 7330 7346
3 7477 7330 7494
3 7480 7347 7333
3 7496 7347 7480
3 7347 7496 7497
3 7348 7347 7497
3 7350 7499 7498
3 7349 7350 7498
3 7498 7500 7349
3 7349 7500 7351
3 7500 7335 7351
3 7482 7335 7500
3 7491 7501 7490
3 7490 7502 7492
3 7501 7502 7490
3 7492 7503 7493
3 7502 7503 7492
3 7493 7503 7495
3 7497 7352 7348
3 7504 7352 7497
3 7352 7504 7505
3 7353 7352 7505
3 7499 7350 7506
3 7506 7350 7355
3 7505 7507 7353
3 7507 7356 7353
3 7506 7355 7508
3 7508 7355 7358
3 7507 7509 7356
3 7509 7359 7356
3 7508 7358 7361
3 7510 7508 7361
3 7511 7361 7362
3 7511 7512 7361
3 7512 7510 7361
3 7512 7511 7513
3 7365 7514 7515
3 7364 7514 7365
3 7514 7364 7359
3 7509 7514 7359
3 7511 7362 7366
3 7513 7511 7366
3 7513 7366 7516
3 7516 7366 7367
3 7516 7367 7517
3 7367 7368 7517
3 7517 7368 7518
3 7368 7370 7518
3 7518 7370 7519
3 7370 7372 7519
3 7520 7372 7373
3 7520 7521 7372
3 7521 7519 7372
3 7521 7522 7523
3 7520 7522 7521
3 7523 7524 7525
3 7522 7524 7523
3 7525 7526 7527
3 7524 7526 7525
3 7527 7528 7529
3 7526 7528 7527
3 7529 7530 7531
3 7528 7530 7529
3 7531 7530 7532
3 7535 7533 7534
3 7375 7534 7533
3 7375 7374 7534
3 7374 7536 7534
3 7536 7374 7365
3 7515 7536 7365
3 7520 7373 7376
3 7522 7520 7376
3 7377 7522 7376
3 7524 7522 7377
3 7378 7524 7377
3 7526 7524 7378
3 7379 7526 7378
3 7528 7526 7379
3 7380 7528 7379
3 7530 7528 7380
3 7381 7530 7380
3 7532 7530 7381
3 7532 7381 7537
3 7537 7381 7382
3 7537 7382 7538
3 7382 7383 7538
3 7538 7383 7539
3 7383 7384 7539
3 7539 7384 7540
3 7384 7385 7540
3 7540 7385 7541
3 7385 7387 7541
3 7387 7542 7541
3 7388 7542 7387
3 7390 7543 7544
3 7389 7543 7390
3 7543 7389 7545
3 7389 7391 7545
3 7545 7391 7546
3 7391 7392 7546
3 7546 7392 7547
3 7392 7393 7547
3 7547 7393 7548
3 7393 7394 7548
3 7548 7394 7549
3 7394 7396 7549
3 7550 7396 7397
3 7550 7551 7396
3 7551 7549 7396
3 7551 7550 7552
3 7555 7553 7554
3 7399 7554 7553
3 7399 7398 7554
3 7398 7556 7554
3 7533 7535 7556
3 7533 7556 7400
3 7400 7556 7398
3 7533 7400 7375
3 7542 7388 7557
3 7557 7388 7401
3 7403 7558 7559
3 7402 7558 7403
3 7558 7402 7390
3 7544 7558 7390
3 7550 7397 7404
3 7552 7550 7404
3 7552 7404 7560
3 7560 7404 7405
3 7560 7405 7561
3 7405 7406 7561
3 7561 7406 7562
3 7406 7407 7562
3 7553 7555 7562
3 7553 7562 7408
3 7408 7562 7407
3 7553 7408 7399
3 7557 7401 7409
3 7563 7557 7409
3 7409 7564 7563
3 7410 7564 7409
3 7412 7565 7566
3 7411 7565 7412
3 7565 7411 7403
3 7559 7565 7403
3 7564 7410 7567
3 7567 7410 7413
3 7566 7568 7412
3 7568 7414 7412
3 7567 7413 7569
3 7569 7413 7415
3 7417 7570 7571
3 7416 7570 7417
3 7570 7416 7414
3 7568 7570 7414
3 7569 7415 7418
3 7572 7569 7418
3 7418 7573 7572
3 7419 7573 7418
3 7421 7574 7575
3 7420 7574 7421
3 7574 7420 7417
3 7571 7574 7417
3 7573 7419 7422
3 7576 7573 7422
3 7422 7577 7576
3 7423 7577 7422
3 7425 7578 7579
3 7424 7578 7425
3 7578 7424 7421
3 7575 7578 7421
3 7577 7423 7426
3 7580 7577 7426
3 7580 7426 7581
3 7426 7427 7581
3 7427 7582 7581
3 7428 7582 7427
3 7430 7583 7584
3 7429 7583 7430
3 7583 7429 7585
3 7429 7431 7585
3 7585 7431 7586
3 7431 7432 7586
3 7586 7432 7425
3 7579 7586 7425
3 7582 7428 7433
3 7587 7582 7433
3 7587 7433 7588
3 7433 7434 7588
3 7588 7434 7589
3 7434 7435 7589
3 7589 7435 7430
3 7584 7589 7430
3 7592 7591 7590
3 7438 7590 7591
3 7438 7591 7437
3 7437 7591 7593
3 7593 7594 7437
3 7437 7594 7439
3 7594 7595 7439
3 7439 7595 7440
3 7440 7595 7596
3 7441 7440 7596
3 7443 7598 7597
3 7442 7443 7597
3 7597 7599 7442
3 7442 7599 7444
3 7599 7600 7444
3 7444 7600 7445
3 7600 7601 7445
3 7445 7601 7446
3 7601 7602 7446
3 7446 7602 7447
3 7602 7603 7447
3 7447 7603 7448
3 7603 7604 7448
3 7448 7604 7449
3 7449 7604 7605
3 7450 7449 7605
3 7452 7607 7606
3 7451 7452 7606
3 7606 7608 7451
3 7451 7608 7453
3 7608 7609 7453
3 7453 7609 7454
3 7609 7610 7454
3 7454 7610 7455
3 7610 7611 7455
3 7455 7611 7456
3 7611 7612 7456
3 7456 7612 7457
3 7612 7613 7457
3 7457 7613 7458
3 7458 7613 7614
3 7459 7458 7614
3 7461 7616 7615
3 7460 7461 7615
3 7615 7617 7460
3 7460 7617 7462
3 7590 7617 7592
3 7590 7463 7617
3 7463 7462 7617
3 7590 7438 7463
3 7596 7464 7441
3 7618 7464 7596
3 7618 7619 7464
3 7464 7619 7465
3 7619 7620 7465
3 7465 7620 7466
3 7620 7621 7466
3 7466 7621 7467
3 7623 7622 7468
3 7623 7468 7621
3 7621 7468 7467
3 7468 7622 7469
3 7471 7625 7624
3 7470 7471 7624
3 7624 7626 7470
3 7470 7626 7472
3 7626 7443 7472
3 7598 7443 7626
3 7605 7473 7450
3 7627 7473 7605
3 7627 7628 7473
3 7473 7628 7474
3 7474 7628 7629
3 7475 7474 7629
3 7476 7477 7630
3 7630 7632 7631
3 7630 7631 7476
3 7476 7631 7478
3 7631 7452 7478
3 7607 7452 7631
3 7614 7479 7459
3 7633 7479 7614
3 7634 7480 7479
3 7634 7479 7635
3 7635 7479 7633
3 7635 7636 7634
3 7639 7638 7637
3 7482 7637 7638
3 7482 7638 7481
3 7481 7638 7640
3 7640 7461 7481
3 7616 7461 7640
3 7623 7641 7622
3 7622 7483 7469
3 7622 7641 7483
3 7641 7642 7483
3 7642 7643 7483
3 7483 7643 7484
3 7643 7644 7484
3 7484 7644 7485
3 7644 7645 7485
3 7485 7645 7486
3 7645 7646 7486
3 7486 7646 7487
3 7646 7471 7487
3 7625 7471 7646
3 7629 7488 7475
3 7647 7488 7629
3 7647 7648 7488
3 7488 7648 7489
3 7489 7648 7649
3 7491 7489 7649
3 7494 7495 7650
3 7650 7652 7651
3 7494 7650 7651
3 7494 7651 7630
3 7494 7630 7477
3 7630 7651 7632
3 7634 7496 7480
3 7496 7634 7636
3 7496 7636 7497
3 7497 7636 7653
3 7498 7499 7654
3 7654 7655 7639
3 7654 7639 7500
3 7654 7500 7498
3 7500 7639 7637
3 7637 7482 7500
3 7649 7501 7491
3 7656 7501 7649
3 7656 7657 7501
3 7501 7657 7502
3 7657 7658 7502
3 7502 7658 7503
3 7495 7659 7650
3 7495 7503 7659
3 7503 7658 7659
3 7650 7659 7652
3 7653 7504 7497
3 7660 7504 7653
3 7504 7660 7661
3 7505 7504 7661
3 7662 7654 7499
3 7662 7499 7663
3 7663 7499 7506
3 7654 7662 7655
3 7661 7664 7505
3 7664 7507 7505
3 7665 7666 7663
3 7665 7663 7508
3 7508 7663 7506
3 7666 7665 7667
3 7670 7668 7669
3 7669 7668 7509
3 7669 7509 7664
3 7664 7509 7507
3 7665 7508 7510
3 7667 7665 7510
3 7667 7510 7671
3 7671 7510 7512
3 7672 7512 7513
3 7672 7673 7512
3 7673 7671 7512
3 7673 7672 7674
3 7677 7675 7676
3 7668 7515 7514
3 7670 7515 7668
3 7670 7675 7515
3 7670 7676 7675
3 7668 7514 7509
3 7672 7513 7516
3 7674 7672 7516
3 7674 7516 7678
3 7678 7516 7517
3 7678 7517 7679
3 7517 7518 7679
3 7679 7518 7680
3 7518 7519 7680
3 7680 7519 7681
3 7519 7521 7681
3 7681 7521 7682
3 7521 7523 7682
3 7682 7523 7683
3 7523 7525 7683
3 7683 7525 7684
3 7525 7527 7684
3 7684 7527 7685
3 7527 7529 7685
3 7685 7529 7686
3 7529 7531 7686
3 7687 7531 7532
3 7687 7688 7531
3 7688 7686 7531
3 7688 7689 7690
3 7687 7689 7688
3 7690 7691 7692
3 7689 7691 7690
3 7692 7693 7694
3 7691 7693 7692
3 7694 7693 7695
3 7698 7696 7697
3 7697 7699 7700
3 7696 7699 7697
3 7700 7701 7702
3 7699 7701 7700
3 7702 7703 7704
3 7701 7703 7702
3 7704 7703 7705
3 7535 7706 7707
3 7534 7706 7535
3 7675 7677 7706
3 7675 7706 7536
3 7536 7706 7534
3 7675 7536 7515
3 7687 7532 7537
3 7689 7687 7537
3 7538 7689 7537
3 7691 7689 7538
3 7539 7691 7538
3 7693 7691 7539
3 7540 7693 7539
3 7695 7693 7540
3 7695 7540 7708
3 7708 7540 7541
3 7541 7709 7708
3 7542 7709 7541
3 7712 7710 7711
3 7544 7711 7710
3 7544 7543 7711
3 7543 7713 7711
3 7696 7698 7713
3 7696 7713 7545
3 7545 7713 7543
3 7699 7696 7545
3 7546 7699 7545
3 7701 7699 7546
3 7547 7701 7546
3 7703 7701 7547
3 7548 7703 7547
3 7705 7703 7548
3 7705 7548 7714
3 7714 7548 7549
3 7714 7549 7715
3 7549 7551 7715
3 7716 7551 7552
3 7716 7717 7551
3 7717 7715 7551
3 7717 7718 7719
3 7716 7718 7717
3 7719 7720 7721
3 7718 7720 7719
3 7555 7721 7720
3 7555 7554 7721
3 7554 7722 7721
3 7722 7554 7723
3 7554 7556 7723
3 7723 7556 7535
3 7707 7723 7535
3 7709 7542 7724
3 7724 7542 7557
3 7710 7559 7558
3 7710 7712 7559
3 7712 7725 7559
3 7710 7558 7544
3 7716 7552 7560
3 7718 7716 7560
3 7561 7718 7560
3 7720 7718 7561
3 7562 7720 7561
3 7720 7562 7555
3 7724 7557 7563
3 7726 7724 7563
3 7563 7727 7726
3 7564 7727 7563
3 7566 7728 7729
3 7565 7728 7566
3 7728 7565 7559
3 7725 7728 7559
3 7727 7564 7730
3 7730 7564 7567
3 7729 7731 7566
3 7731 7568 7566
3 7730 7567 7732
3 7732 7567 7569
3 7571 7733 7734
3 7570 7733 7571
3 7733 7570 7568
3 7731 7733 7568
3 7732 7569 7572
3 7735 7732 7572
3 7572 7736 7735
3 7573 7736 7572
3 7575 7737 7738
3 7574 7737 7575
3 7737 7574 7571
3 7734 7737 7571
3 7736 7573 7576
3 7739 7736 7576
3 7576 7740 7739
3 7577 7740 7576
3 7579 7741 7742
3 7578 7741 7579
3 7741 7578 7575
3 7738 7741 7575
3 7740 7577 7580
3 7743 7740 7580
3 7743 7580 7744
3 7580 7581 7744
3 7581 7745 7744
3 7582 7745 7581
3 7584 7746 7747
3 7583 7746 7584
3 7746 7583 7748
3 7583 7585 7748
3 7748 7585 7749
3 7585 7586 7749
3 7749 7586 7579
3 7742 7749 7579
3 7745 7582 7587
3 7750 7745 7587
3 7750 7587 7751
3 7587 7588 7751
3 7751 7588 7752
3 7588 7589 7752
3 7752 7589 7584
3 7747 7752 7584
3 7755 7754 7753
3 7754 7757 7756
3 7753 7754 7756
3 7757 7758 7756
3 7592 7760 7759
3 7591 7592 7759
3 7759 7761 7591
3 7591 7761 7593
3 7761 7762 7593
3 7593 7762 7594
3 7762 7763 7594
3 7594 7763 7595
3 7595 7763 7764
3 7596 7595 7764
3 7598 7766 7765
3 7597 7598 7765
3 7765 7767 7597
3 7597 7767 7599
3 7767 7768 7599
3 7599 7768 7600
3 7768 7769 7600
3 7600 7769 7601
3 7769 7770 7601
3 7601 7770 7602
3 7770 7771 7602
3 7602 7771 7603
3 7771 7772 7603
3 7603 7772 7604
3 7604 7772 7773
3 7605 7604 7773
3 7606 7607 7774
3 7774 7776 7775
3 7774 7775 7606
3 7606 7775 7608
3 7775 7777 7608
3 7608 7777 7609
3 7753 7777 7755
3 7753 7610 7777
3 7610 7609 7777
3 7756 7610 7753
3 7611 7610 7756
3 7758 7611 7756
3 7758 7778 7611
3 7778 7612 7611
3 7778 7779 7612
3 7612 7779 7613
3 7780 7614 7613
3 7780 7613 7781
3 7781 7613 7779
3 7781 7782 7780
3 7616 7784 7783
3 7615 7616 7783
3 7783 7785 7615
3 7615 7785 7617
3 7785 7592 7617
3 7760 7592 7785
3 7764 7618 7596
3 7786 7618 7764
3 7786 7787 7618
3 7618 7787 7619
3 7787 7788 7619
3 7619 7788 7620
3 7788 7789 7620
3 7620 7789 7621
3 7621 7789 7790
3 7623 7621 7790
3 7625 7792 7791
3 7624 7625 7791
3 7791 7793 7624
3 7624 7793 7626
3 7793 7598 7626
3 7766 7598 7793
3 7773 7627 7605
3 7794 7627 7773
3 7794 7795 7627
3 7627 7795 7628
3 7628 7795 7796
3 7629 7628 7796
3 7631 7632 7797
3 7797 7799 7798
3 7631 7797 7798
3 7631 7798 7774
3 7631 7774 7607
3 7774 7798 7776
3 7780 7633 7614
3 7782 7633 7780
3 7782 7800 7633
3 7800 7635 7633
3 7635 7800 7801
3 7636 7635 7801
3 7638 7639 7802
3 7802 7804 7803
3 7802 7803 7638
3 7638 7803 7640
3 7803 7616 7640
3 7784 7616 7803
3 7790 7641 7623
3 7805 7641 7790
3 7805 7806 7641
3 7641 7806 7642
3 7808 7807 7643
3 7808 7643 7806
3 7806 7643 7642
3 7644 7643 7807
3 7809 7644 7807
3 7809 7811 7810
3 7809 7810 7644
3 7644 7810 7645
3 7810 7812 7645
3 7645 7812 7646
3 7812 7625 7646
3 7792 7625 7812
3 7796 7647 7629
3 7813 7647 7796
3 7815 7814 7648
3 7815 7648 7813
3 7813 7648 7647
3 7648 7814 7649
3 7651 7652 7816
3 7816 7818 7817
3 7651 7816 7817
3 7651 7817 7797
3 7651 7797 7632
3 7797 7817 7799
3 7801 7819 7636
3 7819 7653 7636
3 7820 7802 7639
3 7820 7639 7821
3 7821 7639 7655
3 7802 7820 7804
3 7808 7822 7807
3 7807 7823 7809
3 7822 7823 7807
3 7809 7823 7811
3 7815 7824 7814
3 7814 7656 7649
3 7814 7824 7656
3 7824 7825 7656
3 7827 7826 7657
3 7827 7657 7825
3 7825 7657 7656
3 7658 7657 7826
3 7828 7658 7826
3 7828 7830 7829
3 7828 7829 7658
3 7658 7829 7659
3 7652 7831 7816
3 7652 7659 7831
3 7659 7829 7831
3 7816 7831 7818
3 7819 7660 7653
3 7832 7660 7819
3 7660 7832 7833
3 7661 7660 7833
3 7662 7663 7834
3 7834 7655 7662
3 7834 7835 7655
3 7835 7821 7655
3 7827 7836 7826
3 7826 7837 7828
3 7836 7837 7826
3 7828 7837 7830
3 7840 7838 7839
3 7839 7838 7664
3 7839 7664 7833
3 7833 7664 7661
3 7834 7663 7666
3 7666 7835 7834
3 7666 7667 7835
3 7667 7841 7835
3 7838 7670 7669
3 7838 7840 7670
3 7840 7842 7670
3 7838 7669 7664
3 7841 7667 7671
3 7843 7841 7671
3 7843 7671 7844
3 7671 7673 7844
3 7845 7673 7674
3 7845 7846 7673
3 7846 7844 7673
3 7846 7845 7847
3 7850 7848 7849
3 7677 7849 7848
3 7677 7676 7849
3 7676 7851 7849
3 7851 7676 7670
3 7842 7851 7670
3 7845 7674 7678
3 7847 7845 7678
3 7847 7678 7852
3 7852 7678 7679
3 7852 7679 7853
3 7679 7680 7853
3 7853 7680 7854
3 7680 7681 7854
3 7854 7681 7855
3 7681 7682 7855
3 7855 7682 7856
3 7682 7683 7856
3 7856 7683 7857
3 7683 7684 7857
3 7857 7684 7858
3 7684 7685 7858
3 7858 7685 7859
3 7685 7686 7859
3 7859 7686 7860
3 7686 7688 7860
3 7860 7688 7861
3 7688 7690 7861
3 7861 7690 7862
3 7690 7692 7862
3 7862 7692 7863
3 7692 7694 7863
3 7694 7864 7863
3 7695 7864 7694
3 7867 7865 7866
3 7698 7866 7865
3 7698 7697 7866
3 7697 7868 7866
3 7868 7697 7869
3 7697 7700 7869
3 7869 7700 7870
3 7700 7702 7870
3 7870 7702 7871
3 7702 7704 7871
3 7872 7704 7705
3 7872 7873 7704
3 7873 7871 7704
3 7873 7874 7875
3 7872 7874 7873
3 7875 7874 7876
3 7879 7877 7878
3 7848 7707 7706
3 7850 7707 7848
3 7850 7877 7707
3 7850 7878 7877
3 7848 7706 7677
3 7864 7695 7708
3 7880 7864 7708
3 7708 7881 7880
3 7709 7881 7708
3 7712 7882 7883
3 7711 7882 7712
3 7865 7867 7882
3 7865 7882 7713
3 7713 7882 7711
3 7865 7713 7698
3 7872 7705 7714
3 7874 7872 7714
3 7715 7874 7714
3 7876 7874 7715
3 7876 7715 7884
3 7884 7715 7717
3 7884 7717 7885
3 7717 7719 7885
3 7885 7719 7886
3 7719 7721 7886
3 7886 7721 7887
3 7721 7722 7887
3 7877 7879 7887
3 7877 7887 7723
3 7723 7887 7722
3 7877 7723 7707
3 7881 7709 7888
3 7888 7709 7724
3 7883 7889 7712
3 7889 7725 7712
3 7888 7724 7726
3 7890 7888 7726
3 7726 7891 7890
3 7727 7891 7726
3 7729 7892 7893
3 7728 7892 7729
3 7892 7728 7725
3 7889 7892 7725
3 7891 7727 7894
3 7894 7727 7730
3 7893 7895 7729
3 7895 7731 7729
3 7894 7730 7896
3 7896 7730 7732
3 7734 7897 7898
3 7733 7897 7734
3 7897 7733 7731
3 7895 7897 7731
3 7896 7732 7735
3 7899 7896 7735
3 7735 7900 7899
3 7736 7900 7735
3 7738 7901 7902
3 7737 7901 7738
3 7901 7737 7734
3 7898 7901 7734
3 7900 7736 7739
3 7903 7900 7739
3 7739 7904 7903
3 7740 7904 7739
3 7742 7905 7906
3 7741 7905 7742
3 7905 7741 7738
3 7902 7905 7738
3 7904 7740 7743
3 7907 7904 7743
3 7907 7743 7908
3 7743 7744 7908
3 7744 7909 7908
3 7745 7909 7744
3 7746 7910 7747
3 7910 7911 7912
3 7910 7746 7911
3 7746 7748 7911
3 7911 7748 7913
3 7748 7749 7913
3 7913 7749 7742
3 7906 7913 7742
3 7909 7745 7750
3 7914 7909 7750
3 7914 7750 7915
3 7750 7751 7915
3 7915 7751 7916
3 7751 7752 7916
3 7747 7910 7917
3 7747 7917 7752
3 7752 7917 7916
3 7910 7912 7917
3 7754 7755 7918
3 7918 7920 7919
3 7918 7919 7754
3 7754 7919 7757
3 7921 7758 7757
3 7921 7757 7922
3 7922 7757 7919
3 7922 7923 7921
3 7760 7925 7924
3 7759 7760 7924
3 7924 7926 7759
3 7759 7926 7761
3 7926 7927 7761
3 7761 7927 7762
3 7927 7928 7762
3 7762 7928 7763
3 7763 7928 7929
3 7764 7763 7929
3 7766 7931 7930
3 7765 7766 7930
3 7930 7932 7765
3 7765 7932 7767
3 7932 7933 7767
3 7767 7933 7768
3 7933 7934 7768
3 7768 7934 7769
3 7934 7935 7769
3 7769 7935 7770
3 7935 7936 7770
3 7770 7936 7771
3 7936 7937 7771
3 7771 7937 7772
3 7772 7937 7938
3 7773 7772 7938
3 7776 7940 7939
3 7775 7776 7939
3 7939 7941 7775
3 7775 7941 7777
3 7755 7942 7918
3 7755 7777 7942
3 7777 7941 7942
3 7918 7942 7920
3 7921 7778 7758
3 7923 7778 7921
3 7923 7943 7778
3 7943 7779 7778
3 7943 7944 7779
3 7779 7944 7781
3 7781 7944 7945
3 7782 7781 7945
3 7784 7947 7946
3 7783 7784 7946
3 7946 7948 7783
3 7783 7948 7785
3 7948 7760 7785
3 7925 7760 7948
3 7929 7786 7764
3 7949 7786 7929
3 7949 7950 7786
3 7786 7950 7787
3 7950 7951 7787
3 7787 7951 7788
3 7953 7952 7789
3 7953 7789 7951
3 7951 7789 7788
3 7789 7952 7790
3 7792 7955 7954
3 7791 7792 7954
3 7954 7956 7791
3 7791 7956 7793
3 7956 7766 7793
3 7931 7766 7956
3 7938 7794 7773
3 7957 7794 7938
3 7959 7958 7795
3 7959 7795 7957
3 7957 7795 7794
3 7795 7958 7796
3 7799 7961 7960
3 7798 7799 7960
3 7960 7776 7798
3 7940 7776 7960
3 7945 7800 7782
3 7962 7800 7945
3 7800 7962 7963
3 7801 7800 7963
3 7804 7965 7964
3 7803 7804 7964
3 7964 7784 7803
3 7947 7784 7964
3 7953 7966 7952
3 7952 7805 7790
3 7952 7966 7805
3 7966 7967 7805
3 7969 7968 7806
3 7969 7806 7967
3 7967 7806 7805
3 7806 7968 7808
3 7810 7811 7970
3 7970 7972 7971
3 7970 7971 7810
3 7810 7971 7812
3 7971 7792 7812
3 7955 7792 7971
3 7959 7973 7958
3 7958 7813 7796
3 7958 7973 7813
3 7973 7974 7813
3 7813 7974 7975
3 7815 7813 7975
3 7818 7977 7976
3 7817 7818 7976
3 7976 7799 7817
3 7961 7799 7976
3 7963 7978 7801
3 7978 7819 7801
3 7821 7980 7979
3 7820 7821 7979
3 7979 7804 7820
3 7965 7804 7979
3 7969 7981 7968
3 7968 7822 7808
3 7968 7981 7822
3 7981 7982 7822
3 7982 7983 7822
3 7822 7983 7823
3 7811 7984 7970
3 7811 7823 7984
3 7823 7983 7984
3 7970 7984 7972
3 7975 7824 7815
3 7985 7824 7975
3 7987 7986 7825
3 7987 7825 7985
3 7985 7825 7824
3 7825 7986 7827
3 7829 7830 7988
3 7988 7990 7989
3 7988 7989 7829
3 7829 7989 7831
3 7989 7818 7831
3 7977 7818 7989
3 7832 7992 7991
3 7832 7819 7992
3 7819 7978 7992
3 7832 7991 7833
3 7980 7821 7993
3 7993 7821 7835
3 7987 7994 7986
3 7986 7836 7827
3 7986 7994 7836
3 7994 7995 7836
3 7995 7996 7836
3 7836 7996 7837
3 7830 7997 7988
3 7830 7837 7997
3 7837 7996 7997
3 7988 7997 7990
3 7991 7840 7839
3 7991 7992 7840
3 7992 7998 7840
3 7991 7839 7833
3 7999 8000 7993
3 7999 7993 7841
3 7841 7993 7835
3 8000 7999 8001
3 8004 8002 8003
3 8003 8002 7842
3 8003 7842 7998
3 7998 7842 7840
3 7999 7841 7843
3 8001 7999 7843
3 8001 7843 8005
3 8005 7843 7844
3 8005 7844 8006
3 7844 7846 8006
3 8007 7846 7847
3 8007 8008 7846
3 8008 8006 7846
3 8008 8007 8009
3 8012 8010 8011
3 8011 8010 8013
3 8016 8014 8015
3 8015 8017 8018
3 8014 8017 8015
3 8018 8019 8020
3 8017 8019 8018
3 8020 8021 8022
3 8019 8021 8020
3 8022 8023 8024
3 8021 8023 8022
3 8024 8023 8025
3 7850 8026 8027
3 7849 8026 7850
3 8002 8004 8026
3 8002 8026 7851
3 7851 8026 7849
3 8002 7851 7842
3 8007 7847 7852
3 8009 8007 7852
3 8009 7852 8028
3 8028 7852 7853
3 8028 7853 8029
3 7853 7854 8029
3 8029 7854 8030
3 7854 7855 8030
3 8030 7855 8031
3 7855 7856 8031
3 8031 7856 8032
3 7856 7857 8032
3 8032 7857 8033
3 7857 7858 8033
3 8033 7858 8034
3 7858 7859 8034
3 8034 7859 8035
3 7859 7860 8035
3 8035 7860 8036
3 7860 7861 8036
3 8010 8012 8036
3 8010 8036 7862
3 7862 8036 7861
3 8013 8010 7862
3 8013 7862 8037
3 8037 7862 7863
3 7863 8038 8037
3 7864 8038 7863
3 8014 7867 7866
3 8014 8016 7867
3 8016 8039 7867
3 8017 8014 7866
3 7868 8017 7866
3 8019 8017 7868
3 7869 8019 7868
3 8021 8019 7869
3 7870 8021 7869
3 8023 8021 7870
3 7871 8023 7870
3 8025 8023 7871
3 8025 7871 8040
3 8040 7871 7873
3 8040 7873 8041
3 7873 7875 8041
3 8042 7875 7876
3 8042 8043 7875
3 8043 8041 7875
3 8043 8042 8044
3 8047 8045 8046
3 8046 8048 8049
3 8045 8048 8046
3 7879 8049 8048
3 7879 7878 8049
3 7878 8050 8049
3 8050 7878 7850
3 8027 8050 7850
3 8038 7864 7880
3 8051 8038 7880
3 7880 8052 8051
3 7881 8052 7880
3 7883 8053 8054
3 7882 8053 7883
3 8053 7882 7867
3 8039 8053 7867
3 8042 7876 7884
3 8044 8042 7884
3 8044 7884 8055
3 8055 7884 7885
3 8045 8047 8055
3 8045 8055 7886
3 7886 8055 7885
3 8048 8045 7886
3 7887 8048 7886
3 8048 7887 7879
3 8052 7881 8056
3 8056 7881 7888
3 8054 8057 7883
3 8057 7889 7883
3 8056 7888 7890
3 8058 8056 7890
3 7890 8059 8058
3 7891 8059 7890
3 7893 8060 8061
3 7892 8060 7893
3 8060 7892 7889
3 8057 8060 7889
3 8059 7891 8062
3 8062 7891 7894
3 8061 8063 7893
3 8063 7895 7893
3 8062 7894 8064
3 8064 7894 7896
3 7898 8065 8066
3 7897 8065 7898
3 8065 7897 7895
3 8063 8065 7895
3 8064 7896 7899
3 8067 8064 7899
3 7899 8068 8067
3 7900 8068 7899
3 7901 8069 7902
3 8069 7901 7898
3 8069 7898 8070
3 8070 7898 8066
3 8068 7900 7903
3 8071 8068 7903
3 7903 8072 8071
3 7904 8072 7903
3 7906 8073 8074
3 7905 8073 7906
3 7902 8069 8075
3 7902 8075 7905
3 7905 8075 8073
3 8069 8070 8075
3 8072 7904 7907
3 8076 8072 7907
3 8076 7907 8077
3 7907 7908 8077
3 7908 8078 8077
3 7909 8078 7908
3 7912 8079 8080
3 7911 8079 7912
3 8079 7911 8081
3 7911 7913 8081
3 8081 7913 7906
3 8074 8081 7906
3 8078 7909 7914
3 8082 8078 7914
3 8082 7914 8083
3 7914 7915 8083
3 8083 7915 8084
3 7915 7916 8084
3 8084 7916 8085
3 7916 7917 8085
3 8085 7917 7912
3 8080 8085 7912
3 7919 7920 8086
3 8086 8088 8087
3 8086 8087 7919
3 7919 8087 7922
3 7922 8087 8089
3 7923 7922 8089
3 7925 8091 8090
3 7924 7925 8090
3 8090 8092 7924
3 7924 8092 7926
3 8092 8093 7926
3 7926 8093 7927
3 8093 8094 7927
3 7927 8094 7928
3 7928 8094 8095
3 7929 7928 8095
3 7931 8097 8096
3 7930 7931 8096
3 8096 8098 7930
3 7930 8098 7932
3 8098 8099 7932
3 7932 8099 7933
3 8099 8100 7933
3 7933 8100 7934
3 8100 8101 7934
3 7934 8101 7935
3 8101 8102 7935
3 7935 8102 7936
3 8104 8103 7937
3 8104 7937 8102
3 8102 7937 7936
3 7937 8103 7938
3 7939 7940 8105
3 8105 8107 8106
3 8105 8106 7939
3 7939 8106 7941
3 8106 8108 7941
3 7941 8108 7942
3 7920 8109 8086
3 7920 7942 8109
3 7942 8108 8109
3 8086 8109 8088
3 8089 7943 7923
3 8110 7943 8089
3 8110 8111 7943
3 7943 8111 7944
3 7944 8111 8112
3 7945 7944 8112
3 7947 8114 8113
3 7946 7947 8113
3 8113 8115 7946
3 7946 8115 7948
3 8115 7925 7948
3 8091 7925 8115
3 8095 7949 7929
3 8116 7949 8095
3 8116 8117 7949
3 7949 8117 7950
3 8117 8118 7950
3 7950 8118 7951
3 7951 8118 8119
3 7953 7951 8119
3 7955 8121 8120
3 7954 7955 8120
3 8120 8122 7954
3 7954 8122 7956
3 8122 7931 7956
3 8097 7931 8122
3 8104 8123 8103
3 8103 7957 7938
3 8103 8123 7957
3 8123 8124 7957
3 7957 8124 8125
3 7959 7957 8125
3 7960 7961 8126
3 8126 8128 8127
3 7960 8126 8127
3 7960 8127 8105
3 7960 8105 7940
3 8105 8127 8107
3 8112 7962 7945
3 8129 7962 8112
3 7962 8129 8130
3 7963 7962 8130
3 7965 8132 8131
3 7964 7965 8131
3 8131 7947 7964
3 8114 7947 8131
3 8119 7966 7953
3 8133 7966 8119
3 8133 8134 7966
3 7966 8134 7967
3 7967 8134 8135
3 7969 7967 8135
3 7972 8137 8136
3 7971 7972 8136
3 8136 7955 7971
3 8121 7955 8136
3 8125 7973 7959
3 8138 7973 8125
3 8138 8139 7973
3 7973 8139 7974
3 7974 8139 8140
3 7975 7974 8140
3 7976 7977 8141
3 8141 8143 8142
3 7976 8141 8142
3 7976 8142 8126
3 7976 8126 7961
3 8126 8142 8128
3 8130 8144 7963
3 8144 7978 7963
3 7979 7980 8145
3 8145 7965 7979
3 8145 8146 7965
3 8146 8132 7965
3 8135 7981 7969
3 8147 7981 8135
3 8149 8148 7982
3 8149 7982 8147
3 8147 7982 7981
3 8148 8151 8150
3 8148 8150 7982
3 7982 8150 7983
3 8150 8152 7983
3 7983 8152 7984
3 8152 7972 7984
3 8137 7972 8152
3 8140 7985 7975
3 8153 7985 8140
3 7985 8153 8154
3 7987 7985 8154
3 7989 7990 8155
3 7977 7989 8155
3 7977 8155 8141
3 8141 8155 8156
3 8143 8156 8157
3 8141 8156 8143
3 8144 8158 7978
3 8158 7992 7978
3 8159 8145 7980
3 7993 8159 7980
3 8146 8159 8160
3 8145 8159 8146
3 8149 8161 8148
3 8148 8161 8151
3 8154 7994 7987
3 8162 7994 8154
3 8164 8163 7995
3 8164 7995 8162
3 8162 7995 7994
3 7996 7995 8163
3 8165 7996 8163
3 7997 7996 8165
3 8166 7997 8165
3 7990 7997 8166
3 7990 8166 8155
3 8155 8166 8167
3 8168 8167 8169
3 8168 8156 8167
3 8156 8155 8167
3 8156 8168 8157
3 8158 8170 7992
3 8170 7998 7992
3 8159 7993 8000
3 8000 8001 8171
3 8159 8000 8171
3 8159 8171 8172
3 8159 8172 8160
3 8172 8171 8173
3 8175 8163 8164
3 8174 8163 8175
3 8163 8174 8165
3 8165 8174 8176
3 8165 8176 8166
3 8166 8176 8177
3 8166 8177 8167
3 8167 8177 8178
3 8169 8179 8180
3 8169 8167 8179
3 8167 8178 8179
3 8180 8179 8181
3 8004 8182 8183
3 8003 8182 8004
3 8182 8003 7998
3 8170 8182 7998
3 8171 8001 8005
3 8173 8171 8005
3 8173 8005 8184
3 8184 8005 8006
3 8184 8006 8185
3 8006 8008 8185
3 8186 8008 8009
3 8186 8187 8008
3 8187 8185 8008
3 8187 8188 8189
3 8186 8188 8187
3 8189 8190 8191
3 8188 8190 8189
3 8191 8190 8192
3 8195 8193 8194
3 8194 8196 8197
3 8193 8196 8194
3 8197 8198 8199
3 8196 8198 8197
3 8199 8200 8201
3 8198 8200 8199
3 8012 8201 8200
3 8012 8011 8201
3 8011 8202 8201
3 8203 8011 8013
3 8203 8204 8011
3 8204 8202 8011
3 8204 8203 8205
3 8174 8016 8015
3 8174 8175 8016
3 8175 8206 8016
3 8176 8174 8015
3 8018 8176 8015
3 8177 8176 8018
3 8020 8177 8018
3 8178 8177 8020
3 8022 8178 8020
3 8179 8178 8022
3 8024 8179 8022
3 8024 8025 8207
3 8179 8024 8207
3 8179 8207 8208
3 8179 8208 8181
3 8208 8209 8210
3 8207 8209 8208
3 8210 8209 8211
3 8214 8212 8213
3 8027 8213 8212
3 8027 8026 8213
3 8026 8215 8213
3 8215 8026 8004
3 8183 8215 8004
3 8186 8009 8028
3 8188 8186 8028
3 8029 8188 8028
3 8190 8188 8029
3 8030 8190 8029
3 8192 8190 8030
3 8192 8030 8216
3 8216 8030 8031
3 8216 8031 8217
3 8031 8032 8217
3 8193 8195 8217
3 8193 8217 8033
3 8033 8217 8032
3 8196 8193 8033
3 8034 8196 8033
3 8198 8196 8034
3 8035 8198 8034
3 8200 8198 8035
3 8036 8200 8035
3 8200 8036 8012
3 8203 8013 8037
3 8037 8038 8218
3 8203 8037 8218
3 8203 8218 8219
3 8203 8219 8205
3 8219 8218 8220
3 8223 8221 8222
3 8222 8221 8039
3 8222 8039 8206
3 8206 8039 8016
3 8207 8025 8040
3 8209 8207 8040
3 8041 8209 8040
3 8211 8209 8041
3 8211 8041 8224
3 8224 8041 8043
3 8225 8043 8044
3 8225 8226 8043
3 8226 8224 8043
3 8047 8226 8225
3 8047 8046 8226
3 8046 8227 8226
3 8227 8046 8228
3 8046 8049 8228
3 8212 8214 8228
3 8212 8228 8050
3 8050 8228 8049
3 8212 8050 8027
3 8218 8038 8051
3 8051 8220 8218
3 8051 8052 8220
3 8052 8229 8220
3 8221 8054 8053
3 8221 8223 8054
3 8223 8230 8054
3 8221 8053 8039
3 8225 8044 8055
3 8225 8055 8047
3 8229 8052 8231
3 8231 8052 8056
3 8230 8232 8054
3 8232 8057 8054
3 8058 8233 8234
3 8058 8234 8056
3 8056 8234 8231
3 8058 8059 8233
3 8061 8235 8236
3 8060 8235 8061
3 8235 8060 8057
3 8232 8235 8057
3 8234 8233 8237
3 8233 8238 8237
3 8233 8059 8238
3 8059 8062 8238
3 8236 8239 8061
3 8239 8063 8061
3 8238 8062 8240
3 8240 8062 8064
3 8066 8241 8242
3 8065 8241 8066
3 8241 8065 8063
3 8239 8241 8063
3 8240 8064 8067
3 8243 8240 8067
3 8067 8244 8243
3 8068 8244 8067
3 8242 8245 8066
3 8245 8070 8066
3 8244 8068 8071
3 8246 8244 8071
3 8071 8247 8246
3 8072 8247 8071
3 8074 8248 8249
3 8073 8248 8074
3 8248 8073 8250
3 8073 8075 8250
3 8250 8075 8070
3 8245 8250 8070
3 8247 8072 8076
3 8251 8247 8076
3 8251 8076 8252
3 8076 8077 8252
3 8077 8253 8252
3 8078 8253 8077
3 8080 8254 8255
3 8079 8254 8080
3 8254 8079 8256
3 8079 8081 8256
3 8256 8081 8074
3 8249 8256 8074
3 8253 8078 8082
3 8257 8253 8082
3 8257 8082 8258
3 8082 8083 8258
3 8258 8083 8259
3 8083 8084 8259
3 8259 8084 8260
3 8084 8085 8260
3 8260 8085 8080
3 8255 8260 8080
3 8087 8088 8261
3 8087 8261 8089
3 8090 8091 8262
3 8262 8264 8263
3 8262 8263 8090
3 8090 8263 8092
3 8263 8265 8092
3 8092 8265 8093
3 8267 8266 8094
3 8267 8094 8265
3 8265 8094 8093
3 8094 8266 8095
3 8097 8269 8268
3 8096 8097 8268
3 8268 8270 8096
3 8096 8270 8098
3 8270 8271 8098
3 8098 8271 8099
3 8271 8272 8099
3 8099 8272 8100
3 8272 8273 8100
3 8100 8273 8101
3 8273 8274 8101
3 8101 8274 8102
3 8102 8274 8275
3 8104 8102 8275
3 8106 8107 8276
3 8276 8278 8277
3 8276 8277 8106
3 8106 8277 8108
3 8277 8279 8108
3 8108 8279 8109
3 8088 8280 8261
3 8088 8109 8280
3 8109 8279 8280
3 8261 8110 8089
3 8261 8280 8110
3 8280 8281 8110
3 8281 8282 8110
3 8110 8282 8111
3 8111 8282 8283
3 8112 8111 8283
3 8114 8285 8284
3 8113 8114 8284
3 8284 8286 8113
3 8113 8286 8115
3 8091 8287 8262
3 8091 8115 8287
3 8115 8286 8287
3 8262 8287 8264
3 8267 8288 8266
3 8266 8116 8095
3 8266 8288 8116
3 8288 8289 8116
3 8289 8290 8116
3 8116 8290 8117
3 8292 8291 8118
3 8292 8118 8290
3 8290 8118 8117
3 8118 8291 8119
3 8120 8121 8293
3 8293 8295 8294
3 8293 8294 8120
3 8120 8294 8122
3 8294 8097 8122
3 8269 8097 8294
3 8275 8123 8104
3 8296 8123 8275
3 8296 8297 8123
3 8123 8297 8124
3 8124 8297 8298
3 8125 8124 8298
3 8127 8128 8299
3 8299 8301 8300
3 8127 8299 8300
3 8127 8300 8276
3 8127 8276 8107
3 8276 8300 8278
3 8283 8129 8112
3 8302 8129 8283
3 8129 8302 8303
3 8130 8129 8303
3 8132 8305 8304
3 8131 8132 8304
3 8304 8114 8131
3 8285 8114 8304
3 8292 8306 8291
3 8291 8133 8119
3 8291 8306 8133
3 8306 8307 8133
3 8309 8308 8134
3 8309 8134 8307
3 8307 8134 8133
3 8134 8308 8135
3 8137 8311 8310
3 8136 8137 8310
3 8121 8312 8293
3 8121 8136 8312
3 8136 8310 8312
3 8293 8312 8295
3 8298 8138 8125
3 8313 8138 8298
3 8315 8314 8139
3 8315 8139 8313
3 8313 8139 8138
3 8139 8314 8140
3 8142 8143 8316
3 8316 8318 8317
3 8142 8316 8317
3 8142 8317 8299
3 8142 8299 8128
3 8299 8317 8301
3 8303 8319 8130
3 8319 8144 8130
3 8305 8132 8320
3 8320 8132 8146
3 8309 8321 8308
3 8323 8322 8147
3 8321 8323 8147
3 8321 8147 8135
3 8321 8135 8308
3 8147 8322 8149
3 8150 8151 8324
3 8324 8326 8325
3 8324 8325 8150
3 8150 8325 8152
3 8325 8137 8152
3 8311 8137 8325
3 8315 8327 8314
3 8329 8328 8153
3 8327 8329 8153
3 8327 8153 8140
3 8327 8140 8314
3 8153 8328 8154
3 8330 8316 8143
3 8330 8143 8331
3 8331 8143 8157
3 8316 8330 8318
3 8319 8332 8144
3 8332 8158 8144
3 8320 8146 8333
3 8333 8146 8160
3 8323 8334 8322
3 8336 8335 8161
3 8334 8336 8161
3 8334 8161 8149
3 8334 8149 8322
3 8335 8338 8337
3 8161 8335 8337
3 8161 8337 8324
3 8161 8324 8151
3 8324 8337 8326
3 8329 8339 8328
3 8341 8340 8162
3 8339 8341 8162
3 8339 8162 8154
3 8339 8154 8328
3 8162 8340 8164
3 8168 8169 8342
3 8342 8157 8168
3 8342 8343 8157
3 8343 8331 8157
3 8346 8344 8345
3 8345 8344 8170
3 8345 8170 8332
3 8332 8170 8158
3 8333 8160 8172
3 8347 8333 8172
3 8348 8172 8173
3 8348 8349 8172
3 8349 8347 8172
3 8349 8348 8350
3 8353 8351 8352
3 8352 8354 8355
3 8351 8354 8352
3 8355 8335 8336
3 8355 8354 8335
3 8354 8356 8335
3 8338 8356 8357
3 8335 8356 8338
3 8359 8340 8341
3 8358 8340 8359
3 8340 8358 8175
3 8164 8340 8175
3 8342 8169 8180
3 8180 8181 8360
3 8342 8180 8360
3 8342 8360 8361
3 8342 8361 8343
3 8361 8360 8362
3 8365 8363 8364
3 8344 8183 8182
3 8346 8183 8344
3 8346 8363 8183
3 8346 8364 8363
3 8344 8182 8170
3 8348 8173 8184
3 8350 8348 8184
3 8350 8184 8366
3 8366 8184 8185
3 8366 8185 8367
3 8185 8187 8367
3 8367 8187 8368
3 8187 8189 8368
3 8368 8189 8369
3 8189 8191 8369
3 8370 8191 8192
3 8370 8371 8191
3 8371 8369 8191
3 8371 8372 8373
3 8370 8372 8371
3 8195 8373 8372
3 8195 8194 8373
3 8194 8374 8373
3 8374 8194 8375
3 8194 8197 8375
3 8375 8197 8376
3 8197 8199 8376
3 8351 8353 8376
3 8351 8376 8201
3 8201 8376 8199
3 8354 8351 8201
3 8202 8354 8201
3 8356 8354 8202
3 8204 8356 8202
3 8204 8357 8356
3 8204 8205 8357
3 8205 8377 8357
3 8379 8358 8359
3 8378 8358 8379
3 8358 8378 8206
3 8175 8358 8206
3 8360 8181 8208
3 8362 8360 8208
3 8362 8208 8380
3 8380 8208 8210
3 8381 8210 8211
3 8381 8382 8210
3 8382 8380 8210
3 8382 8383 8384
3 8381 8383 8382
3 8384 8385 8386
3 8383 8385 8384
3 8386 8387 8388
3 8385 8387 8386
3 8214 8388 8387
3 8214 8213 8388
3 8213 8389 8388
3 8363 8365 8389
3 8363 8389 8215
3 8215 8389 8213
3 8363 8215 8183
3 8370 8192 8216
3 8372 8370 8216
3 8217 8372 8216
3 8372 8217 8195
3 8377 8205 8219
3 8390 8377 8219
3 8219 8391 8390
3 8220 8391 8219
3 8378 8223 8222
3 8378 8379 8223
3 8379 8392 8223
3 8378 8222 8206
3 8381 8211 8224
3 8383 8381 8224
3 8226 8383 8224
3 8385 8383 8226
3 8227 8385 8226
3 8387 8385 8227
3 8228 8387 8227
3 8387 8228 8214
3 8391 8220 8393
3 8393 8220 8229
3 8392 8394 8223
3 8394 8230 8223
3 8393 8229 8395
3 8395 8229 8231
3 8394 8396 8230
3 8396 8232 8230
3 8395 8231 8397
3 8397 8231 8234
3 8236 8398 8399
3 8235 8398 8236
3 8398 8235 8232
3 8396 8398 8232
3 8397 8234 8237
3 8400 8397 8237
3 8237 8401 8400
3 8238 8401 8237
3 8399 8402 8236
3 8402 8239 8236
3 8403 8404 8401
3 8403 8401 8240
3 8240 8401 8238
3 8404 8403 8405
3 8242 8406 8407
3 8241 8406 8242
3 8406 8241 8239
3 8402 8406 8239
3 8403 8240 8243
3 8243 8405 8403
3 8243 8244 8405
3 8244 8408 8405
3 8407 8409 8242
3 8409 8245 8242
3 8408 8244 8246
3 8410 8408 8246
3 8246 8411 8410
3 8247 8411 8246
3 8249 8412 8413
3 8248 8412 8249
3 8412 8248 8414
3 8248 8250 8414
3 8414 8250 8245
3 8409 8414 8245
3 8411 8247 8251
3 8415 8411 8251
3 8415 8251 8416
3 8251 8252 8416
3 8252 8417 8416
3 8253 8417 8252
3 8255 8418 8419
3 8254 8418 8255
3 8418 8254 8420
3 8254 8256 8420
3 8420 8256 8249
3 8413 8420 8249
3 8417 8253 8257
3 8421 8417 8257
3 8421 8257 8422
3 8257 8258 8422
3 8422 8258 8423
3 8258 8259 8423
3 8423 8259 8424
3 8259 8260 8424
3 8424 8260 8255
3 8419 8424 8255
3 8263 8264 8425
3 8265 8263 8425
3 8426 8265 8425
3 8265 8426 8267
3 8269 8428 8427
3 8268 8269 8427
3 8427 8429 8268
3 8268 8429 8270
3 8429 8430 8270
3 8270 8430 8271
3 8430 8431 8271
3 8271 8431 8272
3 8431 8432 8272
3 8272 8432 8273
3 8432 8433 8273
3 8273 8433 8274
3 8274 8433 8434
3 8275 8274 8434
3 8278 8436 8435
3 8277 8278 8435
3 8435 8437 8277
3 8277 8437 8279
3 8437 8438 8279
3 8279 8438 8280
3 8438 8439 8280
3 8280 8439 8281
3 8441 8440 8282
3 8441 8282 8439
3 8439 8282 8281
3 8282 8440 8283
3 8284 8285 8442
3 8442 8444 8443
3 8442 8443 8284
3 8284 8443 8286
3 8443 8445 8286
3 8286 8445 8287
3 8264 8446 8425
3 8264 8287 8446
3 8287 8445 8446
3 8425 8447 8426
3 8446 8447 8425
3 8426 8288 8267
3 8426 8447 8288
3 8447 8448 8288
3 8448 8449 8288
3 8288 8449 8289
3 8451 8450 8290
3 8451 8290 8449
3 8449 8290 8289
3 8290 8450 8292
3 8295 8453 8452
3 8294 8295 8452
3 8452 8269 8294
3 8428 8269 8452
3 8434 8296 8275
3 8454 8296 8434
3 8454 8455 8296
3 8296 8455 8297
3 8297 8455 8456
3 8298 8297 8456
3 8301 8458 8457
3 8300 8301 8457
3 8457 8278 8300
3 8436 8278 8457
3 8441 8459 8440
3 8461 8460 8302
3 8459 8461 8302
3 8459 8302 8283
3 8459 8283 8440
3 8302 8460 8303
3 8304 8305 8462
3 8462 8464 8463
3 8304 8462 8463
3 8304 8463 8442
3 8304 8442 8285
3 8442 8463 8444
3 8451 8465 8450
3 8450 8306 8292
3 8450 8465 8306
3 8465 8466 8306
3 8468 8467 8307
3 8468 8307 8466
3 8466 8307 8306
3 8307 8467 8309
3 8311 8470 8469
3 8310 8311 8469
3 8469 8471 8310
3 8310 8471 8312
3 8471 8295 8312
3 8453 8295 8471
3 8456 8313 8298
3 8472 8313 8456
3 8313 8472 8473
3 8315 8313 8473
3 8317 8318 8474
3 8474 8301 8317
3 8474 8475 8301
3 8475 8458 8301
3 8477 8460 8461
3 8476 8460 8477
3 8460 8476 8319
3 8303 8460 8319
3 8478 8462 8305
3 8320 8478 8305
3 8464 8478 8479
3 8462 8478 8464
3 8468 8480 8467
3 8467 8321 8309
3 8467 8480 8321
3 8480 8481 8321
3 8321 8481 8482
3 8323 8321 8482
3 8326 8484 8483
3 8325 8326 8483
3 8483 8311 8325
3 8470 8311 8483
3 8473 8327 8315
3 8485 8327 8473
3 8327 8485 8486
3 8329 8327 8486
3 8330 8331 8487
3 8487 8489 8488
3 8330 8487 8488
3 8330 8488 8474
3 8330 8474 8318
3 8474 8488 8475
3 8491 8476 8477
3 8490 8476 8491
3 8476 8490 8332
3 8319 8476 8332
3 8492 8478 8320
3 8333 8492 8320
3 8479 8492 8493
3 8478 8492 8479
3 8334 8495 8494
3 8334 8323 8495
3 8323 8482 8495
3 8334 8494 8336
3 8337 8338 8496
3 8496 8326 8337
3 8496 8497 8326
3 8497 8484 8326
3 8486 8339 8329
3 8498 8339 8486
3 8339 8498 8499
3 8341 8339 8499
3 8500 8487 8331
3 8343 8500 8331
3 8489 8500 8501
3 8487 8500 8489
3 8490 8346 8345
3 8490 8491 8346
3 8491 8502 8346
3 8490 8345 8332
3 8492 8333 8347
3 8493 8492 8347
3 8493 8347 8503
3 8503 8347 8349
3 8504 8349 8350
3 8504 8505 8349
3 8505 8503 8349
3 8505 8506 8507
3 8504 8506 8505
3 8507 8506 8508
3 8511 8509 8510
3 8510 8512 8513
3 8509 8512 8510
3 8513 8514 8515
3 8512 8514 8513
3 8353 8515 8514
3 8353 8352 8515
3 8352 8516 8515
3 8494 8495 8516
3 8494 8516 8355
3 8355 8516 8352
3 8494 8355 8336
3 8517 8496 8338
3 8517 8338 8518
3 8518 8338 8357
3 8496 8517 8497
3 8499 8519 8341
3 8519 8359 8341
3 8500 8343 8361
3 8361 8362 8520
3 8500 8361 8520
3 8500 8520 8521
3 8500 8521 8501
3 8521 8522 8523
3 8520 8522 8521
3 8523 8522 8524
3 8527 8525 8526
3 8365 8526 8525
3 8365 8364 8526
3 8364 8528 8526
3 8528 8364 8346
3 8502 8528 8346
3 8504 8350 8366
3 8506 8504 8366
3 8367 8506 8366
3 8508 8506 8367
3 8508 8367 8529
3 8529 8367 8368
3 8529 8368 8530
3 8368 8369 8530
3 8530 8369 8531
3 8369 8371 8531
3 8531 8371 8532
3 8371 8373 8532
3 8509 8511 8532
3 8509 8532 8374
3 8374 8532 8373
3 8512 8509 8374
3 8375 8512 8374
3 8514 8512 8375
3 8376 8514 8375
3 8514 8376 8353
3 8518 8357 8533
3 8533 8357 8377
3 8519 8534 8359
3 8534 8379 8359
3 8520 8362 8380
3 8522 8520 8380
3 8382 8522 8380
3 8524 8522 8382
3 8524 8382 8535
3 8535 8382 8384
3 8535 8384 8536
3 8384 8386 8536
3 8536 8386 8537
3 8386 8388 8537
3 8525 8527 8537
3 8525 8537 8389
3 8389 8537 8388
3 8525 8389 8365
3 8533 8377 8390
3 8538 8533 8390
3 8390 8539 8538
3 8391 8539 8390
3 8534 8540 8379
3 8540 8392 8379
3 8539 8391 8541
3 8541 8391 8393
3 8540 8542 8392
3 8542 8394 8392
3 8541 8393 8543
3 8543 8393 8395
3 8542 8544 8394
3 8544 8396 8394
3 8543 8395 8545
3 8545 8395 8397
3 8399 8546 8547
3 8398 8546 8399
3 8546 8398 8396
3 8544 8546 8396
3 8545 8397 8400
3 8548 8545 8400
3 8400 8549 8548
3 8401 8549 8400
3 8547 8550 8399
3 8550 8402 8399
3 8549 8401 8404
3 8551 8549 8404
3 8404 8552 8551
3 8405 8552 8404
3 8407 8553 8554
3 8406 8553 8407
3 8553 8406 8402
3 8550 8553 8402
3 8552 8405 8555
3 8555 8405 8408
3 8554 8556 8407
3 8556 8409 8407
3 8555 8408 8410
3 8557 8555 8410
3 8410 8558 8557
3 8411 8558 8410
3 8413 8559 8560
3 8412 8559 8413
3 8559 8412 8561
3 8412 8414 8561
3 8561 8414 8409
3 8556 8561 8409
3 8558 8411 8415
3 8562 8558 8415
3 8562 8415 8563
3 8415 8416 8563
3 8416 8564 8563
3 8417 8564 8416
3 8419 8565 8566
3 8418 8565 8419
3 8565 8418 8567
3 8418 8420 8567
3 8567 8420 8413
3 8560 8567 8413
3 8564 8417 8421
3 8568 8564 8421
3 8568 8421 8569
3 8421 8422 8569
3 8569 8422 8570
3 8422 8423 8570
3 8570 8423 8571
3 8423 8424 8571
3 8571 8424 8419
3 8566 8571 8419
3 8427 8428 8572
3 8572 8574 8573
3 8572 8573 8427
3 8427 8573 8429
3 8573 8575 8429
3 8429 8575 8430
3 8575 8576 8430
3 8430 8576 8431
3 8576 8577 8431
3 8431 8577 8432
3 8577 8578 8432
3 8432 8578 8433
3 8433 8578 8579
3 8434 8433 8579
3 8435 8436 8580
3 8437 8435 8580
3 8581 8437 8580
3 8581 8583 8582
3 8581 8582 8437
3 8437 8582 8438
3 8582 8584 8438
3 8438 8584 8439
3 8439 8584 8585
3 8441 8439 8585
3 8443 8444 8586
3 8586 8588 8587
3 8586 8587 8443
3 8443 8587 8445
3 8587 8589 8445
3 8445 8589 8446
3 8589 8590 8446
3 8446 8590 8447
3 8590 8591 8447
3 8447 8591 8448
3 8593 8592 8449
3 8593 8449 8591
3 8591 8449 8448
3 8449 8592 8451
3 8453 8595 8594
3 8452 8453 8594
3 8428 8596 8572
3 8428 8452 8596
3 8452 8594 8596
3 8572 8596 8574
3 8579 8454 8434
3 8597 8454 8579
3 8597 8598 8454
3 8454 8598 8455
3 8455 8598 8599
3 8456 8455 8599
3 8457 8458 8600
3 8600 8602 8601
3 8457 8600 8601
3 8457 8601 8580
3 8457 8580 8436
3 8580 8603 8581
3 8601 8603 8580
3 8581 8603 8583
3 8585 8459 8441
3 8604 8459 8585
3 8459 8604 8605
3 8461 8459 8605
3 8463 8464 8606
3 8606 8608 8607
3 8463 8606 8607
3 8463 8607 8586
3 8463 8586 8444
3 8586 8607 8588
3 8593 8609 8592
3 8592 8465 8451
3 8592 8609 8465
3 8609 8610 8465
3 8612 8611 8466
3 8612 8466 8610
3 8610 8466 8465
3 8466 8611 8468
3 8470 8614 8613
3 8469 8470 8613
3 8613 8615 8469
3 8469 8615 8471
3 8615 8453 8471
3 8595 8453 8615
3 8599 8472 8456
3 8616 8472 8599
3 8472 8616 8617
3 8473 8472 8617
3 8618 8600 8458
3 8475 8618 8458
3 8602 8618 8619
3 8600 8618 8602
3 8605 8620 8461
3 8620 8477 8461
3 8621 8606 8464
3 8479 8621 8464
3 8608 8621 8622
3 8606 8621 8608
3 8612 8623 8611
3 8625 8624 8480
3 8623 8625 8480
3 8623 8480 8468
3 8623 8468 8611
3 8481 8480 8624
3 8626 8481 8624
3 8481 8626 8482
3 8483 8484 8627
3 8627 8470 8483
3 8627 8628 8470
3 8628 8614 8470
3 8617 8485 8473
3 8629 8485 8617
3 8485 8629 8630
3 8486 8485 8630
3 8488 8489 8631
3 8631 8633 8632
3 8488 8631 8632
3 8488 8632 8618
3 8488 8618 8475
3 8618 8632 8619
3 8636 8634 8635
3 8635 8634 8491
3 8635 8491 8620
3 8620 8491 8477
3 8637 8621 8479
3 8493 8637 8479
3 8622 8637 8638
3 8621 8637 8622
3 8641 8639 8640
3 8640 8624 8625
3 8640 8639 8624
3 8639 8642 8624
3 8624 8642 8626
3 8626 8642 8643
3 8626 8643 8495
3 8482 8626 8495
3 8644 8627 8484
3 8644 8484 8645
3 8645 8484 8497
3 8627 8644 8628
3 8498 8647 8646
3 8498 8486 8647
3 8486 8630 8647
3 8498 8646 8499
3 8648 8631 8489
3 8501 8648 8489
3 8633 8649 8650
3 8633 8631 8649
3 8631 8648 8649
3 8650 8649 8651
3 8654 8652 8653
3 8653 8634 8636
3 8653 8652 8634
3 8652 8655 8634
3 8634 8655 8502
3 8491 8634 8502
3 8637 8493 8503
3 8638 8637 8503
3 8638 8503 8656
3 8656 8503 8505
3 8656 8505 8657
3 8505 8507 8657
3 8658 8507 8508
3 8658 8659 8507
3 8659 8657 8507
3 8659 8660 8661
3 8658 8660 8659
3 8661 8662 8663
3 8660 8662 8661
3 8663 8664 8665
3 8662 8664 8663
3 8511 8665 8664
3 8511 8510 8665
3 8510 8666 8665
3 8639 8641 8666
3 8639 8666 8513
3 8513 8666 8510
3 8642 8639 8513
3 8515 8642 8513
3 8643 8642 8515
3 8516 8643 8515
3 8643 8516 8495
3 8517 8518 8667
3 8667 8497 8517
3 8667 8668 8497
3 8668 8645 8497
3 8647 8669 8646
3 8646 8669 8670
3 8646 8670 8499
3 8499 8670 8519
3 8648 8501 8521
3 8649 8648 8521
3 8523 8649 8521
3 8523 8524 8671
3 8649 8523 8671
3 8649 8671 8672
3 8649 8672 8651
3 8672 8673 8674
3 8671 8673 8672
3 8674 8675 8676
3 8673 8675 8674
3 8652 8527 8526
3 8654 8527 8652
3 8654 8675 8527
3 8654 8676 8675
3 8655 8652 8526
3 8528 8655 8526
3 8655 8528 8502
3 8658 8508 8529
3 8660 8658 8529
3 8530 8660 8529
3 8662 8660 8530
3 8531 8662 8530
3 8664 8662 8531
3 8532 8664 8531
3 8664 8532 8511
3 8677 8667 8518
3 8533 8677 8518
3 8668 8677 8678
3 8667 8677 8668
3 8670 8679 8519
3 8679 8534 8519
3 8671 8524 8535
3 8673 8671 8535
3 8536 8673 8535
3 8675 8673 8536
3 8537 8675 8536
3 8675 8537 8527
3 8677 8533 8538
3 8538 8678 8677
3 8538 8539 8678
3 8539 8680 8678
3 8679 8681 8534
3 8681 8540 8534
3 8680 8539 8682
3 8682 8539 8541
3 8681 8683 8540
3 8683 8542 8540
3 8682 8541 8684
3 8684 8541 8543
3 8683 8685 8542
3 8685 8544 8542
3 8684 8543 8686
3 8686 8543 8545
3 8547 8687 8688
3 8546 8687 8547
3 8687 8546 8544
3 8685 8687 8544
3 8686 8545 8548
3 8689 8686 8548
3 8548 8690 8689
3 8549 8690 8548
3 8688 8691 8547
3 8691 8550 8547
3 8690 8549 8551
3 8692 8690 8551
3 8551 8693 8692
3 8552 8693 8551
3 8554 8694 8695
3 8553 8694 8554
3 8694 8553 8550
3 8691 8694 8550
3 8693 8552 8696
3 8696 8552 8555
3 8695 8697 8554
3 8697 8556 8554
3 8696 8555 8557
3 8698 8696 8557
3 8557 8699 8698
3 8558 8699 8557
3 8560 8700 8701
3 8559 8700 8560
3 8700 8559 8702
3 8559 8561 8702
3 8702 8561 8556
3 8697 8702 8556
3 8699 8558 8562
3 8703 8699 8562
3 8703 8562 8704
3 8562 8563 8704
3 8563 8705 8704
3 8564 8705 8563
3 8566 8706 8707
3 8565 8706 8566
3 8706 8565 8708
3 8565 8567 8708
3 8708 8567 8560
3 8701 8708 8560
3 8705 8564 8568
3 8709 8705 8568
3 8709 8568 8710
3 8568 8569 8710
3 8710 8569 8711
3 8569 8570 8711
3 8711 8570 8712
3 8570 8571 8712
3 8712 8571 8566
3 8707 8712 8566
3 8574 8714 8713
3 8573 8574 8713
3 8713 8715 8573
3 8573 8715 8575
3 8715 8716 8575
3 8575 8716 8576
3 8716 8717 8576
3 8576 8717 8577
3 8717 8718 8577
3 8577 8718 8578
3 8578 8718 8719
3 8579 8578 8719
3 8582 8583 8720
3 8584 8582 8720
3 8721 8584 8720
3 8584 8721 8585
3 8587 8588 8722
3 8722 8724 8723
3 8722 8723 8587
3 8587 8723 8589
3 8723 8725 8589
3 8589 8725 8590
3 8727 8726 8591
3 8727 8591 8725
3 8725 8591 8590
3 8591 8726 8593
3 8595 8729 8728
3 8594 8595 8728
3 8728 8730 8594
3 8594 8730 8596
3 8730 8574 8596
3 8714 8574 8730
3 8719 8597 8579
3 8731 8597 8719
3 8731 8732 8597
3 8597 8732 8598
3 8598 8732 8733
3 8599 8598 8733
3 8601 8602 8734
3 8603 8601 8734
3 8735 8603 8734
3 8583 8603 8735
3 8583 8735 8720
3 8720 8735 8736
3 8720 8736 8721
3 8721 8736 8737
3 8604 8585 8721
3 8604 8721 8738
3 8738 8721 8737
3 8604 8738 8605
3 8608 8740 8739
3 8607 8608 8739
3 8588 8741 8722
3 8588 8607 8741
3 8607 8739 8741
3 8722 8741 8724
3 8727 8742 8726
3 8726 8609 8593
3 8726 8742 8609
3 8742 8743 8609
3 8745 8744 8610
3 8745 8610 8743
3 8743 8610 8609
3 8610 8744 8612
3 8613 8614 8746
3 8746 8748 8747
3 8746 8747 8613
3 8613 8747 8615
3 8747 8595 8615
3 8729 8595 8747
3 8733 8616 8599
3 8749 8616 8733
3 8616 8749 8750
3 8617 8616 8750
3 8751 8734 8602
3 8619 8751 8602
3 8752 8751 8753
3 8752 8735 8751
3 8735 8734 8751
3 8735 8754 8736
3 8752 8754 8735
3 8756 8736 8754
3 8756 8755 8736
3 8755 8737 8736
3 8737 8755 8738
3 8738 8755 8757
3 8738 8757 8620
3 8605 8738 8620
3 8758 8759 8740
3 8758 8740 8622
3 8622 8740 8608
3 8759 8758 8760
3 8762 8744 8745
3 8761 8744 8762
3 8623 8612 8744
3 8623 8744 8763
3 8763 8744 8761
3 8623 8763 8625
3 8764 8746 8614
3 8764 8614 8765
3 8765 8614 8628
3 8746 8764 8748
3 8750 8629 8617
3 8766 8629 8750
3 8629 8766 8767
3 8630 8629 8767
3 8632 8633 8768
3 8619 8632 8768
3 8619 8768 8751
3 8751 8768 8769
3 8753 8769 8770
3 8751 8769 8753
3 8772 8755 8756
3 8771 8755 8772
3 8636 8635 8757
3 8636 8757 8771
3 8771 8757 8755
3 8757 8635 8620
3 8773 8758 8622
3 8638 8773 8622
3 8760 8774 8775
3 8760 8758 8774
3 8758 8773 8774
3 8775 8774 8776
3 8779 8777 8778
3 8778 8761 8762
3 8778 8777 8761
3 8777 8780 8761
3 8641 8640 8763
3 8641 8763 8780
3 8780 8763 8761
3 8763 8640 8625
3 8645 8782 8781
3 8644 8645 8781
3 8781 8628 8644
3 8765 8628 8781
3 8767 8783 8630
3 8783 8647 8630
3 8768 8633 8650
3 8650 8651 8784
3 8650 8784 8768
3 8768 8784 8769
3 8770 8785 8786
3 8770 8769 8785
3 8769 8784 8785
3 8786 8787 8788
3 8785 8787 8786
3 8771 8654 8653
3 8772 8654 8771
3 8772 8787 8654
3 8772 8788 8787
3 8771 8653 8636
3 8773 8638 8656
3 8774 8773 8656
3 8657 8774 8656
3 8776 8774 8657
3 8776 8657 8789
3 8789 8657 8659
3 8789 8659 8790
3 8659 8661 8790
3 8790 8661 8791
3 8661 8663 8791
3 8777 8779 8791
3 8777 8791 8665
3 8665 8791 8663
3 8780 8777 8665
3 8666 8780 8665
3 8780 8666 8641
3 8782 8645 8792
3 8792 8645 8668
3 8783 8669 8647
3 8793 8669 8783
3 8669 8793 8794
3 8670 8669 8794
3 8784 8651 8672
3 8785 8784 8672
3 8674 8785 8672
3 8787 8785 8674
3 8676 8787 8674
3 8787 8676 8654
3 8792 8668 8795
3 8795 8668 8678
3 8794 8796 8670
3 8796 8679 8670
3 8795 8678 8797
3 8797 8678 8680
3 8796 8798 8679
3 8798 8681 8679
3 8797 8680 8799
3 8799 8680 8682
3 8798 8800 8681
3 8800 8683 8681
3 8799 8682 8801
3 8801 8682 8684
3 8800 8802 8683
3 8802 8685 8683
3 8801 8684 8803
3 8803 8684 8686
3 8688 8804 8805
3 8687 8804 8688
3 8804 8687 8685
3 8802 8804 8685
3 8803 8686 8689
3 8806 8803 8689
3 8689 8807 8806
3 8690 8807 8689
3 8805 8808 8688
3 8808 8691 8688
3 8807 8690 8692
3 8809 8807 8692
3 8692 8810 8809
3 8693 8810 8692
3 8695 8811 8812
3 8694 8811 8695
3 8811 8694 8691
3 8808 8811 8691
3 8810 8693 8813
3 8813 8693 8696
3 8812 8814 8695
3 8814 8697 8695
3 8813 8696 8698
3 8815 8813 8698
3 8698 8816 8815
3 8699 8816 8698
3 8701 8817 8818
3 8700 8817 8701
3 8817 8700 8819
3 8700 8702 8819
3 8819 8702 8697
3 8814 8819 8697
3 8816 8699 8703
3 8820 8816 8703
3 8820 8703 8821
3 8703 8704 8821
3 8704 8822 8821
3 8705 8822 8704
3 8707 8823 8824
3 8706 8823 8707
3 8823 8706 8825
3 8706 8708 8825
3 8825 8708 8701
3 8818 8825 8701
3 8822 8705 8709
3 8826 8822 8709
3 8826 8709 8827
3 8709 8710 8827
3 8827 8710 8828
3 8710 8711 8828
3 8828 8711 8829
3 8711 8712 8829
3 8829 8712 8707
3 8824 8829 8707
3 8714 8831 8830
3 8713 8714 8830
3 8830 8832 8713
3 8713 8832 8715
3 8832 8833 8715
3 8715 8833 8716
3 8833 8834 8716
3 8716 8834 8717
3 8836 8835 8718
3 8836 8718 8834
3 8834 8718 8717
3 8718 8835 8719
3 8723 8724 8837
3 8725 8723 8837
3 8838 8725 8837
3 8725 8838 8727
3 8729 8840 8839
3 8728 8729 8839
3 8839 8841 8728
3 8728 8841 8730
3 8841 8714 8730
3 8831 8714 8841
3 8836 8842 8835
3 8835 8731 8719
3 8835 8842 8731
3 8842 8843 8731
3 8843 8844 8731
3 8731 8844 8732
3 8732 8844 8845
3 8733 8732 8845
3 8739 8740 8846
3 8741 8739 8846
3 8847 8741 8846
3 8847 8849 8848
3 8741 8847 8848
3 8741 8848 8837
3 8741 8837 8724
3 8837 8850 8838
3 8848 8850 8837
3 8852 8851 8742
3 8850 8852 8742
3 8850 8742 8727
3 8850 8727 8838
3 8743 8742 8851
3 8853 8743 8851
3 8743 8853 8745
3 8748 8855 8854
3 8747 8748 8854
3 8854 8729 8747
3 8840 8729 8854
3 8845 8749 8733
3 8856 8749 8845
3 8749 8856 8857
3 8750 8749 8857
3 8752 8753 8858
3 8754 8752 8858
3 8859 8754 8858
3 8754 8859 8756
3 8846 8740 8759
3 8759 8760 8860
3 8759 8860 8846
3 8846 8860 8847
3 8849 8860 8861
3 8847 8860 8849
3 8863 8851 8852
3 8862 8851 8863
3 8851 8862 8853
3 8853 8862 8864
3 8853 8864 8762
3 8745 8853 8762
3 8765 8866 8865
3 8764 8765 8865
3 8865 8748 8764
3 8855 8748 8865
3 8857 8766 8750
3 8867 8766 8857
3 8766 8867 8868
3 8767 8766 8868
3 8869 8858 8753
3 8770 8869 8753
3 8858 8869 8859
3 8859 8869 8870
3 8859 8870 8772
3 8756 8859 8772
3 8860 8760 8775
3 8775 8776 8871
3 8860 8775 8871
3 8860 8871 8872
3 8860 8872 8861
3 8872 8873 8874
3 8871 8873 8872
3 8874 8862 8863
3 8874 8873 8862
3 8873 8875 8862
3 8779 8778 8864
3 8779 8864 8875
3 8875 8864 8862
3 8864 8778 8762
3 8782 8877 8876
3 8781 8782 8876
3 8876 8765 8781
3 8866 8765 8876
3 8868 8878 8767
3 8878 8783 8767
3 8869 8770 8786
3 8870 8869 8786
3 8788 8870 8786
3 8870 8788 8772
3 8871 8776 8789
3 8873 8871 8789
3 8790 8873 8789
3 8875 8873 8790
3 8791 8875 8790
3 8875 8791 8779
3 8877 8782 8879
3 8879 8782 8792
3 8878 8793 8783
3 8880 8793 8878
3 8793 8880 8881
3 8794 8793 8881
3 8879 8792 8882
3 8882 8792 8795
3 8881 8883 8794
3 8883 8796 8794
3 8882 8795 8884
3 8884 8795 8797
3 8883 8885 8796
3 8885 8798 8796
3 8884 8797 8886
3 8886 8797 8799
3 8885 8887 8798
3 8887 8800 8798
3 8886 8799 8888
3 8888 8799 8801
3 8887 8889 8800
3 8889 8802 8800
3 8888 8801 8890
3 8890 8801 8803
3 8805 8891 8892
3 8804 8891 8805
3 8891 8804 8802
3 8889 8891 8802
3 8890 8803 8806
3 8893 8890 8806
3 8806 8894 8893
3 8807 8894 8806
3 8892 8895 8805
3 8895 8808 8805
3 8894 8807 8809
3 8896 8894 8809
3 8809 8897 8896
3 8810 8897 8809
3 8812 8898 8899
3 8811 8898 8812
3 8898 8811 8808
3 8895 8898 8808
3 8897 8810 8900
3 8900 8810 8813
3 8899 8901 8812
3 8901 8814 8812
3 8900 8813 8815
3 8902 8900 8815
3 8815 8903 8902
3 8816 8903 8815
3 8818 8904 8905
3 8817 8904 8818
3 8904 8817 8906
3 8817 8819 8906
3 8906 8819 8814
3 8901 8906 8814
3 8903 8816 8820
3 8907 8903 8820
3 8907 8820 8908
3 8820 8821 8908
3 8821 8909 8908
3 8822 8909 8821
3 8824 8910 8911
3 8823 8910 8824
3 8910 8823 8912
3 8823 8825 8912
3 8912 8825 8818
3 8905 8912 8818
3 8909 8822 8826
3 8913 8909 8826
3 8913 8826 8914
3 8826 8827 8914
3 8914 8827 8915
3 8827 8828 8915
3 8915 8828 8916
3 8828 8829 8916
3 8916 8829 8824
3 8911 8916 8824
3 8831 8918 8917
3 8830 8831 8917
3 8917 8919 8830
3 8830 8919 8832
3 8919 8920 8832
3 8832 8920 8833
3 8920 8921 8833
3 8833 8921 8834
3 8834 8921 8922
3 8836 8834 8922
3 8840 8924 8923
3 8839 8840 8923
3 8923 8925 8839
3 8839 8925 8841
3 8925 8831 8841
3 8918 8831 8925
3 8922 8842 8836
3 8926 8842 8922
3 8926 8927 8842
3 8842 8927 8843
3 8927 8928 8843
3 8843 8928 8844
3 8844 8928 8929
3 8845 8844 8929
3 8848 8849 8930
3 8850 8848 8930
3 8931 8850 8930
3 8850 8931 8852
3 8855 8933 8932
3 8854 8855 8932
3 8932 8840 8854
3 8924 8840 8932
3 8929 8856 8845
3 8934 8856 8929
3 8856 8934 8935
3 8857 8856 8935
3 8936 8930 8849
3 8861 8936 8849
3 8930 8936 8931
3 8931 8936 8937
3 8931 8937 8863
3 8852 8931 8863
3 8866 8939 8938
3 8865 8866 8938
3 8938 8855 8865
3 8933 8855 8938
3 8867 8941 8940
3 8867 8857 8941
3 8857 8935 8941
3 8867 8940 8868
3 8936 8861 8872
3 8937 8936 8872
3 8874 8937 8872
3 8937 8874 8863
3 8877 8943 8942
3 8876 8877 8942
3 8942 8866 8876
3 8939 8866 8942
3 8941 8944 8940
3 8940 8944 8945
3 8940 8945 8868
3 8868 8945 8878
3 8943 8877 8946
3 8946 8877 8879
3 8880 8948 8947
3 8880 8878 8948
3 8878 8945 8948
3 8880 8947 8881
3 8946 8879 8949
3 8949 8879 8882
3 8948 8950 8947
3 8947 8950 8951
3 8947 8951 8881
3 8881 8951 8883
3 8949 8882 8952
3 8952 8882 8884
3 8951 8953 8883
3 8953 8885 8883
3 8952 8884 8954
3 8954 8884 8886
3 8953 8955 8885
3 8955 8887 8885
3 8954 8886 8956
3 8956 8886 8888
3 8955 8957 8887
3 8957 8889 8887
3 8958 8959 8956
3 8958 8956 8890
3 8890 8956 8888
3 8959 8958 8960
3 8892 8961 8962
3 8891 8961 8892
3 8961 8891 8889
3 8957 8961 8889
3 8958 8890 8893
3 8893 8960 8958
3 8893 8894 8960
3 8894 8963 8960
3 8962 8964 8892
3 8964 8895 8892
3 8963 8894 8896
3 8965 8963 8896
3 8896 8966 8965
3 8897 8966 8896
3 8899 8967 8968
3 8898 8967 8899
3 8967 8898 8895
3 8964 8967 8895
3 8966 8897 8969
3 8969 8897 8900
3 8968 8970 8899
3 8970 8901 8899
3 8969 8900 8902
3 8971 8969 8902
3 8902 8972 8971
3 8903 8972 8902
3 8905 8973 8974
3 8904 8973 8905
3 8973 8904 8975
3 8904 8906 8975
3 8975 8906 8901
3 8970 8975 8901
3 8972 8903 8907
3 8976 8972 8907
3 8976 8907 8977
3 8907 8908 8977
3 8908 8978 8977
3 8909 8978 8908
3 8911 8979 8980
3 8910 8979 8911
3 8979 8910 8981
3 8910 8912 8981
3 8981 8912 8905
3 8974 8981 8905
3 8978 8909 8913
3 8982 8978 8913
3 8982 8913 8983
3 8913 8914 8983
3 8983 8914 8984
3 8914 8915 8984
3 8984 8915 8985
3 8915 8916 8985
3 8985 8916 8911
3 8980 8985 8911
3 8918 8987 8986
3 8917 8918 8986
3 8986 8988 8917
3 8917 8988 8919
3 8988 8989 8919
3 8919 8989 8920
3 8989 8990 8920
3 8920 8990 8921
3 8921 8990 8991
3 8922 8921 8991
3 8924 8993 8992
3 8923 8924 8992
3 8992 8994 8923
3 8923 8994 8925
3 8994 8918 8925
3 8987 8918 8994
3 8991 8926 8922
3 8995 8926 8991
3 8995 8996 8926
3 8926 8996 8927
3 8998 8997 8928
3 8998 8928 8996
3 8996 8928 8927
3 8928 8997 8929
3 8933 9000 8999
3 8932 8933 8999
3 8999 8924 8932
3 8993 8924 8999
3 8998 9001 8997
3 9003 9002 8934
3 9001 9003 8934
3 9001 8934 8929
3 9001 8929 8997
3 8934 9002 8935
3 8939 9005 9004
3 8938 8939 9004
3 9004 8933 8938
3 9000 8933 9004
3 9003 9006 9002
3 9002 9006 9007
3 9002 9007 8935
3 8935 9007 8941
3 8942 8943 9008
3 9008 8939 8942
3 9008 9009 8939
3 9009 9005 8939
3 9007 8944 8941
3 9010 8944 9007
3 8944 9010 9011
3 8945 8944 9011
3 9012 9008 8943
3 9012 8943 9013
3 9013 8943 8946
3 9008 9012 9009
3 9011 9014 8945
3 9014 8948 8945
3 9013 8946 9015
3 9015 8946 8949
3 9014 8950 8948
3 9016 8950 9014
3 8950 9016 9017
3 8951 8950 9017
3 9015 8949 9018
3 9018 8949 8952
3 9017 9019 8951
3 9019 8953 8951
3 9018 8952 9020
3 9020 8952 8954
3 9019 9021 8953
3 9021 8955 8953
3 9020 8954 9022
3 9022 8954 8956
3 9021 9023 8955
3 9023 8957 8955
3 9022 8956 8959
3 9024 9022 8959
3 8959 9025 9024
3 8960 9025 8959
3 8962 9026 9027
3 8961 9026 8962
3 9026 8961 8957
3 9023 9026 8957
3 9025 8960 9028
3 9028 8960 8963
3 9027 9029 8962
3 9029 8964 8962
3 9028 8963 8965
3 9030 9028 8965
3 8965 9031 9030
3 8966 9031 8965
3 8968 9032 9033
3 8967 9032 8968
3 9032 8967 8964
3 9029 9032 8964
3 9031 8966 9034
3 9034 8966 8969
3 9033 9035 8968
3 9035 8970 8968
3 9034 8969 8971
3 9036 9034 8971
3 8971 9037 9036
3 8972 9037 8971
3 8974 9038 9039
3 8973 9038 8974
3 9038 8973 9040
3 8973 8975 9040
3 9040 8975 8970
3 9035 9040 8970
3 9037 8972 8976
3 9041 9037 8976
3 9041 8976 9042
3 8976 8977 9042
3 8977 9043 9042
3 8978 9043 8977
3 8980 9044 9045
3 8979 9044 8980
3 9044 8979 9046
3 8979 8981 9046
3 9046 8981 8974
3 9039 9046 8974
3 9043 8978 8982
3 9047 9043 8982
3 9047 8982 9048
3 8982 8983 9048
3 9048 8983 9049
3 8983 8984 9049
3 9049 8984 9050
3 8984 8985 9050
3 9050 8985 8980
3 9045 9050 8980
3 8987 9052 9051
3 8986 8987 9051
3 9051 9053 8986
3 8986 9053 8988
3 9053 9054 8988
3 8988 9054 8989
3 9054 9055 8989
3 8989 9055 8990
3 8990 9055 9056
3 8991 8990 9056
3 8993 9058 9057
3 8992 8993 9057
3 9057 9059 8992
3 8992 9059 8994
3 9059 8987 8994
3 9052 8987 9059
3 9056 8995 8991
3 9060 8995 9056
3 9060 9061 8995
3 8995 9061 8996
3 8996 9061 9062
3 8998 8996 9062
3 9000 9064 9063
3 8999 9000 9063
3 9063 8993 8999
3 9058 8993 9063
3 9062 9001 8998
3 9065 9001 9062
3 9001 9065 9066
3 9003 9001 9066
3 9005 9068 9067
3 9004 9005 9067
3 9067 9000 9004
3 9064 9000 9067
3 9066 9006 9003
3 9069 9006 9066
3 9006 9069 9070
3 9007 9006 9070
3 9068 9005 9071
3 9071 9005 9009
3 9070 9010 9007
3 9072 9010 9070
3 9010 9072 9073
3 9011 9010 9073
3 9013 9075 9074
3 9012 9013 9074
3 9074 9009 9012
3 9071 9009 9074
3 9073 9076 9011
3 9076 9014 9011
3 9075 9013 9077
3 9077 9013 9015
3 9076 9016 9014
3 9078 9016 9076
3 9016 9078 9079
3 9017 9016 9079
3 9077 9015 9080
3 9080 9015 9018
3 9079 9081 9017
3 9081 9019 9017
3 9080 9018 9082
3 9082 9018 9020
3 9081 9083 9019
3 9083 9021 9019
3 9082 9020 9084
3 9084 9020 9022
3 9083 9085 9021
3 9085 9023 9021
3 9084 9022 9024
3 9086 9084 9024
3 9024 9087 9086
3 9025 9087 9024
3 9027 9088 9089
3 9026 9088 9027
3 9088 9026 9023
3 9085 9088 9023
3 9087 9025 9090
3 9090 9025 9028
3 9089 9091 9027
3 9091 9029 9027
3 9090 9028 9030
3 9092 9090 9030
3 9030 9093 9092
3 9031 9093 9030
3 9033 9094 9095
3 9032 9094 9033
3 9094 9032 9029
3 9091 9094 9029
3 9093 9031 9096
3 9096 9031 9034
3 9095 9097 9033
3 9097 9035 9033
3 9096 9034 9036
3 9098 9096 9036
3 9036 9099 9098
3 9037 9099 9036
3 9038 9100 9039
3 9100 9101 9102
3 9100 9038 9101
3 9038 9040 9101
3 9101 9040 9035
3 9097 9101 9035
3 9099 9037 9041
3 9103 9099 9041
3 9103 9041 9104
3 9041 9042 9104
3 9042 9105 9104
3 9043 9105 9042
3 9045 9106 9107
3 9044 9106 9045
3 9106 9044 9108
3 9044 9046 9108
3 9039 9100 9109
3 9039 9109 9046
3 9046 9109 9108
3 9100 9102 9109
3 9105 9043 9047
3 9110 9105 9047
3 9110 9047 9111
3 9047 9048 9111
3 9111 9048 9112
3 9048 9049 9112
3 9112 9049 9113
3 9049 9050 9113
3 9113 9050 9045
3 9107 9113 9045
3 9052 9115 9114
3 9051 9052 9114
3 9114 9116 9051
3 9051 9116 9053
3 9116 9117 9053
3 9053 9117 9054
3 9117 9118 9054
3 9054 9118 9055
3 9055 9118 9119
3 9056 9055 9119
3 9058 9121 9120
3 9057 9058 9120
3 9120 9122 9057
3 9057 9122 9059
3 9122 9052 9059
3 9115 9052 9122
3 9119 9060 9056
3 9123 9060 9119
3 9123 9124 9060
3 9060 9124 9061
3 9061 9124 9125
3 9062 9061 9125
3 9064 9127 9126
3 9063 9064 9126
3 9126 9058 9063
3 9121 9058 9126
3 9125 9065 9062
3 9128 9065 9125
3 9065 9128 9129
3 9066 9065 9129
3 9068 9131 9130
3 9067 9068 9130
3 9130 9064 9067
3 9127 9064 9130
3 9129 9069 9066
3 9132 9069 9129
3 9069 9132 9133
3 9070 9069 9133
3 9131 9068 9134
3 9134 9068 9071
3 9133 9072 9070
3 9135 9072 9133
3 9072 9135 9136
3 9073 9072 9136
3 9075 9138 9137
3 9074 9075 9137
3 9137 9071 9074
3 9134 9071 9137
3 9136 9139 9073
3 9139 9076 9073
3 9138 9075 9140
3 9140 9075 9077
3 9139 9078 9076
3 9141 9078 9139
3 9078 9141 9142
3 9079 9078 9142
3 9140 9077 9143
3 9143 9077 9080
3 9142 9144 9079
3 9144 9081 9079
3 9143 9080 9145
3 9145 9080 9082
3 9144 9146 9081
3 9146 9083 9081
3 9145 9082 9147
3 9147 9082 9084
3 9146 9148 9083
3 9148 9085 9083
3 9147 9084 9086
3 9149 9147 9086
3 9086 9150 9149
3 9087 9150 9086
3 9089 9151 9152
3 9088 9151 9089
3 9151 9088 9085
3 9148 9151 9085
3 9150 9087 9153
3 9153 9087 9090
3 9152 9154 9089
3 9154 9091 9089
3 9153 9090 9092
3 9155 9153 9092
3 9092 9156 9155
3 9093 9156 9092
3 9095 9157 9158
3 9094 9157 9095
3 9157 9094 9091
3 9154 9157 9091
3 9156 9093 9159
3 9159 9093 9096
3 9158 9160 9095
3 9160 9097 9095
3 9159 9096 9098
3 9161 9159 9098
3 9098 9162 9161
3 9099 9162 9098
3 9102 9163 9164
3 9101 9163 9102
3 9163 9101 9097
3 9160 9163 9097
3 9162 9099 9103
3 9165 9162 9103
3 9165 9103 9166
3 9103 9104 9166
3 9104 9167 9166
3 9105 9167 9104
3 9107 9168 9169
3 9106 9168 9107
3 9168 9106 9170
3 9106 9108 9170
3 9170 9108 9171
3 9108 9109 9171
3 9171 9109 9102
3 9164 9171 9102
3 9167 9105 9110
3 9172 9167 9110
3 9172 9110 9173
3 9110 9111 9173
3 9173 9111 9174
3 9111 9112 9174
3 9174 9112 9175
3 9112 9113 9175
3 9175 9113 9107
3 9169 9175 9107
3 9115 9177 9176
3 9114 9115 9176
3 9176 9178 9114
3 9114 9178 9116
3 9178 9179 9116
3 9116 9179 9117
3 9179 9180 9117
3 9117 9180 9118
3 9118 9180 9181
3 9119 9118 9181
3 9121 9183 9182
3 9120 9121 9182
3 9182 9184 9120
3 9120 9184 9122
3 9184 9115 9122
3 9177 9115 9184
3 9181 9123 9119
3 9185 9123 9181
3 9185 9186 9123
3 9123 9186 9124
3 9124 9186 9187
3 9125 9124 9187
3 9127 9189 9188
3 9126 9127 9188
3 9188 9121 9126
3 9183 9121 9188
3 9187 9128 9125
3 9190 9128 9187
3 9128 9190 9191
3 9129 9128 9191
3 9131 9193 9192
3 9130 9131 9192
3 9192 9127 9130
3 9189 9127 9192
3 9191 9132 9129
3 9194 9132 9191
3 9132 9194 9195
3 9133 9132 9195
3 9193 9131 9196
3 9196 9131 9134
3 9195 9135 9133
3 9197 9135 9195
3 9135 9197 9198
3 9136 9135 9198
3 9138 9200 9199
3 9137 9138 9199
3 9199 9134 9137
3 9196 9134 9199
3 9198 9201 9136
3 9201 9139 9136
3 9200 9138 9202
3 9202 9138 9140
3 9201 9141 9139
3 9203 9141 9201
3 9141 9203 9204
3 9142 9141 9204
3 9202 9140 9205
3 9205 9140 9143
3 9204 9206 9142
3 9206 9144 9142
3 9205 9143 9207
3 9207 9143 9145
3 9206 9208 9144
3 9208 9146 9144
3 9207 9145 9209
3 9209 9145 9147
3 9212 9210 9211
3 9211 9210 9148
3 9211 9148 9208
3 9208 9148 9146
3 9209 9147 9149
3 9213 9209 9149
3 9149 9214 9213
3 9150 9214 9149
3 9210 9152 9151
3 9210 9212 9152
3 9212 9215 9152
3 9210 9151 9148
3 9214 9150 9216
3 9216 9150 9153
3 9215 9217 9152
3 9217 9154 9152
3 9216 9153 9155
3 9218 9216 9155
3 9155 9219 9218
3 9156 9219 9155
3 9158 9220 9221
3 9157 9220 9158
3 9220 9157 9154
3 9217 9220 9154
3 9219 9156 9222
3 9222 9156 9159
3 9221 9223 9158
3 9223 9160 9158
3 9222 9159 9161
3 9224 9222 9161
3 9161 9225 9224
3 9162 9225 9161
3 9164 9226 9227
3 9163 9226 9164
3 9226 9163 9160
3 9223 9226 9160
3 9225 9162 9165
3 9228 9225 9165
3 9228 9165 9229
3 9165 9166 9229
3 9166 9230 9229
3 9167 9230 9166
3 9169 9231 9232
3 9168 9231 9169
3 9231 9168 9233
3 9168 9170 9233
3 9233 9170 9234
3 9170 9171 9234
3 9234 9171 9164
3 9227 9234 9164
3 9230 9167 9172
3 9235 9230 9172
3 9235 9172 9236
3 9172 9173 9236
3 9236 9173 9237
3 9173 9174 9237
3 9237 9174 9238
3 9174 9175 9238
3 9238 9175 9169
3 9232 9238 9169
3 9177 9240 9239
3 9176 9177 9239
3 9239 9241 9176
3 9176 9241 9178
3 9241 9242 9178
3 9178 9242 9179
3 9242 9243 9179
3 9179 9243 9180
3 9180 9243 9244
3 9181 9180 9244
3 9183 9246 9245
3 9182 9183 9245
3 9245 9247 9182
3 9182 9247 9184
3 9247 9177 9184
3 9240 9177 9247
3 9244 9185 9181
3 9248 9185 9244
3 9248 9249 9185
3 9185 9249 9186
3 9186 9249 9250
3 9187 9186 9250
3 9189 9252 9251
3 9188 9189 9251
3 9251 9183 9188
3 9246 9183 9251
3 9250 9190 9187
3 9253 9190 9250
3 9190 9253 9254
3 9191 9190 9254
3 9193 9256 9255
3 9192 9193 9255
3 9255 9189 9192
3 9252 9189 9255
3 9254 9194 9191
3 9257 9194 9254
3 9194 9257 9258
3 9195 9194 9258
3 9256 9193 9259
3 9259 9193 9196
3 9258 9197 9195
3 9260 9197 9258
3 9197 9260 9261
3 9198 9197 9261
3 9200 9263 9262
3 9199 9200 9262
3 9262 9196 9199
3 9259 9196 9262
3 9261 9264 9198
3 9264 9201 9198
3 9263 9200 9265
3 9265 9200 9202
3 9264 9203 9201
3 9266 9203 9264
3 9203 9266 9267
3 9204 9203 9267
3 9265 9202 9268
3 9268 9202 9205
3 9267 9269 9204
3 9269 9206 9204
3 9268 9205 9270
3 9270 9205 9207
3 9269 9271 9206
3 9271 9208 9206
3 9270 9207 9272
3 9272 9207 9209
3 9212 9273 9274
3 9211 9273 9212
3 9273 9211 9208
3 9271 9273 9208
3 9272 9209 9213
3 9275 9272 9213
3 9213 9276 9275
3 9214 9276 9213
3 9274 9277 9212
3 9277 9215 9212
3 9276 9214 9278
3 9278 9214 9216
3 9277 9279 9215
3 9279 9217 9215
3 9278 9216 9218
3 9280 9278 9218
3 9218 9281 9280
3 9219 9281 9218
3 9221 9282 9283
3 9220 9282 9221
3 9282 9220 9217
3 9279 9282 9217
3 9281 9219 9284
3 9284 9219 9222
3 9283 9285 9221
3 9285 9223 9221
3 9284 9222 9224
3 9286 9284 9224
3 9224 9287 9286
3 9225 9287 9224
3 9227 9288 9289
3 9226 9288 9227
3 9288 9226 9223
3 9285 9288 9223
3 9287 9225 9228
3 9290 9287 9228
3 9290 9228 9291
3 9228 9229 9291
3 9229 9292 9291
3 9230 9292 9229
3 9232 9293 9294
3 9231 9293 9232
3 9293 9231 9295
3 9231 9233 9295
3 9295 9233 9296
3 9233 9234 9296
3 9296 9234 9227
3 9289 9296 9227
3 9292 9230 9235
3 9297 9292 9235
3 9297 9235 9298
3 9235 9236 9298
3 9298 9236 9299
3 9236 9237 9299
3 9299 9237 9300
3 9237 9238 9300
3 9300 9238 9232
3 9294 9300 9232
3 9240 9302 9301
3 9239 9240 9301
3 9301 9303 9239
3 9239 9303 9241
3 9303 9304 9241
3 9241 9304 9242
3 9304 9305 9242
3 9242 9305 9243
3 9243 9305 9306
3 9244 9243 9306
3 9246 9308 9307
3 9245 9246 9307
3 9307 9309 9245
3 9245 9309 9247
3 9309 9240 9247
3 9302 9240 9309
3 9306 9248 9244
3 9310 9248 9306
3 9310 9311 9248
3 9248 9311 9249
3 9249 9311 9312
3 9250 9249 9312
3 9252 9314 9313
3 9251 9252 9313
3 9313 9246 9251
3 9308 9246 9313
3 9312 9253 9250
3 9315 9253 9312
3 9253 9315 9316
3 9254 9253 9316
3 9256 9318 9317
3 9255 9256 9317
3 9317 9252 9255
3 9314 9252 9317
3 9316 9257 9254
3 9319 9257 9316
3 9257 9319 9320
3 9258 9257 9320
3 9318 9256 9321
3 9321 9256 9259
3 9320 9260 9258
3 9322 9260 9320
3 9260 9322 9323
3 9261 9260 9323
3 9263 9325 9324
3 9262 9263 9324
3 9324 9259 9262
3 9321 9259 9324
3 9323 9326 9261
3 9326 9264 9261
3 9325 9263 9327
3 9327 9263 9265
3 9326 9266 9264
3 9328 9266 9326
3 9266 9328 9329
3 9267 9266 9329
3 9327 9265 9330
3 9330 9265 9268
3 9329 9331 9267
3 9331 9269 9267
3 9330 9268 9332
3 9332 9268 9270
3 9331 9333 9269
3 9333 9271 9269
3 9332 9270 9334
3 9334 9270 9272
3 9274 9335 9336
3 9273 9335 9274
3 9335 9273 9271
3 9333 9335 9271
3 9334 9272 9275
3 9337 9334 9275
3 9275 9338 9337
3 9276 9338 9275
3 9336 9339 9274
3 9339 9277 9274
3 9338 9276 9340
3 9340 9276 9278
3 9339 9341 9277
3 9341 9279 9277
3 9340 9278 9280
3 9342 9340 9280
3 9280 9343 9342
3 9281 9343 9280
3 9283 9344 9345
3 9282 9344 9283
3 9344 9282 9279
3 9341 9344 9279
3 9343 9281 9346
3 9346 9281 9284
3 9345 9347 9283
3 9347 9285 9283
3 9346 9284 9286
3 9348 9346 9286
3 9286 9349 9348
3 9287 9349 9286
3 9289 9350 9351
3 9288 9350 9289
3 9350 9288 9285
3 9347 9350 9285
3 9349 9287 9290
3 9352 9349 9290
3 9352 9290 9353
3 9290 9291 9353
3 9291 9354 9353
3 9292 9354 9291
3 9294 9355 9356
3 9293 9355 9294
3 9355 9293 9357
3 9293 9295 9357
3 9357 9295 9358
3 9295 9296 9358
3 9358 9296 9289
3 9351 9358 9289
3 9354 9292 9297
3 9359 9354 9297
3 9359 9297 9360
3 9297 9298 9360
3 9360 9298 9361
3 9298 9299 9361
3 9361 9299 9362
3 9299 9300 9362
3 9362 9300 9294
3 9356 9362 9294
3 9302 9364 9363
3 9301 9302 9363
3 9363 9365 9301
3 9301 9365 9303
3 9365 9366 9303
3 9303 9366 9304
3 9366 9367 9304
3 9304 9367 9305
3 9305 9367 9368
3 9306 9305 9368
3 9308 9370 9369
3 9307 9308 9369
3 9369 9371 9307
3 9307 9371 9309
3 9371 9302 9309
3 9364 9302 9371
3 9368 9310 9306
3 9372 9310 9368
3 9372 9373 9310
3 9310 9373 9311
3 9311 9373 9374
3 9312 9311 9374
3 9314 9376 9375
3 9313 9314 9375
3 9375 9308 9313
3 9370 9308 9375
3 9374 9315 9312
3 9377 9315 9374
3 9315 9377 9378
3 9316 9315 9378
3 9318 9380 9379
3 9317 9318 9379
3 9379 9314 9317
3 9376 9314 9379
3 9378 9319 9316
3 9381 9319 9378
3 9319 9381 9382
3 9320 9319 9382
3 9380 9318 9383
3 9383 9318 9321
3 9382 9322 9320
3 9384 9322 9382
3 9322 9384 9385
3 9323 9322 9385
3 9325 9387 9386
3 9324 9325 9386
3 9386 9321 9324
3 9383 9321 9386
3 9385 9388 9323
3 9388 9326 9323
3 9387 9325 9389
3 9389 9325 9327
3 9388 9328 9326
3 9390 9328 9388
3 9328 9390 9391
3 9329 9328 9391
3 9389 9327 9392
3 9392 9327 9330
3 9391 9393 9329
3 9393 9331 9329
3 9392 9330 9394
3 9394 9330 9332
3 9393 9395 9331
3 9395 9333 9331
3 9394 9332 9396
3 9396 9332 9334
3 9336 9397 9398
3 9335 9397 9336
3 9397 9335 9333
3 9395 9397 9333
3 9396 9334 9337
3 9399 9396 9337
3 9337 9400 9399
3 9338 9400 9337
3 9398 9401 9336
3 9401 9339 9336
3 9400 9338 9402
3 9402 9338 9340
3 9401 9403 9339
3 9403 9341 9339
3 9402 9340 9342
3 9404 9402 9342
3 9342 9405 9404
3 9343 9405 9342
3 9345 9406 9407
3 9344 9406 9345
3 9406 9344 9341
3 9403 9406 9341
3 9405 9343 9408
3 9408 9343 9346
3 9407 9409 9345
3 9409 9347 9345
3 9408 9346 9348
3 9410 9408 9348
3 9348 9411 9410
3 9349 9411 9348
3 9351 9412 9413
3 9350 9412 9351
3 9412 9350 9347
3 9409 9412 9347
3 9411 9349 9352
3 9414 9411 9352
3 9414 9352 9415
3 9352 9353 9415
3 9353 9416 9415
3 9354 9416 9353
3 9356 9417 9418
3 9355 9417 9356
3 9417 9355 9419
3 9355 9357 9419
3 9419 9357 9420
3 9357 9358 9420
3 9420 9358 9351
3 9413 9420 9351
3 9416 9354 9359
3 9421 9416 9359
3 9421 9359 9422
3 9359 9360 9422
3 9422 9360 9423
3 9360 9361 9423
3 9423 9361 9424
3 9361 9362 9424
3 9424 9362 9356
3 9418 9424 9356
3 9364 9426 9425
3 9363 9364 9425
3 9425 9427 9363
3 9363 9427 9365
3 9427 9428 9365
3 9365 9428 9366
3 9428 9429 9366
3 9366 9429 9367
3 9367 9429 9430
3 9368 9367 9430
3 9370 9432 9431
3 9369 9370 9431
3 9431 9433 9369
3 9369 9433 9371
3 9433 9364 9371
3 9426 9364 9433
3 9430 9372 9368
3 9434 9372 9430
3 9434 9435 9372
3 9372 9435 9373
3 9373 9435 9436
3 9374 9373 9436
3 9376 9438 9437
3 9375 9376 9437
3 9437 9370 9375
3 9432 9370 9437
3 9436 9377 9374
3 9439 9377 9436
3 9377 9439 9440
3 9378 9377 9440
3 9380 9442 9441
3 9379 9380 9441
3 9441 9376 9379
3 9438 9376 9441
3 9440 9381 9378
3 9443 9381 9440
3 9381 9443 9444
3 9382 9381 9444
3 9442 9380 9445
3 9445 9380 9383
3 9444 9384 9382
3 9446 9384 9444
3 9384 9446 9447
3 9385 9384 9447
3 9386 9387 9448
3 9448 9383 9386
3 9448 9449 9383
3 9449 9445 9383
3 9447 9450 9385
3 9450 9388 9385
3 9451 9448 9387
3 9451 9387 9452
3 9452 9387 9389
3 9448 9451 9449
3 9450 9390 9388
3 9453 9390 9450
3 9390 9453 9454
3 9391 9390 9454
3 9452 9389 9455
3 9455 9389 9392
3 9454 9456 9391
3 9456 9393 9391
3 9455 9392 9457
3 9457 9392 9394
3 9456 9458 9393
3 9458 9395 9393
3 9457 9394 9459
3 9459 9394 9396
3 9398 9460 9461
3 9397 9460 9398
3 9460 9397 9395
3 9458 9460 9395
3 9459 9396 9399
3 9462 9459 9399
3 9399 9463 9462
3 9400 9463 9399
3 9461 9464 9398
3 9464 9401 9398
3 9463 9400 9465
3 9465 9400 9402
3 9464 9466 9401
3 9466 9403 9401
3 9465 9402 9404
3 9467 9465 9404
3 9404 9468 9467
3 9405 9468 9404
3 9407 9469 9470
3 9406 9469 9407
3 9469 9406 9403
3 9466 9469 9403
3 9468 9405 9471
3 9471 9405 9408
3 9470 9472 9407
3 9472 9409 9407
3 9471 9408 9410
3 9473 9471 9410
3 9410 9474 9473
3 9411 9474 9410
3 9413 9475 9476
3 9412 9475 9413
3 9475 9412 9409
3 9472 9475 9409
3 9474 9411 9414
3 9477 9474 9414
3 9477 9414 9478
3 9414 9415 9478
3 9415 9479 9478
3 9416 9479 9415
3 9418 9480 9481
3 9417 9480 9418
3 9480 9417 9482
3 9417 9419 9482
3 9482 9419 9483
3 9419 9420 9483
3 9483 9420 9413
3 9476 9483 9413
3 9479 9416 9421
3 9484 9479 9421
3 9484 9421 9485
3 9421 9422 9485
3 9485 9422 9486
3 9422 9423 9486
3 9486 9423 9487
3 9423 9424 9487
3 9487 9424 9418
3 9481 9487 9418
3 9426 9489 9488
3 9425 9426 9488
3 9488 9490 9425
3 9425 9490 9427
3 9490 9491 9427
3 9427 9491 9428
3 9491 9492 9428
3 9428 9492 9429
3 9429 9492 9493
3 9430 9429 9493
3 9432 9495 9494
3 9431 9432 9494
3 9494 9496 9431
3 9431 9496 9433
3 9496 9426 9433
3 9489 9426 9496
3 9493 9434 9430
3 9497 9434 9493
3 9497 9498 9434
3 9434 9498 9435
3 9435 9498 9499
3 9436 9435 9499
3 9438 9501 9500
3 9437 9438 9500
3 9500 9432 9437
3 9495 9432 9500
3 9499 9439 9436
3 9502 9439 9499
3 9439 9502 9503
3 9440 9439 9503
3 9442 9505 9504
3 9441 9442 9504
3 9504 9438 9441
3 9501 9438 9504
3 9503 9443 9440
3 9506 9443 9503
3 9443 9506 9507
3 9444 9443 9507
3 9505 9442 9508
3 9508 9442 9445
3 9507 9446 9444
3 9509 9446 9507
3 9446 9509 9510
3 9447 9446 9510
3 9508 9445 9511
3 9511 9445 9449
3 9510 9512 9447
3 9512 9450 9447
3 9452 9514 9513
3 9451 9452 9513
3 9513 9449 9451
3 9511 9449 9513
3 9512 9453 9450
3 9515 9453 9512
3 9453 9515 9516
3 9454 9453 9516
3 9514 9452 9517
3 9517 9452 9455
3 9516 9518 9454
3 9518 9456 9454
3 9517 9455 9519
3 9519 9455 9457
3 9518 9520 9456
3 9520 9458 9456
3 9519 9457 9521
3 9521 9457 9459
3 9460 9522 9461
3 9522 9460 9458
3 9522 9458 9523
3 9523 9458 9520
3 9521 9459 9462
3 9524 9521 9462
3 9462 9525 9524
3 9463 9525 9462
3 9526 9461 9522
3 9526 9527 9461
3 9527 9464 9461
3 9522 9523 9526
3 9525 9463 9528
3 9528 9463 9465
3 9527 9529 9464
3 9529 9466 9464
3 9528 9465 9467
3 9530 9528 9467
3 9467 9531 9530
3 9468 9531 9467
3 9470 9532 9533
3 9469 9532 9470
3 9532 9469 9466
3 9529 9532 9466
3 9531 9468 9534
3 9534 9468 9471
3 9533 9535 9470
3 9535 9472 9470
3 9534 9471 9473
3 9536 9534 9473
3 9473 9537 9536
3 9474 9537 9473
3 9476 9538 9539
3 9475 9538 9476
3 9538 9475 9472
3 9535 9538 9472
3 9537 9474 9477
3 9540 9537 9477
3 9540 9477 9541
3 9477 9478 9541
3 9478 9542 9541
3 9479 9542 9478
3 9481 9543 9544
3 9480 9543 9481
3 9543 9480 9545
3 9480 9482 9545
3 9545 9482 9546
3 9482 9483 9546
3 9546 9483 9476
3 9539 9546 9476
3 9542 9479 9484
3 9547 9542 9484
3 9547 9484 9548
3 9484 9485 9548
3 9548 9485 9549
3 9485 9486 9549
3 9549 9486 9550
3 9486 9487 9550
3 9550 9487 9481
3 9544 9550 9481
3 9489 9552 9551
3 9488 9489 9551
3 9551 9553 9488
3 9488 9553 9490
3 9553 9554 9490
3 9490 9554 9491
3 9554 9555 9491
3 9491 9555 9492
3 9492 9555 9556
3 9493 9492 9556
3 9495 9558 9557
3 9494 9495 9557
3 9557 9559 9494
3 9494 9559 9496
3 9559 9489 9496
3 9552 9489 9559
3 9556 9497 9493
3 9560 9497 9556
3 9560 9561 9497
3 9497 9561 9498
3 9498 9561 9562
3 9499 9498 9562
3 9501 9564 9563
3 9500 9501 9563
3 9563 9495 9500
3 9558 9495 9563
3 9562 9502 9499
3 9565 9502 9562
3 9502 9565 9566
3 9503 9502 9566
3 9505 9568 9567
3 9504 9505 9567
3 9567 9501 9504
3 9564 9501 9567
3 9566 9506 9503
3 9569 9506 9566
3 9506 9569 9570
3 9507 9506 9570
3 9568 9505 9571
3 9571 9505 9508
3 9570 9509 9507
3 9572 9509 9570
3 9509 9572 9573
3 9510 9509 9573
3 9571 9508 9574
3 9574 9508 9511
3 9573 9575 9510
3 9575 9512 9510
3 9514 9577 9576
3 9513 9514 9576
3 9576 9511 9513
3 9574 9511 9576
3 9575 9515 9512
3 9578 9515 9575
3 9515 9578 9579
3 9516 9515 9579
3 9577 9514 9580
3 9580 9514 9517
3 9579 9581 9516
3 9581 9518 9516
3 9580 9517 9582
3 9582 9517 9519
3 9581 9583 9518
3 9583 9520 9518
3 9582 9519 9584
3 9584 9519 9521
3 9583 9585 9520
3 9585 9523 9520
3 9584 9521 9524
3 9586 9584 9524
3 9524 9587 9586
3 9525 9587 9524
3 9527 9588 9589
3 9526 9588 9527
3 9588 9526 9523
3 9585 9588 9523
3 9587 9525 9590
3 9590 9525 9528
3 9589 9591 9527
3 9591 9529 9527
3 9590 9528 9530
3 9592 9590 9530
3 9530 9593 9592
3 9531 9593 9530
3 9533 9594 9595
3 9532 9594 9533
3 9594 9532 9529
3 9591 9594 9529
3 9593 9531 9596
3 9596 9531 9534
3 9595 9597 9533
3 9597 9535 9533
3 9596 9534 9536
3 9598 9596 9536
3 9536 9599 9598
3 9537 9599 9536
3 9539 9600 9601
3 9538 9600 9539
3 9600 9538 9535
3 9597 9600 9535
3 9599 9537 9540
3 9602 9599 9540
3 9602 9540 9603
3 9540 9541 9603
3 9541 9604 9603
3 9542 9604 9541
3 9544 9605 9606
3 9543 9605 9544
3 9605 9543 9607
3 9543 9545 9607
3 9607 9545 9608
3 9545 9546 9608
3 9608 9546 9539
3 9601 9608 9539
3 9604 9542 9547
3 9609 9604 9547
3 9609 9547 9610
3 9547 9548 9610
3 9610 9548 9611
3 9548 9549 9611
3 9611 9549 9612
3 9549 9550 9612
3 9612 9550 9544
3 9606 9612 9544
3 9552 9614 9613
3 9551 9552 9613
3 9613 9615 9551
3 9551 9615 9553
3 9615 9616 9553
3 9553 9616 9554
3 9616 9617 9554
3 9554 9617 9555
3 9555 9617 9618
3 9556 9555 9618
3 9558 9620 9619
3 9557 9558 9619
3 9619 9621 9557
3 9557 9621 9559
3 9621 9552 9559
3 9614 9552 9621
3 9618 9560 9556
3 9622 9560 9618
3 9622 9623 9560
3 9560 9623 9561
3 9561 9623 9624
3 9562 9561 9624
3 9564 9626 9625
3 9563 9564 9625
3 9625 9558 9563
3 9620 9558 9625
3 9624 9565 9562
3 9627 9565 9624
3 9565 9627 9628
3 9566 9565 9628
3 9568 9630 9629
3 9567 9568 9629
3 9629 9564 9567
3 9626 9564 9629
3 9628 9569 9566
3 9631 9569 9628
3 9569 9631 9632
3 9570 9569 9632
3 9630 9568 9633
3 9633 9568 9571
3 9632 9572 9570
3 9634 9572 9632
3 9572 9634 9635
3 9573 9572 9635
3 9633 9571 9636
3 9636 9571 9574
3 9635 9637 9573
3 9637 9575 9573
3 9577 9639 9638
3 9576 9577 9638
3 9638 9574 9576
3 9636 9574 9638
3 9637 9578 9575
3 9640 9578 9637
3 9578 9640 9641
3 9579 9578 9641
3 9639 9577 9642
3 9642 9577 9580
3 9641 9643 9579
3 9643 9581 9579
3 9642 9580 9644
3 9644 9580 9582
3 9643 9645 9581
3 9645 9583 9581
3 9646 9647 9644
3 9646 9644 9584
3 9584 9644 9582
3 9647 9646 9648
3 9645 9649 9583
3 9649 9585 9583
3 9646 9584 9586
3 9586 9648 9646
3 9586 9587 9648
3 9587 9650 9648
3 9589 9651 9652
3 9588 9651 9589
3 9651 9588 9585
3 9649 9651 9585
3 9650 9587 9653
3 9653 9587 9590
3 9652 9654 9589
3 9654 9591 9589
3 9653 9590 9592
3 9655 9653 9592
3 9592 9656 9655
3 9593 9656 9592
3 9595 9657 9658
3 9594 9657 9595
3 9657 9594 9591
3 9654 9657 9591
3 9656 9593 9659
3 9659 9593 9596
3 9658 9660 9595
3 9660 9597 9595
3 9659 9596 9598
3 9661 9659 9598
3 9598 9662 9661
3 9599 9662 9598
3 9665 9663 9664
3 9601 9664 9663
3 9601 9600 9664
3 9600 9666 9664
3 9666 9600 9597
3 9660 9666 9597
3 9662 9599 9602
3 9667 9662 9602
3 9667 9602 9668
3 9602 9603 9668
3 9603 9669 9668
3 9604 9669 9603
3 9606 9670 9671
3 9605 9670 9606
3 9670 9605 9672
3 9605 9607 9672
3 9663 9665 9672
3 9663 9672 9608
3 9608 9672 9607
3 9663 9608 9601
3 9669 9604 9609
3 9673 9669 9609
3 9673 9609 9674
3 9609 9610 9674
3 9674 9610 9675
3 9610 9611 9675
3 9675 9611 9676
3 9611 9612 9676
3 9676 9612 9606
3 9671 9676 9606
3 9614 9678 9677
3 9613 9614 9677
3 9677 9679 9613
3 9613 9679 9615
3 9679 9680 9615
3 9615 9680 9616
3 9680 9681 9616
3 9616 9681 9617
3 9617 9681 9682
3 9618 9617 9682
3 9620 9684 9683
3 9619 9620 9683
3 9683 9685 9619
3 9619 9685 9621
3 9685 9614 9621
3 9678 9614 9685
3 9682 9622 9618
3 9686 9622 9682
3 9686 9687 9622
3 9622 9687 9623
3 9623 9687 9688
3 9624 9623 9688
3 9626 9690 9689
3 9625 9626 9689
3 9689 9620 9625
3 9684 9620 9689
3 9688 9627 9624
3 9691 9627 9688
3 9627 9691 9692
3 9628 9627 9692
3 9629 9630 9693
3 9693 9626 9629
3 9693 9694 9626
3 9694 9690 9626
3 9692 9631 9628
3 9695 9631 9692
3 9631 9695 9696
3 9632 9631 9696
3 9697 9693 9630
3 9697 9630 9698
3 9698 9630 9633
3 9693 9697 9694
3 9696 9634 9632
3 9699 9634 9696
3 9634 9699 9700
3 9635 9634 9700
3 9698 9633 9701
3 9701 9633 9636
3 9700 9702 9635
3 9702 9637 9635
3 9638 9639 9703
3 9703 9636 9638
3 9703 9704 9636
3 9704 9701 9636
3 9702 9640 9637
3 9705 9640 9702
3 9640 9705 9706
3 9641 9640 9706
3 9707 9703 9639
3 9707 9639 9708
3 9708 9639 9642
3 9703 9707 9704
3 9706 9709 9641
3 9709 9643 9641
3 9708 9642 9710
3 9710 9642 9644
3 9709 9711 9643
3 9711 9645 9643
3 9710 9644 9647
3 9712 9710 9647
3 9647 9713 9712
3 9648 9713 9647
3 9716 9714 9715
3 9715 9714 9649
3 9715 9649 9711
3 9711 9649 9645
3 9713 9648 9717
3 9717 9648 9650
3 9714 9652 9651
3 9714 9716 9652
3 9716 9718 9652
3 9714 9651 9649
3 9717 9650 9719
3 9719 9650 9653
3 9718 9720 9652
3 9720 9654 9652
3 9719 9653 9655
3 9721 9719 9655
3 9655 9722 9721
3 9656 9722 9655
3 9658 9723 9724
3 9657 9723 9658
3 9723 9657 9654
3 9720 9723 9654
3 9722 9656 9725
3 9725 9656 9659
3 9724 9726 9658
3 9726 9660 9658
3 9725 9659 9661
3 9727 9725 9661
3 9728 9661 9662
3 9728 9729 9661
3 9729 9727 9661
3 9729 9728 9730
3 9665 9731 9732
3 9664 9731 9665
3 9731 9664 9733
3 9664 9666 9733
3 9733 9666 9660
3 9726 9733 9660
3 9728 9662 9667
3 9730 9728 9667
3 9730 9667 9734
3 9734 9667 9668
3 9735 9668 9669
3 9735 9736 9668
3 9736 9734 9668
3 9736 9735 9737
3 9740 9738 9739
3 9671 9739 9738
3 9671 9670 9739
3 9670 9741 9739
3 9741 9670 9742
3 9670 9672 9742
3 9742 9672 9665
3 9732 9742 9665
3 9735 9669 9673
3 9737 9735 9673
3 9737 9673 9743
3 9743 9673 9674
3 9743 9674 9744
3 9674 9675 9744
3 9738 9740 9744
3 9738 9744 9676
3 9676 9744 9675
3 9738 9676 9671
3 9678 9746 9745
3 9677 9678 9745
3 9745 9747 9677
3 9677 9747 9679
3 9747 9748 9679
3 9679 9748 9680
3 9748 9749 9680
3 9680 9749 9681
3 9681 9749 9750
3 9682 9681 9750
3 9684 9752 9751
3 9683 9684 9751
3 9751 9753 9683
3 9683 9753 9685
3 9753 9678 9685
3 9746 9678 9753
3 9750 9686 9682
3 9754 9686 9750
3 9754 9755 9686
3 9686 9755 9687
3 9687 9755 9756
3 9688 9687 9756
3 9690 9758 9757
3 9689 9690 9757
3 9757 9684 9689
3 9752 9684 9757
3 9756 9691 9688
3 9759 9691 9756
3 9691 9759 9760
3 9692 9691 9760
3 9758 9690 9761
3 9761 9690 9694
3 9760 9695 9692
3 9762 9695 9760
3 9695 9762 9763
3 9696 9695 9763
3 9698 9765 9764
3 9697 9698 9764
3 9764 9694 9697
3 9761 9694 9764
3 9763 9699 9696
3 9766 9699 9763
3 9699 9766 9767
3 9700 9699 9767
3 9765 9698 9768
3 9768 9698 9701
3 9767 9769 9700
3 9769 9702 9700
3 9768 9701 9770
3 9770 9701 9704
3 9769 9705 9702
3 9771 9705 9769
3 9705 9771 9772
3 9706 9705 9772
3 9708 9774 9773
3 9707 9708 9773
3 9773 9704 9707
3 9770 9704 9773
3 9772 9775 9706
3 9775 9709 9706
3 9774 9708 9776
3 9776 9708 9710
3 9775 9777 9709
3 9777 9711 9709
3 9776 9710 9712
3 9778 9776 9712
3 9712 9779 9778
3 9713 9779 9712
3 9716 9780 9781
3 9715 9780 9716
3 9780 9715 9711
3 9777 9780 9711
3 9779 9713 9782
3 9782 9713 9717
3 9781 9783 9716
3 9783 9718 9716
3 9782 9717 9784
3 9784 9717 9719
3 9783 9785 9718
3 9785 9720 9718
3 9784 9719 9721
3 9786 9784 9721
3 9721 9787 9786
3 9722 9787 9721
3 9724 9788 9789
3 9723 9788 9724
3 9788 9723 9720
3 9785 9788 9720
3 9787 9722 9790
3 9790 9722 9725
3 9789 9791 9724
3 9791 9726 9724
3 9790 9725 9727
3 9792 9790 9727
3 9792 9727 9793
3 9727 9729 9793
3 9729 9794 9793
3 9730 9794 9729
3 9732 9795 9796
3 9731 9795 9732
3 9795 9731 9797
3 9731 9733 9797
3 9797 9733 9726
3 9791 9797 9726
3 9794 9730 9734
3 9798 9794 9734
3 9798 9734 9799
3 9734 9736 9799
3 9800 9736 9737
3 9800 9801 9736
3 9801 9799 9736
3 9801 9802 9803
3 9800 9802 9801
3 9740 9803 9802
3 9740 9739 9803
3 9739 9804 9803
3 9804 9739 9805
3 9739 9741 9805
3 9805 9741 9806
3 9741 9742 9806
3 9806 9742 9732
3 9796 9806 9732
3 9800 9737 9743
3 9802 9800 9743
3 9744 9802 9743
3 9802 9744 9740
3 9746 9808 9807
3 9745 9746 9807
3 9807 9809 9745
3 9745 9809 9747
3 9809 9810 9747
3 9747 9810 9748
3 9810 9811 9748
3 9748 9811 9749
3 9749 9811 9812
3 9750 9749 9812
3 9752 9814 9813
3 9751 9752 9813
3 9813 9815 9751
3 9751 9815 9753
3 9815 9746 9753
3 9808 9746 9815
3 9812 9754 9750
3 9816 9754 9812
3 9816 9817 9754
3 9754 9817 9755
3 9755 9817 9818
3 9756 9755 9818
3 9758 9820 9819
3 9757 9758 9819
3 9819 9752 9757
3 9814 9752 9819
3 9818 9759 9756
3 9821 9759 9818
3 9759 9821 9822
3 9760 9759 9822
3 9820 9758 9823
3 9823 9758 9761
3 9822 9762 9760
3 9824 9762 9822
3 9762 9824 9825
3 9763 9762 9825
3 9765 9827 9826
3 9764 9765 9826
3 9826 9761 9764
3 9823 9761 9826
3 9825 9766 9763
3 9828 9766 9825
3 9766 9828 9829
3 9767 9766 9829
3 9827 9765 9830
3 9830 9765 9768
3 9829 9831 9767
3 9831 9769 9767
3 9830 9768 9832
3 9832 9768 9770
3 9831 9771 9769
3 9833 9771 9831
3 9771 9833 9834
3 9772 9771 9834
3 9773 9774 9835
3 9835 9770 9773
3 9835 9836 9770
3 9836 9832 9770
3 9834 9837 9772
3 9837 9775 9772
3 9838 9835 9774
3 9776 9838 9774
3 9836 9838 9839
3 9835 9838 9836
3 9837 9840 9775
3 9840 9777 9775
3 9838 9776 9778
3 9778 9839 9838
3 9778 9779 9839
3 9779 9841 9839
3 9781 9842 9843
3 9780 9842 9781
3 9842 9780 9777
3 9840 9842 9777
3 9841 9779 9844
3 9844 9779 9782
3 9843 9845 9781
3 9845 9783 9781
3 9844 9782 9846
3 9846 9782 9784
3 9845 9847 9783
3 9847 9785 9783
3 9846 9784 9786
3 9848 9846 9786
3 9786 9849 9848
3 9787 9849 9786
3 9789 9850 9851
3 9788 9850 9789
3 9850 9788 9785
3 9847 9850 9785
3 9852 9853 9849
3 9852 9849 9790
3 9790 9849 9787
3 9853 9852 9854
3 9851 9855 9789
3 9855 9791 9789
3 9852 9790 9792
3 9854 9852 9792
3 9854 9792 9856
3 9856 9792 9793
3 9793 9857 9856
3 9794 9857 9793
3 9796 9858 9859
3 9795 9858 9796
3 9858 9795 9860
3 9795 9797 9860
3 9860 9797 9791
3 9855 9860 9791
3 9857 9794 9798
3 9861 9857 9798
3 9861 9798 9862
3 9798 9799 9862
3 9862 9799 9863
3 9799 9801 9863
3 9863 9801 9864
3 9801 9803 9864
3 9864 9803 9865
3 9803 9804 9865
3 9865 9804 9866
3 9804 9805 9866
3 9866 9805 9867
3 9805 9806 9867
3 9867 9806 9796
3 9859 9867 9796
3 9808 9869 9868
3 9807 9808 9868
3 9868 9870 9807
3 9807 9870 9809
3 9870 9871 9809
3 9809 9871 9810
3 9871 9872 9810
3 9810 9872 9811
3 9811 9872 9873
3 9812 9811 9873
3 9814 9875 9874
3 9813 9814 9874
3 9874 9876 9813
3 9813 9876 9815
3 9876 9808 9815
3 9869 9808 9876
3 9873 9816 9812
3 9877 9816 9873
3 9877 9878 9816
3 9816 9878 9817
3 9817 9878 9879
3 9818 9817 9879
3 9820 9881 9880
3 9819 9820 9880
3 9880 9814 9819
3 9875 9814 9880
3 9879 9821 9818
3 9882 9821 9879
3 9821 9882 9883
3 9822 9821 9883
3 9881 9820 9884
3 9884 9820 9823
3 9883 9824 9822
3 9885 9824 9883
3 9824 9885 9886
3 9825 9824 9886
3 9827 9888 9887
3 9826 9827 9887
3 9887 9823 9826
3 9884 9823 9887
3 9886 9828 9825
3 9889 9828 9886
3 9828 9889 9890
3 9829 9828 9890
3 9888 9827 9891
3 9891 9827 9830
3 9890 9892 9829
3 9892 9831 9829
3 9891 9830 9893
3 9893 9830 9832
3 9892 9833 9831
3 9894 9833 9892
3 9833 9894 9895
3 9834 9833 9895
3 9893 9832 9896
3 9896 9832 9836
3 9895 9897 9834
3 9897 9837 9834
3 9896 9836 9898
3 9898 9836 9839
3 9897 9899 9837
3 9899 9840 9837
3 9898 9839 9900
3 9900 9839 9841
3 9843 9901 9902
3 9842 9901 9843
3 9901 9842 9840
3 9899 9901 9840
3 9900 9841 9903
3 9903 9841 9844
3 9902 9904 9843
3 9904 9845 9843
3 9903 9844 9905
3 9905 9844 9846
3 9904 9906 9845
3 9906 9847 9845
3 9905 9846 9848
3 9907 9905 9848
3 9848 9908 9907
3 9849 9908 9848
3 9851 9909 9910
3 9850 9909 9851
3 9909 9850 9847
3 9906 9909 9847
3 9908 9849 9853
3 9911 9908 9853
3 9853 9912 9911
3 9854 9912 9853
3 9915 9913 9914
3 9914 9913 9855
3 9914 9855 9910
3 9910 9855 9851
3 9912 9854 9856
3 9916 9912 9856
3 9856 9917 9916
3 9857 9917 9856
3 9859 9918 9919
3 9858 9918 9859
3 9913 9915 9918
3 9913 9918 9860
3 9860 9918 9858
3 9913 9860 9855
3 9917 9857 9861
3 9920 9917 9861
3 9920 9861 9921
3 9861 9862 9921
3 9921 9862 9922
3 9862 9863 9922
3 9922 9863 9923
3 9863 9864 9923
3 9923 9864 9924
3 9864 9865 9924
3 9924 9865 9925
3 9865 9866 9925
3 9925 9866 9926
3 9866 9867 9926
3 9926 9867 9859
3 9919 9926 9859
3 9869 9928 9927
3 9868 9869 9927
3 9927 9929 9868
3 9868 9929 9870
3 9929 9930 9870
3 9870 9930 9871
3 9930 9931 9871
3 9871 9931 9872
3 9872 9931 9932
3 9873 9872 9932
3 9875 9934 9933
3 9874 9875 9933
3 9933 9935 9874
3 9874 9935 9876
3 9935 9869 9876
3 9928 9869 9935
3 9932 9877 9873
3 9936 9877 9932
3 9936 9937 9877
3 9877 9937 9878
3 9878 9937 9938
3 9879 9878 9938
3 9880 9881 9939
3 9939 9875 9880
3 9939 9940 9875
3 9940 9934 9875
3 9938 9882 9879
3 9941 9882 9938
3 9882 9941 9942
3 9883 9882 9942
3 9943 9939 9881
3 9943 9881 9944
3 9944 9881 9884
3 9939 9943 9940
3 9942 9885 9883
3 9945 9885 9942
3 9885 9945 9946
3 9886 9885 9946
3 9888 9948 9947
3 9887 9888 9947
3 9947 9884 9887
3 9944 9884 9947
3 9946 9889 9886
3 9949 9889 9946
3 9889 9949 9950
3 9890 9889 9950
3 9948 9888 9951
3 9951 9888 9891
3 9950 9952 9890
3 9952 9892 9890
3 9951 9891 9953
3 9953 9891 9893
3 9894 9955 9954
3 9894 9892 9955
3 9892 9952 9955
3 9894 9954 9895
3 9953 9893 9956
3 9956 9893 9896
3 9955 9957 9954
3 9954 9957 9958
3 9954 9958 9895
3 9895 9958 9897
3 9956 9896 9959
3 9959 9896 9898
3 9962 9960 9961
3 9961 9960 9899
3 9961 9899 9958
3 9958 9899 9897
3 9959 9898 9963
3 9963 9898 9900
3 9960 9902 9901
3 9960 9962 9902
3 9962 9964 9902
3 9960 9901 9899
3 9963 9900 9965
3 9965 9900 9903
3 9964 9966 9902
3 9966 9904 9902
3 9965 9903 9967
3 9967 9903 9905
3 9966 9968 9904
3 9968 9906 9904
3 9967 9905 9907
3 9969 9967 9907
3 9907 9970 9969
3 9908 9970 9907
3 9910 9971 9972
3 9909 9971 9910
3 9971 9909 9906
3 9968 9971 9906
3 9970 9908 9911
3 9973 9970 9911
3 9911 9974 9973
3 9912 9974 9911
3 9915 9975 9976
3 9914 9975 9915
3 9975 9914 9910
3 9972 9975 9910
3 9974 9912 9916
3 9977 9974 9916
3 9916 9978 9977
3 9917 9978 9916
3 9919 9979 9980
3 9918 9979 9919
3 9979 9918 9915
3 9976 9979 9915
3 9978 9917 9920
3 9981 9978 9920
3 9981 9920 9982
3 9920 9921 9982
3 9982 9921 9983
3 9921 9922 9983
3 9983 9922 9984
3 9922 9923 9984
3 9984 9923 9985
3 9923 9924 9985
3 9985 9924 9986
3 9924 9925 9986
3 9986 9925 9987
3 9925 9926 9987
3 9987 9926 9919
3 9980 9987 9919
3 9928 9989 9988
3 9927 9928 9988
3 9988 9990 9927
3 9927 9990 9929
3 9990 9991 9929
3 9929 9991 9930
3 9991 9992 9930
3 9930 9992 9931
3 9931 9992 9993
3 9932 9931 9993
3 9934 9995 9994
3 9933 9934 9994
3 9994 9996 9933
3 9933 9996 9935
3 9996 9928 9935
3 9989 9928 9996
3 9993 9936 9932
3 9997 9936 9993
3 9997 9998 9936
3 9936 9998 9937
3 9937 9998 9999
3 9938 9937 9999
3 9995 9934 10000
3 10000 9934 9940
3 9999 9941 9938
3 10001 9941 9999
3 9941 10001 10002
3 9942 9941 10002
3 9944 10004 10003
3 9943 9944 10003
3 10003 9940 9943
3 10000 9940 10003
3 10002 9945 9942
3 10005 9945 10002
3 9945 10005 10006
3 9946 9945 10006
3 9948 10008 10007
3 9947 9948 10007
3 10007 9944 9947
3 10004 9944 10007
3 10006 9949 9946
3 10009 9949 10006
3 9949 10009 10010
3 9950 9949 10010
3 10008 9948 10011
3 10011 9948 9951
3 10010 10012 9950
3 10012 9952 9950
3 10011 9951 10013
3 10013 9951 9953
3 10012 10014 9952
3 10014 9955 9952
3 10013 9953 10015
3 10015 9953 9956
3 9957 10017 10016
3 9957 9955 10017
3 9955 10014 10017
3 9957 10016 9958
3 10015 9956 10018
3 10018 9956 9959
3 10016 9962 9961
3 10016 10017 9962
3 10017 10019 9962
3 10016 9961 9958
3 10018 9959 10020
3 10020 9959 9963
3 10019 10021 9962
3 10021 9964 9962
3 10020 9963 10022
3 10022 9963 9965
3 10021 10023 9964
3 10023 9966 9964
3 10022 9965 10024
3 10024 9965 9967
3 10023 10025 9966
3 10025 9968 9966
3 10024 9967 9969
3 10026 10024 9969
3 9969 10027 10026
3 9970 10027 9969
3 9972 10028 10029
3 9971 10028 9972
3 10028 9971 9968
3 10025 10028 9968
3 10027 9970 9973
3 10030 10027 9973
3 9973 10031 10030
3 9974 10031 9973
3 9976 10032 10033
3 9975 10032 9976
3 10032 9975 9972
3 10029 10032 9972
3 10031 9974 9977
3 10034 10031 9977
3 9977 10035 10034
3 9978 10035 9977
3 9980 10036 10037
3 9979 10036 9980
3 10036 9979 9976
3 10033 10036 9976
3 10035 9978 9981
3 10038 10035 9981
3 10038 9981 10039
3 9981 9982 10039
3 10039 9982 10040
3 9982 9983 10040
3 10040 9983 10041
3 9983 9984 10041
3 10041 9984 10042
3 9984 9985 10042
3 10042 9985 10043
3 9985 9986 10043
3 10043 9986 10044
3 9986 9987 10044
3 10044 9987 9980
3 10037 10044 9980
3 9989 10046 10045
3 9988 9989 10045
3 10045 10047 9988
3 9988 10047 9990
3 10047 10048 9990
3 9990 10048 9991
3 10048 10049 9991
3 9991 10049 9992
3 9992 10049 10050
3 9993 9992 10050
3 9995 10052 10051
3 9994 9995 10051
3 10051 10053 9994
3 9994 10053 9996
3 10053 9989 9996
3 10046 9989 10053
3 10050 9997 9993
3 10054 9997 10050
3 10054 10055 9997
3 9997 10055 9998
3 9998 10055 10056
3 9999 9998 10056
3 10052 9995 10057
3 10057 9995 10000
3 10056 10001 9999
3 10058 10001 10056
3 10001 10058 10059
3 10002 10001 10059
3 10004 10061 10060
3 10003 10004 10060
3 10060 10000 10003
3 10057 10000 10060
3 10059 10005 10002
3 10062 10005 10059
3 10005 10062 10063
3 10006 10005 10063
3 10007 10008 10064
3 10064 10004 10007
3 10064 10065 10004
3 10065 10061 10004
3 10063 10009 10006
3 10066 10009 10063
3 10009 10066 10067
3 10010 10009 10067
3 10068 10064 10008
3 10068 10008 10069
3 10069 10008 10011
3 10064 10068 10065
3 10067 10070 10010
3 10070 10012 10010
3 10069 10011 10071
3 10071 10011 10013
3 10070 10072 10012
3 10072 10014 10012
3 10071 10013 10073
3 10073 10013 10015
3 10072 10074 10014
3 10074 10017 10014
3 10073 10015 10075
3 10075 10015 10018
3 10074 10076 10017
3 10076 10019 10017
3 10075 10018 10077
3 10077 10018 10020
3 10076 10078 10019
3 10078 10021 10019
3 10077 10020 10079
3 10079 10020 10022
3 10078 10080 10021
3 10080 10023 10021
3 10081 10082 10079
3 10081 10079 10024
3 10024 10079 10022
3 10082 10081 10083
3 10086 10084 10085
3 10085 10084 10025
3 10085 10025 10080
3 10080 10025 10023
3 10081 10024 10026
3 10026 10083 10081
3 10026 10027 10083
3 10027 10087 10083
3 10084 10029 10028
3 10084 10086 10029
3 10086 10088 10029
3 10084 10028 10025
3 10087 10027 10030
3 10089 10087 10030
3 10030 10090 10089
3 10031 10090 10030
3 10033 10091 10092
3 10032 10091 10033
3 10091 10032 10029
3 10088 10091 10029
3 10090 10031 10034
3 10093 10090 10034
3 10034 10094 10093
3 10035 10094 10034
3 10037 10095 10096
3 10036 10095 10037
3 10095 10036 10033
3 10092 10095 10033
3 10094 10035 10038
3 10097 10094 10038
3 10097 10038 10098
3 10038 10039 10098
3 10098 10039 10099
3 10039 10040 10099
3 10099 10040 10100
3 10040 10041 10100
3 10100 10041 10101
3 10041 10042 10101
3 10101 10042 10102
3 10042 10043 10102
3 10102 10043 10103
3 10043 10044 10103
3 10103 10044 10037
3 10096 10103 10037
3 10046 10105 10104
3 10045 10046 10104
3 10104 10106 10045
3 10045 10106 10047
3 10106 10107 10047
3 10047 10107 10048
3 10107 10108 10048
3 10048 10108 10049
3 10049 10108 10109
3 10050 10049 10109
3 10052 10111 10110
3 10051 10052 10110
3 10110 10112 10051
3 10051 10112 10053
3 10112 10046 10053
3 10105 10046 10112
3 10109 10054 10050
3 10113 10054 10109
3 10113 10114 10054
3 10054 10114 10055
3 10055 10114 10115
3 10056 10055 10115
3 10111 10052 10116
3 10116 10052 10057
3 10115 10058 10056
3 10117 10058 10115
3 10058 10117 10118
3 10059 10058 10118
3 10061 10120 10119
3 10060 10061 10119
3 10119 10057 10060
3 10116 10057 10119
3 10118 10062 10059
3 10121 10062 10118
3 10062 10121 10122
3 10063 10062 10122
3 10120 10061 10123
3 10123 10061 10065
3 10122 10066 10063
3 10124 10066 10122
3 10066 10124 10125
3 10067 10066 10125
3 10069 10127 10126
3 10068 10069 10126
3 10126 10065 10068
3 10123 10065 10126
3 10125 10128 10067
3 10128 10070 10067
3 10127 10069 10129
3 10129 10069 10071
3 10128 10130 10070
3 10130 10072 10070
3 10129 10071 10131
3 10131 10071 10073
3 10130 10132 10072
3 10132 10074 10072
3 10131 10073 10133
3 10133 10073 10075
3 10132 10134 10074
3 10134 10076 10074
3 10133 10075 10135
3 10135 10075 10077
3 10134 10136 10076
3 10136 10078 10076
3 10135 10077 10137
3 10137 10077 10079
3 10136 10138 10078
3 10138 10080 10078
3 10137 10079 10082
3 10139 10137 10082
3 10082 10140 10139
3 10083 10140 10082
3 10086 10141 10142
3 10085 10141 10086
3 10141 10085 10080
3 10138 10141 10080
3 10140 10083 10143
3 10143 10083 10087
3 10142 10144 10086
3 10144 10088 10086
3 10143 10087 10089
3 10145 10143 10089
3 10089 10146 10145
3 10090 10146 10089
3 10092 10147 10148
3 10091 10147 10092
3 10147 10091 10088
3 10144 10147 10088
3 10146 10090 10093
3 10149 10146 10093
3 10150 10093 10094
3 10150 10151 10093
3 10151 10149 10093
3 10151 10150 10152
3 10096 10153 10154
3 10095 10153 10096
3 10153 10095 10092
3 10148 10153 10092
3 10150 10094 10097
3 10152 10150 10097
3 10152 10097 10155
3 10155 10097 10098
3 10155 10098 10156
3 10098 10099 10156
3 10156 10099 10157
3 10099 10100 10157
3 10157 10100 10158
3 10100 10101 10158
3 10158 10101 10159
3 10101 10102 10159
3 10159 10102 10160
3 10102 10103 10160
3 10160 10103 10096
3 10154 10160 10096
3 10105 10162 10161
3 10104 10105 10161
3 10161 10163 10104
3 10104 10163 10106
3 10163 10164 10106
3 10106 10164 10107
3 10164 10165 10107
3 10107 10165 10108
3 10108 10165 10166
3 10109 10108 10166
3 10110 10111 10167
3 10167 10169 10168
3 10167 10168 10110
3 10110 10168 10112
3 10168 10105 10112
3 10162 10105 10168
3 10166 10113 10109
3 10170 10113 10166
3 10170 10171 10113
3 10113 10171 10114
3 10114 10171 10172
3 10115 10114 10172
3 10173 10167 10111
3 10173 10111 10174
3 10174 10111 10116
3 10167 10173 10169
3 10172 10117 10115
3 10175 10117 10172
3 10117 10175 10176
3 10118 10117 10176
3 10120 10178 10177
3 10119 10120 10177
3 10177 10116 10119
3 10174 10116 10177
3 10176 10121 10118
3 10179 10121 10176
3 10121 10179 10180
3 10122 10121 10180
3 10178 10120 10181
3 10181 10120 10123
3 10180 10124 10122
3 10182 10124 10180
3 10124 10182 10183
3 10125 10124 10183
3 10126 10127 10184
3 10184 10123 10126
3 10184 10185 10123
3 10185 10181 10123
3 10183 10186 10125
3 10186 10128 10125
3 10187 10184 10127
3 10187 10127 10188
3 10188 10127 10129
3 10184 10187 10185
3 10186 10189 10128
3 10189 10130 10128
3 10188 10129 10190
3 10190 10129 10131
3 10189 10191 10130
3 10191 10132 10130
3 10190 10131 10192
3 10192 10131 10133
3 10191 10193 10132
3 10193 10134 10132
3 10194 10195 10192
3 10194 10192 10135
3 10135 10192 10133
3 10195 10194 10196
3 10193 10197 10134
3 10197 10136 10134
3 10198 10194 10135
3 10137 10198 10135
3 10196 10198 10199
3 10194 10198 10196
3 10197 10200 10136
3 10200 10138 10136
3 10198 10137 10139
3 10139 10199 10198
3 10139 10140 10199
3 10140 10201 10199
3 10142 10202 10203
3 10141 10202 10142
3 10202 10141 10138
3 10200 10202 10138
3 10201 10140 10204
3 10204 10140 10143
3 10203 10205 10142
3 10205 10144 10142
3 10204 10143 10145
3 10206 10204 10145
3 10207 10145 10146
3 10207 10208 10145
3 10208 10206 10145
3 10208 10207 10209
3 10148 10210 10211
3 10147 10210 10148
3 10210 10147 10144
3 10205 10210 10144
3 10207 10146 10149
3 10209 10207 10149
3 10209 10149 10212
3 10212 10149 10151
3 10151 10213 10212
3 10152 10213 10151
3 10216 10214 10215
3 10154 10215 10214
3 10154 10153 10215
3 10153 10217 10215
3 10217 10153 10148
3 10211 10217 10148
3 10213 10152 10155
3 10218 10213 10155
3 10218 10155 10219
3 10155 10156 10219
3 10219 10156 10220
3 10156 10157 10220
3 10220 10157 10221
3 10157 10158 10221
3 10221 10158 10222
3 10158 10159 10222
3 10214 10216 10222
3 10214 10222 10160
3 10160 10222 10159
3 10214 10160 10154
3 10162 10224 10223
3 10161 10162 10223
3 10223 10225 10161
3 10161 10225 10163
3 10225 10226 10163
3 10163 10226 10164
3 10226 10227 10164
3 10164 10227 10165
3 10165 10227 10228
3 10166 10165 10228
3 10169 10230 10229
3 10168 10169 10229
3 10229 10162 10168
3 10224 10162 10229
3 10228 10170 10166
3 10231 10170 10228
3 10231 10232 10170
3 10170 10232 10171
3 10171 10232 10233
3 10172 10171 10233
3 10174 10235 10234
3 10173 10174 10234
3 10234 10169 10173
3 10230 10169 10234
3 10233 10175 10172
3 10236 10175 10233
3 10175 10236 10237
3 10176 10175 10237
3 10178 10239 10238
3 10177 10178 10238
3 10238 10174 10177
3 10235 10174 10238
3 10237 10179 10176
3 10240 10179 10237
3 10179 10240 10241
3 10180 10179 10241
3 10239 10178 10242
3 10242 10178 10181
3 10182 10244 10243
3 10182 10180 10244
3 10180 10241 10244
3 10182 10243 10183
3 10242 10181 10245
3 10245 10181 10185
3 10244 10246 10243
3 10243 10246 10247
3 10243 10247 10183
3 10183 10247 10186
3 10187 10188 10248
3 10248 10185 10187
3 10248 10249 10185
3 10249 10245 10185
3 10247 10250 10186
3 10250 10189 10186
3 10251 10248 10188
3 10190 10251 10188
3 10249 10251 10252
3 10248 10251 10249
3 10250 10253 10189
3 10253 10191 10189
3 10254 10251 10190
3 10192 10254 10190
3 10252 10254 10255
3 10251 10254 10252
3 10253 10256 10191
3 10256 10193 10191
3 10254 10192 10195
3 10195 10255 10254
3 10195 10196 10255
3 10196 10257 10255
3 10256 10258 10193
3 10258 10197 10193
3 10257 10196 10259
3 10259 10196 10199
3 10262 10260 10261
3 10261 10260 10200
3 10261 10200 10258
3 10258 10200 10197
3 10259 10199 10263
3 10263 10199 10201
3 10260 10203 10202
3 10260 10262 10203
3 10262 10264 10203
3 10260 10202 10200
3 10265 10266 10263
3 10265 10263 10204
3 10204 10263 10201
3 10266 10265 10267
3 10264 10268 10203
3 10268 10205 10203
3 10265 10204 10206
3 10267 10265 10206
3 10267 10206 10269
3 10269 10206 10208
3 10208 10270 10269
3 10209 10270 10208
3 10211 10271 10272
3 10210 10271 10211
3 10271 10210 10205
3 10268 10271 10205
3 10270 10209 10212
3 10273 10270 10212
3 10212 10274 10273
3 10213 10274 10212
3 10216 10275 10276
3 10215 10275 10216
3 10275 10215 10277
3 10215 10217 10277
3 10277 10217 10211
3 10272 10277 10211
3 10274 10213 10218
3 10278 10274 10218
3 10278 10218 10279
3 10218 10219 10279
3 10279 10219 10280
3 10219 10220 10280
3 10280 10220 10281
3 10220 10221 10281
3 10281 10221 10282
3 10221 10222 10282
3 10282 10222 10216
3 10276 10282 10216
3 10224 10284 10283
3 10223 10224 10283
3 10283 10285 10223
3 10223 10285 10225
3 10285 10286 10225
3 10225 10286 10226
3 10286 10287 10226
3 10226 10287 10227
3 10227 10287 10288
3 10228 10227 10288
3 10230 10290 10289
3 10229 10230 10289
3 10289 10224 10229
3 10284 10224 10289
3 10288 10231 10228
3 10291 10231 10288
3 10291 10292 10231
3 10231 10292 10232
3 10232 10292 10293
3 10233 10232 10293
3 10235 10295 10294
3 10234 10235 10294
3 10294 10230 10234
3 10290 10230 10294
3 10293 10236 10233
3 10296 10236 10293
3 10236 10296 10297
3 10237 10236 10297
3 10238 10239 10298
3 10298 10235 10238
3 10298 10299 10235
3 10299 10295 10235
3 10297 10240 10237
3 10300 10240 10297
3 10240 10300 10301
3 10241 10240 10301
3 10302 10298 10239
3 10302 10239 10303
3 10303 10239 10242
3 10298 10302 10299
3 10301 10304 10241
3 10304 10244 10241
3 10303 10242 10305
3 10305 10242 10245
3 10304 10246 10244
3 10306 10246 10304
3 10246 10306 10307
3 10247 10246 10307
3 10305 10245 10308
3 10308 10245 10249
3 10307 10309 10247
3 10309 10250 10247
3 10308 10249 10310
3 10310 10249 10252
3 10309 10311 10250
3 10311 10253 10250
3 10310 10252 10312
3 10312 10252 10255
3 10311 10313 10253
3 10313 10256 10253
3 10312 10255 10314
3 10314 10255 10257
3 10313 10315 10256
3 10315 10258 10256
3 10314 10257 10316
3 10316 10257 10259
3 10262 10317 10318
3 10261 10317 10262
3 10317 10261 10258
3 10315 10317 10258
3 10316 10259 10319
3 10319 10259 10263
3 10318 10320 10262
3 10320 10264 10262
3 10319 10263 10266
3 10321 10319 10266
3 10266 10322 10321
3 10267 10322 10266
3 10325 10323 10324
3 10324 10323 10268
3 10324 10268 10320
3 10320 10268 10264
3 10322 10267 10269
3 10326 10322 10269
3 10269 10327 10326
3 10270 10327 10269
3 10330 10328 10329
3 10323 10272 10271
3 10325 10272 10323
3 10325 10328 10272
3 10325 10329 10328
3 10323 10271 10268
3 10327 10270 10273
3 10331 10327 10273
3 10332 10273 10274
3 10332 10333 10273
3 10333 10331 10273
3 10333 10332 10334
3 10337 10335 10336
3 10276 10336 10335
3 10276 10275 10336
3 10275 10338 10336
3 10328 10330 10338
3 10328 10338 10277
3 10277 10338 10275
3 10328 10277 10272
3 10332 10274 10278
3 10334 10332 10278
3 10334 10278 10339
3 10339 10278 10279
3 10339 10279 10340
3 10279 10280 10340
3 10340 10280 10341
3 10280 10281 10341
3 10335 10337 10341
3 10335 10341 10282
3 10282 10341 10281
3 10335 10282 10276
3 10284 10343 10342
3 10283 10284 10342
3 10342 10344 10283
3 10283 10344 10285
3 10344 10345 10285
3 10285 10345 10286
3 10347 10346 10287
3 10347 10287 10345
3 10345 10287 10286
3 10287 10346 10288
3 10290 10349 10348
3 10289 10290 10348
3 10348 10284 10289
3 10343 10284 10348
3 10347 10350 10346
3 10346 10291 10288
3 10346 10350 10291
3 10350 10351 10291
3 10351 10352 10291
3 10291 10352 10292
3 10292 10352 10353
3 10293 10292 10353
3 10295 10355 10354
3 10294 10295 10354
3 10354 10290 10294
3 10349 10290 10354
3 10353 10296 10293
3 10356 10296 10353
3 10296 10356 10357
3 10297 10296 10357
3 10355 10295 10358
3 10358 10295 10299
3 10357 10300 10297
3 10359 10300 10357
3 10300 10359 10360
3 10301 10300 10360
3 10303 10362 10361
3 10302 10303 10361
3 10361 10299 10302
3 10358 10299 10361
3 10360 10363 10301
3 10363 10304 10301
3 10362 10303 10364
3 10364 10303 10305
3 10306 10366 10365
3 10306 10304 10366
3 10304 10363 10366
3 10306 10365 10307
3 10364 10305 10367
3 10367 10305 10308
3 10366 10368 10365
3 10365 10368 10369
3 10365 10369 10307
3 10307 10369 10309
3 10367 10308 10370
3 10370 10308 10310
3 10369 10371 10309
3 10371 10311 10309
3 10370 10310 10372
3 10372 10310 10312
3 10371 10373 10311
3 10373 10313 10311
3 10372 10312 10374
3 10374 10312 10314
3 10377 10375 10376
3 10376 10375 10315
3 10376 10315 10373
3 10373 10315 10313
3 10374 10314 10378
3 10378 10314 10316
3 10375 10318 10317
3 10375 10377 10318
3 10377 10379 10318
3 10375 10317 10315
3 10380 10381 10378
3 10380 10378 10319
3 10319 10378 10316
3 10381 10380 10382
3 10379 10383 10318
3 10383 10320 10318
3 10380 10319 10321
3 10321 10382 10380
3 10321 10322 10382
3 10322 10384 10382
3 10325 10385 10386
3 10324 10385 10325
3 10385 10324 10320
3 10383 10385 10320
3 10384 10322 10326
3 10387 10384 10326
3 10326 10388 10387
3 10327 10388 10326
3 10330 10389 10390
3 10329 10389 10330
3 10389 10329 10325
3 10386 10389 10325
3 10388 10327 10331
3 10391 10388 10331
3 10391 10331 10392
3 10331 10333 10392
3 10393 10333 10334
3 10393 10394 10333
3 10394 10392 10333
3 10394 10395 10396
3 10393 10395 10394
3 10396 10397 10398
3 10395 10397 10396
3 10337 10398 10397
3 10337 10336 10398
3 10336 10399 10398
3 10399 10336 10400
3 10336 10338 10400
3 10400 10338 10330
3 10390 10400 10330
3 10393 10334 10339
3 10395 10393 10339
3 10340 10395 10339
3 10397 10395 10340
3 10341 10397 10340
3 10397 10341 10337
3 10342 10343 10401
3 10401 10403 10402
3 10401 10402 10342
3 10342 10402 10344
3 10402 10404 10344
3 10344 10404 10345
3 10345 10404 10405
3 10347 10345 10405
3 10349 10407 10406
3 10348 10349 10406
3 10343 10408 10401
3 10343 10348 10408
3 10348 10406 10408
3 10401 10408 10403
3 10405 10350 10347
3 10409 10350 10405
3 10409 10410 10350
3 10350 10410 10351
3 10412 10411 10352
3 10412 10352 10410
3 10410 10352 10351
3 10352 10411 10353
3 10354 10355 10413
3 10413 10349 10354
3 10413 10414 10349
3 10414 10407 10349
3 10412 10415 10411
3 10411 10356 10353
3 10411 10415 10356
3 10415 10416 10356
3 10356 10416 10417
3 10357 10356 10417
3 10418 10413 10355
3 10418 10355 10419
3 10419 10355 10358
3 10413 10418 10414
3 10359 10421 10420
3 10359 10357 10421
3 10357 10417 10421
3 10359 10420 10360
3 10361 10362 10422
3 10422 10358 10361
3 10422 10423 10358
3 10423 10419 10358
3 10421 10424 10420
3 10420 10424 10425
3 10420 10425 10360
3 10360 10425 10363
3 10426 10422 10362
3 10426 10362 10427
3 10427 10362 10364
3 10422 10426 10423
3 10425 10428 10363
3 10428 10366 10363
3 10427 10364 10429
3 10429 10364 10367
3 10368 10431 10430
3 10368 10366 10431
3 10366 10428 10431
3 10368 10430 10369
3 10429 10367 10432
3 10432 10367 10370
3 10434 10430 10431
3 10433 10430 10434
3 10430 10433 10371
3 10369 10430 10371
3 10432 10370 10435
3 10435 10370 10372
3 10437 10433 10434
3 10436 10433 10437
3 10433 10436 10373
3 10371 10433 10373
3 10435 10372 10438
3 10438 10372 10374
3 10436 10377 10376
3 10436 10437 10377
3 10437 10439 10377
3 10436 10376 10373
3 10438 10374 10440
3 10440 10374 10378
3 10439 10441 10377
3 10441 10379 10377
3 10440 10378 10381
3 10442 10440 10381
3 10381 10443 10442
3 10382 10443 10381
3 10446 10444 10445
3 10445 10444 10383
3 10445 10383 10441
3 10441 10383 10379
3 10447 10448 10443
3 10447 10443 10384
3 10384 10443 10382
3 10448 10447 10449
3 10444 10386 10385
3 10444 10446 10386
3 10446 10450 10386
3 10444 10385 10383
3 10447 10384 10387
3 10387 10388 10451
3 10447 10387 10451
3 10447 10451 10452
3 10447 10452 10449
3 10452 10451 10453
3 10390 10454 10455
3 10389 10454 10390
3 10454 10389 10386
3 10450 10454 10386
3 10451 10388 10391
3 10453 10451 10391
3 10453 10391 10456
3 10456 10391 10392
3 10456 10392 10457
3 10392 10394 10457
3 10457 10394 10458
3 10394 10396 10458
3 10458 10396 10459
3 10396 10398 10459
3 10459 10398 10460
3 10398 10399 10460
3 10460 10399 10461
3 10399 10400 10461
3 10461 10400 10390
3 10455 10461 10390
3 10402 10403 10462
3 10404 10402 10462
3 10463 10404 10462
3 10404 10463 10405
3 10406 10407 10464
3 10464 10466 10465
3 10464 10465 10406
3 10406 10465 10408
3 10403 10467 10462
3 10403 10408 10467
3 10408 10465 10467
3 10462 10468 10463
3 10467 10468 10462
3 10463 10409 10405
3 10463 10468 10409
3 10468 10469 10409
3 10469 10470 10409
3 10409 10470 10410
3 10410 10470 10471
3 10412 10410 10471
3 10472 10464 10407
3 10472 10407 10473
3 10473 10407 10414
3 10464 10472 10466
3 10471 10415 10412
3 10474 10415 10471
3 10476 10475 10416
3 10476 10416 10474
3 10474 10416 10415
3 10416 10475 10417
3 10419 10478 10477
3 10418 10419 10477
3 10477 10414 10418
3 10473 10414 10477
3 10476 10479 10475
3 10475 10479 10480
3 10475 10480 10417
3 10417 10480 10421
3 10478 10419 10481
3 10481 10419 10423
3 10480 10424 10421
3 10482 10424 10480
3 10424 10482 10483
3 10425 10424 10483
3 10426 10427 10484
3 10484 10423 10426
3 10484 10485 10423
3 10485 10481 10423
3 10483 10486 10425
3 10486 10428 10425
3 10487 10484 10427
3 10487 10427 10488
3 10488 10427 10429
3 10484 10487 10485
3 10486 10489 10428
3 10489 10431 10428
3 10488 10429 10490
3 10490 10429 10432
3 10489 10491 10431
3 10491 10434 10431
3 10490 10432 10492
3 10492 10432 10435
3 10491 10493 10434
3 10493 10437 10434
3 10492 10435 10494
3 10494 10435 10438
3 10493 10495 10437
3 10495 10439 10437
3 10496 10497 10494
3 10496 10494 10440
3 10440 10494 10438
3 10497 10496 10498
3 10495 10499 10439
3 10499 10441 10439
3 10496 10440 10442
3 10442 10498 10496
3 10442 10443 10498
3 10443 10500 10498
3 10446 10501 10502
3 10445 10501 10446
3 10501 10445 10441
3 10499 10501 10441
3 10500 10443 10448
3 10503 10500 10448
3 10448 10504 10503
3 10449 10504 10448
3 10507 10505 10506
3 10506 10505 10450
3 10506 10450 10502
3 10502 10450 10446
3 10504 10449 10452
3 10508 10504 10452
3 10452 10509 10508
3 10453 10509 10452
3 10512 10510 10511
3 10505 10455 10454
3 10507 10455 10505
3 10507 10510 10455
3 10507 10511 10510
3 10505 10454 10450
3 10509 10453 10456
3 10513 10509 10456
3 10513 10456 10514
3 10456 10457 10514
3 10514 10457 10515
3 10457 10458 10515
3 10515 10458 10516
3 10458 10459 10516
3 10516 10459 10517
3 10459 10460 10517
3 10510 10512 10517
3 10510 10517 10461
3 10461 10517 10460
3 10510 10461 10455
3 10466 10519 10518
3 10465 10466 10518
3 10518 10520 10465
3 10465 10520 10467
3 10520 10521 10467
3 10467 10521 10468
3 10521 10522 10468
3 10468 10522 10469
3 10522 10523 10469
3 10469 10523 10470
3 10470 10523 10524
3 10471 10470 10524
3 10473 10526 10525
3 10472 10473 10525
3 10525 10466 10472
3 10519 10466 10525
3 10524 10474 10471
3 10527 10474 10524
3 10474 10527 10528
3 10476 10474 10528
3 10477 10478 10529
3 10529 10473 10477
3 10529 10530 10473
3 10530 10526 10473
3 10528 10479 10476
3 10531 10479 10528
3 10479 10531 10532
3 10480 10479 10532
3 10533 10529 10478
3 10533 10478 10534
3 10534 10478 10481
3 10529 10533 10530
3 10482 10536 10535
3 10482 10480 10536
3 10480 10532 10536
3 10482 10535 10483
3 10534 10481 10537
3 10537 10481 10485
3 10536 10538 10535
3 10535 10538 10539
3 10535 10539 10483
3 10483 10539 10486
3 10487 10488 10540
3 10540 10485 10487
3 10540 10541 10485
3 10541 10537 10485
3 10539 10542 10486
3 10542 10489 10486
3 10543 10540 10488
3 10490 10543 10488
3 10541 10543 10544
3 10540 10543 10541
3 10542 10545 10489
3 10545 10491 10489
3 10546 10543 10490
3 10492 10546 10490
3 10544 10546 10547
3 10543 10546 10544
3 10545 10548 10491
3 10548 10493 10491
3 10549 10546 10492
3 10494 10549 10492
3 10547 10549 10550
3 10546 10549 10547
3 10548 10551 10493
3 10551 10495 10493
3 10549 10494 10497
3 10497 10550 10549
3 10497 10498 10550
3 10498 10552 10550
3 10555 10553 10554
3 10554 10553 10499
3 10554 10499 10551
3 10551 10499 10495
3 10556 10557 10552
3 10556 10552 10500
3 10500 10552 10498
3 10557 10556 10558
3 10553 10502 10501
3 10553 10555 10502
3 10555 10559 10502
3 10553 10501 10499
3 10556 10500 10503
3 10503 10558 10556
3 10503 10504 10558
3 10504 10560 10558
3 10507 10561 10562
3 10506 10561 10507
3 10561 10506 10502
3 10559 10561 10502
3 10560 10504 10508
3 10563 10560 10508
3 10564 10508 10509
3 10564 10565 10508
3 10565 10563 10508
3 10565 10564 10566
3 10512 10567 10568
3 10511 10567 10512
3 10567 10511 10507
3 10562 10567 10507
3 10564 10509 10513
3 10566 10564 10513
3 10566 10513 10569
3 10569 10513 10514
3 10569 10514 10570
3 10514 10515 10570
3 10570 10515 10571
3 10515 10516 10571
3 10571 10516 10572
3 10516 10517 10572
3 10572 10517 10512
3 10568 10572 10512
3 10519 10574 10573
3 10518 10519 10573
3 10573 10575 10518
3 10518 10575 10520
3 10575 10576 10520
3 10520 10576 10521
3 10576 10577 10521
3 10521 10577 10522
3 10577 10578 10522
3 10522 10578 10523
3 10523 10578 10579
3 10524 10523 10579
3 10526 10581 10580
3 10525 10526 10580
3 10580 10519 10525
3 10574 10519 10580
3 10579 10527 10524
3 10582 10527 10579
3 10527 10582 10583
3 10528 10527 10583
3 10581 10526 10584
3 10584 10526 10530
3 10583 10531 10528
3 10585 10531 10583
3 10531 10585 10586
3 10532 10531 10586
3 10534 10588 10587
3 10533 10534 10587
3 10587 10530 10533
3 10584 10530 10587
3 10586 10589 10532
3 10589 10536 10532
3 10588 10534 10590
3 10590 10534 10537
3 10538 10592 10591
3 10538 10536 10592
3 10536 10589 10592
3 10538 10591 10539
3 10590 10537 10593
3 10593 10537 10541
3 10592 10594 10591
3 10591 10594 10595
3 10591 10595 10539
3 10539 10595 10542
3 10593 10541 10596
3 10596 10541 10544
3 10595 10597 10542
3 10597 10545 10542
3 10596 10544 10598
3 10598 10544 10547
3 10597 10599 10545
3 10599 10548 10545
3 10598 10547 10600
3 10600 10547 10550
3 10603 10601 10602
3 10602 10601 10551
3 10602 10551 10599
3 10599 10551 10548
3 10600 10550 10604
3 10604 10550 10552
3 10601 10555 10554
3 10601 10603 10555
3 10603 10605 10555
3 10601 10554 10551
3 10604 10552 10557
3 10606 10604 10557
3 10557 10607 10606
3 10558 10607 10557
3 10610 10608 10609
3 10609 10608 10559
3 10609 10559 10605
3 10605 10559 10555
3 10611 10612 10607
3 10611 10607 10560
3 10560 10607 10558
3 10612 10611 10613
3 10608 10562 10561
3 10608 10610 10562
3 10610 10614 10562
3 10608 10561 10559
3 10611 10560 10563
3 10613 10611 10563
3 10613 10563 10615
3 10615 10563 10565
3 10616 10565 10566
3 10616 10617 10565
3 10617 10615 10565
3 10617 10616 10618
3 10621 10619 10620
3 10568 10620 10619
3 10568 10567 10620
3 10567 10622 10620
3 10622 10567 10562
3 10614 10622 10562
3 10616 10566 10569
3 10618 10616 10569
3 10618 10569 10623
3 10623 10569 10570
3 10623 10570 10624
3 10570 10571 10624
3 10619 10621 10624
3 10619 10624 10572
3 10572 10624 10571
3 10619 10572 10568
3 10574 10626 10625
3 10573 10574 10625
3 10625 10627 10573
3 10573 10627 10575
3 10627 10628 10575
3 10575 10628 10576
3 10628 10629 10576
3 10576 10629 10577
3 10631 10630 10578
3 10631 10578 10629
3 10629 10578 10577
3 10578 10630 10579
3 10580 10581 10632
3 10632 10574 10580
3 10632 10633 10574
3 10633 10626 10574
3 10631 10634 10630
3 10636 10635 10582
3 10634 10636 10582
3 10634 10582 10579
3 10634 10579 10630
3 10582 10635 10583
3 10637 10632 10581
3 10637 10581 10638
3 10638 10581 10584
3 10632 10637 10633
3 10636 10639 10635
3 10641 10640 10585
3 10639 10641 10585
3 10639 10585 10583
3 10639 10583 10635
3 10585 10640 10586
3 10587 10588 10642
3 10642 10584 10587
3 10642 10643 10584
3 10643 10638 10584
3 10641 10644 10640
3 10640 10644 10645
3 10640 10645 10586
3 10586 10645 10589
3 10646 10642 10588
3 10646 10588 10647
3 10647 10588 10590
3 10642 10646 10643
3 10645 10648 10589
3 10648 10592 10589
3 10647 10590 10649
3 10649 10590 10593
3 10594 10651 10650
3 10594 10592 10651
3 10592 10648 10651
3 10594 10650 10595
3 10649 10593 10652
3 10652 10593 10596
3 10654 10650 10651
3 10653 10650 10654
3 10650 10653 10597
3 10595 10650 10597
3 10652 10596 10655
3 10655 10596 10598
3 10657 10653 10654
3 10656 10653 10657
3 10653 10656 10599
3 10597 10653 10599
3 10655 10598 10658
3 10658 10598 10600
3 10656 10603 10602
3 10656 10657 10603
3 10657 10659 10603
3 10656 10602 10599
3 10660 10661 10658
3 10660 10658 10604
3 10604 10658 10600
3 10661 10660 10662
3 10659 10663 10603
3 10663 10605 10603
3 10660 10604 10606
3 10606 10662 10660
3 10606 10607 10662
3 10607 10664 10662
3 10610 10665 10666
3 10609 10665 10610
3 10665 10609 10605
3 10663 10665 10605
3 10664 10607 10612
3 10667 10664 10612
3 10612 10668 10667
3 10613 10668 10612
3 10671 10669 10670
3 10670 10669 10614
3 10670 10614 10666
3 10666 10614 10610
3 10668 10613 10615
3 10672 10668 10615
3 10672 10615 10673
3 10615 10617 10673
3 10674 10617 10618
3 10674 10675 10617
3 10675 10673 10617
3 10675 10676 10677
3 10674 10676 10675
3 10621 10677 10676
3 10621 10620 10677
3 10620 10678 10677
3 10669 10671 10678
3 10669 10678 10622
3 10622 10678 10620
3 10669 10622 10614
3 10674 10618 10623
3 10676 10674 10623
3 10624 10676 10623
3 10676 10624 10621
3 10625 10626 10679
3 10679 10681 10680
3 10679 10680 10625
3 10625 10680 10627
3 10680 10682 10627
3 10627 10682 10628
3 10682 10683 10628
3 10628 10683 10629
3 10629 10683 10684
3 10631 10629 10684
3 10685 10679 10626
3 10685 10626 10686
3 10686 10626 10633
3 10679 10685 10681
3 10684 10634 10631
3 10687 10634 10684
3 10634 10687 10688
3 10636 10634 10688
3 10638 10690 10689
3 10637 10638 10689
3 10689 10633 10637
3 10686 10633 10689
3 10688 10639 10636
3 10691 10639 10688
3 10639 10691 10692
3 10641 10639 10692
3 10690 10638 10693
3 10693 10638 10643
3 10644 10695 10694
3 10644 10641 10695
3 10641 10692 10695
3 10644 10694 10645
3 10646 10647 10696
3 10696 10643 10646
3 10696 10697 10643
3 10697 10693 10643
3 10695 10698 10694
3 10694 10698 10699
3 10694 10699 10645
3 10645 10699 10648
3 10700 10696 10647
3 10700 10647 10701
3 10701 10647 10649
3 10696 10700 10697
3 10699 10702 10648
3 10702 10651 10648
3 10701 10649 10703
3 10703 10649 10652
3 10702 10704 10651
3 10704 10654 10651
3 10703 10652 10705
3 10705 10652 10655
3 10704 10706 10654
3 10706 10657 10654
3 10707 10708 10705
3 10707 10705 10658
3 10658 10705 10655
3 10708 10707 10709
3 10706 10710 10657
3 10710 10659 10657
3 10707 10658 10661
3 10661 10709 10707
3 10661 10662 10709
3 10662 10711 10709
3 10714 10712 10713
3 10713 10712 10663
3 10713 10663 10710
3 10710 10663 10659
3 10715 10716 10711
3 10715 10711 10664
3 10664 10711 10662
3 10716 10715 10717
3 10720 10718 10719
3 10712 10666 10665
3 10714 10666 10712
3 10714 10718 10666
3 10714 10719 10718
3 10712 10665 10663
3 10715 10664 10667
3 10667 10668 10721
3 10715 10667 10721
3 10715 10721 10722
3 10715 10722 10717
3 10722 10721 10723
3 10726 10724 10725
3 10718 10671 10670
3 10720 10671 10718
3 10720 10724 10671
3 10720 10725 10724
3 10718 10670 10666
3 10721 10668 10672
3 10723 10721 10672
3 10723 10672 10727
3 10727 10672 10673
3 10727 10673 10728
3 10673 10675 10728
3 10728 10675 10729
3 10675 10677 10729
3 10724 10726 10729
3 10724 10729 10678
3 10678 10729 10677
3 10724 10678 10671
3 10681 10731 10730
3 10680 10681 10730
3 10730 10732 10680
3 10680 10732 10682
3 10734 10733 10683
3 10734 10683 10732
3 10732 10683 10682
3 10683 10733 10684
3 10686 10736 10735
3 10685 10686 10735
3 10735 10681 10685
3 10731 10681 10735
3 10734 10737 10733
3 10733 10687 10684
3 10733 10737 10687
3 10737 10738 10687
3 10687 10738 10739
3 10688 10687 10739
3 10689 10690 10740
3 10740 10686 10689
3 10740 10741 10686
3 10741 10736 10686
3 10691 10743 10742
3 10691 10688 10743
3 10688 10739 10743
3 10691 10742 10692
3 10744 10740 10690
3 10744 10690 10745
3 10745 10690 10693
3 10740 10744 10741
3 10743 10746 10742
3 10742 10746 10747
3 10742 10747 10692
3 10692 10747 10695
3 10745 10693 10748
3 10748 10693 10697
3 10698 10750 10749
3 10698 10695 10750
3 10695 10747 10750
3 10698 10749 10699
3 10700 10701 10751
3 10751 10697 10700
3 10751 10752 10697
3 10752 10748 10697
3 10750 10753 10749
3 10749 10753 10754
3 10749 10754 10699
3 10699 10754 10702
3 10755 10751 10701
3 10703 10755 10701
3 10752 10755 10756
3 10751 10755 10752
3 10754 10757 10702
3 10757 10704 10702
3 10758 10755 10703
3 10705 10758 10703
3 10756 10758 10759
3 10755 10758 10756
3 10757 10760 10704
3 10760 10706 10704
3 10758 10705 10708
3 10708 10759 10758
3 10708 10709 10759
3 10709 10761 10759
3 10764 10762 10763
3 10763 10762 10710
3 10763 10710 10760
3 10760 10710 10706
3 10765 10766 10761
3 10765 10761 10711
3 10711 10761 10709
3 10766 10765 10767
3 10762 10714 10713
3 10762 10764 10714
3 10764 10768 10714
3 10762 10713 10710
3 10765 10711 10716
3 10716 10717 10769
3 10765 10716 10769
3 10765 10769 10770
3 10765 10770 10767
3 10770 10769 10771
3 10720 10772 10773
3 10719 10772 10720
3 10772 10719 10714
3 10768 10772 10714
3 10769 10717 10722
3 10722 10723 10774
3 10769 10722 10774
3 10769 10774 10775
3 10769 10775 10771
3 10775 10776 10777
3 10774 10776 10775
3 10777 10778 10779
3 10776 10778 10777
3 10726 10779 10778
3 10726 10725 10779
3 10725 10780 10779
3 10780 10725 10720
3 10773 10780 10720
3 10774 10723 10727
3 10776 10774 10727
3 10728 10776 10727
3 10778 10776 10728
3 10729 10778 10728
3 10778 10729 10726
3 10730 10731 10781
3 10732 10730 10781
3 10782 10732 10781
3 10732 10782 10734
3 10735 10736 10783
3 10783 10785 10784
3 10735 10783 10784
3 10735 10784 10781
3 10735 10781 10731
3 10781 10786 10782
3 10784 10786 10781
3 10782 10737 10734
3 10782 10786 10737
3 10786 10787 10737
3 10789 10788 10738
3 10789 10738 10787
3 10787 10738 10737
3 10738 10788 10739
3 10790 10783 10736
3 10790 10736 10791
3 10791 10736 10741
3 10783 10790 10785
3 10789 10792 10788
3 10788 10792 10793
3 10788 10793 10739
3 10739 10793 10743
3 10744 10745 10794
3 10794 10741 10744
3 10794 10795 10741
3 10795 10791 10741
3 10793 10746 10743
3 10796 10746 10793
3 10746 10796 10797
3 10747 10746 10797
3 10798 10794 10745
3 10798 10745 10799
3 10799 10745 10748
3 10794 10798 10795
3 10797 10800 10747
3 10800 10750 10747
3 10799 10748 10801
3 10801 10748 10752
3 10753 10803 10802
3 10753 10750 10803
3 10750 10800 10803
3 10753 10802 10754
3 10801 10752 10804
3 10804 10752 10756
3 10806 10802 10803
3 10805 10802 10806
3 10802 10805 10757
3 10754 10802 10757
3 10804 10756 10807
3 10807 10756 10759
3 10809 10805 10806
3 10808 10805 10809
3 10805 10808 10760
3 10757 10805 10760
3 10810 10811 10807
3 10810 10807 10761
3 10761 10807 10759
3 10811 10810 10812
3 10808 10764 10763
3 10808 10809 10764
3 10809 10813 10764
3 10808 10763 10760
3 10810 10761 10766
3 10766 10812 10810
3 10766 10767 10812
3 10767 10814 10812
3 10817 10815 10816
3 10816 10815 10768
3 10816 10768 10813
3 10813 10768 10764
3 10814 10767 10770
3 10818 10814 10770
3 10819 10770 10771
3 10819 10820 10770
3 10820 10818 10770
3 10820 10819 10821
3 10824 10822 10823
3 10823 10825 10826
3 10822 10825 10823
3 10815 10773 10772
3 10817 10773 10815
3 10817 10825 10773
3 10817 10826 10825
3 10815 10772 10768
3 10819 10771 10775
3 10821 10819 10775
3 10821 10775 10827
3 10827 10775 10777
3 10822 10824 10827
3 10822 10827 10779
3 10779 10827 10777
3 10825 10822 10779
3 10780 10825 10779
3 10825 10780 10773
3 10785 10829 10828
3 10784 10785 10828
3 10828 10830 10784
3 10784 10830 10786
3 10832 10831 10787
3 10832 10787 10830
3 10830 10787 10786
3 10787 10831 10789
3 10790 10791 10833
3 10833 10785 10790
3 10833 10834 10785
3 10834 10829 10785
3 10832 10835 10831
3 10831 10792 10789
3 10831 10835 10792
3 10835 10836 10792
3 10792 10836 10837
3 10793 10792 10837
3 10838 10833 10791
3 10838 10791 10839
3 10839 10791 10795
3 10833 10838 10834
3 10796 10841 10840
3 10796 10793 10841
3 10793 10837 10841
3 10796 10840 10797
3 10798 10799 10842
3 10842 10795 10798
3 10842 10843 10795
3 10843 10839 10795
3 10841 10844 10840
3 10840 10844 10845
3 10840 10845 10797
3 10797 10845 10800
3 10846 10842 10799
3 10801 10846 10799
3 10843 10846 10847
3 10842 10846 10843
3 10845 10848 10800
3 10848 10803 10800
3 10849 10846 10801
3 10804 10849 10801
3 10847 10849 10850
3 10846 10849 10847
3 10853 10851 10852
3 10852 10851 10806
3 10852 10806 10848
3 10848 10806 10803
3 10854 10849 10804
3 10807 10854 10804
3 10850 10854 10855
3 10849 10854 10850
3 10857 10851 10853
3 10856 10851 10857
3 10851 10856 10809
3 10806 10851 10809
3 10854 10807 10811
3 10811 10812 10858
3 10854 10811 10858
3 10854 10858 10859
3 10854 10859 10855
3 10859 10858 10860
3 10862 10856 10857
3 10861 10856 10862
3 10856 10861 10813
3 10809 10856 10813
3 10863 10858 10812
3 10814 10863 10812
3 10860 10864 10865
3 10860 10858 10864
3 10858 10863 10864
3 10865 10864 10866
3 10869 10867 10868
3 10861 10817 10816
3 10862 10817 10861
3 10862 10867 10817
3 10862 10868 10867
3 10861 10816 10813
3 10863 10814 10818
3 10864 10863 10818
3 10820 10864 10818
3 10820 10821 10870
3 10864 10820 10870
3 10864 10870 10871
3 10864 10871 10866
3 10824 10871 10870
3 10824 10823 10871
3 10823 10872 10871
3 10867 10869 10872
3 10867 10872 10826
3 10826 10872 10823
3 10867 10826 10817
3 10870 10821 10827
3 10870 10827 10824
3 10828 10829 10873
3 10830 10828 10873
3 10874 10830 10873
3 10830 10874 10832
3 10875 10873 10829
3 10875 10829 10876
3 10876 10829 10834
3 10873 10877 10874
3 10875 10877 10873
3 10874 10835 10832
3 10874 10877 10835
3 10877 10878 10835
3 10880 10879 10836
3 10880 10836 10878
3 10878 10836 10835
3 10836 10879 10837
3 10838 10839 10881
3 10881 10834 10838
3 10881 10882 10834
3 10882 10876 10834
3 10880 10883 10879
3 10879 10883 10884
3 10879 10884 10837
3 10837 10884 10841
3 10885 10881 10839
3 10843 10885 10839
3 10882 10885 10886
3 10881 10885 10882
3 10844 10888 10887
3 10844 10841 10888
3 10841 10884 10888
3 10844 10887 10845
3 10889 10885 10843
3 10847 10889 10843
3 10886 10889 10890
3 10885 10889 10886
3 10892 10887 10888
3 10891 10887 10892
3 10887 10891 10848
3 10845 10887 10848
3 10893 10889 10847
3 10850 10893 10847
3 10890 10893 10894
3 10889 10893 10890
3 10891 10853 10852
3 10891 10892 10853
3 10892 10895 10853
3 10891 10852 10848
3 10896 10893 10850
3 10855 10896 10850
3 10894 10896 10897
3 10893 10896 10894
3 10900 10898 10899
3 10899 10898 10857
3 10899 10857 10895
3 10895 10857 10853
3 10896 10855 10859
3 10859 10860 10901
3 10896 10859 10901
3 10896 10901 10902
3 10896 10902 10897
3 10902 10901 10903
3 10905 10898 10900
3 10904 10898 10905
3 10898 10904 10862
3 10857 10898 10862
3 10901 10860 10865
3 10865 10866 10906
3 10901 10865 10906
3 10901 10906 10907
3 10901 10907 10903
3 10907 10908 10909
3 10906 10908 10907
3 10904 10869 10868
3 10905 10869 10904
3 10905 10908 10869
3 10905 10909 10908
3 10904 10868 10862
3 10906 10866 10871
3 10908 10906 10871
3 10872 10908 10871
3 10908 10872 10869
3 10875 10876 10910
3 10877 10875 10910
3 10911 10877 10910
3 10878 10877 10911
3 10912 10878 10911
3 10878 10912 10880
3 10913 10910 10876
3 10882 10913 10876
3 10914 10913 10915
3 10914 10911 10913
3 10911 10910 10913
3 10917 10911 10914
3 10917 10916 10911
3 10916 10912 10911
3 10883 10880 10912
3 10883 10912 10918
3 10918 10912 10916
3 10883 10918 10884
3 10919 10913 10882
3 10886 10919 10882
3 10915 10919 10920
3 10913 10919 10915
3 10917 10921 10916
3 10923 10916 10921
3 10923 10922 10916
3 10922 10918 10916
3 10918 10922 10888
3 10884 10918 10888
3 10924 10919 10886
3 10890 10924 10886
3 10920 10924 10925
3 10919 10924 10920
3 10927 10922 10923
3 10926 10922 10927
3 10922 10926 10892
3 10888 10922 10892
3 10928 10924 10890
3 10894 10928 10890
3 10925 10928 10929
3 10924 10928 10925
3 10932 10930 10931
3 10931 10926 10927
3 10931 10930 10926
3 10930 10933 10926
3 10926 10933 10895
3 10892 10926 10895
3 10934 10928 10894
3 10897 10934 10894
3 10929 10935 10936
3 10929 10928 10935
3 10928 10934 10935
3 10936 10930 10932
3 10936 10935 10930
3 10935 10937 10930
3 10900 10899 10933
3 10900 10933 10937
3 10937 10933 10930
3 10933 10899 10895
3 10934 10897 10902
3 10902 10903 10938
3 10902 10938 10934
3 10934 10938 10935
3 10935 10938 10937
3 10937 10938 10939
3 10937 10939 10905
3 10900 10937 10905
3 10938 10903 10907
3 10939 10938 10907
3 10909 10939 10907
3 10939 10909 10905
3 10914 10915 10940
3 10914 10940 10917
3 10941 10940 10915
3 10920 10941 10915
3 10921 10917 10940
3 10921 10940 10942
3 10942 10940 10941
3 10921 10942 10923
3 10943 10941 10920
3 10925 10943 10920
3 10941 10943 10942
3 10942 10943 10944
3 10942 10944 10927
3 10923 10942 10927
3 10945 10943 10925
3 10929 10945 10925
3 10932 10931 10944
3 10932 10944 10945
3 10945 10944 10943
3 10944 10931 10927
3 10945 10929 10936
3 10945 10936 10932