OFF
5178 10352 0
-0.4984608601 -0.0343750000 -0.0085937500
-0.4984375000 -0.0345679520 -0.0085937500
-0.4984375000 -0.0343750000 -0.0086485849
-0.4991918165 -0.0343750000 0.0000000000
-0.4984375000 -0.0398997014 0.0000000000
-0.4984375000 -0.0343750000 0.0030256025
-0.4991021174 -0.0257812500 -0.0085937500
-0.4984375000 -0.0257812500 -0.0100295920
-0.5000205176 -0.0257812500 0.0000000000
-0.4984375000 -0.0257812500 0.0063989751
-0.4997149160 -0.0171875000 -0.0085937500
-0.4984375000 -0.0171875000 -0.0113911464
-0.5005596266 -0.0171875000 0.0000000000
-0.4984375000 -0.0171875000 0.0077543853
-0.5002370338 -0.0085937500 -0.0085937500
-0.4984375000 -0.0085937500 -0.0122858073
-0.5012605339 -0.0085937500 0.0000000000
-0.4984991658 -0.0085937500 0.0085937500
-0.4984375000 -0.0100015079 0.0085937500
-0.4984375000 -0.0085937500 0.0087102432
-0.5009645621 0.0000000000 -0.0085937500
-0.4984375000 0.0000000000 -0.0132423096
-0.5020945347 0.0000000000 0.0000000000
-0.4986961471 0.0000000000 0.0085937500
-0.4984375000 0.0000000000 0.0090296372
-0.5018174396 0.0085937500 -0.0085937500
-0.4984375000 0.0085937500 -0.0142906081
-0.5027849592 0.0085937500 0.0000000000
-0.4986289748 0.0085937500 0.0085937500
-0.4984375000 0.0085937500 0.0088690871
-0.5021963129 0.0171875000 -0.0085937500
-0.4984375000 0.0171875000 -0.0144917694
-0.5030399800 0.0171875000 0.0000000000
-0.4984375000 0.0104933082 0.0085937500
-0.4984375000 0.0171875000 0.0076202130
-0.5014852426 0.0257812500 -0.0085937500
-0.4984375000 0.0257812500 -0.0128116409
-0.5025087999 0.0257812500 0.0000000000
-0.4984375000 0.0257812500 0.0059206395
-0.4997362760 0.0343750000 -0.0085937500
-0.4984375000 0.0343750000 -0.0103157090
-0.5006235897 0.0343750000 0.0000000000
-0.4984375000 0.0343750000 0.0035436368
-0.4984375000 0.0403369868 -0.0085937500
-0.4986862311 0.0429687500 0.0000000000
-0.4984375000 0.0429687500 -0.0023774322
-0.4984375000 0.0429687500 0.0004252649
-0.4984375000 0.0443330450 0.0000000000
-0.4910575202 -0.0515625000 0.0000000000
-0.4898437500 -0.0528338920 0.0000000000
-0.4898437500 -0.0515625000 -0.0050684947
-0.4898437500 -0.0515625000 0.0008775116
-0.4946300345 -0.0429687500 -0.0085937500
-0.4898437500 -0.0505963137 -0.0085937500
-0.4898437500 -0.0429687500 -0.0120154499
-0.4968786384 -0.0429687500 0.0000000000
-0.4898437500 -0.0429687500 0.0059114113
-0.4898437500 -0.0343750000 -0.0146017469
-0.4922451531 -0.0343750000 0.0085937500
-0.4898437500 -0.0376880740 0.0085937500
-0.4898437500 -0.0343750000 0.0100254815
-0.4898437500 -0.0257812500 -0.0159109768
-0.4963774665 -0.0257812500 0.0085937500
-0.4898437500 -0.0257812500 0.0131059541
-0.4898437500 -0.0171875000 -0.0169074254
-0.4977176457 -0.0171875000 0.0085937500
-0.4898437500 -0.0171875000 0.0150480116
-0.4906655373 -0.0085937500 -0.0171875000
-0.4898437500 -0.0139995612 -0.0171875000
-0.4898437500 -0.0085937500 -0.0176472547
-0.4898437500 -0.0085937500 0.0160996427
-0.4911680837 0.0000000000 -0.0171875000
-0.4898437500 0.0000000000 -0.0178702999
-0.4898437500 0.0000000000 0.0161657185
-0.4915247071 0.0085937500 -0.0171875000
-0.4898437500 0.0085937500 -0.0178385120
-0.4898437500 0.0085937500 0.0150298969
-0.4898437500 0.0133098946 -0.0171875000
-0.4898437500 0.0171875000 -0.0167076768
-0.4970228954 0.0171875000 0.0085937500
-0.4898437500 0.0171875000 0.0132674070
-0.4898437500 0.0257812500 -0.0148853425
-0.4942353211 0.0257812500 0.0085937500
-0.4898437500 0.0257812500 0.0111107423
-0.4898437500 0.0343750000 -0.0127960220
-0.4911623068 0.0343750000 0.0085937500
-0.4898437500 0.0343750000 0.0093445486
-0.4959401940 0.0429687500 -0.0085937500
-0.4898437500 0.0429687500 -0.0102950327
-0.4898437500 0.0378802827 0.0085937500
-0.4898437500 0.0429687500 0.0073566335
-0.4898437500 0.0484725112 -0.0085937500
-0.4957238303 0.0515625000 0.0000000000
-0.4898437500 0.0515625000 -0.0065495796
-0.4898437500 0.0515625000 0.0046975067
-0.4925518219 0.0601562500 0.0000000000
-0.4898437500 0.0601562500 -0.0027000826
-0.4898437500 0.0601562500 0.0023365390
-0.4898437500 0.0666388746 0.0000000000
-0.4812500000 -0.0556398303 0.0000000000
-0.4812500000 -0.0515625000 -0.0077411458
-0.4812500000 -0.0515625000 0.0029814720
-0.4812500000 -0.0510959464 -0.0085937500
-0.4812500000 -0.0429687500 -0.0128188530
-0.4812500000 -0.0429687500 0.0084399179
-0.4812500000 -0.0343750000 -0.0157141487
-0.4812500000 -0.0426833446 0.0085937500
-0.4812500000 -0.0343750000 0.0124586362
-0.4812500000 -0.0257812500 -0.0171501007
-0.4812500000 -0.0257812500 0.0154388797
-0.4878175813 -0.0171875000 -0.0171875000
-0.4812500000 -0.0254674757 -0.0171875000
-0.4812500000 -0.0171875000 -0.0180896126
-0.4836292901 -0.0171875000 0.0171875000
-0.4812500000 -0.0198751305 0.0171875000
-0.4812500000 -0.0171875000 0.0179126739
-0.4812500000 -0.0085937500 -0.0188485688
-0.4873166291 -0.0085937500 0.0171875000
-0.4812500000 -0.0085937500 0.0194927749
-0.4812500000 0.0000000000 -0.0196238282
-0.4876681269 0.0000000000 0.0171875000
-0.4812500000 0.0000000000 0.0201271722
-0.4812500000 0.0085937500 -0.0198107945
-0.4852691422 0.0085937500 0.0171875000
-0.4812500000 0.0085937500 0.0192267987
-0.4875710103 0.0171875000 -0.0171875000
-0.4812500000 0.0171875000 -0.0187083406
-0.4812542935 0.0171875000 0.0171875000
-0.4812500000 0.0171875000 0.0171895927
-0.4812500000 0.0239287493 -0.0171875000
-0.4812500000 0.0257812500 -0.0168206374
-0.4812500000 0.0171945179 0.0171875000
-0.4812500000 0.0257812500 0.0149493670
-0.4812500000 0.0343750000 -0.0149751189
-0.4812500000 0.0343750000 0.0131210050
-0.4812500000 0.0429687500 -0.0127920966
-0.4873766898 0.0429687500 0.0085937500
-0.4812500000 0.0429687500 0.0111372737
-0.4867496848 0.0515625000 -0.0085937500
-0.4812500000 0.0515625000 -0.0101753557
-0.4816390942 0.0515625000 0.0085937500
-0.4812500000 0.0515625000 0.0087410398
-0.4812500000 0.0575361025 -0.0085937500
-0.4812500000 0.0601562500 -0.0071952983
-0.4812500000 0.0522067195 0.0085937500
-0.4812500000 0.0601562500 0.0061928723
-0.4880654462 0.0687500000 0.0000000000
-0.4812500000 0.0687500000 -0.0032943597
-0.4812500000 0.0687500000 0.0031133677
-0.4812500000 0.0748917645 0.0000000000
-0.4726562500 -0.0561397858 0.0000000000
-0.4726562500 -0.0515625000 -0.0072119194
-0.4726562500 -0.0515625000 0.0038267031
-0.4726562500 -0.0506809241 -0.0085937500
-0.4726562500 -0.0429687500 -0.0129180904
-0.4802124084 -0.0429687500 0.0085937500
-0.4726562500 -0.0448617794 0.0085937500
-0.4726562500 -0.0429687500 0.0096233898
-0.4726562500 -0.0343750000 -0.0164532370
-0.4726562500 -0.0343750000 0.0143162917
-0.4809177554 -0.0257812500 -0.0171875000
-0.4726562500 -0.0309602322 -0.0171875000
-0.4726562500 -0.0257812500 -0.0180430194
-0.4752262708 -0.0257812500 0.0171875000
-0.4726562500 -0.0276860857 0.0171875000
-0.4726562500 -0.0257812500 0.0177966448
-0.4726562500 -0.0171875000 -0.0191682216
-0.4726562500 -0.0171875000 0.0202343469
-0.4726562500 -0.0085937500 -0.0200197414
-0.4726562500 -0.0085937500 0.0217559183
-0.4726562500 0.0000000000 -0.0211774861
-0.4726562500 0.0000000000 0.0224266801
-0.4726562500 0.0085937500 -0.0213630938
-0.4726562500 0.0085937500 0.0219196513
-0.4726562500 0.0171875000 -0.0204626932
-0.4726562500 0.0171875000 0.0200330585
-0.4794802921 0.0257812500 -0.0171875000
-0.4726562500 0.0257812500 -0.0187234973
-0.4732708023 0.0257812500 0.0171875000
-0.4726562500 0.0257812500 0.0173775035
-0.4726562500 0.0331725000 -0.0171875000
-0.4726562500 0.0343750000 -0.0169533939
-0.4726562500 0.0265340277 0.0171875000
-0.4726562500 0.0343750000 0.0156510191
-0.4726562500 0.0429687500 -0.0149469373
-0.4726562500 0.0429687500 0.0135042164
-0.4726562500 0.0515625000 -0.0122997304
-0.4726562500 0.0515625000 0.0106733136
-0.4776683620 0.0601562500 -0.0085937500
-0.4726562500 0.0601562500 -0.0095876987
-0.4726562500 0.0597468289 0.0085937500
-0.4726562500 0.0601562500 0.0084424245
-0.4726562500 0.0643639923 -0.0085937500
-0.4726562500 0.0687500000 -0.0063711793
-0.4726562500 0.0687500000 0.0052865881
-0.4760779556 0.0773437500 0.0000000000
-0.4726562500 0.0773437500 -0.0011570637
-0.4726562500 0.0773437500 0.0008917441
-0.4726562500 0.0786428621 0.0000000000
-0.4640625000 -0.0561518965 0.0000000000
-0.4640625000 -0.0515625000 -0.0069213558
-0.4640625000 -0.0515625000 0.0045228615
-0.4640625000 -0.0504511671 -0.0085937500
-0.4640625000 -0.0429687500 -0.0130322747
-0.4640625000 -0.0470792800 0.0085937500
-0.4640625000 -0.0429687500 0.0109064843
-0.4640625000 -0.0343750000 -0.0167846897
-0.4640625000 -0.0343750000 0.0155725229
-0.4640625000 -0.0328892176 -0.0171875000
-0.4640625000 -0.0257812500 -0.0185641284
-0.4640625000 -0.0306108882 0.0171875000
-0.4640625000 -0.0257812500 0.0187299505
-0.4640625000 -0.0171875000 -0.0197912195
-0.4640625000 -0.0171875000 0.0212447498
-0.4640625000 -0.0085937500 -0.0211053645
-0.4640625000 -0.0085937500 0.0228573237
-0.4640625000 0.0000000000 -0.0223875672
-0.4640625000 0.0000000000 0.0235540691
-0.4640625000 0.0085937500 -0.0226708008
-0.4640625000 0.0085937500 0.0232884174
-0.4640625000 0.0171875000 -0.0218388051
-0.4640625000 0.0171875000 0.0216705834
-0.4640625000 0.0257812500 -0.0200913111
-0.4640625000 0.0257812500 0.0190752691
-0.4710005627 0.0343750000 -0.0171875000
-0.4640625000 0.0343750000 -0.0182512618
-0.4640625000 0.0334266915 0.0171875000
-0.4640625000 0.0343750000 0.0170024878
-0.4640625000 0.0388950738 -0.0171875000
-0.4640625000 0.0429687500 -0.0162555488
-0.4640625000 0.0429687500 0.0145743552
-0.4640625000 0.0515625000 -0.0136762107
-0.4640625000 0.0515625000 0.0114572481
-0.4640625000 0.0601562500 -0.0106872890
-0.4713187887 0.0601562500 0.0085937500
-0.4640625000 0.0601562500 0.0091452167
-0.4640625000 0.0679726579 -0.0085937500
-0.4640625000 0.0687500000 -0.0081280935
-0.4640625000 0.0621826196 0.0085937500
-0.4640625000 0.0687500000 0.0058393505
-0.4640625000 0.0773437500 -0.0012957103
-0.4640625000 0.0773437500 0.0007593173
-0.4640625000 0.0784032081 0.0000000000
-0.4554687500 -0.0564144379 0.0000000000
-0.4554687500 -0.0515625000 -0.0065287856
-0.4554687500 -0.0515625000 0.0055291413
-0.4554687500 -0.0500825926 -0.0085937500
-0.4554687500 -0.0429687500 -0.0132471102
-0.4554687500 -0.0486727813 0.0085937500
-0.4554687500 -0.0429687500 0.0117146972
-0.4566707690 -0.0343750000 -0.0171875000
-0.4554687500 -0.0345420290 -0.0171875000
-0.4554687500 -0.0343750000 -0.0172349904
-0.4554687500 -0.0343750000 0.0161687402
-0.4554687500 -0.0257812500 -0.0190341340
-0.4554687500 -0.0320191991 0.0171875000
-0.4554687500 -0.0257812500 0.0193021207
-0.4554687500 -0.0171875000 -0.0203621544
-0.4554687500 -0.0171875000 0.0217457705
-0.4554687500 -0.0085937500 -0.0218137137
-0.4554687500 -0.0085937500 0.0232349847
-0.4554687500 0.0000000000 -0.0231262317
-0.4554687500 0.0000000000 0.0241541855
-0.4554687500 0.0085937500 -0.0235046150
-0.4554687500 0.0085937500 0.0240973951
-0.4554687500 0.0171875000 -0.0226643404
-0.4554687500 0.0171875000 0.0226062200
-0.4554687500 0.0257812500 -0.0208913339
-0.4554687500 0.0257812500 0.0199411764
-0.4554687500 0.0343750000 -0.0191100677
-0.4600775258 0.0343750000 0.0171875000
-0.4554687500 0.0343750000 0.0174396592
-0.4554687500 0.0420817920 -0.0171875000
-0.4554687500 0.0429687500 -0.0169713969
-0.4554687500 0.0350873602 0.0171875000
-0.4554687500 0.0429687500 0.0148500207
-0.4554687500 0.0515625000 -0.0144074420
-0.4554687500 0.0515625000 0.0118070251
-0.4554687500 0.0601562500 -0.0114996149
-0.4554687500 0.0601562500 0.0093374683
-0.4613596569 0.0687500000 -0.0085937500
-0.4554687500 0.0687500000 -0.0090646146
-0.4554687500 0.0625561147 0.0085937500
-0.4554687500 0.0687500000 0.0056540046
-0.4554687500 0.0703458119 -0.0085937500
-0.4554687500 0.0773437500 -0.0008139199
-0.4554687500 0.0773437500 0.0003542665
-0.4554687500 0.0778397264 0.0000000000
-0.4468750000 -0.0564414905 0.0000000000
-0.4468750000 -0.0515625000 -0.0066967027
-0.4468750000 -0.0515625000 0.0072222963
-0.4468750000 -0.0501701061 -0.0085937500
-0.4468750000 -0.0429687500 -0.0136113040
-0.4468750000 -0.0504026811 0.0085937500
-0.4468750000 -0.0429687500 0.0123906773
-0.4468750000 -0.0355960378 -0.0171875000
-0.4468750000 -0.0343750000 -0.0175346329
-0.4468750000 -0.0343750000 0.0165465723
-0.4468750000 -0.0257812500 -0.0194797862
-0.4468750000 -0.0328878974 0.0171875000
-0.4468750000 -0.0257812500 0.0197128132
-0.4468750000 -0.0171875000 -0.0209117152
-0.4468750000 -0.0171875000 0.0219985185
-0.4468750000 -0.0085937500 -0.0223694594
-0.4468750000 -0.0085937500 0.0233344180
-0.4468750000 0.0000000000 -0.0237538108
-0.4468750000 0.0000000000 0.0243705025
-0.4468750000 0.0085937500 -0.0242620882
-0.4468750000 0.0085937500 0.0245336786
-0.4468750000 0.0171875000 -0.0235041765
-0.4468750000 0.0171875000 0.0230613339
-0.4468750000 0.0257812500 -0.0217125091
-0.4468750000 0.0257812500 0.0204428101
-0.4468750000 0.0343750000 -0.0199196697
-0.4468750000 0.0343750000 0.0175984382
-0.4528365565 0.0429687500 -0.0171875000
-0.4468750000 0.0429687500 -0.0177205388
-0.4468750000 0.0353106839 0.0171875000
-0.4468750000 0.0429687500 0.0145884505
-0.4468750000 0.0446725667 -0.0171875000
-0.4468750000 0.0515625000 -0.0150774931
-0.4468750000 0.0515625000 0.0118910397
-0.4468750000 0.0601562500 -0.0122222492
-0.4468750000 0.0601562500 0.0092979175
-0.4468750000 0.0687500000 -0.0094114507
-0.4468750000 0.0622235055 0.0085937500
-0.4468750000 0.0687500000 0.0050646969
-0.4468750000 0.0713547024 -0.0085937500
-0.4496072142 0.0773437500 0.0000000000
-0.4468750000 0.0771105473 0.0000000000
-0.4382812500 -0.0562824600 0.0000000000
-0.4382812500 -0.0515625000 -0.0066432266
-0.4409550101 -0.0515625000 0.0085937500
-0.4382812500 -0.0520285130 0.0085937500
-0.4382812500 -0.0515625000 0.0088899502
-0.4382812500 -0.0501567249 -0.0085937500
-0.4382812500 -0.0429687500 -0.0138292393
-0.4382812500 -0.0429687500 0.0130795951
-0.4382812500 -0.0365508067 -0.0171875000
-0.4382812500 -0.0343750000 -0.0178457915
-0.4382812500 -0.0343750000 0.0170041308
-0.4382812500 -0.0257812500 -0.0199008055
-0.4382812500 -0.0339219265 0.0171875000
-0.4382812500 -0.0257812500 0.0200861185
-0.4382812500 -0.0171875000 -0.0214411455
-0.4382812500 -0.0171875000 0.0223665143
-0.4382812500 -0.0085937500 -0.0229869847
-0.4382812500 -0.0085937500 0.0236237801
-0.4382812500 0.0000000000 -0.0243301365
-0.4382812500 0.0000000000 0.0245616308
-0.4382812500 0.0085937500 -0.0249266596
-0.4382812500 0.0085937500 0.0247647233
-0.4382812500 0.0171875000 -0.0241904764
-0.4382812500 0.0171875000 0.0233555910
-0.4382812500 0.0257812500 -0.0224045914
-0.4382812500 0.0257812500 0.0208098644
-0.4382812500 0.0343750000 -0.0206200696
-0.4382812500 0.0343750000 0.0176254219
-0.4382812500 0.0429687500 -0.0184248927
-0.4382812500 0.0352640912 0.0171875000
-0.4382812500 0.0429687500 0.0144186373
-0.4382812500 0.0468376053 -0.0171875000
-0.4382812500 0.0515625000 -0.0155722508
-0.4382812500 0.0515625000 0.0115399342
-0.4382812500 0.0601562500 -0.0125013627
-0.4382812500 0.0601562500 0.0088877426
-0.4382812500 0.0687500000 -0.0093898357
-0.4382812500 0.0610287232 0.0085937500
-0.4382812500 0.0687500000 0.0043880737
-0.4382812500 0.0709781254 -0.0085937500
-0.4382812500 0.0758272466 0.0000000000
-0.4296875000 -0.0560450934 0.0000000000
-0.4296875000 -0.0515625000 -0.0063110959
-0.4296875000 -0.0518904765 0.0085937500
-0.4296875000 -0.0515625000 0.0088227069
-0.4296875000 -0.0499642837 -0.0085937500
-0.4296875000 -0.0429687500 -0.0136910004
-0.4296875000 -0.0429687500 0.0135084420
-0.4296875000 -0.0370610850 -0.0171875000
-0.4296875000 -0.0343750000 -0.0181134629
-0.4336935670 -0.0343750000 0.0171875000
-0.4296875000 -0.0347607884 0.0171875000
-0.4296875000 -0.0343750000 0.0173422426
-0.4296875000 -0.0257812500 -0.0203606245
-0.4296875000 -0.0257812500 0.0203910332
-0.4296875000 -0.0171875000 -0.0219523472
-0.4296875000 -0.0171875000 0.0226119084
-0.4296875000 -0.0085937500 -0.0233674689
-0.4296875000 -0.0085937500 0.0237310626
-0.4296875000 0.0000000000 -0.0247966245
-0.4296875000 0.0000000000 0.0245862844
-0.4296875000 0.0085937500 -0.0255183659
-0.4296875000 0.0085937500 0.0248996496
-0.4296875000 0.0171875000 -0.0246343323
-0.4296875000 0.0171875000 0.0234884959
-0.4296875000 0.0257812500 -0.0228685151
-0.4296875000 0.0257812500 0.0209163871
-0.4296875000 0.0343750000 -0.0211131132
-0.4296875000 0.0343750000 0.0175825593
-0.4296875000 0.0429687500 -0.0189129325
-0.4296875000 0.0351695136 0.0171875000
-0.4296875000 0.0429687500 0.0143811274
-0.4296875000 0.0482268943 -0.0171875000
-0.4296875000 0.0515625000 -0.0159877140
-0.4296875000 0.0515625000 0.0113287957
-0.4296875000 0.0601562500 -0.0127323369
-0.4338222752 0.0601562500 0.0085937500
-0.4296875000 0.0594040241 0.0085937500
-0.4296875000 0.0601562500 0.0082106199
-0.4296875000 0.0687500000 -0.0091350387
-0.4296875000 0.0687500000 0.0036892073
-0.4296875000 0.0700725482 -0.0085937500
-0.4296875000 0.0745742445 0.0000000000
-0.4210937500 -0.0558084903 0.0000000000
-0.4210937500 -0.0515625000 -0.0060689797
-0.4232732709 -0.0515625000 0.0085937500
-0.4210937500 -0.0515625000 0.0084086739
-0.4210937500 -0.0497822698 -0.0085937500
-0.4210937500 -0.0429687500 -0.0134050332
-0.4210937500 -0.0514434684 0.0085937500
-0.4210937500 -0.0429687500 0.0136334488
-0.4210937500 -0.0370806595 -0.0171875000
-0.4210937500 -0.0343750000 -0.0182082653
-0.4210937500 -0.0355578590 0.0171875000
-0.4210937500 -0.0343750000 0.0176798651
-0.4210937500 -0.0257812500 -0.0206554580
-0.4210937500 -0.0257812500 0.0207833754
-0.4210937500 -0.0171875000 -0.0223000821
-0.4210937500 -0.0171875000 0.0229224675
-0.4210937500 -0.0085937500 -0.0235608997
-0.4210937500 -0.0085937500 0.0241126773
-0.4210937500 0.0000000000 -0.0249610454
-0.4210937500 0.0000000000 0.0249358967
-0.4219739705 0.0085937500 -0.0257812500
-0.4210937500 0.0082934631 -0.0257812500
-0.4210937500 0.0085937500 -0.0258079110
-0.4210937500 0.0085937500 0.0251587079
-0.4210937500 0.0088511100 -0.0257812500
-0.4210937500 0.0171875000 -0.0248554291
-0.4210937500 0.0171875000 0.0236743259
-0.4210937500 0.0257812500 -0.0232635467
-0.4210937500 0.0257812500 0.0210451912
-0.4210937500 0.0343750000 -0.0214808385
-0.4210937500 0.0343750000 0.0176027301
-0.4210937500 0.0429687500 -0.0192839919
-0.4210937500 0.0352150727 0.0171875000
-0.4210937500 0.0429687500 0.0143745414
-0.4210937500 0.0494026185 -0.0171875000
-0.4210937500 0.0515625000 -0.0163806137
-0.4210937500 0.0515625000 0.0110908186
-0.4210937500 0.0601562500 -0.0128919737
-0.4210937500 0.0581175245 0.0085937500
-0.4210937500 0.0601562500 0.0075616474
-0.4210937500 0.0687500000 -0.0090432338
-0.4210937500 0.0687500000 0.0032360457
-0.4210937500 0.0697393182 -0.0085937500
-0.4210937500 0.0737844010 0.0000000000
-0.4125000000 -0.0558360947 0.0000000000
-0.4125000000 -0.0515625000 -0.0060132075
-0.4125000000 -0.0515625000 0.0077951699
-0.4125000000 -0.0497276425 -0.0085937500
-0.4125000000 -0.0429687500 -0.0132536052
-0.4125000000 -0.0510132082 0.0085937500
-0.4125000000 -0.0429687500 0.0135812503
-0.4125000000 -0.0369704433 -0.0171875000
-0.4125000000 -0.0343750000 -0.0181983016
-0.4125000000 -0.0360991327 0.0171875000
-0.4125000000 -0.0343750000 0.0179489338
-0.4125000000 -0.0257812500 -0.0207514436
-0.4125000000 -0.0257812500 0.0211167136
-0.4125000000 -0.0171875000 -0.0224972148
-0.4125000000 -0.0171875000 0.0232164662
-0.4125000000 -0.0085937500 -0.0235996382
-0.4125000000 -0.0085937500 0.0245313517
-0.4125000000 0.0000000000 -0.0249827040
-0.4125000000 0.0000000000 0.0253406744
-0.4125000000 0.0063976941 -0.0257812500
-0.4125000000 0.0085937500 -0.0260286543
-0.4125000000 0.0085937500 0.0253442924
-0.4125000000 0.0114120848 -0.0257812500
-0.4125000000 0.0171875000 -0.0252236809
-0.4125000000 0.0171875000 0.0237290651
-0.4125000000 0.0257812500 -0.0237438630
-0.4125000000 0.0257812500 0.0211919679
-0.4125000000 0.0343750000 -0.0219583730
-0.4125000000 0.0343750000 0.0178150507
-0.4125000000 0.0429687500 -0.0196827501
-0.4125000000 0.0356986610 0.0171875000
-0.4125000000 0.0429687500 0.0145336185
-0.4125000000 0.0503165152 -0.0171875000
-0.4125000000 0.0515625000 -0.0166805110
-0.4125000000 0.0515625000 0.0109360345
-0.4125000000 0.0601562500 -0.0129357754
-0.4125000000 0.0576823703 0.0085937500
-0.4125000000 0.0601562500 0.0073708953
-0.4125000000 0.0687500000 -0.0089149333
-0.4125000000 0.0687500000 0.0025894052
-0.4125000000 0.0693814239 -0.0085937500
-0.4125000000 0.0726614808 0.0000000000
-0.4039062500 -0.0560561061 0.0000000000
-0.4039062500 -0.0515625000 -0.0062666333
-0.4039062500 -0.0515625000 0.0072958086
-0.4039062500 -0.0498740485 -0.0085937500
-0.4039062500 -0.0429687500 -0.0131440861
-0.4039062500 -0.0506124645 0.0085937500
-0.4039062500 -0.0429687500 0.0136595247
-0.4039062500 -0.0367368228 -0.0171875000
-0.4039062500 -0.0343750000 -0.0181271482
-0.4039062500 -0.0365565155 0.0171875000
-0.4039062500 -0.0343750000 0.0181588684
-0.4039062500 -0.0257812500 -0.0206723145
-0.4039062500 -0.0257812500 0.0213964793
-0.4039062500 -0.0171875000 -0.0223319408
-0.4039062500 -0.0171875000 0.0233900991
-0.4039062500 -0.0085937500 -0.0235058405
-0.4039062500 -0.0085937500 0.0249521737
-0.4039062500 0.0000000000 -0.0249572691
-0.4039062500 0.0000000000 0.0257704097
-0.4039062500 0.0052579220 -0.0257812500
-0.4039062500 0.0085937500 -0.0262557972
-0.4039062500 0.0085937500 0.0255670712
-0.4039062500 0.0153530893 -0.0257812500
-0.4039062500 0.0171875000 -0.0256340506
-0.4039062500 0.0171875000 0.0238631625
-0.4039062500 0.0257812500 -0.0242312644
-0.4039062500 0.0257812500 0.0213328886
-0.4039062500 0.0343750000 -0.0224230976
-0.4039062500 0.0343750000 0.0182461128
-0.4039062500 0.0429687500 -0.0200963653
-0.4039062500 0.0366769271 0.0171875000
-0.4039062500 0.0429687500 0.0148198672
-0.4039062500 0.0510976356 -0.0171875000
-0.4039062500 0.0515625000 -0.0169850628
-0.4039062500 0.0515625000 0.0110512857
-0.4039062500 0.0601562500 -0.0128727362
-0.4039062500 0.0578851450 0.0085937500
-0.4039062500 0.0601562500 0.0074269633
-0.4062670063 0.0687500000 -0.0085937500
-0.4039062500 0.0685103345 -0.0085937500
-0.4039062500 0.0687500000 -0.0080052074
-0.4039062500 0.0687500000 0.0020140811
-0.4039062500 0.0715102038 0.0000000000
-0.3953125000 -0.0562209177 0.0000000000
-0.3953125000 -0.0515625000 -0.0066230340
-0.3953125000 -0.0515625000 0.0069565924
-0.3953125000 -0.0501932210 -0.0085937500
-0.3953125000 -0.0429687500 -0.0132741687
-0.3953125000 -0.0503004807 0.0085937500
-0.3953125000 -0.0429687500 0.0137260423
-0.3953125000 -0.0364790610 -0.0171875000
-0.3953125000 -0.0343750000 -0.0179838236
-0.3953125000 -0.0371590320 0.0171875000
-0.3953125000 -0.0343750000 0.0184267198
-0.3953125000 -0.0257812500 -0.0205449500
-0.3953125000 -0.0257812500 0.0215904950
-0.3953125000 -0.0171875000 -0.0221012814
-0.3953125000 -0.0171875000 0.0235960330
-0.3953125000 -0.0085937500 -0.0234401484
-0.3953125000 -0.0085937500 0.0253023674
-0.3953125000 0.0000000000 -0.0249455898
-0.4032105111 0.0000000000 0.0257812500
-0.3953125000 -0.0017529197 0.0257812500
-0.3953125000 0.0000000000 0.0259053785
-0.3953125000 0.0052906318 -0.0257812500
-0.3953125000 0.0085937500 -0.0262729159
-0.3953125000 0.0063593728 0.0257812500
-0.3953125000 0.0085937500 0.0257384064
-0.3978885552 0.0171875000 -0.0257812500
-0.3953125000 0.0171875000 -0.0258373554
-0.3953125000 0.0171875000 0.0241115659
-0.3953125000 0.0175648979 -0.0257812500
-0.3953125000 0.0257812500 -0.0244836923
-0.3953125000 0.0257812500 0.0215180305
-0.3953125000 0.0343750000 -0.0227690686
-0.3953125000 0.0343750000 0.0187392701
-0.3953125000 0.0429687500 -0.0204311336
-0.3953125000 0.0378440397 0.0171875000
-0.3953125000 0.0429687500 0.0151596755
-0.3953125000 0.0515104970 -0.0171875000
-0.3953125000 0.0515625000 -0.0171622402
-0.3953125000 0.0515625000 0.0112108702
-0.3953125000 0.0601562500 -0.0127331399
-0.3953125000 0.0577573517 0.0085937500
-0.3953125000 0.0601562500 0.0072776274
-0.3953125000 0.0677460559 -0.0085937500
-0.3953125000 0.0687500000 -0.0056599960
-0.3953125000 0.0687500000 0.0012939273
-0.3953125000 0.0704535011 0.0000000000
-0.3867187500 -0.0565626329 0.0000000000
-0.3867187500 -0.0515625000 -0.0069588868
-0.3867187500 -0.0515625000 0.0067497658
-0.3867187500 -0.0504649165 -0.0085937500
-0.3867187500 -0.0429687500 -0.0134547488
-0.3867187500 -0.0501146851 0.0085937500
-0.3867187500 -0.0429687500 0.0137825474
-0.3867187500 -0.0365544103 -0.0171875000
-0.3867187500 -0.0343750000 -0.0179819969
-0.3867187500 -0.0375145409 0.0171875000
-0.3867187500 -0.0343750000 0.0185547306
-0.3867187500 -0.0257812500 -0.0205731096
-0.3867187500 -0.0257812500 0.0215858417
-0.3867187500 -0.0171875000 -0.0220477246
-0.3867187500 -0.0171875000 0.0237065369
-0.3867187500 -0.0085937500 -0.0234682132
-0.3867187500 -0.0085937500 0.0255276262
-0.3867187500 0.0000000000 -0.0250189108
-0.3867187500 -0.0041365340 0.0257812500
-0.3867187500 0.0000000000 0.0260226205
-0.3867187500 0.0049965974 -0.0257812500
-0.3867187500 0.0085937500 -0.0263052052
-0.3884332733 0.0085937500 0.0257812500
-0.3867187500 0.0085937500 0.0257918979
-0.3867187500 0.0171875000 -0.0258539289
-0.3867187500 0.0086510095 0.0257812500
-0.3867187500 0.0171875000 0.0242602787
-0.3867187500 0.0177298855 -0.0257812500
-0.3867187500 0.0257812500 -0.0246440903
-0.3867187500 0.0257812500 0.0218363876
-0.3867187500 0.0343750000 -0.0229357257
-0.3867187500 0.0343750000 0.0191289027
-0.3867187500 0.0429687500 -0.0205734728
-0.3867187500 0.0387714655 0.0171875000
-0.3867187500 0.0429687500 0.0154552142
-0.3933457059 0.0515625000 -0.0171875000
-0.3867187500 0.0515625000 -0.0172599718
-0.3867187500 0.0515625000 0.0113580193
-0.3867187500 0.0517185312 -0.0171875000
-0.3867187500 0.0601562500 -0.0126573500
-0.3867187500 0.0576171570 0.0085937500
-0.3867187500 0.0601562500 0.0071156792
-0.3867187500 0.0676840443 -0.0085937500
-0.3867187500 0.0687500000 -0.0042186131
-0.3867187500 0.0687500000 0.0007090577
-0.3867187500 0.0696985629 0.0000000000
-0.3781250000 -0.0571437610 0.0000000000
-0.3781250000 -0.0515625000 -0.0073498713
-0.3781250000 -0.0515625000 0.0070683939
-0.3781250000 -0.0506746538 -0.0085937500
-0.3781250000 -0.0429687500 -0.0136070279
-0.3781250000 -0.0502806930 0.0085937500
-0.3781250000 -0.0429687500 0.0138605622
-0.3781250000 -0.0367413706 -0.0171875000
-0.3781250000 -0.0343750000 -0.0180246174
-0.3781250000 -0.0378134131 0.0171875000
-0.3781250000 -0.0343750000 0.0186664080
-0.3781250000 -0.0257812500 -0.0205906108
-0.3781250000 -0.0257812500 0.0214814982
-0.3781250000 -0.0171875000 -0.0220437923
-0.3781250000 -0.0171875000 0.0236473978
-0.3781250000 -0.0085937500 -0.0235532388
-0.3781250000 -0.0085937500 0.0253924726
-0.3781250000 0.0000000000 -0.0251222089
-0.3781250000 -0.0032416768 0.0257812500
-0.3781250000 0.0000000000 0.0260294288
-0.3781250000 0.0044172068 -0.0257812500
-0.3781250000 0.0085937500 -0.0263864109
-0.3781250000 0.0085937500 0.0258068610
-0.3781250000 0.0171875000 -0.0258484487
-0.3781250000 0.0087485884 0.0257812500
-0.3781250000 0.0171875000 0.0245047752
-0.3781250000 0.0177678359 -0.0257812500
-0.3781250000 0.0257812500 -0.0248251623
-0.3781250000 0.0257812500 0.0222343178
-0.3781250000 0.0343750000 -0.0230752997
-0.3781250000 0.0343750000 0.0195685727
-0.3781250000 0.0429687500 -0.0207445013
-0.3781250000 0.0398715909 0.0171875000
-0.3781250000 0.0429687500 0.0158418221
-0.3781250000 0.0515625000 -0.0173097279
-0.3781250000 0.0515625000 0.0114440807
-0.3781250000 0.0518007902 -0.0171875000
-0.3781250000 0.0601562500 -0.0126227405
-0.3781250000 0.0575447039 0.0085937500
-0.3781250000 0.0601562500 0.0069928890
-0.3781250000 0.0678363333 -0.0085937500
-0.3781250000 0.0687500000 -0.0038601119
-0.3781250000 0.0687500000 0.0005207445
-0.3781250000 0.0694630323 0.0000000000
-0.3695312500 -0.0579228692 0.0000000000
-0.3695312500 -0.0515625000 -0.0082571200
-0.3695312500 -0.0515625000 0.0076647743
-0.3695312500 -0.0513158306 -0.0085937500
-0.3695312500 -0.0429687500 -0.0137952008
-0.3695312500 -0.0507415240 0.0085937500
-0.3695312500 -0.0429687500 0.0139599605
-0.3695312500 -0.0367607255 -0.0171875000
-0.3695312500 -0.0343750000 -0.0179982745
-0.3695312500 -0.0380863475 0.0171875000
-0.3695312500 -0.0343750000 0.0188003427
-0.3695312500 -0.0257812500 -0.0206476061
-0.3695312500 -0.0257812500 0.0214834751
-0.3695312500 -0.0171875000 -0.0221692921
-0.3695312500 -0.0171875000 0.0234994590
-0.3695312500 -0.0085937500 -0.0238225600
-0.3695312500 -0.0085937500 0.0251093101
-0.3695312500 0.0000000000 -0.0253585828
-0.3697528353 0.0000000000 0.0257812500
-0.3695312500 0.0000000000 0.0257753534
-0.3695312500 0.0032535454 -0.0257812500
-0.3695312500 0.0085937500 -0.0264554359
-0.3695312500 0.0028558541 0.0257812500
-0.3695312500 0.0085937500 0.0257940529
-0.3695312500 0.0171875000 -0.0258358418
-0.3695312500 0.0086971593 0.0257812500
-0.3695312500 0.0171875000 0.0248339013
-0.3695312500 0.0176558616 -0.0257812500
-0.3695312500 0.0257812500 -0.0248357164
-0.3695312500 0.0257812500 0.0226360430
-0.3695312500 0.0343750000 -0.0231307551
-0.3695312500 0.0343750000 0.0200953368
-0.3695312500 0.0429687500 -0.0209067907
-0.3695312500 0.0414370579 0.0171875000
-0.3695312500 0.0429687500 0.0165084096
-0.3695312500 0.0515625000 -0.0174915916
-0.3695312500 0.0515625000 0.0117518383
-0.3695312500 0.0521273740 -0.0171875000
-0.3695312500 0.0601562500 -0.0127131508
-0.3695312500 0.0577660368 0.0085937500
-0.3695312500 0.0601562500 0.0070027473
-0.3695312500 0.0681409194 -0.0085937500
-0.3695312500 0.0687500000 -0.0052464593
-0.3695312500 0.0687500000 0.0006893390
-0.3695312500 0.0696460026 0.0000000000
-0.3671922992 -0.0515625000 -0.0085937500
-0.3609375000 -0.0522968275 -0.0085937500
-0.3609375000 -0.0515625000 -0.0090261112
-0.3609375000 -0.0588692027 0.0000000000
-0.3609375000 -0.0515625000 0.0083542273
-0.3609375000 -0.0429687500 -0.0140278622
-0.3609375000 -0.0513462419 0.0085937500
-0.3609375000 -0.0429687500 0.0142301965
-0.3609375000 -0.0371162245 -0.0171875000
-0.3609375000 -0.0343750000 -0.0181356632
-0.3609375000 -0.0384009219 0.0171875000
-0.3609375000 -0.0343750000 0.0189504086
-0.3609375000 -0.0257812500 -0.0207619845
-0.3609375000 -0.0257812500 0.0214927613
-0.3609375000 -0.0171875000 -0.0224696339
-0.3609375000 -0.0171875000 0.0234140615
-0.3609375000 -0.0085937500 -0.0240984177
-0.3609375000 -0.0085937500 0.0249620696
-0.3609375000 0.0000000000 -0.0256807289
-0.3609375000 0.0000000000 0.0255737641
-0.3609375000 0.0010478064 -0.0257812500
-0.3609375000 0.0085937500 -0.0264788944
-0.3682462718 0.0085937500 0.0257812500
-0.3609375000 0.0085937500 0.0257172537
-0.3609375000 0.0171875000 -0.0259645889
-0.3609375000 0.0171875000 0.0250753725
-0.3609375000 0.0186097524 -0.0257812500
-0.3609375000 0.0257812500 -0.0248630672
-0.3609375000 0.0257812500 0.0229606678
-0.3609375000 0.0343750000 -0.0231858855
-0.3609375000 0.0343750000 0.0205772538
-0.3609375000 0.0429687500 -0.0209641542
-0.3609375000 0.0428477445 0.0171875000
-0.3609375000 0.0429687500 0.0171328842
-0.3609375000 0.0515625000 -0.0175980994
-0.3609375000 0.0515625000 0.0122879736
-0.3609375000 0.0523761673 -0.0171875000
-0.3609375000 0.0601562500 -0.0129780058
-0.3609375000 0.0584368397 0.0085937500
-0.3609375000 0.0601562500 0.0073699154
-0.3609375000 0.0682652366 -0.0085937500
-0.3609375000 0.0687500000 -0.0059824813
-0.3609375000 0.0687500000 0.0008769586
-0.3609375000 0.0697840292 0.0000000000
-0.3523437500 -0.0533457239 -0.0085937500
-0.3523437500 -0.0515625000 -0.0096090675
-0.3523437500 -0.0597861884 0.0000000000
-0.3593711666 -0.0515625000 0.0085937500
-0.3523437500 -0.0526333434 0.0085937500
-0.3523437500 -0.0515625000 0.0092486693
-0.3523437500 -0.0429687500 -0.0142616577
-0.3523437500 -0.0429687500 0.0145715237
-0.3523437500 -0.0375981744 -0.0171875000
-0.3523437500 -0.0343750000 -0.0183744332
-0.3523437500 -0.0386421262 0.0171875000
-0.3523437500 -0.0343750000 0.0190139866
-0.3523437500 -0.0257812500 -0.0209370162
-0.3523437500 -0.0257812500 0.0213551497
-0.3523437500 -0.0171875000 -0.0228261106
-0.3523437500 -0.0171875000 0.0232554224
-0.3523437500 -0.0085937500 -0.0245085648
-0.3523437500 -0.0085937500 0.0247941235
-0.3589356211 0.0000000000 -0.0257812500
-0.3523437500 -0.0017484842 -0.0257812500
-0.3523437500 0.0000000000 -0.0260955365
-0.3523437500 0.0000000000 0.0254935019
-0.3523437500 0.0085937500 -0.0265695867
-0.3523437500 0.0085937500 0.0256440156
-0.3523437500 0.0171875000 -0.0261525802
-0.3523437500 0.0171875000 0.0252041519
-0.3523437500 0.0197979059 -0.0257812500
-0.3523437500 0.0257812500 -0.0249327935
-0.3523437500 0.0257812500 0.0232343228
-0.3523437500 0.0343750000 -0.0232091105
-0.3523437500 0.0343750000 0.0209180038
-0.3523437500 0.0429687500 -0.0209666079
-0.3603404692 0.0429687500 0.0171875000
-0.3523437500 0.0429687500 0.0178031656
-0.3523437500 0.0515625000 -0.0176748666
-0.3523437500 0.0442102422 0.0171875000
-0.3523437500 0.0515625000 0.0129576409
-0.3523437500 0.0525986739 -0.0171875000
-0.3523437500 0.0601562500 -0.0132418854
-0.3523437500 0.0593109958 0.0085937500
-0.3523437500 0.0601562500 0.0079774112
-0.3523437500 0.0682951558 -0.0085937500
-0.3523437500 0.0687500000 -0.0061867215
-0.3523437500 0.0687500000 0.0010202898
-0.3523437500 0.0698568526 0.0000000000
-0.3490249129 -0.0601562500 0.0000000000
-0.3437500000 -0.0607012393 0.0000000000
-0.3437500000 -0.0601562500 -0.0008570211
-0.3437500000 -0.0601562500 0.0008126695
-0.3437500000 -0.0543762955 -0.0085937500
-0.3437500000 -0.0515625000 -0.0101654564
-0.3437500000 -0.0538903663 0.0085937500
-0.3437500000 -0.0515625000 0.0099685952
-0.3437500000 -0.0429687500 -0.0144876753
-0.3437500000 -0.0429687500 0.0149321934
-0.3437500000 -0.0380471065 -0.0171875000
-0.3437500000 -0.0343750000 -0.0186202624
-0.3437500000 -0.0388812096 0.0171875000
-0.3437500000 -0.0343750000 0.0190080785
-0.3437500000 -0.0257812500 -0.0212049142
-0.3437500000 -0.0257812500 0.0212141208
-0.3437500000 -0.0171875000 -0.0231809848
-0.3437500000 -0.0171875000 0.0230718604
-0.3437500000 -0.0085937500 -0.0248000381
-0.3437500000 -0.0085937500 0.0246417122
-0.3437500000 -0.0037720041 -0.0257812500
-0.3437500000 0.0000000000 -0.0265061669
-0.3437500000 0.0000000000 0.0253519886
-0.3437500000 0.0085937500 -0.0267439998
-0.3437500000 0.0085937500 0.0256741797
-0.3437500000 0.0171875000 -0.0262966651
-0.3437500000 0.0171875000 0.0253157166
-0.3437500000 0.0205823554 -0.0257812500
-0.3437500000 0.0257812500 -0.0250070889
-0.3437500000 0.0257812500 0.0234716174
-0.3437500000 0.0343750000 -0.0231958534
-0.3437500000 0.0343750000 0.0211763808
-0.3437500000 0.0429687500 -0.0209587551
-0.3437500000 0.0429687500 0.0183351067
-0.3437500000 0.0515625000 -0.0178509431
-0.3437500000 0.0454371828 0.0171875000
-0.3437500000 0.0515625000 0.0137717966
-0.3437500000 0.0530355079 -0.0171875000
-0.3437500000 0.0601562500 -0.0133821825
-0.3458468310 0.0601562500 0.0085937500
-0.3437500000 0.0601562500 0.0087537506
-0.3437500000 0.0682058975 -0.0085937500
-0.3437500000 0.0687500000 -0.0059969008
-0.3437500000 0.0604270982 0.0085937500
-0.3437500000 0.0687500000 0.0011442955
-0.3437500000 0.0699152600 0.0000000000
-0.3351562500 -0.0616910424 0.0000000000
-0.3351562500 -0.0601562500 -0.0024004844
-0.3351562500 -0.0601562500 0.0022414255
-0.3351562500 -0.0553607319 -0.0085937500
-0.3351562500 -0.0515625000 -0.0106710295
-0.3351562500 -0.0549663635 0.0085937500
-0.3351562500 -0.0515625000 0.0106080684
-0.3351562500 -0.0429687500 -0.0148007353
-0.3351562500 -0.0429687500 0.0150765850
-0.3351562500 -0.0386590473 -0.0171875000
-0.3351562500 -0.0343750000 -0.0189002793
-0.3351562500 -0.0387509274 0.0171875000
-0.3351562500 -0.0343750000 0.0188769085
-0.3351562500 -0.0257812500 -0.0214999681
-0.3351562500 -0.0257812500 0.0211003602
-0.3351562500 -0.0171875000 -0.0234814804
-0.3351562500 -0.0171875000 0.0228979379
-0.3351562500 -0.0085937500 -0.0251173812
-0.3351562500 -0.0085937500 0.0245027986
-0.3351562500 -0.0053653600 -0.0257812500
-0.3351562500 0.0000000000 -0.0268151087
-0.3351562500 0.0000000000 0.0252612592
-0.3351562500 0.0085937500 -0.0269824524
-0.3351562500 0.0085937500 0.0257528375
-0.3351562500 0.0171875000 -0.0264419591
-0.3351562500 0.0171875000 0.0255471764
-0.3351562500 0.0216402596 -0.0257812500
-0.3351562500 0.0257812500 -0.0251743211
-0.3351562500 0.0257812500 0.0237899390
-0.3351562500 0.0343750000 -0.0231793603
-0.3351562500 0.0343750000 0.0213636385
-0.3351562500 0.0429687500 -0.0209683477
-0.3351562500 0.0429687500 0.0187667338
-0.3351562500 0.0515625000 -0.0179731446
-0.3351562500 0.0465346395 0.0171875000
-0.3351562500 0.0515625000 0.0144498740
-0.3351562500 0.0533546959 -0.0171875000
-0.3351562500 0.0601562500 -0.0135295447
-0.3351562500 0.0601562500 0.0093655534
-0.3351562500 0.0681491206 -0.0085937500
-0.3351562500 0.0687500000 -0.0061416081
-0.3351562500 0.0613718105 0.0085937500
-0.3351562500 0.0687500000 0.0014515063
-0.3351562500 0.0700930441 0.0000000000
-0.3265625000 -0.0625019005 0.0000000000
-0.3265625000 -0.0601562500 -0.0035281178
-0.3265625000 -0.0601562500 0.0035943001
-0.3265625000 -0.0561557738 -0.0085937500
-0.3265625000 -0.0515625000 -0.0111242753
-0.3265625000 -0.0562703168 0.0085937500
-0.3265625000 -0.0515625000 0.0112988906
-0.3265625000 -0.0429687500 -0.0151592077
-0.3265625000 -0.0429687500 0.0152284837
-0.3265625000 -0.0392224465 -0.0171875000
-0.3265625000 -0.0343750000 -0.0191157911
-0.3265625000 -0.0386541639 0.0171875000
-0.3265625000 -0.0343750000 0.0187646048
-0.3265625000 -0.0257812500 -0.0217980547
-0.3265625000 -0.0257812500 0.0211014805
-0.3265625000 -0.0171875000 -0.0237527433
-0.3265625000 -0.0171875000 0.0229078128
-0.3265625000 -0.0085937500 -0.0255631868
-0.3265625000 -0.0085937500 0.0244551030
-0.3265625000 -0.0073784681 -0.0257812500
-0.3265625000 0.0000000000 -0.0270191472
-0.3265625000 0.0000000000 0.0253498031
-0.3265625000 0.0085937500 -0.0272060427
-0.3327791982 0.0085937500 0.0257812500
-0.3265625000 0.0073282641 0.0257812500
-0.3265625000 0.0085937500 0.0258680086
-0.3265625000 0.0171875000 -0.0265528047
-0.3284783175 0.0171875000 0.0257812500
-0.3265625000 0.0171875000 0.0258644006
-0.3265625000 0.0226080910 -0.0257812500
-0.3265625000 0.0257812500 -0.0253376223
-0.3265625000 0.0175030721 0.0257812500
-0.3265625000 0.0257812500 0.0240512025
-0.3265625000 0.0343750000 -0.0232436986
-0.3265625000 0.0343750000 0.0215053762
-0.3265625000 0.0429687500 -0.0209870734
-0.3265625000 0.0429687500 0.0190215162
-0.3265625000 0.0515625000 -0.0180718614
-0.3265625000 0.0474130316 0.0171875000
-0.3265625000 0.0515625000 0.0149622677
-0.3265625000 0.0536368130 -0.0171875000
-0.3265625000 0.0601562500 -0.0136668016
-0.3265625000 0.0601562500 0.0097809879
-0.3265625000 0.0679759272 -0.0085937500
-0.3265625000 0.0687500000 -0.0059372534
-0.3265625000 0.0619746577 0.0085937500
-0.3265625000 0.0687500000 0.0018046741
-0.3265625000 0.0702294544 0.0000000000
-0.3179687500 -0.0634622115 0.0000000000
-0.3179687500 -0.0601562500 -0.0045855495
-0.3179687500 -0.0601562500 0.0050776499
-0.3179687500 -0.0569233657 -0.0085937500
-0.3179687500 -0.0515625000 -0.0116301281
-0.3179687500 -0.0575577094 0.0085937500
-0.3179687500 -0.0515625000 0.0120437502
-0.3179687500 -0.0429687500 -0.0155505536
-0.3179687500 -0.0429687500 0.0156512443
-0.3179687500 -0.0399939093 -0.0171875000
-0.3179687500 -0.0343750000 -0.0194487867
-0.3179687500 -0.0391651184 0.0171875000
-0.3179687500 -0.0343750000 0.0188130618
-0.3179687500 -0.0257812500 -0.0221134875
-0.3179687500 -0.0257812500 0.0211779777
-0.3179687500 -0.0171875000 -0.0240320213
-0.3179687500 -0.0171875000 0.0230226121
-0.3215770312 -0.0085937500 -0.0257812500
-0.3179687500 -0.0093166688 -0.0257812500
-0.3179687500 -0.0085937500 -0.0259362602
-0.3179687500 -0.0085937500 0.0245678897
-0.3179687500 0.0000000000 -0.0272933283
-0.3179687500 0.0000000000 0.0254071896
-0.3179687500 0.0085937500 -0.0275046073
-0.3179687500 0.0065529058 0.0257812500
-0.3179687500 0.0085937500 0.0259163415
-0.3179687500 0.0171875000 -0.0267373792
-0.3179687500 0.0171875000 0.0261537779
-0.3179687500 0.0236545991 -0.0257812500
-0.3179687500 0.0257812500 -0.0254692950
-0.3179687500 0.0187005783 0.0257812500
-0.3179687500 0.0257812500 0.0243771207
-0.3179687500 0.0343750000 -0.0232859858
-0.3179687500 0.0343750000 0.0218154677
-0.3179687500 0.0429687500 -0.0210145374
-0.3179687500 0.0429687500 0.0192818931
-0.3179687500 0.0515625000 -0.0181475414
-0.3179687500 0.0484766143 0.0171875000
-0.3179687500 0.0515625000 0.0155951916
-0.3179687500 0.0539198925 -0.0171875000
-0.3179687500 0.0601562500 -0.0137990116
-0.3179687500 0.0601562500 0.0103388701
-0.3179687500 0.0677502867 -0.0085937500
-0.3179687500 0.0687500000 -0.0057362206
-0.3179687500 0.0627468454 0.0085937500
-0.3179687500 0.0687500000 0.0022015234
-0.3179687500 0.0704351758 0.0000000000
-0.3093750000 -0.0642343568 0.0000000000
-0.3093750000 -0.0601562500 -0.0054648344
-0.3093750000 -0.0601562500 0.0064755780
-0.3093750000 -0.0575642067 -0.0085937500
-0.3093750000 -0.0515625000 -0.0120653173
-0.3093750000 -0.0586550761 0.0085937500
-0.3093750000 -0.0515625000 0.0126549071
-0.3093750000 -0.0429687500 -0.0159287184
-0.3093750000 -0.0429687500 0.0161557867
-0.3093750000 -0.0406813108 -0.0171875000
-0.3093750000 -0.0343750000 -0.0197485193
-0.3093750000 -0.0401461543 0.0171875000
-0.3093750000 -0.0343750000 0.0189557791
-0.3093750000 -0.0257812500 -0.0224813001
-0.3093750000 -0.0257812500 0.0213789701
-0.3093750000 -0.0171875000 -0.0243782518
-0.3093750000 -0.0171875000 0.0231774909
-0.3093750000 -0.0111262174 -0.0257812500
-0.3093750000 -0.0085937500 -0.0263737431
-0.3093750000 -0.0085937500 0.0247818538
-0.3093750000 0.0000000000 -0.0276458884
-0.3093750000 0.0000000000 0.0255435321
-0.3093750000 0.0085937500 -0.0278720880
-0.3093750000 0.0044739542 0.0257812500
-0.3093750000 0.0085937500 0.0260307166
-0.3093750000 0.0171875000 -0.0269865124
-0.3093750000 0.0171875000 0.0263457859
-0.3093750000 0.0249742861 -0.0257812500
-0.3093750000 0.0257812500 -0.0256567262
-0.3093750000 0.0197408396 0.0257812500
-0.3093750000 0.0257812500 0.0246967258
-0.3093750000 0.0343750000 -0.0234194294
-0.3093750000 0.0343750000 0.0221813031
-0.3093750000 0.0429687500 -0.0209888423
-0.3093750000 0.0429687500 0.0194805199
-0.3093750000 0.0515625000 -0.0183054258
-0.3093750000 0.0496752613 0.0171875000
-0.3093750000 0.0515625000 0.0162942044
-0.3093750000 0.0544401465 -0.0171875000
-0.3093750000 0.0601562500 -0.0139679268
-0.3093750000 0.0601562500 0.0109103158
-0.3093750000 0.0674478573 -0.0085937500
-0.3093750000 0.0687500000 -0.0056037112
-0.3093750000 0.0635563213 0.0085937500
-0.3093750000 0.0687500000 0.0028136089
-0.3093750000 0.0707876458 0.0000000000
-0.3007812500 -0.0650177044 0.0000000000
-0.3007812500 -0.0601562500 -0.0064683841
-0.3007812500 -0.0601562500 0.0081364803
-0.3007812500 -0.0583483325 -0.0085937500
-0.3007812500 -0.0515625000 -0.0125148913
-0.3007812500 -0.0598347299 0.0085937500
-0.3007812500 -0.0515625000 0.0131971540
-0.3007812500 -0.0429687500 -0.0162720581
-0.3007812500 -0.0429687500 0.0166883696
-0.3007812500 -0.0412798687 -0.0171875000
-0.3007812500 -0.0343750000 -0.0200266414
-0.3007812500 -0.0414745705 0.0171875000
-0.3007812500 -0.0343750000 0.0191819124
-0.3007812500 -0.0257812500 -0.0228374153
-0.3007812500 -0.0257812500 0.0217246855
-0.3007812500 -0.0171875000 -0.0247419539
-0.3007812500 -0.0171875000 0.0234444472
-0.3007812500 -0.0128016581 -0.0257812500
-0.3007812500 -0.0085937500 -0.0268561565
-0.3007812500 -0.0085937500 0.0250591897
-0.3007812500 0.0000000000 -0.0279974517
-0.3038719280 0.0000000000 0.0257812500
-0.3007812500 -0.0013988777 0.0257812500
-0.3007812500 0.0000000000 0.0259243260
-0.3007812500 0.0085937500 -0.0282774819
-0.3007812500 0.0085937500 0.0262372522
-0.3007812500 0.0171875000 -0.0272894535
-0.3007812500 0.0171875000 0.0265413667
-0.3056539612 0.0257812500 -0.0257812500
-0.3007812500 0.0257812500 -0.0259470256
-0.3007812500 0.0210861059 0.0257812500
-0.3007812500 0.0257812500 0.0250226548
-0.3007812500 0.0263907010 -0.0257812500
-0.3007812500 0.0343750000 -0.0237550926
-0.3007812500 0.0343750000 0.0224674967
-0.3007812500 0.0429687500 -0.0211585942
-0.3007812500 0.0429687500 0.0197083955
-0.3007812500 0.0515625000 -0.0183505648
-0.3007812500 0.0508818283 0.0171875000
-0.3007812500 0.0515625000 0.0168903873
-0.3007812500 0.0545722220 -0.0171875000
-0.3007812500 0.0601562500 -0.0140426714
-0.3007812500 0.0601562500 0.0114839663
-0.3007812500 0.0673615483 -0.0085937500
-0.3007812500 0.0687500000 -0.0054631080
-0.3007812500 0.0644293035 0.0085937500
-0.3007812500 0.0687500000 0.0032072066
-0.3007812500 0.0708711108 0.0000000000
-0.2921875000 -0.0657476606 0.0000000000
-0.2921875000 -0.0601562500 -0.0075617625
-0.2986971356 -0.0601562500 0.0085937500
-0.2921875000 -0.0612780157 0.0085937500
-0.2921875000 -0.0601562500 0.0091949508
-0.2921875000 -0.0592539938 -0.0085937500
-0.2921875000 -0.0515625000 -0.0129702220
-0.2921875000 -0.0515625000 0.0137755846
-0.2921875000 -0.0429687500 -0.0167998680
-0.2921875000 -0.0429687500 0.0171650605
-0.2921875000 -0.0422313833 -0.0171875000
-0.2921875000 -0.0343750000 -0.0203822998
-0.2921875000 -0.0429019337 0.0171875000
-0.2921875000 -0.0343750000 0.0195631338
-0.2921875000 -0.0257812500 -0.0231698461
-0.2921875000 -0.0257812500 0.0221142202
-0.2921875000 -0.0171875000 -0.0251091647
-0.2921875000 -0.0171875000 0.0238110379
-0.2921875000 -0.0144041229 -0.0257812500
-0.2921875000 -0.0085937500 -0.0273788117
-0.2921875000 -0.0085937500 0.0254351596
-0.2921875000 0.0000000000 -0.0284521094
-0.2921875000 -0.0056328119 0.0257812500
-0.2921875000 0.0000000000 0.0264074618
-0.2921875000 0.0085937500 -0.0288027143
-0.2921875000 0.0085937500 0.0267121132
-0.2921875000 0.0171875000 -0.0277316583
-0.2921875000 0.0171875000 0.0268723783
-0.2921875000 0.0257812500 -0.0263003279
-0.2921875000 0.0231253122 0.0257812500
-0.2921875000 0.0257812500 0.0253617102
-0.2921875000 0.0277295967 -0.0257812500
-0.2921875000 0.0343750000 -0.0241433584
-0.2921875000 0.0343750000 0.0227613877
-0.2921875000 0.0429687500 -0.0213845157
-0.2921875000 0.0429687500 0.0200364890
-0.2921875000 0.0515625000 -0.0183405043
-0.2956261742 0.0515625000 0.0171875000
-0.2921875000 0.0515625000 0.0173341450
-0.2921875000 0.0545030963 -0.0171875000
-0.2921875000 0.0601562500 -0.0140976860
-0.2921875000 0.0518853857 0.0171875000
-0.2921875000 0.0601562500 0.0121775676
-0.2921875000 0.0675907821 -0.0085937500
-0.2921875000 0.0687500000 -0.0060367378
-0.2921875000 0.0655635878 0.0085937500
-0.2921875000 0.0687500000 0.0041404637
-0.2921875000 0.0712367854 0.0000000000
-0.2838256508 -0.0601562500 -0.0085937500
-0.2835937500 -0.0601783111 -0.0085937500
-0.2835937500 -0.0601562500 -0.0086097348
-0.2835937500 -0.0663795504 0.0000000000
-0.2835937500 -0.0628878751 0.0085937500
-0.2835937500 -0.0601562500 0.0099774497
-0.2835937500 -0.0515625000 -0.0133951845
-0.2835937500 -0.0515625000 0.0143311011
-0.2864343888 -0.0429687500 -0.0171875000
-0.2835937500 -0.0434103782 -0.0171875000
-0.2835937500 -0.0429687500 -0.0173380447
-0.2917932686 -0.0429687500 0.0171875000
-0.2835937500 -0.0442542174 0.0171875000
-0.2835937500 -0.0429687500 0.0175636294
-0.2835937500 -0.0343750000 -0.0206356360
-0.2835937500 -0.0343750000 0.0200204295
-0.2835937500 -0.0257812500 -0.0235060268
-0.2835937500 -0.0257812500 0.0225838177
-0.2835937500 -0.0171875000 -0.0255883620
-0.2835937500 -0.0171875000 0.0243117587
-0.2835937500 -0.0163761134 -0.0257812500
-0.2835937500 -0.0085937500 -0.0279268425
-0.2874956171 -0.0085937500 0.0257812500
-0.2835937500 -0.0100779412 0.0257812500
-0.2835937500 -0.0085937500 0.0260632120
-0.2835937500 0.0000000000 -0.0290803238
-0.2835937500 0.0000000000 0.0269539061
-0.2835937500 0.0085937500 -0.0293962506
-0.2835937500 0.0085937500 0.0272797864
-0.2835937500 0.0171875000 -0.0283316007
-0.2835937500 0.0171875000 0.0274669300
-0.2835937500 0.0257812500 -0.0267544778
-0.2853379054 0.0257812500 0.0257812500
-0.2835937500 0.0257812500 0.0259086895
-0.2835937500 0.0293936501 -0.0257812500
-0.2835937500 0.0343750000 -0.0245275243
-0.2835937500 0.0261073524 0.0257812500
-0.2835937500 0.0343750000 0.0231482169
-0.2835937500 0.0429687500 -0.0216902786
-0.2835937500 0.0429687500 0.0205717423
-0.2835937500 0.0515625000 -0.0184628174
-0.2835937500 0.0515625000 0.0178243331
-0.2835937500 0.0548684230 -0.0171875000
-0.2835937500 0.0601562500 -0.0144039811
-0.2835937500 0.0529704197 0.0171875000
-0.2835937500 0.0601562500 0.0128492654
-0.2835937500 0.0677746611 -0.0085937500
-0.2835937500 0.0687500000 -0.0064571541
-0.2835937500 0.0664735045 0.0085937500
-0.2835937500 0.0687500000 0.0050742146
-0.2835937500 0.0716357352 0.0000000000
-0.2750000000 -0.0610635024 -0.0085937500
-0.2750000000 -0.0601562500 -0.0092274312
-0.2750000000 -0.0672512760 0.0000000000
-0.2750000000 -0.0645991402 0.0085937500
-0.2750000000 -0.0601562500 0.0107661157
-0.2750000000 -0.0515625000 -0.0139266352
-0.2750000000 -0.0515625000 0.0150354283
-0.2750000000 -0.0443759438 -0.0171875000
-0.2750000000 -0.0429687500 -0.0176609335
-0.2750000000 -0.0462303329 0.0171875000
-0.2750000000 -0.0429687500 0.0181788462
-0.2750000000 -0.0343750000 -0.0207996213
-0.2750000000 -0.0343750000 0.0205036907
-0.2750000000 -0.0257812500 -0.0237831109
-0.2750000000 -0.0257812500 0.0230786677
-0.2803374737 -0.0171875000 -0.0257812500
-0.2750000000 -0.0185387558 -0.0257812500
-0.2750000000 -0.0171875000 -0.0261647694
-0.2750000000 -0.0171875000 0.0248246133
-0.2750000000 -0.0085937500 -0.0286058621
-0.2750000000 -0.0125795665 0.0257812500
-0.2750000000 -0.0085937500 0.0265319172
-0.2750000000 0.0000000000 -0.0297871068
-0.2750000000 0.0000000000 0.0274937302
-0.2750000000 0.0085937500 -0.0300113904
-0.2750000000 0.0085937500 0.0277884409
-0.2750000000 0.0171875000 -0.0289977235
-0.2750000000 0.0171875000 0.0280717328
-0.2750000000 0.0257812500 -0.0272192651
-0.2750000000 0.0257812500 0.0266596933
-0.2750000000 0.0308113438 -0.0257812500
-0.2750000000 0.0343750000 -0.0248354053
-0.2750000000 0.0280391429 0.0257812500
-0.2750000000 0.0343750000 0.0237183794
-0.2750000000 0.0429687500 -0.0219106910
-0.2750000000 0.0429687500 0.0210771008
-0.2750000000 0.0515625000 -0.0187319769
-0.2750000000 0.0515625000 0.0182506155
-0.2750000000 0.0554034458 -0.0171875000
-0.2750000000 0.0601562500 -0.0146330144
-0.2750000000 0.0538624736 0.0171875000
-0.2750000000 0.0601562500 0.0133802444
-0.2750000000 0.0681727875 -0.0085937500
-0.2750000000 0.0687500000 -0.0073313920
-0.2750000000 0.0670545195 0.0085937500
-0.2750000000 0.0687500000 0.0058439394
-0.2750000000 0.0721774456 0.0000000000
-0.2664062500 -0.0620385700 -0.0085937500
-0.2664062500 -0.0601562500 -0.0098685353
-0.2664062500 -0.0680361853 0.0000000000
-0.2664062500 -0.0661785548 0.0085937500
-0.2664062500 -0.0601562500 0.0115405185
-0.2664062500 -0.0515625000 -0.0145460871
-0.2664062500 -0.0515625000 0.0157184278
-0.2664062500 -0.0454494461 -0.0171875000
-0.2664062500 -0.0429687500 -0.0179738327
-0.2664062500 -0.0478279970 0.0171875000
-0.2664062500 -0.0429687500 0.0186619568
-0.2664062500 -0.0343750000 -0.0209517562
-0.2664062500 -0.0343750000 0.0209667108
-0.2664062500 -0.0257812500 -0.0240880983
-0.2664062500 -0.0257812500 0.0235306513
-0.2664062500 -0.0203149826 -0.0257812500
-0.2664062500 -0.0171875000 -0.0267432128
-0.2664062500 -0.0171875000 0.0252329917
-0.2664062500 -0.0085937500 -0.0291698514
-0.2664062500 -0.0144552505 0.0257812500
-0.2664062500 -0.0085937500 0.0268415284
-0.2664062500 0.0000000000 -0.0304275195
-0.2664062500 0.0000000000 0.0279212159
-0.2664062500 0.0085937500 -0.0305961643
-0.2664062500 0.0085937500 0.0282879049
-0.2664062500 0.0171875000 -0.0295821285
-0.2664062500 0.0171875000 0.0286202002
-0.2664062500 0.0257812500 -0.0275541740
-0.2664062500 0.0257812500 0.0272136912
-0.2664062500 0.0317058172 -0.0257812500
-0.2664062500 0.0343750000 -0.0250704474
-0.2664062500 0.0294166540 0.0257812500
-0.2664062500 0.0343750000 0.0241732447
-0.2664062500 0.0429687500 -0.0221680951
-0.2664062500 0.0429687500 0.0214587900
-0.2664062500 0.0515625000 -0.0190404064
-0.2664062500 0.0515625000 0.0184969505
-0.2664062500 0.0561610856 -0.0171875000
-0.2664062500 0.0601562500 -0.0150155639
-0.2664062500 0.0544073865 0.0171875000
-0.2664062500 0.0601562500 0.0138270156
-0.2664062500 0.0686732915 -0.0085937500
-0.2664062500 0.0687500000 -0.0084229405
-0.2664062500 0.0676589816 0.0085937500
-0.2664062500 0.0687500000 0.0067513873
-0.2664062500 0.0729400787 0.0000000000
-0.2588731535 -0.0687500000 0.0000000000
-0.2578125000 -0.0688361822 0.0000000000
-0.2578125000 -0.0687500000 -0.0001649637
-0.2578125000 -0.0687500000 0.0007952854
-0.2578125000 -0.0629779348 -0.0085937500
-0.2578125000 -0.0601562500 -0.0104403834
-0.2578125000 -0.0674352768 0.0085937500
-0.2578125000 -0.0601562500 0.0121789202
-0.2578125000 -0.0515625000 -0.0150108045
-0.2578125000 -0.0515625000 0.0162916224
-0.2578125000 -0.0463440485 -0.0171875000
-0.2578125000 -0.0429687500 -0.0182432434
-0.2578125000 -0.0492381952 0.0171875000
-0.2578125000 -0.0429687500 0.0191658377
-0.2578125000 -0.0343750000 -0.0211906265
-0.2578125000 -0.0343750000 0.0214735821
-0.2578125000 -0.0257812500 -0.0243182328
-0.2578125000 -0.0257812500 0.0238854342
-0.2578125000 -0.0214291722 -0.0257812500
-0.2578125000 -0.0171875000 -0.0271698656
-0.2578125000 -0.0171875000 0.0254858767
-0.2578125000 -0.0085937500 -0.0297221251
-0.2578125000 -0.0155428426 0.0257812500
-0.2578125000 -0.0085937500 0.0269540630
-0.2578125000 0.0000000000 -0.0310186136
-0.2578125000 0.0000000000 0.0280787310
-0.2578125000 0.0085937500 -0.0312209327
-0.2578125000 0.0085937500 0.0286148363
-0.2578125000 0.0171875000 -0.0302474779
-0.2578125000 0.0171875000 0.0289861045
-0.2578125000 0.0257812500 -0.0278664859
-0.2578125000 0.0257812500 0.0276362837
-0.2578125000 0.0330123672 -0.0257812500
-0.2578125000 0.0343750000 -0.0254409950
-0.2578125000 0.0306189075 0.0257812500
-0.2578125000 0.0343750000 0.0246125100
-0.2578125000 0.0429687500 -0.0223589249
-0.2578125000 0.0429687500 0.0218903113
-0.2578125000 0.0515625000 -0.0193048702
-0.2578125000 0.0515625000 0.0187739826
-0.2578125000 0.0567112429 -0.0171875000
-0.2578125000 0.0601562500 -0.0152920296
-0.2578125000 0.0550436537 0.0171875000
-0.2578125000 0.0601562500 0.0142520249
-0.2657794475 0.0687500000 -0.0085937500
-0.2578125000 0.0687500000 -0.0093827216
-0.2578125000 0.0685657118 0.0085937500
-0.2578125000 0.0687500000 0.0082850757
-0.2578125000 0.0699315086 -0.0085937500
-0.2578125000 0.0741498930 0.0000000000
-0.2492187500 -0.0694378628 0.0000000000
-0.2492187500 -0.0687500000 -0.0014049572
-0.2492187500 -0.0687500000 0.0075998473
-0.2492187500 -0.0640909700 -0.0085937500
-0.2492187500 -0.0601562500 -0.0111279905
-0.2492187500 -0.0686124955 0.0085937500
-0.2492187500 -0.0601562500 0.0127281038
-0.2492187500 -0.0515625000 -0.0154414613
-0.2492187500 -0.0515625000 0.0168880050
-0.2492187500 -0.0471882056 -0.0171875000
-0.2492187500 -0.0429687500 -0.0184771293
-0.2492187500 -0.0507875592 0.0171875000
-0.2492187500 -0.0429687500 0.0197188717
-0.2492187500 -0.0343750000 -0.0214303605
-0.2492187500 -0.0343750000 0.0221023114
-0.2492187500 -0.0257812500 -0.0245061861
-0.2492187500 -0.0257812500 0.0242975285
-0.2492187500 -0.0223817651 -0.0257812500
-0.2492187500 -0.0171875000 -0.0276387267
-0.2512645463 -0.0171875000 0.0257812500
-0.2492187500 -0.0177228615 0.0257812500
-0.2492187500 -0.0171875000 0.0258676227
-0.2492187500 -0.0085937500 -0.0301765439
-0.2492187500 -0.0085937500 0.0271042797
-0.2492187500 0.0000000000 -0.0315985771
-0.2492187500 0.0000000000 0.0280524805
-0.2492187500 0.0085937500 -0.0319311329
-0.2492187500 0.0085937500 0.0287590419
-0.2492187500 0.0171875000 -0.0309189141
-0.2492187500 0.0171875000 0.0292250422
-0.2492187500 0.0257812500 -0.0283112565
-0.2492187500 0.0257812500 0.0280681208
-0.2503666565 0.0343750000 -0.0257812500
-0.2492187500 0.0343750000 -0.0258369851
-0.2492187500 0.0318564115 0.0257812500
-0.2492187500 0.0343750000 0.0249984038
-0.2492187500 0.0345154618 -0.0257812500
-0.2492187500 0.0429687500 -0.0226132401
-0.2492187500 0.0429687500 0.0222078462
-0.2492187500 0.0515625000 -0.0194695218
-0.2492187500 0.0515625000 0.0191447629
-0.2492187500 0.0570743838 -0.0171875000
-0.2492187500 0.0601562500 -0.0155404935
-0.2492187500 0.0559536821 0.0171875000
-0.2492187500 0.0601562500 0.0148209447
-0.2492187500 0.0687500000 -0.0105487882
-0.2568601179 0.0687500000 0.0085937500
-0.2492187500 0.0687500000 0.0095944243
-0.2492187500 0.0718802952 -0.0085937500
-0.2492187500 0.0758847704 0.0000000000
-0.2492187500 0.0704697882 0.0085937500
-0.2406250000 -0.0699661782 0.0000000000
-0.2406250000 -0.0687500000 -0.0025489279
-0.2478835751 -0.0687500000 0.0085937500
-0.2406250000 -0.0694222676 0.0085937500
-0.2406250000 -0.0687500000 0.0090094134
-0.2406250000 -0.0649672870 -0.0085937500
-0.2406250000 -0.0601562500 -0.0116393988
-0.2406250000 -0.0601562500 0.0132362297
-0.2406250000 -0.0515625000 -0.0157825126
-0.2450804262 -0.0515625000 0.0171875000
-0.2406250000 -0.0522115081 0.0171875000
-0.2406250000 -0.0515625000 0.0174648231
-0.2406250000 -0.0479642108 -0.0171875000
-0.2406250000 -0.0429687500 -0.0187003027
-0.2406250000 -0.0429687500 0.0202952882
-0.2406250000 -0.0343750000 -0.0216133068
-0.2406250000 -0.0343750000 0.0227394811
-0.2406250000 -0.0257812500 -0.0246468063
-0.2406250000 -0.0257812500 0.0246591200
-0.2406250000 -0.0230177403 -0.0257812500
-0.2406250000 -0.0171875000 -0.0280167363
-0.2406250000 -0.0195471466 0.0257812500
-0.2406250000 -0.0171875000 0.0261461773
-0.2406250000 -0.0085937500 -0.0305506994
-0.2406250000 -0.0085937500 0.0272606398
-0.2406250000 0.0000000000 -0.0321863030
-0.2406250000 0.0000000000 0.0282340843
-0.2406250000 0.0085937500 -0.0326372188
-0.2406250000 0.0085937500 0.0289121226
-0.2406250000 0.0171875000 -0.0314485207
-0.2406250000 0.0171875000 0.0295319363
-0.2406250000 0.0257812500 -0.0288381855
-0.2406250000 0.0257812500 0.0284361975
-0.2406250000 0.0343750000 -0.0261367016
-0.2406250000 0.0331926573 0.0257812500
-0.2406250000 0.0343750000 0.0254255354
-0.2406250000 0.0352356117 -0.0257812500
-0.2406250000 0.0429687500 -0.0228144585
-0.2406250000 0.0429687500 0.0225186707
-0.2406250000 0.0515625000 -0.0196616030
-0.2406250000 0.0515625000 0.0194405875
-0.2406250000 0.0574911593 -0.0171875000
-0.2406250000 0.0601562500 -0.0158063719
-0.2406250000 0.0569853681 0.0171875000
-0.2406250000 0.0601562500 0.0155364207
-0.2406250000 0.0687500000 -0.0115597092
-0.2406250000 0.0687500000 0.0108546143
-0.2406250000 0.0738569376 -0.0085937500
-0.2428703764 0.0773437500 0.0000000000
-0.2406250000 0.0773437500 -0.0011847951
-0.2406250000 0.0726693061 0.0085937500
-0.2406250000 0.0773437500 0.0008680697
-0.2406250000 0.0778316108 0.0000000000
-0.2320312500 -0.0703840244 0.0000000000
-0.2320312500 -0.0687500000 -0.0034548045
-0.2320312500 -0.0699284459 0.0085937500
-0.2320312500 -0.0687500000 0.0093429866
-0.2320312500 -0.0657540689 -0.0085937500
-0.2320312500 -0.0601562500 -0.0121010889
-0.2320312500 -0.0601562500 0.0137179220
-0.2320312500 -0.0515625000 -0.0162430330
-0.2320312500 -0.0533432084 0.0171875000
-0.2320312500 -0.0515625000 0.0179706470
-0.2320312500 -0.0491347184 -0.0171875000
-0.2320312500 -0.0429687500 -0.0189857196
-0.2320312500 -0.0429687500 0.0208485639
-0.2320312500 -0.0343750000 -0.0218306695
-0.2320312500 -0.0343750000 0.0232764627
-0.2320312500 -0.0257812500 -0.0247936357
-0.2320312500 -0.0257812500 0.0249856808
-0.2320312500 -0.0234997891 -0.0257812500
-0.2320312500 -0.0171875000 -0.0283131139
-0.2320312500 -0.0218908563 0.0257812500
-0.2320312500 -0.0171875000 0.0265924885
-0.2320312500 -0.0085937500 -0.0309560367
-0.2320312500 -0.0085937500 0.0276213495
-0.2320312500 0.0000000000 -0.0327603882
-0.2320312500 0.0000000000 0.0285809451
-0.2320312500 0.0085937500 -0.0332887954
-0.2320312500 0.0085937500 0.0293769194
-0.2320312500 0.0171875000 -0.0319792838
-0.2320312500 0.0171875000 0.0299826846
-0.2320312500 0.0257812500 -0.0293531318
-0.2320312500 0.0257812500 0.0289122955
-0.2320312500 0.0343750000 -0.0264083381
-0.2326349830 0.0343750000 0.0257812500
-0.2320312500 0.0343750000 0.0258163291
-0.2320312500 0.0358075633 -0.0257812500
-0.2320312500 0.0429687500 -0.0229506707
-0.2320312500 0.0344496768 0.0257812500
-0.2320312500 0.0429687500 0.0227864297
-0.2320312500 0.0515625000 -0.0198013680
-0.2320312500 0.0515625000 0.0198034040
-0.2320312500 0.0581142987 -0.0171875000
-0.2320312500 0.0601562500 -0.0161809145
-0.2320312500 0.0585167320 0.0171875000
-0.2320312500 0.0601562500 0.0164260549
-0.2320312500 0.0687500000 -0.0122960820
-0.2320312500 0.0687500000 0.0120342986
-0.2320312500 0.0756200584 -0.0085937500
-0.2320312500 0.0773437500 -0.0049541935
-0.2320312500 0.0747664090 0.0085937500
-0.2320312500 0.0773437500 0.0038452413
-0.2320312500 0.0792519217 0.0000000000
-0.2234375000 -0.0708551936 0.0000000000
-0.2234375000 -0.0687500000 -0.0044303958
-0.2234375000 -0.0703718104 0.0085937500
-0.2234375000 -0.0687500000 0.0096406781
-0.2234375000 -0.0664213652 -0.0085937500
-0.2234375000 -0.0601562500 -0.0125157663
-0.2234375000 -0.0601562500 0.0141639772
-0.2234375000 -0.0515625000 -0.0167334326
-0.2234375000 -0.0542394881 0.0171875000
-0.2234375000 -0.0515625000 0.0183545127
-0.2234375000 -0.0504522556 -0.0171875000
-0.2234375000 -0.0429687500 -0.0193975443
-0.2234375000 -0.0429687500 0.0213694988
-0.2234375000 -0.0343750000 -0.0220966083
-0.2234375000 -0.0343750000 0.0236480047
-0.2234375000 -0.0257812500 -0.0250216134
-0.2234375000 -0.0257812500 0.0253064444
-0.2234375000 -0.0240638664 -0.0257812500
-0.2234375000 -0.0171875000 -0.0286145529
-0.2234375000 -0.0236689429 0.0257812500
-0.2234375000 -0.0171875000 0.0270021276
-0.2234375000 -0.0085937500 -0.0313767581
-0.2234375000 -0.0085937500 0.0281189195
-0.2234375000 0.0000000000 -0.0333317318
-0.2234375000 0.0000000000 0.0290132725
-0.2234375000 0.0085937500 -0.0339180334
-0.2234375000 0.0085937500 0.0297729144
-0.2234375000 0.0171875000 -0.0324831432
-0.2234375000 0.0171875000 0.0305573228
-0.2234375000 0.0257812500 -0.0297999326
-0.2234375000 0.0257812500 0.0293962798
-0.2234375000 0.0343750000 -0.0267193194
-0.2234375000 0.0343750000 0.0262873369
-0.2234375000 0.0364194667 -0.0257812500
-0.2234375000 0.0429687500 -0.0231268449
-0.2234375000 0.0354643042 0.0257812500
-0.2234375000 0.0429687500 0.0230781055
-0.2234375000 0.0515625000 -0.0199757319
-0.2234375000 0.0515625000 0.0202262215
-0.2234375000 0.0591232725 -0.0171875000
-0.2234375000 0.0601562500 -0.0167111446
-0.2234375000 0.0600221346 0.0171875000
-0.2234375000 0.0601562500 0.0171290422
-0.2234375000 0.0687500000 -0.0129821145
-0.2234375000 0.0687500000 0.0127700027
-0.2234375000 0.0765934977 -0.0085937500
-0.2234375000 0.0773437500 -0.0069802216
-0.2234375000 0.0760718940 0.0085937500
-0.2234375000 0.0773437500 0.0061173710
-0.2234375000 0.0802349735 0.0000000000
-0.2148437500 -0.0713603107 0.0000000000
-0.2148437500 -0.0687500000 -0.0054556524
-0.2148437500 -0.0707984061 0.0085937500
-0.2148437500 -0.0687500000 0.0099430178
-0.2148437500 -0.0669985603 -0.0085937500
-0.2148437500 -0.0601562500 -0.0128079027
-0.2148437500 -0.0601562500 0.0145996431
-0.2153737610 -0.0515625000 -0.0171875000
-0.2148437500 -0.0516279322 -0.0171875000
-0.2148437500 -0.0515625000 -0.0172087256
-0.2148437500 -0.0551185793 0.0171875000
-0.2148437500 -0.0515625000 0.0187253861
-0.2148437500 -0.0429687500 -0.0198494251
-0.2148437500 -0.0429687500 0.0216649360
-0.2148437500 -0.0343750000 -0.0223994676
-0.2148437500 -0.0343750000 0.0239256794
-0.2148437500 -0.0257812500 -0.0252852771
-0.2148437500 -0.0257812500 0.0255268067
-0.2148437500 -0.0246666487 -0.0257812500
-0.2148437500 -0.0171875000 -0.0289254161
-0.2148437500 -0.0247856604 0.0257812500
-0.2148437500 -0.0171875000 0.0274038992
-0.2148437500 -0.0085937500 -0.0318439105
-0.2148437500 -0.0085937500 0.0285687961
-0.2148437500 0.0000000000 -0.0337602286
-0.2148437500 0.0000000000 0.0294067482
-0.2151718222 0.0085937500 -0.0343750000
-0.2148437500 0.0083539642 -0.0343750000
-0.2148437500 0.0085937500 -0.0343983267
-0.2148437500 0.0085937500 0.0302315778
-0.2148437500 0.0087004072 -0.0343750000
-0.2148437500 0.0171875000 -0.0329371371
-0.2148437500 0.0171875000 0.0311285727
-0.2148437500 0.0257812500 -0.0302037514
-0.2148437500 0.0257812500 0.0297362636
-0.2148437500 0.0343750000 -0.0270115689
-0.2148437500 0.0343750000 0.0266039471
-0.2148437500 0.0369932221 -0.0257812500
-0.2148437500 0.0429687500 -0.0232941535
-0.2148437500 0.0362671416 0.0257812500
-0.2148437500 0.0429687500 0.0234503880
-0.2148437500 0.0515625000 -0.0200785469
-0.2148437500 0.0515625000 0.0205704718
-0.2149349867 0.0601562500 -0.0171875000
-0.2148437500 0.0601562500 -0.0171916043
-0.2222052625 0.0601562500 0.0171875000
-0.2148437500 0.0601562500 0.0174770168
-0.2148437500 0.0601700038 -0.0171875000
-0.2148437500 0.0687500000 -0.0136526335
-0.2148437500 0.0609191184 0.0171875000
-0.2148437500 0.0687500000 0.0133635768
-0.2161729319 0.0773437500 -0.0085937500
-0.2148437500 0.0773437500 -0.0086876775
-0.2148437500 0.0770140026 0.0085937500
-0.2148437500 0.0773437500 0.0079547423
-0.2148437500 0.0774702567 -0.0085937500
-0.2148437500 0.0811472313 0.0000000000
-0.2062500000 -0.0719146136 0.0000000000
-0.2062500000 -0.0687500000 -0.0064956417
-0.2062500000 -0.0713582482 0.0085937500
-0.2062500000 -0.0687500000 0.0104033400
-0.2062500000 -0.0675779612 -0.0085937500
-0.2062500000 -0.0601562500 -0.0132720647
-0.2062500000 -0.0601562500 0.0149296323
-0.2062500000 -0.0523580870 -0.0171875000
-0.2062500000 -0.0515625000 -0.0174326232
-0.2062500000 -0.0557362874 0.0171875000
-0.2062500000 -0.0515625000 0.0189935752
-0.2062500000 -0.0429687500 -0.0203210846
-0.2062500000 -0.0429687500 0.0219159070
-0.2062500000 -0.0343750000 -0.0226995057
-0.2062500000 -0.0343750000 0.0241545309
-0.2062500000 -0.0257812500 -0.0256424538
-0.2077535267 -0.0257812500 0.0257812500
-0.2062500000 -0.0260623586 0.0257812500
-0.2062500000 -0.0257812500 0.0258267186
-0.2062500000 -0.0254692231 -0.0257812500
-0.2062500000 -0.0171875000 -0.0292795536
-0.2062500000 -0.0171875000 0.0276758539
-0.2062500000 -0.0085937500 -0.0322850402
-0.2062500000 -0.0085937500 0.0288839448
-0.2062500000 0.0000000000 -0.0341127933
-0.2062500000 0.0000000000 0.0296912358
-0.2062500000 0.0030090081 -0.0343750000
-0.2062500000 0.0085937500 -0.0350123290
-0.2062500000 0.0085937500 0.0306543486
-0.2062500000 0.0114071744 -0.0343750000
-0.2062500000 0.0171875000 -0.0333499213
-0.2062500000 0.0171875000 0.0315182349
-0.2062500000 0.0257812500 -0.0305897865
-0.2062500000 0.0257812500 0.0300063986
-0.2062500000 0.0343750000 -0.0272152232
-0.2062500000 0.0343750000 0.0270890730
-0.2062500000 0.0374701833 -0.0257812500
-0.2062500000 0.0429687500 -0.0235093316
-0.2062500000 0.0375145106 0.0257812500
-0.2062500000 0.0429687500 0.0238945269
-0.2062500000 0.0515625000 -0.0203657967
-0.2062500000 0.0515625000 0.0209364407
-0.2062500000 0.0601562500 -0.0176692260
-0.2062500000 0.0601562500 0.0178595592
-0.2062500000 0.0617899117 -0.0171875000
-0.2062500000 0.0687500000 -0.0142591119
-0.2062500000 0.0619160683 0.0171875000
-0.2062500000 0.0687500000 0.0138121910
-0.2062500000 0.0773437500 -0.0093765939
-0.2120707446 0.0773437500 0.0085937500
-0.2062500000 0.0773437500 0.0089836066
-0.2062500000 0.0784180154 -0.0085937500
-0.2062500000 0.0819333457 0.0000000000
-0.2062500000 0.0779676045 0.0085937500
-0.1976562500 -0.0725708717 0.0000000000
-0.1976562500 -0.0687500000 -0.0078434893
-0.1976562500 -0.0717613099 0.0085937500
-0.1976562500 -0.0687500000 0.0108017045
-0.1976562500 -0.0683313567 -0.0085937500
-0.1976562500 -0.0601562500 -0.0137159042
-0.1976562500 -0.0601562500 0.0152458426
-0.1976562500 -0.0532952592 -0.0171875000
-0.1976562500 -0.0515625000 -0.0177284459
-0.1976562500 -0.0563686166 0.0171875000
-0.1976562500 -0.0515625000 0.0192509849
-0.1976562500 -0.0429687500 -0.0206946045
-0.1976562500 -0.0429687500 0.0221775909
-0.1976562500 -0.0343750000 -0.0230497961
-0.1976562500 -0.0343750000 0.0243953509
-0.2024517780 -0.0257812500 -0.0257812500
-0.1976562500 -0.0262793197 -0.0257812500
-0.1976562500 -0.0257812500 -0.0259645272
-0.1976562500 -0.0277992878 0.0257812500
-0.1976562500 -0.0257812500 0.0261276466
-0.1976562500 -0.0171875000 -0.0295545287
-0.1976562500 -0.0171875000 0.0278779155
-0.1976562500 -0.0085937500 -0.0325084392
-0.1976562500 -0.0085937500 0.0290490840
-0.2005409520 0.0000000000 -0.0343750000
-0.1976562500 -0.0005848190 -0.0343750000
-0.1976562500 0.0000000000 -0.0345513601
-0.1976562500 0.0000000000 0.0299409397
-0.1976562500 0.0085937500 -0.0354466302
-0.1976562500 0.0085937500 0.0311450332
-0.1976562500 0.0133608063 -0.0343750000
-0.1976562500 0.0171875000 -0.0336937373
-0.1976562500 0.0171875000 0.0319080701
-0.1976562500 0.0257812500 -0.0308877007
-0.1976562500 0.0257812500 0.0303725079
-0.1976562500 0.0343750000 -0.0274954627
-0.1976562500 0.0343750000 0.0275983092
-0.1976562500 0.0380421453 -0.0257812500
-0.1976562500 0.0429687500 -0.0237665881
-0.1976562500 0.0389512628 0.0257812500
-0.1976562500 0.0429687500 0.0244016984
-0.1976562500 0.0515625000 -0.0206808250
-0.1976562500 0.0515625000 0.0214023092
-0.1976562500 0.0601562500 -0.0180029849
-0.1976562500 0.0601562500 0.0183797178
-0.1976562500 0.0629770890 -0.0171875000
-0.1976562500 0.0687500000 -0.0147881731
-0.1976562500 0.0631639355 0.0171875000
-0.1976562500 0.0687500000 0.0143472078
-0.1976562500 0.0773437500 -0.0102720772
-0.1976562500 0.0773437500 0.0095728849
-0.1976562500 0.0797115319 -0.0085937500
-0.1976562500 0.0828097511 0.0000000000
-0.1976562500 0.0789721302 0.0085937500
-0.1928255500 -0.0687500000 -0.0085937500
-0.1890625000 -0.0690682323 -0.0085937500
-0.1890625000 -0.0687500000 -0.0088204504
-0.1890625000 -0.0731810358 0.0000000000
-0.1890625000 -0.0721280787 0.0085937500
-0.1890625000 -0.0687500000 0.0111926424
-0.1890625000 -0.0601562500 -0.0141454811
-0.1890625000 -0.0601562500 0.0154862548
-0.1890625000 -0.0538815868 -0.0171875000
-0.1890625000 -0.0515625000 -0.0178854222
-0.1890625000 -0.0568618383 0.0171875000
-0.1890625000 -0.0515625000 0.0194384478
-0.1890625000 -0.0429687500 -0.0209782877
-0.1890625000 -0.0429687500 0.0223902642
-0.1890625000 -0.0343750000 -0.0234347955
-0.1890625000 -0.0343750000 0.0246406925
-0.1890625000 -0.0273740519 -0.0257812500
-0.1890625000 -0.0257812500 -0.0263532836
-0.1890625000 -0.0288656787 0.0257812500
-0.1890625000 -0.0257812500 0.0262957015
-0.1890625000 -0.0171875000 -0.0299091440
-0.1890625000 -0.0171875000 0.0279170314
-0.1890625000 -0.0085937500 -0.0328349660
-0.1890625000 -0.0085937500 0.0292110858
-0.1890625000 -0.0022702191 -0.0343750000
-0.1890625000 0.0000000000 -0.0350492538
-0.1890625000 0.0000000000 0.0301863912
-0.1890625000 0.0085937500 -0.0357129421
-0.1890625000 0.0085937500 0.0315552963
-0.1890625000 0.0143739960 -0.0343750000
-0.1890625000 0.0171875000 -0.0338447110
-0.1890625000 0.0171875000 0.0322687079
-0.1890625000 0.0257812500 -0.0311009626
-0.1890625000 0.0257812500 0.0308062614
-0.1890625000 0.0343750000 -0.0277457342
-0.1890625000 0.0343750000 0.0280839165
-0.1890625000 0.0384974143 -0.0257812500
-0.1890625000 0.0429687500 -0.0239639397
-0.1890625000 0.0402992419 0.0257812500
-0.1890625000 0.0429687500 0.0248500395
-0.1890625000 0.0515625000 -0.0209627785
-0.1890625000 0.0515625000 0.0218707908
-0.1890625000 0.0601562500 -0.0182349501
-0.1890625000 0.0601562500 0.0190428027
-0.1890625000 0.0638755081 -0.0171875000
-0.1890625000 0.0687500000 -0.0152932337
-0.1890625000 0.0648288625 0.0171875000
-0.1890625000 0.0687500000 0.0152189407
-0.1890625000 0.0773437500 -0.0112375450
-0.1890625000 0.0773437500 0.0102935521
-0.1890625000 0.0812306170 -0.0085937500
-0.1890625000 0.0842451669 0.0000000000
-0.1890625000 0.0802064685 0.0085937500
-0.1804687500 -0.0697511941 -0.0085937500
-0.1804687500 -0.0687500000 -0.0092904449
-0.1804687500 -0.0738002063 0.0000000000
-0.1804687500 -0.0724960120 0.0085937500
-0.1804687500 -0.0687500000 0.0113244675
-0.1804687500 -0.0601562500 -0.0143688652
-0.1804687500 -0.0601562500 0.0156453657
-0.1804687500 -0.0541629531 -0.0171875000
-0.1804687500 -0.0515625000 -0.0179676758
-0.1804687500 -0.0573219079 0.0171875000
-0.1804687500 -0.0515625000 0.0196633828
-0.1804687500 -0.0429687500 -0.0210876668
-0.1804687500 -0.0429687500 0.0226016815
-0.1804687500 -0.0343750000 -0.0236743211
-0.1804687500 -0.0343750000 0.0247985402
-0.1804687500 -0.0281568349 -0.0257812500
-0.1804687500 -0.0257812500 -0.0266322071
-0.1804687500 -0.0292640442 0.0257812500
-0.1804687500 -0.0257812500 0.0263194338
-0.1804687500 -0.0171875000 -0.0300868906
-0.1804687500 -0.0171875000 0.0278591872
-0.1804687500 -0.0085937500 -0.0330892032
-0.1804687500 -0.0085937500 0.0293076279
-0.1804687500 -0.0036854928 -0.0343750000
-0.1804687500 0.0000000000 -0.0355374300
-0.1804687500 0.0000000000 0.0304087333
-0.1804687500 0.0085937500 -0.0358632620
-0.1804687500 0.0085937500 0.0319440859
-0.1804687500 0.0154837305 -0.0343750000
-0.1804687500 0.0171875000 -0.0340664460
-0.1804687500 0.0171875000 0.0326106563
-0.1804687500 0.0257812500 -0.0313755308
-0.1804687500 0.0257812500 0.0311767709
-0.1804687500 0.0343750000 -0.0279548933
-0.1804687500 0.0343750000 0.0284946238
-0.1804687500 0.0389421660 -0.0257812500
-0.1804687500 0.0429687500 -0.0241884238
-0.1804687500 0.0416017349 0.0257812500
-0.1804687500 0.0429687500 0.0253027447
-0.1804687500 0.0515625000 -0.0212498676
-0.1804687500 0.0515625000 0.0222838280
-0.1804687500 0.0601562500 -0.0186012380
-0.1804687500 0.0601562500 0.0195871061
-0.1804687500 0.0654335065 -0.0171875000
-0.1804687500 0.0687500000 -0.0159725845
-0.1804687500 0.0663239985 0.0171875000
-0.1804687500 0.0687500000 0.0160138580
-0.1804687500 0.0773437500 -0.0122190101
-0.1804687500 0.0773437500 0.0111275347
-0.1804687500 0.0827817673 -0.0085937500
-0.1804687500 0.0856095266 0.0000000000
-0.1804687500 0.0816536330 0.0085937500
-0.1718750000 -0.0702896299 -0.0085937500
-0.1718750000 -0.0687500000 -0.0096113463
-0.1718750000 -0.0743266724 0.0000000000
-0.1718750000 -0.0727564740 0.0085937500
-0.1718750000 -0.0687500000 0.0113608004
-0.1718750000 -0.0601562500 -0.0143833951
-0.1718750000 -0.0601562500 0.0157069467
-0.1718750000 -0.0542952870 -0.0171875000
-0.1718750000 -0.0515625000 -0.0180222999
-0.1718750000 -0.0574397851 0.0171875000
-0.1718750000 -0.0515625000 0.0196853579
-0.1718750000 -0.0429687500 -0.0210954588
-0.1718750000 -0.0429687500 0.0227454301
-0.1718750000 -0.0343750000 -0.0237921872
-0.1718750000 -0.0343750000 0.0248489259
-0.1718750000 -0.0286022433 -0.0257812500
-0.1718750000 -0.0257812500 -0.0267908674
-0.1718750000 -0.0292166435 0.0257812500
-0.1718750000 -0.0257812500 0.0262730231
-0.1718750000 -0.0171875000 -0.0300420788
-0.1718750000 -0.0171875000 0.0277607255
-0.1718750000 -0.0085937500 -0.0332712881
-0.1718750000 -0.0085937500 0.0293379135
-0.1718750000 -0.0045983868 -0.0343750000
-0.1718750000 0.0000000000 -0.0358751724
-0.1718750000 0.0000000000 0.0305476609
-0.1718750000 0.0085937500 -0.0361667850
-0.1718750000 0.0085937500 0.0322110797
-0.1718750000 0.0167598540 -0.0343750000
-0.1718750000 0.0171875000 -0.0342957294
-0.1718750000 0.0171875000 0.0328065029
-0.1718750000 0.0257812500 -0.0317288863
-0.1718750000 0.0257812500 0.0312709762
-0.1718750000 0.0343750000 -0.0283384997
-0.1718750000 0.0343750000 0.0287382654
-0.1718750000 0.0399237199 -0.0257812500
-0.1718750000 0.0429687500 -0.0245890859
-0.1718750000 0.0425892914 0.0257812500
-0.1718750000 0.0429687500 0.0256505592
-0.1718750000 0.0515625000 -0.0217443862
-0.1718750000 0.0515625000 0.0227115488
-0.1718750000 0.0601562500 -0.0192215322
-0.1718750000 0.0601562500 0.0201433144
-0.1718750000 0.0684790031 -0.0171875000
-0.1718750000 0.0687500000 -0.0170950039
-0.1718750000 0.0679957799 0.0171875000
-0.1718750000 0.0687500000 0.0168192327
-0.1718750000 0.0773437500 -0.0134372089
-0.1718750000 0.0773437500 0.0119791218
-0.1718750000 0.0845363544 -0.0085937500
-0.1782437188 0.0859375000 0.0000000000
-0.1718750000 0.0859375000 -0.0032461325
-0.1718750000 0.0829296836 0.0085937500
-0.1718750000 0.0859375000 0.0019304232
-0.1718750000 0.0867025811 0.0000000000
-0.1632812500 -0.0708997609 -0.0085937500
-0.1632812500 -0.0687500000 -0.0100082018
-0.1632812500 -0.0748307389 0.0000000000
-0.1632812500 -0.0731216007 0.0085937500
-0.1632812500 -0.0687500000 0.0114330331
-0.1632812500 -0.0601562500 -0.0143985584
-0.1632812500 -0.0601562500 0.0157255613
-0.1632812500 -0.0543951429 -0.0171875000
-0.1632812500 -0.0515625000 -0.0180499554
-0.1632812500 -0.0573998050 0.0171875000
-0.1632812500 -0.0515625000 0.0195885144
-0.1632812500 -0.0429687500 -0.0210432303
-0.1632812500 -0.0429687500 0.0225822868
-0.1632812500 -0.0343750000 -0.0237031557
-0.1632812500 -0.0343750000 0.0247255713
-0.1632812500 -0.0284119181 -0.0257812500
-0.1632812500 -0.0257812500 -0.0267444249
-0.1632812500 -0.0286274254 0.0257812500
-0.1632812500 -0.0257812500 0.0261835222
-0.1632812500 -0.0171875000 -0.0300558804
-0.1632812500 -0.0171875000 0.0276358710
-0.1632812500 -0.0085937500 -0.0334622105
-0.1632812500 -0.0085937500 0.0292237608
-0.1632812500 -0.0052404852 -0.0343750000
-0.1632812500 0.0000000000 -0.0360484975
-0.1632812500 0.0000000000 0.0305576886
-0.1632812500 0.0085937500 -0.0365053244
-0.1632812500 0.0085937500 0.0322881886
-0.1699519511 0.0171875000 -0.0343750000
-0.1632812500 0.0171875000 -0.0347015099
-0.1632812500 0.0171875000 0.0328107782
-0.1632812500 0.0182469449 -0.0343750000
-0.1632812500 0.0257812500 -0.0322836701
-0.1632812500 0.0257812500 0.0313396684
-0.1632812500 0.0343750000 -0.0288585917
-0.1632812500 0.0343750000 0.0289471257
-0.1632812500 0.0414096761 -0.0257812500
-0.1632812500 0.0429687500 -0.0251951726
-0.1664698662 0.0429687500 0.0257812500
-0.1632812500 0.0429687500 0.0258557102
-0.1632812500 0.0515625000 -0.0223930301
-0.1632812500 0.0432095766 0.0257812500
-0.1632812500 0.0515625000 0.0232172225
-0.1632812500 0.0601562500 -0.0199703833
-0.1632812500 0.0601562500 0.0205997490
-0.1711744141 0.0687500000 -0.0171875000
-0.1632812500 0.0687500000 -0.0179802853
-0.1675594747 0.0687500000 0.0171875000
-0.1632812500 0.0687500000 0.0174628294
-0.1632812500 0.0714402201 -0.0171875000
-0.1632812500 0.0773437500 -0.0145704085
-0.1632812500 0.0693865268 0.0171875000
-0.1632812500 0.0773437500 0.0127024748
-0.1649833422 0.0859375000 -0.0085937500
-0.1632812500 0.0859375000 -0.0088619610
-0.1632812500 0.0837543531 0.0085937500
-0.1632812500 0.0859375000 0.0038471523
-0.1632812500 0.0862949371 -0.0085937500
-0.1632812500 0.0875789106 0.0000000000
-0.1546875000 -0.0714446485 -0.0085937500
-0.1546875000 -0.0687500000 -0.0103267531
-0.1546875000 -0.0754268535 0.0000000000
-0.1546875000 -0.0733756201 0.0085937500
-0.1546875000 -0.0687500000 0.0114774802
-0.1546875000 -0.0601562500 -0.0146177901
-0.1546875000 -0.0601562500 0.0156676638
-0.1546875000 -0.0548527434 -0.0171875000
-0.1546875000 -0.0515625000 -0.0181569024
-0.1546875000 -0.0572375363 0.0171875000
-0.1546875000 -0.0515625000 0.0194401008
-0.1546875000 -0.0429687500 -0.0211022500
-0.1546875000 -0.0429687500 0.0223813818
-0.1546875000 -0.0343750000 -0.0236699701
-0.1546875000 -0.0343750000 0.0245876047
-0.1546875000 -0.0282466045 -0.0257812500
-0.1546875000 -0.0257812500 -0.0266952740
-0.1546875000 -0.0280686708 0.0257812500
-0.1546875000 -0.0257812500 0.0261087056
-0.1546875000 -0.0171875000 -0.0301363624
-0.1546875000 -0.0171875000 0.0275470230
-0.1546875000 -0.0085937500 -0.0334209198
-0.1546875000 -0.0085937500 0.0291005951
-0.1546875000 -0.0050992719 -0.0343750000
-0.1546875000 0.0000000000 -0.0360186601
-0.1546875000 0.0000000000 0.0306684060
-0.1546875000 0.0085937500 -0.0368747940
-0.1546875000 0.0085937500 0.0324467917
-0.1546875000 0.0171875000 -0.0351625064
-0.1546875000 0.0171875000 0.0328700489
-0.1546875000 0.0200048178 -0.0343750000
-0.1546875000 0.0257812500 -0.0329104938
-0.1546875000 0.0257812500 0.0314271692
-0.1546875000 0.0343750000 -0.0295181181
-0.1546875000 0.0343750000 0.0291737061
-0.1560582716 0.0429687500 -0.0257812500
-0.1546875000 0.0429687500 -0.0259104157
-0.1546875000 0.0429687500 0.0260844844
-0.1546875000 0.0433032272 -0.0257812500
-0.1546875000 0.0515625000 -0.0231391161
-0.1546875000 0.0440098844 0.0257812500
-0.1546875000 0.0515625000 0.0235973020
-0.1546875000 0.0601562500 -0.0208450310
-0.1546875000 0.0601562500 0.0209598270
-0.1546875000 0.0687500000 -0.0187007866
-0.1546875000 0.0687500000 0.0179128088
-0.1546875000 0.0737312214 -0.0171875000
-0.1546875000 0.0773437500 -0.0155536378
-0.1546875000 0.0704794739 0.0171875000
-0.1546875000 0.0773437500 0.0133412982
-0.1546875000 0.0859375000 -0.0101867599
-0.1546875000 0.0844882788 0.0085937500
-0.1546875000 0.0859375000 0.0057604510
-0.1546875000 0.0880354320 -0.0085937500
-0.1546875000 0.0888321160 0.0000000000
-0.1460937500 -0.0718883445 -0.0085937500
-0.1460937500 -0.0687500000 -0.0105691448
-0.1460937500 -0.0756591302 0.0000000000
-0.1460937500 -0.0734831063 0.0085937500
-0.1460937500 -0.0687500000 0.0115025686
-0.1460937500 -0.0601562500 -0.0148593528
-0.1460937500 -0.0601562500 0.0156299431
-0.1460937500 -0.0553417516 -0.0171875000
-0.1460937500 -0.0515625000 -0.0182834012
-0.1460937500 -0.0570764566 0.0171875000
-0.1460937500 -0.0515625000 0.0193242616
-0.1460937500 -0.0429687500 -0.0211618154
-0.1460937500 -0.0429687500 0.0221735847
-0.1460937500 -0.0343750000 -0.0235991167
-0.1460937500 -0.0343750000 0.0243413893
-0.1460937500 -0.0277157687 -0.0257812500
-0.1460937500 -0.0257812500 -0.0264985018
-0.1460937500 -0.0275838543 0.0257812500
-0.1460937500 -0.0257812500 0.0260732290
-0.1460937500 -0.0171875000 -0.0300018786
-0.1460937500 -0.0171875000 0.0274759645
-0.1460937500 -0.0085937500 -0.0332750815
-0.1460937500 -0.0085937500 0.0291144902
-0.1460937500 -0.0046794575 -0.0343750000
-0.1460937500 0.0000000000 -0.0359049876
-0.1460937500 0.0000000000 0.0308417051
-0.1460937500 0.0085937500 -0.0370884230
-0.1460937500 0.0085937500 0.0327100553
-0.1460937500 0.0171875000 -0.0355636660
-0.1460937500 0.0171875000 0.0330424223
-0.1460937500 0.0221214808 -0.0343750000
-0.1460937500 0.0257812500 -0.0335621739
-0.1460937500 0.0257812500 0.0315083300
-0.1460937500 0.0343750000 -0.0303081771
-0.1460937500 0.0343750000 0.0293257965
-0.1460937500 0.0429687500 -0.0269787705
-0.1460937500 0.0429687500 0.0263071216
-0.1460937500 0.0460030799 -0.0257812500
-0.1460937500 0.0515625000 -0.0239342833
-0.1460937500 0.0447921982 0.0257812500
-0.1460937500 0.0515625000 0.0238892118
-0.1460937500 0.0601562500 -0.0216770399
-0.1460937500 0.0601562500 0.0212385728
-0.1460937500 0.0687500000 -0.0194630220
-0.1460937500 0.0687500000 0.0182932269
-0.1460937500 0.0760353577 -0.0171875000
-0.1460937500 0.0773437500 -0.0165980344
-0.1460937500 0.0714985606 0.0171875000
-0.1460937500 0.0773437500 0.0140065835
-0.1460937500 0.0859375000 -0.0116762935
-0.1460937500 0.0853167387 0.0085937500
-0.1460937500 0.0859375000 0.0074911156
-0.1460937500 0.0898522641 -0.0085937500
-0.1460937500 0.0902831076 0.0000000000
-0.1375000000 -0.0720928963 -0.0085937500
-0.1375000000 -0.0687500000 -0.0107994217
-0.1375000000 -0.0758101163 0.0000000000
-0.1375000000 -0.0736334865 0.0085937500
-0.1375000000 -0.0687500000 0.0115175797
-0.1375000000 -0.0601562500 -0.0151225974
-0.1375000000 -0.0601562500 0.0156524638
-0.1375000000 -0.0560658922 -0.0171875000
-0.1375000000 -0.0515625000 -0.0184872052
-0.1375000000 -0.0570281823 0.0171875000
-0.1375000000 -0.0515625000 0.0192526031
-0.1375000000 -0.0429687500 -0.0211021766
-0.1375000000 -0.0429687500 0.0220156258
-0.1375000000 -0.0343750000 -0.0233899288
-0.1375000000 -0.0343750000 0.0240265839
-0.1375000000 -0.0270689877 -0.0257812500
-0.1375000000 -0.0257812500 -0.0262656267
-0.1375000000 -0.0270533310 0.0257812500
-0.1375000000 -0.0257812500 0.0260158049
-0.1375000000 -0.0171875000 -0.0295704168
-0.1375000000 -0.0171875000 0.0274442185
-0.1375000000 -0.0085937500 -0.0330168457
-0.1375000000 -0.0085937500 0.0291823024
-0.1375000000 -0.0040186348 -0.0343750000
-0.1375000000 0.0000000000 -0.0357109812
-0.1375000000 0.0000000000 0.0310006855
-0.1375000000 0.0085937500 -0.0372050805
-0.1375000000 0.0085937500 0.0328600203
-0.1375000000 0.0171875000 -0.0360044621
-0.1375000000 0.0171875000 0.0332011217
-0.1375000000 0.0248076718 -0.0343750000
-0.1375000000 0.0257812500 -0.0341782894
-0.1375000000 0.0257812500 0.0317087886
-0.1375000000 0.0343750000 -0.0310510003
-0.1375000000 0.0343750000 0.0294693461
-0.1375000000 0.0429687500 -0.0280005879
-0.1375000000 0.0429687500 0.0264976477
-0.1375000000 0.0485199995 -0.0257812500
-0.1375000000 0.0515625000 -0.0247406764
-0.1375000000 0.0454959805 0.0257812500
-0.1375000000 0.0515625000 0.0241525706
-0.1375000000 0.0601562500 -0.0224698240
-0.1375000000 0.0601562500 0.0214049520
-0.1375000000 0.0687500000 -0.0202418825
-0.1375000000 0.0687500000 0.0185995819
-0.1412584249 0.0773437500 -0.0171875000
-0.1375000000 0.0773437500 -0.0175370789
-0.1375000000 0.0724990779 0.0171875000
-0.1375000000 0.0773437500 0.0147899182
-0.1375000000 0.0783371350 -0.0171875000
-0.1375000000 0.0859375000 -0.0129254518
-0.1414783659 0.0859375000 0.0085937500
-0.1375000000 0.0859375000 0.0089473603
-0.1375000000 0.0913354529 -0.0085937500
-0.1375000000 0.0917545004 0.0000000000
-0.1375000000 0.0864561398 0.0085937500
-0.1289062500 -0.0722702172 -0.0085937500
-0.1289062500 -0.0687500000 -0.0109157777
-0.1289062500 -0.0761271774 0.0000000000
-0.1289062500 -0.0738132301 0.0085937500
-0.1289062500 -0.0687500000 0.0115169299
-0.1289062500 -0.0601562500 -0.0152919116
-0.1289062500 -0.0601562500 0.0157014943
-0.1289062500 -0.0562726815 -0.0171875000
-0.1289062500 -0.0515625000 -0.0184738608
-0.1289062500 -0.0570380799 0.0171875000
-0.1289062500 -0.0515625000 0.0192014789
-0.1289062500 -0.0429687500 -0.0209149531
-0.1289062500 -0.0429687500 0.0218416381
-0.1289062500 -0.0343750000 -0.0230264485
-0.1289062500 -0.0343750000 0.0238435821
-0.1289062500 -0.0263850532 -0.0257812500
-0.1289062500 -0.0257812500 -0.0260227439
-0.1289062500 -0.0266503202 0.0257812500
-0.1289062500 -0.0257812500 0.0259459631
-0.1289062500 -0.0171875000 -0.0290775084
-0.1289062500 -0.0171875000 0.0274840937
-0.1289062500 -0.0085937500 -0.0326135393
-0.1289062500 -0.0085937500 0.0292648311
-0.1289062500 -0.0030903965 -0.0343750000
-0.1289062500 0.0000000000 -0.0354842694
-0.1289062500 0.0000000000 0.0311909998
-0.1289062500 0.0085937500 -0.0372659057
-0.1289062500 0.0085937500 0.0329606154
-0.1289062500 0.0171875000 -0.0363679976
-0.1289062500 0.0171875000 0.0332985869
-0.1337645590 0.0257812500 -0.0343750000
-0.1289062500 0.0257812500 -0.0346393427
-0.1289062500 0.0257812500 0.0318519222
-0.1289062500 0.0265251395 -0.0343750000
-0.1289062500 0.0343750000 -0.0316919284
-0.1289062500 0.0343750000 0.0296600231
-0.1289062500 0.0429687500 -0.0288049117
-0.1289062500 0.0429687500 0.0268429879
-0.1289062500 0.0507251411 -0.0257812500
-0.1289062500 0.0515625000 -0.0254933647
-0.1289062500 0.0466028810 0.0257812500
-0.1289062500 0.0515625000 0.0244211611
-0.1289062500 0.0601562500 -0.0231224769
-0.1289062500 0.0601562500 0.0216454641
-0.1289062500 0.0687500000 -0.0207986622
-0.1289062500 0.0687500000 0.0188910890
-0.1289062500 0.0773437500 -0.0181520035
-0.1289062500 0.0736179681 0.0171875000
-0.1289062500 0.0773437500 0.0154820183
-0.1289062500 0.0799518347 -0.0171875000
-0.1289062500 0.0859375000 -0.0136356741
-0.1289062500 0.0859375000 0.0099873660
-0.1289062500 0.0923493321 -0.0085937500
-0.1289062500 0.0930400998 0.0000000000
-0.1289062500 0.0880069967 0.0085937500
-0.1203125000 -0.0724268545 -0.0085937500
-0.1203125000 -0.0687500000 -0.0110628189
-0.1203125000 -0.0765856317 0.0000000000
-0.1203125000 -0.0741819505 0.0085937500
-0.1203125000 -0.0687500000 0.0116289463
-0.1203125000 -0.0601562500 -0.0151749200
-0.1203125000 -0.0601562500 0.0157499760
-0.1203125000 -0.0557227676 -0.0171875000
-0.1203125000 -0.0515625000 -0.0182644251
-0.1203125000 -0.0570332791 0.0171875000
-0.1203125000 -0.0515625000 0.0191414743
-0.1203125000 -0.0429687500 -0.0204914728
-0.1203125000 -0.0429687500 0.0215644222
-0.1203125000 -0.0343750000 -0.0225328846
-0.1203125000 -0.0343750000 0.0236516502
-0.1248341878 -0.0257812500 -0.0257812500
-0.1203125000 -0.0257812500 -0.0255282253
-0.1203125000 -0.0261576300 0.0257812500
-0.1203125000 -0.0257812500 0.0258544579
-0.1203125000 -0.0250321737 -0.0257812500
-0.1203125000 -0.0171875000 -0.0285777025
-0.1203125000 -0.0171875000 0.0275264993
-0.1203125000 -0.0085937500 -0.0321653019
-0.1203125000 -0.0085937500 0.0292918551
-0.1203125000 -0.0016642926 -0.0343750000
-0.1203125000 0.0000000000 -0.0349771510
-0.1203125000 0.0000000000 0.0313072332
-0.1203125000 0.0085937500 -0.0370944320
-0.1203125000 0.0085937500 0.0330480104
-0.1203125000 0.0171875000 -0.0366216309
-0.1203125000 0.0171875000 0.0333133974
-0.1203125000 0.0257812500 -0.0349235293
-0.1203125000 0.0257812500 0.0319057001
-0.1203125000 0.0274565345 -0.0343750000
-0.1203125000 0.0343750000 -0.0321773659
-0.1203125000 0.0343750000 0.0297735076
-0.1203125000 0.0429687500 -0.0292906994
-0.1203125000 0.0429687500 0.0271651795
-0.1233224454 0.0515625000 -0.0257812500
-0.1203125000 0.0515625000 -0.0259553517
-0.1203125000 0.0474818934 0.0257812500
-0.1203125000 0.0515625000 0.0245943878
-0.1203125000 0.0521317832 -0.0257812500
-0.1203125000 0.0601562500 -0.0234648837
-0.1203125000 0.0601562500 0.0219943732
-0.1203125000 0.0687500000 -0.0210655122
-0.1203125000 0.0687500000 0.0194250012
-0.1203125000 0.0773437500 -0.0184169842
-0.1203125000 0.0749943412 0.0171875000
-0.1203125000 0.0773437500 0.0161105575
-0.1203125000 0.0805584288 -0.0171875000
-0.1203125000 0.0859375000 -0.0140088764
-0.1203125000 0.0859375000 0.0108287427
-0.1203125000 0.0932045720 -0.0085937500
-0.1203125000 0.0940643049 0.0000000000
-0.1203125000 0.0893822444 0.0085937500
-0.1117187500 -0.0727464883 -0.0085937500
-0.1117187500 -0.0687500000 -0.0111925095
-0.1117187500 -0.0770158334 0.0000000000
-0.1117187500 -0.0746734077 0.0085937500
-0.1117187500 -0.0687500000 0.0118578150
-0.1117187500 -0.0601562500 -0.0150354296
-0.1117187500 -0.0601562500 0.0158791533
-0.1117187500 -0.0547965372 -0.0171875000
-0.1117187500 -0.0515625000 -0.0179551525
-0.1117187500 -0.0569669565 0.0171875000
-0.1117187500 -0.0515625000 0.0189611109
-0.1117187500 -0.0429687500 -0.0200188863
-0.1117187500 -0.0429687500 0.0212743693
-0.1117187500 -0.0343750000 -0.0220002566
-0.1117187500 -0.0343750000 0.0233718701
-0.1117187500 -0.0257812500 -0.0247918353
-0.1117187500 -0.0260338852 0.0257812500
-0.1117187500 -0.0257812500 0.0258362485
-0.1117187500 -0.0229033184 -0.0257812500
-0.1117187500 -0.0171875000 -0.0279620020
-0.1117187500 -0.0171875000 0.0274923512
-0.1117187500 -0.0085937500 -0.0316135559
-0.1117187500 -0.0085937500 0.0293057980
-0.1117187500 -0.0008266844 -0.0343750000
-0.1117187500 0.0000000000 -0.0346926709
-0.1117187500 0.0000000000 0.0313455254
-0.1117187500 0.0085937500 -0.0368744190
-0.1117187500 0.0085937500 0.0330513890
-0.1117187500 0.0171875000 -0.0366646168
-0.1117187500 0.0171875000 0.0333016539
-0.1117187500 0.0257812500 -0.0351078849
-0.1117187500 0.0257812500 0.0319880936
-0.1117187500 0.0280526274 -0.0343750000
-0.1117187500 0.0343750000 -0.0323979737
-0.1117187500 0.0343750000 0.0298827052
-0.1117187500 0.0429687500 -0.0295112116
-0.1117187500 0.0429687500 0.0275939487
-0.1117187500 0.0515625000 -0.0261064019
-0.1117187500 0.0488618722 0.0257812500
-0.1117187500 0.0515625000 0.0249956210
-0.1117187500 0.0525549585 -0.0257812500
-0.1117187500 0.0601562500 -0.0234884858
-0.1117187500 0.0601562500 0.0224674082
-0.1117187500 0.0687500000 -0.0209856909
-0.1117187500 0.0687500000 0.0197961402
-0.1117187500 0.0773437500 -0.0185143828
-0.1117187500 0.0762116164 0.0171875000
-0.1117187500 0.0773437500 0.0166750370
-0.1117187500 0.0809473466 -0.0171875000
-0.1117187500 0.0859375000 -0.0142829204
-0.1117187500 0.0859375000 0.0117017481
-0.1117187500 0.0936882153 -0.0085937500
-0.1156737715 0.0945312500 0.0000000000
-0.1117187500 0.0945312500 -0.0029098095
-0.1117187500 0.0907812982 0.0085937500
-0.1117187500 0.0945312500 0.0008119417
-0.1117187500 0.0949555132 0.0000000000
-0.1077860608 -0.0773437500 0.0000000000
-0.1031250000 -0.0777170297 0.0000000000
-0.1031250000 -0.0773437500 -0.0007939099
-0.1031250000 -0.0773437500 0.0015527980
-0.1031250000 -0.0732094822 -0.0085937500
-0.1031250000 -0.0687500000 -0.0112707713
-0.1031250000 -0.0754233377 0.0085937500
-0.1031250000 -0.0687500000 0.0123016132
-0.1031250000 -0.0601562500 -0.0149917837
-0.1031250000 -0.0601562500 0.0160938804
-0.1031250000 -0.0535601556 -0.0171875000
-0.1031250000 -0.0515625000 -0.0175923454
-0.1031250000 -0.0572357895 0.0171875000
-0.1031250000 -0.0515625000 0.0189058081
-0.1031250000 -0.0429687500 -0.0196084166
-0.1031250000 -0.0429687500 0.0209261272
-0.1031250000 -0.0343750000 -0.0216184720
-0.1031250000 -0.0343750000 0.0232234174
-0.1031250000 -0.0257812500 -0.0241483600
-0.1031250000 -0.0259957288 0.0257812500
-0.1031250000 -0.0257812500 0.0258311930
-0.1031250000 -0.0211037872 -0.0257812500
-0.1031250000 -0.0171875000 -0.0273329260
-0.1031250000 -0.0171875000 0.0274106613
-0.1031250000 -0.0085937500 -0.0309400461
-0.1031250000 -0.0085937500 0.0291792484
-0.1031250000 -0.0003199070 -0.0343750000
-0.1031250000 0.0000000000 -0.0345129526
-0.1031250000 0.0000000000 0.0313485531
-0.1031250000 0.0085937500 -0.0368416923
-0.1031250000 0.0085937500 0.0329974265
-0.1031250000 0.0171875000 -0.0365662824
-0.1031250000 0.0171875000 0.0332179732
-0.1031250000 0.0257812500 -0.0349853182
-0.1031250000 0.0257812500 0.0321351547
-0.1031250000 0.0277920619 -0.0343750000
-0.1031250000 0.0343750000 -0.0324637266
-0.1031250000 0.0343750000 0.0301275249
-0.1031250000 0.0429687500 -0.0294873075
-0.1031250000 0.0429687500 0.0278165309
-0.1031250000 0.0515625000 -0.0261589892
-0.1031250000 0.0495197199 0.0257812500
-0.1031250000 0.0515625000 0.0251977348
-0.1031250000 0.0526061069 -0.0257812500
-0.1031250000 0.0601562500 -0.0233287176
-0.1031250000 0.0601562500 0.0227359748
-0.1031250000 0.0687500000 -0.0208526274
-0.1031250000 0.0687500000 0.0200134611
-0.1031250000 0.0773437500 -0.0184398755
-0.1031250000 0.0770539628 0.0171875000
-0.1031250000 0.0773437500 0.0170593033
-0.1031250000 0.0808262822 -0.0171875000
-0.1031250000 0.0859375000 -0.0143160136
-0.1031250000 0.0859375000 0.0124494828
-0.1031250000 0.0939972459 -0.0085937500
-0.1031250000 0.0945312500 -0.0060405986
-0.1031250000 0.0919274714 0.0085937500
-0.1031250000 0.0945312500 0.0025937173
-0.1031250000 0.0957947945 0.0000000000
-0.0945312500 -0.0784812055 0.0000000000
-0.0945312500 -0.0773437500 -0.0024052614
-0.0945312500 -0.0773437500 0.0049062505
-0.0945312500 -0.0737481703 -0.0085937500
-0.0945312500 -0.0687500000 -0.0113380509
-0.0945312500 -0.0763373960 0.0085937500
-0.0945312500 -0.0687500000 0.0128554932
-0.0945312500 -0.0601562500 -0.0148694626
-0.0945312500 -0.0601562500 0.0162545111
-0.0945312500 -0.0518238723 -0.0171875000
-0.0945312500 -0.0515625000 -0.0172347935
-0.0945312500 -0.0575349589 0.0171875000
-0.0945312500 -0.0515625000 0.0188757515
-0.0945312500 -0.0429687500 -0.0191977048
-0.0945312500 -0.0429687500 0.0206977822
-0.0945312500 -0.0343750000 -0.0212209554
-0.0945312500 -0.0343750000 0.0231343767
-0.0945312500 -0.0257812500 -0.0237404121
-0.0945312500 -0.0259513176 0.0257812500
-0.0945312500 -0.0257812500 0.0258221309
-0.0945312500 -0.0201915253 -0.0257812500
-0.0945312500 -0.0171875000 -0.0269479309
-0.0945312500 -0.0171875000 0.0273348506
-0.0945312500 -0.0085937500 -0.0303242643
-0.0945312500 -0.0085937500 0.0290515510
-0.1010277260 0.0000000000 -0.0343750000
-0.0945312500 0.0000000000 -0.0340037773
-0.0945312500 0.0000000000 0.0312401376
-0.0945312500 0.0013686066 -0.0343750000
-0.0945312500 0.0085937500 -0.0365047288
-0.0945312500 0.0085937500 0.0330394083
-0.0945312500 0.0171875000 -0.0362741835
-0.0945312500 0.0171875000 0.0333872004
-0.0945312500 0.0257812500 -0.0346784846
-0.0945312500 0.0257812500 0.0323196168
-0.0945312500 0.0268378533 -0.0343750000
-0.0945312500 0.0343750000 -0.0323515677
-0.0945312500 0.0343750000 0.0302194148
-0.0945312500 0.0429687500 -0.0293407452
-0.0945312500 0.0429687500 0.0280387398
-0.0945312500 0.0515625000 -0.0259982436
-0.0945312500 0.0503957795 0.0257812500
-0.0945312500 0.0515625000 0.0254494558
-0.0945312500 0.0521387560 -0.0257812500
-0.0945312500 0.0601562500 -0.0231695043
-0.0945312500 0.0601562500 0.0228186094
-0.0945312500 0.0687500000 -0.0207578530
-0.0945312500 0.0687500000 0.0202313300
-0.0945312500 0.0773437500 -0.0181268037
-0.0952420103 0.0773437500 0.0171875000
-0.0945312500 0.0773437500 0.0171966743
-0.0945312500 0.0799987379 -0.0171875000
-0.0945312500 0.0859375000 -0.0139944664
-0.0945312500 0.0773690558 0.0171875000
-0.0945312500 0.0859375000 0.0128985250
-0.0945312500 0.0938644179 -0.0085937500
-0.0945312500 0.0945312500 -0.0062757549
-0.0945312500 0.0928109721 0.0085937500
-0.0945312500 0.0945312500 0.0041684671
-0.0945312500 0.0963782496 0.0000000000
-0.0859375000 -0.0793690325 0.0000000000
-0.0859375000 -0.0773437500 -0.0041214005
-0.0859375000 -0.0773437500 0.0084116835
-0.0859375000 -0.0745840790 -0.0085937500
-0.0859375000 -0.0687500000 -0.0117448286
-0.0859375000 -0.0772897392 0.0085937500
-0.0859375000 -0.0687500000 0.0133209167
-0.0859375000 -0.0601562500 -0.0148560599
-0.0859375000 -0.0601562500 0.0163766145
-0.0926159063 -0.0515625000 -0.0171875000
-0.0859375000 -0.0515625000 -0.0169433094
-0.0859375000 -0.0578548284 0.0171875000
-0.0859375000 -0.0515625000 0.0189540329
-0.0859375000 -0.0507929920 -0.0171875000
-0.0859375000 -0.0429687500 -0.0188702137
-0.0859375000 -0.0429687500 0.0208281519
-0.0859375000 -0.0343750000 -0.0208727586
-0.0859375000 -0.0343750000 0.0230801089
-0.0859375000 -0.0257812500 -0.0234851420
-0.0859375000 -0.0258933249 0.0257812500
-0.0859375000 -0.0257812500 0.0258095827
-0.0859375000 -0.0194994689 -0.0257812500
-0.0859375000 -0.0171875000 -0.0266245865
-0.0859375000 -0.0171875000 0.0274367349
-0.0859375000 -0.0085937500 -0.0297539958
-0.0859375000 -0.0085937500 0.0291001780
-0.0859375000 0.0000000000 -0.0332927941
-0.0859375000 0.0000000000 0.0312419038
-0.0859375000 0.0036271943 -0.0343750000
-0.0859375000 0.0085937500 -0.0360549832
-0.0859375000 0.0085937500 0.0331269233
-0.0859375000 0.0171875000 -0.0359454285
-0.0859375000 0.0171875000 0.0334657038
-0.0859375000 0.0257812500 -0.0344862404
-0.0859375000 0.0257812500 0.0324138584
-0.0859375000 0.0261863642 -0.0343750000
-0.0859375000 0.0343750000 -0.0322300901
-0.0859375000 0.0343750000 0.0303296611
-0.0859375000 0.0429687500 -0.0292168965
-0.0859375000 0.0429687500 0.0282312335
-0.0859375000 0.0515625000 -0.0259075658
-0.0859375000 0.0509298983 0.0257812500
-0.0859375000 0.0515625000 0.0255926172
-0.0859375000 0.0518764504 -0.0257812500
-0.0859375000 0.0601562500 -0.0230186613
-0.0859375000 0.0601562500 0.0226948967
-0.0859375000 0.0687500000 -0.0205239335
-0.0859375000 0.0687500000 0.0201884791
-0.0859375000 0.0773437500 -0.0176007647
-0.0939145410 0.0773437500 0.0171875000
-0.0859375000 0.0770153349 0.0171875000
-0.0859375000 0.0773437500 0.0170382826
-0.0859375000 0.0784985153 -0.0171875000
-0.0859375000 0.0859375000 -0.0133593953
-0.0859375000 0.0859375000 0.0129402915
-0.0859375000 0.0931382008 -0.0085937500
-0.0859375000 0.0945312500 -0.0052795483
-0.0859375000 0.0931893064 0.0085937500
-0.0859375000 0.0945312500 0.0052265789
-0.0859375000 0.0967590311 0.0000000000
-0.0773437500 -0.0802514244 0.0000000000
-0.0773437500 -0.0773437500 -0.0053412268
-0.0854619842 -0.0773437500 0.0085937500
-0.0773437500 -0.0780873405 0.0085937500
-0.0773437500 -0.0773437500 0.0091437286
-0.0773437500 -0.0749996524 -0.0085937500
-0.0773437500 -0.0687500000 -0.0119084301
-0.0773437500 -0.0687500000 0.0137604421
-0.0773437500 -0.0601562500 -0.0149790514
-0.0773437500 -0.0601562500 0.0167332530
-0.0773437500 -0.0515625000 -0.0170911161
-0.0773437500 -0.0589265098 0.0171875000
-0.0773437500 -0.0515625000 0.0192838612
-0.0773437500 -0.0511738107 -0.0171875000
-0.0773437500 -0.0429687500 -0.0185357746
-0.0773437500 -0.0429687500 0.0212131369
-0.0773437500 -0.0343750000 -0.0205094590
-0.0773437500 -0.0343750000 0.0235571821
-0.0773437500 -0.0257812500 -0.0231755630
-0.0773437500 -0.0263917119 0.0257812500
-0.0773437500 -0.0257812500 0.0259253692
-0.0773437500 -0.0183156694 -0.0257812500
-0.0773437500 -0.0171875000 -0.0261649703
-0.0773437500 -0.0171875000 0.0276048607
-0.0773437500 -0.0085937500 -0.0292992114
-0.0773437500 -0.0085937500 0.0292902478
-0.0773437500 0.0000000000 -0.0328581014
-0.0773437500 0.0000000000 0.0313357489
-0.0773437500 0.0048172788 -0.0343750000
-0.0773437500 0.0085937500 -0.0357189057
-0.0773437500 0.0085937500 0.0331664002
-0.0773437500 0.0171875000 -0.0355244719
-0.0773437500 0.0171875000 0.0334222781
-0.0826036491 0.0257812500 -0.0343750000
-0.0773437500 0.0246628288 -0.0343750000
-0.0773437500 0.0257812500 -0.0342122686
-0.0773437500 0.0257812500 0.0323624793
-0.0773437500 0.0343750000 -0.0319851090
-0.0773437500 0.0343750000 0.0304155077
-0.0773437500 0.0429687500 -0.0288783914
-0.0773437500 0.0429687500 0.0282390172
-0.0820520641 0.0515625000 -0.0257812500
-0.0773437500 0.0511627824 -0.0257812500
-0.0773437500 0.0515625000 -0.0256563614
-0.0773437500 0.0507136432 0.0257812500
-0.0773437500 0.0515625000 0.0255151986
-0.0773437500 0.0601562500 -0.0228274992
-0.0773437500 0.0601562500 0.0224488660
-0.0773437500 0.0687500000 -0.0201131653
-0.0773437500 0.0687500000 0.0198526481
-0.0778042181 0.0773437500 -0.0171875000
-0.0773437500 0.0772785298 -0.0171875000
-0.0773437500 0.0773437500 -0.0171578519
-0.0773437500 0.0765870831 0.0171875000
-0.0773437500 0.0773437500 0.0168756944
-0.0773437500 0.0859375000 -0.0126362745
-0.0773437500 0.0859375000 0.0128919243
-0.0773437500 0.0925573984 -0.0085937500
-0.0773437500 0.0945312500 -0.0046884497
-0.0773437500 0.0934674064 0.0085937500
-0.0773437500 0.0945312500 0.0057707220
-0.0773437500 0.0967776708 0.0000000000
-0.0687500000 -0.0812483730 0.0000000000
-0.0687500000 -0.0773437500 -0.0063605225
-0.0687500000 -0.0788679907 0.0085937500
-0.0687500000 -0.0773437500 0.0096820657
-0.0687500000 -0.0754536107 -0.0085937500
-0.0687500000 -0.0687500000 -0.0120085725
-0.0687500000 -0.0687500000 0.0139586750
-0.0687500000 -0.0601562500 -0.0150434297
-0.0687500000 -0.0601562500 0.0170706023
-0.0722124448 -0.0515625000 -0.0171875000
-0.0687500000 -0.0518273006 -0.0171875000
-0.0687500000 -0.0515625000 -0.0172336152
-0.0687500000 -0.0598493884 0.0171875000
-0.0687500000 -0.0515625000 0.0195965566
-0.0687500000 -0.0429687500 -0.0185265540
-0.0687500000 -0.0429687500 0.0215794544
-0.0687500000 -0.0343750000 -0.0205311249
-0.0687500000 -0.0343750000 0.0240550328
-0.0687500000 -0.0257812500 -0.0230956910
-0.0687500000 -0.0279165007 0.0257812500
-0.0687500000 -0.0257812500 0.0262791910
-0.0687500000 -0.0177886780 -0.0257812500
-0.0687500000 -0.0171875000 -0.0259792037
-0.0687500000 -0.0171875000 0.0278109571
-0.0687500000 -0.0085937500 -0.0290215342
-0.0687500000 -0.0085937500 0.0294311530
-0.0687500000 0.0000000000 -0.0324356401
-0.0687500000 0.0000000000 0.0314958334
-0.0687500000 0.0062080242 -0.0343750000
-0.0687500000 0.0085937500 -0.0352365004
-0.0687500000 0.0085937500 0.0331563762
-0.0687500000 0.0171875000 -0.0351855492
-0.0687500000 0.0171875000 0.0334015132
-0.0687500000 0.0231504394 -0.0343750000
-0.0687500000 0.0257812500 -0.0340439457
-0.0687500000 0.0257812500 0.0322251112
-0.0687500000 0.0343750000 -0.0318438748
-0.0687500000 0.0343750000 0.0302961139
-0.0687500000 0.0429687500 -0.0288046619
-0.0687500000 0.0429687500 0.0279469444
-0.0687500000 0.0511450295 -0.0257812500
-0.0687500000 0.0515625000 -0.0256528530
-0.0687500000 0.0497292488 0.0257812500
-0.0687500000 0.0515625000 0.0252085722
-0.0687500000 0.0601562500 -0.0227631779
-0.0687500000 0.0601562500 0.0220359803
-0.0687500000 0.0687500000 -0.0199363411
-0.0687500000 0.0687500000 0.0194752547
-0.0687500000 0.0764314430 -0.0171875000
-0.0687500000 0.0773437500 -0.0167635067
-0.0687500000 0.0760319529 0.0171875000
-0.0687500000 0.0773437500 0.0167050248
-0.0687500000 0.0859375000 -0.0122927824
-0.0687500000 0.0859375000 0.0128028361
-0.0687500000 0.0922538539 -0.0085937500
-0.0687500000 0.0945312500 -0.0036318083
-0.0687500000 0.0934507827 0.0085937500
-0.0687500000 0.0945312500 0.0050653607
-0.0687500000 0.0961352626 0.0000000000
-0.0601562500 -0.0815262871 0.0000000000
-0.0601562500 -0.0773437500 -0.0061241182
-0.0601562500 -0.0793481415 0.0085937500
-0.0601562500 -0.0773437500 0.0100095025
-0.0601562500 -0.0749005200 -0.0085937500
-0.0601562500 -0.0687500000 -0.0114538129
-0.0601562500 -0.0687500000 0.0141981821
-0.0601562500 -0.0601562500 -0.0143850565
-0.0672925311 -0.0601562500 0.0171875000
-0.0601562500 -0.0617035271 0.0171875000
-0.0601562500 -0.0601562500 0.0176418319
-0.0628209613 -0.0515625000 -0.0171875000
-0.0601562500 -0.0515625000 -0.0171580036
-0.0601562500 -0.0515625000 0.0200568492
-0.0601562500 -0.0514251418 -0.0171875000
-0.0601562500 -0.0429687500 -0.0185014451
-0.0601562500 -0.0429687500 0.0221177549
-0.0601562500 -0.0343750000 -0.0207896214
-0.0601562500 -0.0343750000 0.0244514848
-0.0601562500 -0.0257812500 -0.0233170750
-0.0601562500 -0.0288714297 0.0257812500
-0.0601562500 -0.0257812500 0.0264698269
-0.0601562500 -0.0184031980 -0.0257812500
-0.0601562500 -0.0171875000 -0.0261700421
-0.0601562500 -0.0171875000 0.0278569944
-0.0601562500 -0.0085937500 -0.0289848927
-0.0601562500 -0.0085937500 0.0293833854
-0.0601562500 0.0000000000 -0.0323402687
-0.0601562500 0.0000000000 0.0314517190
-0.0601562500 0.0077591136 -0.0343750000
-0.0601562500 0.0085937500 -0.0346415720
-0.0601562500 0.0085937500 0.0330227919
-0.0601562500 0.0171875000 -0.0351640526
-0.0601562500 0.0171875000 0.0330069188
-0.0601562500 0.0236550899 -0.0343750000
-0.0601562500 0.0257812500 -0.0341426499
-0.0601562500 0.0257812500 0.0317564319
-0.0601562500 0.0343750000 -0.0319492782
-0.0601562500 0.0343750000 0.0298987445
-0.0601562500 0.0429687500 -0.0289541527
-0.0601562500 0.0429687500 0.0272822213
-0.0620304003 0.0515625000 -0.0257812500
-0.0601562500 0.0515625000 -0.0258274417
-0.0601562500 0.0476416531 0.0257812500
-0.0601562500 0.0515625000 0.0246077785
-0.0601562500 0.0516686859 -0.0257812500
-0.0601562500 0.0601562500 -0.0228441908
-0.0601562500 0.0601562500 0.0215699083
-0.0601562500 0.0687500000 -0.0198868756
-0.0601562500 0.0687500000 0.0191015001
-0.0601562500 0.0758694538 -0.0171875000
-0.0601562500 0.0773437500 -0.0164465217
-0.0601562500 0.0753197993 0.0171875000
-0.0601562500 0.0773437500 0.0164963750
-0.0601562500 0.0859375000 -0.0118737833
-0.0601562500 0.0859375000 0.0126242337
-0.0601562500 0.0915766515 -0.0085937500
-0.0601562500 0.0945312500 -0.0017837990
-0.0601562500 0.0929332637 0.0085937500
-0.0601562500 0.0945312500 0.0026304404
-0.0601562500 0.0952967150 0.0000000000
-0.0515625000 -0.0813090753 0.0000000000
-0.0515625000 -0.0773437500 -0.0061290631
-0.0515625000 -0.0797475691 0.0085937500
-0.0515625000 -0.0773437500 0.0103675135
-0.0515625000 -0.0749008546 -0.0085937500
-0.0515625000 -0.0687500000 -0.0111400958
-0.0515625000 -0.0687500000 0.0147536565
-0.0515625000 -0.0601562500 -0.0141729245
-0.0515625000 -0.0636285169 0.0171875000
-0.0515625000 -0.0601562500 0.0182325628
-0.0515625000 -0.0515625000 -0.0167671641
-0.0515625000 -0.0515625000 0.0205623065
-0.0515625000 -0.0497179280 -0.0171875000
-0.0515625000 -0.0429687500 -0.0184640096
-0.0515625000 -0.0429687500 0.0225762649
-0.0515625000 -0.0343750000 -0.0210645477
-0.0515625000 -0.0343750000 0.0246115754
-0.0515625000 -0.0257812500 -0.0237091204
-0.0515625000 -0.0288564740 0.0257812500
-0.0515625000 -0.0257812500 0.0264111547
-0.0515625000 -0.0198926457 -0.0257812500
-0.0515625000 -0.0171875000 -0.0266674121
-0.0515625000 -0.0171875000 0.0277087442
-0.0515625000 -0.0085937500 -0.0293582660
-0.0515625000 -0.0085937500 0.0290917354
-0.0515625000 0.0000000000 -0.0323749158
-0.0515625000 0.0000000000 0.0312024637
-0.0515625000 0.0081132869 -0.0343750000
-0.0515625000 0.0085937500 -0.0345201273
-0.0515625000 0.0085937500 0.0329244428
-0.0515625000 0.0171875000 -0.0352211470
-0.0515625000 0.0171875000 0.0327552664
-0.0515625000 0.0246371018 -0.0343750000
-0.0515625000 0.0257812500 -0.0342642586
-0.0515625000 0.0257812500 0.0314777317
-0.0515625000 0.0343750000 -0.0322128229
-0.0515625000 0.0343750000 0.0297349429
-0.0515625000 0.0429687500 -0.0293566058
-0.0515625000 0.0429687500 0.0269691494
-0.0515625000 0.0515625000 -0.0262786681
-0.0515625000 0.0465729326 0.0257812500
-0.0515625000 0.0515625000 0.0242849022
-0.0515625000 0.0526844289 -0.0257812500
-0.0515625000 0.0601562500 -0.0230004223
-0.0515625000 0.0601562500 0.0215184253
-0.0515625000 0.0687500000 -0.0198032815
-0.0515625000 0.0687500000 0.0189352246
-0.0515625000 0.0752605753 -0.0171875000
-0.0515625000 0.0773437500 -0.0161121906
-0.0515625000 0.0744461291 0.0171875000
-0.0515625000 0.0773437500 0.0161381141
-0.0515625000 0.0859375000 -0.0115419638
-0.0515625000 0.0859375000 0.0122987799
-0.0515625000 0.0908269617 -0.0085937500
-0.0535472972 0.0945312500 0.0000000000
-0.0515625000 0.0943332443 0.0000000000
-0.0515625000 0.0923966465 0.0085937500
-0.0429687500 -0.0807419634 0.0000000000
-0.0429687500 -0.0773437500 -0.0055621887
-0.0429687500 -0.0796839767 0.0085937500
-0.0429687500 -0.0773437500 0.0103759059
-0.0429687500 -0.0745703525 -0.0085937500
-0.0429687500 -0.0687500000 -0.0109707062
-0.0429687500 -0.0687500000 0.0153438720
-0.0429687500 -0.0601562500 -0.0144681902
-0.0429687500 -0.0655320298 0.0171875000
-0.0429687500 -0.0601562500 0.0188447120
-0.0429687500 -0.0515625000 -0.0168818212
-0.0429687500 -0.0515625000 0.0208099410
-0.0429687500 -0.0503251466 -0.0171875000
-0.0429687500 -0.0429687500 -0.0187106908
-0.0429687500 -0.0429687500 0.0225269372
-0.0429687500 -0.0343750000 -0.0212172608
-0.0429687500 -0.0343750000 0.0244481926
-0.0429687500 -0.0257812500 -0.0240892849
-0.0429687500 -0.0274155888 0.0257812500
-0.0429687500 -0.0257812500 0.0260958792
-0.0429687500 -0.0214274917 -0.0257812500
-0.0429687500 -0.0171875000 -0.0272400571
-0.0429687500 -0.0171875000 0.0274782991
-0.0429687500 -0.0085937500 -0.0299144307
-0.0429687500 -0.0085937500 0.0287634544
-0.0429687500 0.0000000000 -0.0327412175
-0.0429687500 0.0000000000 0.0309273668
-0.0429687500 0.0075531593 -0.0343750000
-0.0429687500 0.0085937500 -0.0346573526
-0.0429687500 0.0085937500 0.0326482062
-0.0429687500 0.0171875000 -0.0355235801
-0.0429687500 0.0171875000 0.0326666867
-0.0469675827 0.0257812500 -0.0343750000
-0.0429687500 0.0257812500 -0.0344973526
-0.0429687500 0.0257812500 0.0314549777
-0.0429687500 0.0262135551 -0.0343750000
-0.0429687500 0.0343750000 -0.0325854631
-0.0429687500 0.0343750000 0.0298177490
-0.0429687500 0.0429687500 -0.0299094153
-0.0429687500 0.0429687500 0.0268227589
-0.0429687500 0.0515625000 -0.0267769131
-0.0429687500 0.0460332965 0.0257812500
-0.0429687500 0.0515625000 0.0241369793
-0.0429687500 0.0538293631 -0.0257812500
-0.0429687500 0.0601562500 -0.0232997980
-0.0429687500 0.0601562500 0.0215466828
-0.0429687500 0.0687500000 -0.0198024163
-0.0429687500 0.0687500000 0.0188558870
-0.0429687500 0.0749990020 -0.0171875000
-0.0429687500 0.0773437500 -0.0159626717
-0.0429687500 0.0738234360 0.0171875000
-0.0429687500 0.0773437500 0.0157973135
-0.0429687500 0.0859375000 -0.0111900182
-0.0429687500 0.0859375000 0.0120670500
-0.0429687500 0.0899938979 -0.0085937500
-0.0429687500 0.0935433658 0.0000000000
-0.0429687500 0.0918130585 0.0085937500
-0.0343750000 -0.0800500547 0.0000000000
-0.0343750000 -0.0773437500 -0.0044108194
-0.0343750000 -0.0793006789 0.0085937500
-0.0343750000 -0.0773437500 0.0100732789
-0.0343750000 -0.0740856518 -0.0085937500
-0.0343750000 -0.0687500000 -0.0109439717
-0.0343750000 -0.0687500000 0.0155271414
-0.0343750000 -0.0601562500 -0.0146558952
-0.0343750000 -0.0661813021 0.0171875000
-0.0343750000 -0.0601562500 0.0190694649
-0.0343750000 -0.0515625000 -0.0170986946
-0.0343750000 -0.0515625000 0.0207676577
-0.0343750000 -0.0512445484 -0.0171875000
-0.0343750000 -0.0429687500 -0.0190881612
-0.0343750000 -0.0429687500 0.0224433433
-0.0343750000 -0.0343750000 -0.0215340066
-0.0343750000 -0.0343750000 0.0242973052
-0.0343750000 -0.0257812500 -0.0244010535
-0.0343750000 -0.0258791615 0.0257812500
-0.0343750000 -0.0257812500 0.0257988333
-0.0343750000 -0.0222286575 -0.0257812500
-0.0343750000 -0.0171875000 -0.0275333750
-0.0343750000 -0.0171875000 0.0272264046
-0.0343750000 -0.0085937500 -0.0301939822
-0.0343750000 -0.0085937500 0.0285593296
-0.0343750000 0.0000000000 -0.0332079282
-0.0343750000 0.0000000000 0.0307679429
-0.0343750000 0.0054864917 -0.0343750000
-0.0343750000 0.0085937500 -0.0351941521
-0.0343750000 0.0085937500 0.0323775198
-0.0343750000 0.0171875000 -0.0359782545
-0.0343750000 0.0171875000 0.0325336521
-0.0343750000 0.0257812500 -0.0351180241
-0.0343750000 0.0257812500 0.0315645527
-0.0343750000 0.0282820712 -0.0343750000
-0.0343750000 0.0343750000 -0.0329932424
-0.0343750000 0.0343750000 0.0298238539
-0.0343750000 0.0429687500 -0.0303377422
-0.0343750000 0.0429687500 0.0268647667
-0.0343750000 0.0515625000 -0.0271317362
-0.0343750000 0.0462924066 0.0257812500
-0.0343750000 0.0515625000 0.0242580097
-0.0343750000 0.0546024534 -0.0257812500
-0.0343750000 0.0601562500 -0.0235933583
-0.0343750000 0.0601562500 0.0216442942
-0.0343750000 0.0687500000 -0.0200162781
-0.0343750000 0.0687500000 0.0186163364
-0.0343750000 0.0751869861 -0.0171875000
-0.0343750000 0.0773437500 -0.0159620345
-0.0343750000 0.0732173354 0.0171875000
-0.0343750000 0.0773437500 0.0155396700
-0.0343750000 0.0859375000 -0.0110348925
-0.0343750000 0.0859375000 0.0117344978
-0.0343750000 0.0893871329 -0.0085937500
-0.0343750000 0.0931912705 0.0000000000
-0.0343750000 0.0913386897 0.0085937500
-0.0257812500 -0.0794541832 0.0000000000
-0.0257812500 -0.0773437500 -0.0029873674
-0.0257812500 -0.0786119103 0.0085937500
-0.0257812500 -0.0773437500 0.0096648427
-0.0257812500 -0.0729833318 -0.0085937500
-0.0257812500 -0.0687500000 -0.0107086187
-0.0257812500 -0.0687500000 0.0157306385
-0.0257812500 -0.0601562500 -0.0143814929
-0.0257812500 -0.0665947950 0.0171875000
-0.0257812500 -0.0601562500 0.0191608602
-0.0257812500 -0.0515625000 -0.0169681101
-0.0257812500 -0.0515625000 0.0207252412
-0.0257812500 -0.0508893065 -0.0171875000
-0.0257812500 -0.0429687500 -0.0193624291
-0.0257812500 -0.0429687500 0.0224523943
-0.0257812500 -0.0343750000 -0.0218193420
-0.0257812500 -0.0343750000 0.0242839626
-0.0257812500 -0.0257812500 -0.0245823947
-0.0322990946 -0.0257812500 0.0257812500
-0.0257812500 -0.0257812500 0.0257284828
-0.0257812500 -0.0225650541 -0.0257812500
-0.0257812500 -0.0171875000 -0.0276664399
-0.0257812500 -0.0254316950 0.0257812500
-0.0257812500 -0.0171875000 0.0270321041
-0.0257812500 -0.0085937500 -0.0306874061
-0.0257812500 -0.0085937500 0.0284718406
-0.0257812500 0.0000000000 -0.0337486211
-0.0257812500 0.0000000000 0.0307486524
-0.0257812500 0.0033647359 -0.0343750000
-0.0257812500 0.0085937500 -0.0355814171
-0.0257812500 0.0085937500 0.0323613944
-0.0257812500 0.0171875000 -0.0363210290
-0.0257812500 0.0171875000 0.0325255992
-0.0257812500 0.0257812500 -0.0355186955
-0.0257812500 0.0257812500 0.0316978696
-0.0257812500 0.0295331646 -0.0343750000
-0.0257812500 0.0343750000 -0.0332922755
-0.0257812500 0.0343750000 0.0298675076
-0.0257812500 0.0429687500 -0.0306906720
-0.0257812500 0.0429687500 0.0269180982
-0.0257812500 0.0515625000 -0.0274871709
-0.0257812500 0.0466172058 0.0257812500
-0.0257812500 0.0515625000 0.0243872480
-0.0257812500 0.0554018117 -0.0257812500
-0.0257812500 0.0601562500 -0.0238569616
-0.0257812500 0.0601562500 0.0217881589
-0.0257812500 0.0687500000 -0.0203293575
-0.0257812500 0.0687500000 0.0183363756
-0.0257812500 0.0756976108 -0.0171875000
-0.0257812500 0.0773437500 -0.0161844701
-0.0257812500 0.0723147706 0.0171875000
-0.0257812500 0.0773437500 0.0152343770
-0.0257812500 0.0859375000 -0.0109409146
-0.0257812500 0.0859375000 0.0114573767
-0.0257812500 0.0892245230 -0.0085937500
-0.0257812500 0.0931651052 0.0000000000
-0.0257812500 0.0909695890 0.0085937500
-0.0171875000 -0.0787935266 0.0000000000
-0.0171875000 -0.0773437500 -0.0017863583
-0.0171875000 -0.0780468412 0.0085937500
-0.0171875000 -0.0773437500 0.0092101297
-0.0171875000 -0.0715437188 -0.0085937500
-0.0171875000 -0.0687500000 -0.0100072615
-0.0171875000 -0.0687500000 0.0155139147
-0.0171875000 -0.0601562500 -0.0136265730
-0.0171875000 -0.0662114102 0.0171875000
-0.0171875000 -0.0601562500 0.0189791710
-0.0171875000 -0.0515625000 -0.0166254315
-0.0171875000 -0.0515625000 0.0205044252
-0.0171875000 -0.0500803178 -0.0171875000
-0.0171875000 -0.0429687500 -0.0194229968
-0.0171875000 -0.0429687500 0.0223838152
-0.0171875000 -0.0343750000 -0.0218784045
-0.0171875000 -0.0343750000 0.0242160787
-0.0171875000 -0.0257812500 -0.0244878270
-0.0171875000 -0.0257812500 0.0257679377
-0.0171875000 -0.0224501309 -0.0257812500
-0.0171875000 -0.0171875000 -0.0278429885
-0.0171875000 -0.0256947394 0.0257812500
-0.0171875000 -0.0171875000 0.0271161788
-0.0171875000 -0.0085937500 -0.0312280867
-0.0171875000 -0.0085937500 0.0284047461
-0.0171875000 0.0000000000 -0.0341470308
-0.0171875000 0.0000000000 0.0308542962
-0.0171875000 0.0013036764 -0.0343750000
-0.0171875000 0.0085937500 -0.0359380302
-0.0171875000 0.0085937500 0.0322886050
-0.0171875000 0.0171875000 -0.0364125556
-0.0171875000 0.0171875000 0.0324599913
-0.0171875000 0.0257812500 -0.0354497712
-0.0171875000 0.0257812500 0.0316202018
-0.0171875000 0.0300048551 -0.0343750000
-0.0171875000 0.0343750000 -0.0336075661
-0.0171875000 0.0343750000 0.0297979811
-0.0171875000 0.0429687500 -0.0310457435
-0.0171875000 0.0429687500 0.0269644796
-0.0171875000 0.0515625000 -0.0278966980
-0.0171875000 0.0469508152 0.0257812500
-0.0171875000 0.0515625000 0.0245084231
-0.0171875000 0.0563127511 -0.0257812500
-0.0171875000 0.0601562500 -0.0241567913
-0.0171875000 0.0601562500 0.0219721263
-0.0171875000 0.0687500000 -0.0206595640
-0.0171875000 0.0687500000 0.0184660044
-0.0171875000 0.0758552575 -0.0171875000
-0.0171875000 0.0773437500 -0.0161584426
-0.0171875000 0.0724250792 0.0171875000
-0.0171875000 0.0773437500 0.0150851811
-0.0171875000 0.0859375000 -0.0106631430
-0.0171875000 0.0859375000 0.0111365396
-0.0171875000 0.0887298317 -0.0085937500
-0.0171875000 0.0927979729 0.0000000000
-0.0171875000 0.0903273192 0.0085937500
-0.0085937500 -0.0777938562 0.0000000000
-0.0085937500 -0.0773437500 -0.0004933336
-0.0085937500 -0.0776139610 0.0085937500
-0.0085937500 -0.0773437500 0.0088223843
-0.0085937500 -0.0704369106 -0.0085937500
-0.0085937500 -0.0687500000 -0.0095023134
-0.0085937500 -0.0687500000 0.0148881668
-0.0085937500 -0.0601562500 -0.0132223190
-0.0085937500 -0.0649745258 0.0171875000
-0.0085937500 -0.0601562500 0.0185684452
-0.0085937500 -0.0515625000 -0.0160649376
-0.0085937500 -0.0515625000 0.0201703648
-0.0085937500 -0.0489137510 -0.0171875000
-0.0085937500 -0.0429687500 -0.0193226355
-0.0085937500 -0.0429687500 0.0220987673
-0.0085937500 -0.0343750000 -0.0217463704
-0.0085937500 -0.0343750000 0.0241283928
-0.0085937500 -0.0257812500 -0.0244288327
-0.0085937500 -0.0257812500 0.0257767050
-0.0085937500 -0.0224940953 -0.0257812500
-0.0085937500 -0.0171875000 -0.0278749308
-0.0085937500 -0.0257512859 0.0257812500
-0.0085937500 -0.0171875000 0.0270971700
-0.0085937500 -0.0085937500 -0.0312932864
-0.0085937500 -0.0085937500 0.0283109808
-0.0085937500 0.0000000000 -0.0343547126
-0.0085937500 0.0000000000 0.0306140958
-0.0085937500 0.0001137876 -0.0343750000
-0.0085937500 0.0085937500 -0.0361360837
-0.0085937500 0.0085937500 0.0320509468
-0.0085937500 0.0171875000 -0.0365815531
-0.0085937500 0.0171875000 0.0323425003
-0.0085937500 0.0257812500 -0.0357419699
-0.0085937500 0.0257812500 0.0315417455
-0.0085937500 0.0317700943 -0.0343750000
-0.0085937500 0.0343750000 -0.0339584158
-0.0085937500 0.0343750000 0.0296932920
-0.0085937500 0.0429687500 -0.0314311795
-0.0085937500 0.0429687500 0.0270040461
-0.0085937500 0.0515625000 -0.0283057077
-0.0085937500 0.0471050997 0.0257812500
-0.0085937500 0.0515625000 0.0245686053
-0.0085937500 0.0573607706 -0.0257812500
-0.0085937500 0.0601562500 -0.0246230001
-0.0085937500 0.0601562500 0.0221139885
-0.0085937500 0.0687500000 -0.0210179916
-0.0085937500 0.0687500000 0.0187181991
-0.0085937500 0.0761967715 -0.0171875000
-0.0085937500 0.0773437500 -0.0163381415
-0.0085937500 0.0729902643 0.0171875000
-0.0085937500 0.0773437500 0.0151738163
-0.0085937500 0.0859375000 -0.0105023548
-0.0085937500 0.0859375000 0.0111286199
-0.0085937500 0.0884665676 -0.0085937500
-0.0085937500 0.0926328569 0.0000000000
-0.0085937500 0.0902402499 0.0085937500
-0.0054352759 -0.0773437500 0.0000000000
-0.0060648128 -0.0773437500 0.0085937500
0.0000000000 -0.0693345579 -0.0085937500
0.0000000000 -0.0687500000 -0.0089014087
0.0000000000 -0.0765710961 0.0000000000
0.0000000000 -0.0767188754 0.0085937500
0.0000000000 -0.0687500000 0.0144299486
0.0000000000 -0.0601562500 -0.0127999784
0.0000000000 -0.0636408353 0.0171875000
0.0000000000 -0.0601562500 0.0181215680
0.0000000000 -0.0515625000 -0.0156056937
0.0000000000 -0.0515625000 0.0198690797
0.0000000000 -0.0479388385 -0.0171875000
0.0000000000 -0.0429687500 -0.0191111594
0.0000000000 -0.0429687500 0.0220205215
0.0000000000 -0.0343750000 -0.0216845751
0.0000000000 -0.0343750000 0.0239682579
0.0000000000 -0.0257812500 -0.0242541085
0.0000000000 -0.0257812500 0.0254457405
0.0000000000 -0.0222085501 -0.0257812500
0.0000000000 -0.0171875000 -0.0278700209
0.0000000000 -0.0236840406 0.0257812500
0.0000000000 -0.0171875000 0.0268208039
0.0000000000 -0.0085937500 -0.0313588136
0.0000000000 -0.0085937500 0.0280525422
-0.0009750895 0.0000000000 -0.0343750000
0.0000000000 -0.0000084422 -0.0343750000
0.0000000000 0.0000000000 -0.0343783584
0.0000000000 0.0000000000 0.0303369378
0.0000000000 0.0085937500 -0.0363682322
0.0000000000 0.0085937500 0.0316162167
0.0000000000 0.0171875000 -0.0369295889
0.0000000000 0.0171875000 0.0319835547
0.0000000000 0.0257812500 -0.0361464831
0.0000000000 0.0257812500 0.0313927023
0.0000000000 0.0340509078 -0.0343750000
0.0000000000 0.0343750000 -0.0343255308
0.0000000000 0.0343750000 0.0295674589
0.0000000000 0.0429687500 -0.0319031773
0.0000000000 0.0429687500 0.0270924455
0.0000000000 0.0515625000 -0.0286458630
0.0000000000 0.0477733150 0.0257812500
0.0000000000 0.0515625000 0.0248092922
0.0000000000 0.0587691449 -0.0257812500
0.0000000000 0.0601562500 -0.0252601997
0.0000000000 0.0601562500 0.0225064612
0.0000000000 0.0687500000 -0.0217141937
0.0000000000 0.0687500000 0.0191903180
-0.0009214888 0.0773437500 -0.0171875000
0.0000000000 0.0773437500 -0.0172586325
0.0000000000 0.0740480435 0.0171875000
0.0000000000 0.0773437500 0.0155049661
0.0000000000 0.0774905093 -0.0171875000
0.0000000000 0.0859375000 -0.0107018860
0.0000000000 0.0859375000 0.0112568306
0.0000000000 0.0885530518 -0.0085937500
0.0000000000 0.0926649413 0.0000000000
0.0000000000 0.0904306345 0.0085937500
0.0036744940 -0.0687500000 -0.0085937500
0.0085937500 -0.0755128801 0.0000000000
0.0085937500 -0.0687500000 -0.0076794286
0.0085937500 -0.0758623459 0.0085937500
0.0085937500 -0.0687500000 0.0135956866
0.0085937500 -0.0679090777 -0.0085937500
0.0085937500 -0.0601562500 -0.0121502779
0.0085937500 -0.0617156264 0.0171875000
0.0085937500 -0.0601562500 0.0176145438
0.0085937500 -0.0515625000 -0.0151343535
0.0085937500 -0.0515625000 0.0196710114
0.0085937500 -0.0470707484 -0.0171875000
0.0085937500 -0.0429687500 -0.0188700524
0.0085937500 -0.0429687500 0.0219316197
0.0085937500 -0.0343750000 -0.0215437939
0.0085937500 -0.0343750000 0.0237386678
0.0085937500 -0.0257812500 -0.0243282490
0.0085937500 -0.0257812500 0.0251696366
0.0085937500 -0.0224762217 -0.0257812500
0.0085937500 -0.0171875000 -0.0279961021
0.0085937500 -0.0222342235 0.0257812500
0.0085937500 -0.0171875000 0.0266426569
0.0085937500 -0.0085937500 -0.0313493834
0.0085937500 -0.0085937500 0.0278381741
0.0006789210 0.0000000000 -0.0343750000
0.0085937500 0.0000000000 -0.0343440981
0.0085937500 0.0000000000 0.0299580064
0.0085937500 0.0001454941 -0.0343750000
0.0085937500 0.0085937500 -0.0365120187
0.0085937500 0.0085937500 0.0312405758
0.0085937500 0.0171875000 -0.0372798014
0.0085937500 0.0171875000 0.0316558843
0.0085937500 0.0257812500 -0.0365758452
0.0085937500 0.0257812500 0.0312268775
0.0010679906 0.0343750000 -0.0343750000
0.0085937500 0.0343750000 -0.0348957786
0.0085937500 0.0343750000 0.0296155511
0.0085937500 0.0358691383 -0.0343750000
0.0085937500 0.0429687500 -0.0324298951
0.0085937500 0.0429687500 0.0272912435
0.0085937500 0.0515625000 -0.0291513142
0.0085937500 0.0491801641 0.0257812500
0.0085937500 0.0515625000 0.0252393366
0.0062941072 0.0601562500 -0.0257812500
0.0085937500 0.0601562500 -0.0259899861
0.0085937500 0.0601562500 0.0228874709
0.0085937500 0.0606452048 -0.0257812500
0.0085937500 0.0687500000 -0.0224093999
0.0085937500 0.0687500000 0.0196776411
0.0085937500 0.0773437500 -0.0178877806
0.0085937500 0.0748730637 0.0171875000
0.0085937500 0.0773437500 0.0158156296
0.0085937500 0.0787071677 -0.0171875000
0.0085937500 0.0859375000 -0.0111007036
0.0085937500 0.0859375000 0.0115746299
0.0085937500 0.0889998965 -0.0085937500
0.0085937500 0.0930879962 0.0000000000
0.0085937500 0.0909413838 0.0085937500
0.0171875000 -0.0741691772 0.0000000000
0.0171875000 -0.0687500000 -0.0061956405
0.0171875000 -0.0747344022 0.0085937500
0.0171875000 -0.0687500000 0.0126901647
0.0171875000 -0.0665808580 -0.0085937500
0.0171875000 -0.0601562500 -0.0115654451
0.0164894759 -0.0601562500 0.0171875000
0.0171875000 -0.0601562500 0.0171316496
0.0171875000 -0.0515625000 -0.0146133101
0.0171875000 -0.0600074432 0.0171875000
0.0171875000 -0.0515625000 0.0194891979
0.0171875000 -0.0455892367 -0.0171875000
0.0171875000 -0.0429687500 -0.0182417499
0.0171875000 -0.0429687500 0.0219157274
0.0171875000 -0.0343750000 -0.0213027935
0.0171875000 -0.0343750000 0.0237744099
0.0171875000 -0.0257812500 -0.0242942841
0.0171875000 -0.0257812500 0.0251241616
0.0171875000 -0.0224088877 -0.0257812500
0.0171875000 -0.0171875000 -0.0279582165
0.0171875000 -0.0218737062 0.0257812500
0.0171875000 -0.0171875000 0.0265551551
0.0171875000 -0.0085937500 -0.0313045611
0.0171875000 -0.0085937500 0.0276184309
0.0099314420 0.0000000000 -0.0343750000
0.0171875000 -0.0005002892 -0.0343750000
0.0171875000 0.0000000000 -0.0345889460
0.0171875000 0.0000000000 0.0297141882
0.0171875000 0.0085937500 -0.0366919997
0.0171875000 0.0085937500 0.0310165819
0.0171875000 0.0171875000 -0.0374644114
0.0171875000 0.0171875000 0.0315375653
0.0171875000 0.0257812500 -0.0369279379
0.0171875000 0.0257812500 0.0309475579
0.0171875000 0.0343750000 -0.0354867850
0.0171875000 0.0343750000 0.0296925357
0.0171875000 0.0374189676 -0.0343750000
0.0171875000 0.0429687500 -0.0327520571
0.0171875000 0.0429687500 0.0275970044
0.0171875000 0.0515625000 -0.0294018674
0.0171875000 0.0505075710 0.0257812500
0.0171875000 0.0515625000 0.0255447337
0.0171875000 0.0601562500 -0.0262980752
0.0171875000 0.0601562500 0.0233280976
0.0171875000 0.0614036936 -0.0257812500
0.0171875000 0.0687500000 -0.0227800860
0.0171875000 0.0687500000 0.0203035513
0.0171875000 0.0773437500 -0.0179859117
0.0171875000 0.0764744502 0.0171875000
0.0171875000 0.0773437500 0.0166758349
0.0171875000 0.0788846936 -0.0171875000
0.0171875000 0.0859375000 -0.0112583953
0.0171875000 0.0859375000 0.0119113969
0.0171875000 0.0892480118 -0.0085937500
0.0171875000 0.0933543362 0.0000000000
0.0171875000 0.0912257605 0.0085937500
0.0257812500 -0.0727974216 0.0000000000
0.0257812500 -0.0687500000 -0.0043160478
0.0257812500 -0.0733562123 0.0085937500
0.0257812500 -0.0687500000 0.0119539937
0.0257812500 -0.0646200931 -0.0085937500
0.0257812500 -0.0601562500 -0.0108123379
0.0257812500 -0.0601562500 0.0161822802
0.0257812500 -0.0515625000 -0.0140326788
0.0257812500 -0.0576307017 0.0171875000
0.0257812500 -0.0515625000 0.0191212434
0.0257812500 -0.0445328885 -0.0171875000
0.0257812500 -0.0429687500 -0.0178312370
0.0257812500 -0.0429687500 0.0217672998
0.0257812500 -0.0343750000 -0.0211814819
0.0257812500 -0.0343750000 0.0238479072
0.0257812500 -0.0257812500 -0.0242722252
0.0257812500 -0.0257812500 0.0253119723
0.0257812500 -0.0223207109 -0.0257812500
0.0257812500 -0.0171875000 -0.0278943199
0.0257812500 -0.0223823874 0.0257812500
0.0257812500 -0.0171875000 0.0264593642
0.0257812500 -0.0085937500 -0.0312647950
0.0257812500 -0.0085937500 0.0274211001
0.0257812500 -0.0004836389 -0.0343750000
0.0257812500 0.0000000000 -0.0345891393
0.0257812500 0.0000000000 0.0292228909
0.0257812500 0.0085937500 -0.0370596662
0.0257812500 0.0085937500 0.0305447388
0.0257812500 0.0171875000 -0.0378474074
0.0257812500 0.0171875000 0.0311772887
0.0257812500 0.0257812500 -0.0371746684
0.0257812500 0.0257812500 0.0306495609
0.0257812500 0.0343750000 -0.0359020063
0.0257812500 0.0343750000 0.0296566896
0.0257812500 0.0383154349 -0.0343750000
0.0257812500 0.0429687500 -0.0329421218
0.0257812500 0.0429687500 0.0278952338
0.0257812500 0.0515625000 -0.0296480666
0.0236772958 0.0515625000 0.0257812500
0.0257812500 0.0515625000 0.0258605255
0.0257812500 0.0601562500 -0.0265611517
0.0257812500 0.0518600239 0.0257812500
0.0257812500 0.0601562500 0.0236426249
0.0257812500 0.0619831333 -0.0257812500
0.0257812500 0.0687500000 -0.0230153617
0.0257812500 0.0687500000 0.0205141682
0.0257812500 0.0773437500 -0.0183313909
0.0257812500 0.0767928431 0.0171875000
0.0257812500 0.0773437500 0.0168475709
0.0257812500 0.0795680315 -0.0171875000
0.0257812500 0.0859375000 -0.0117586540
0.0257812500 0.0859375000 0.0120228150
0.0257812500 0.0897051580 -0.0085937500
0.0257812500 0.0935368962 0.0000000000
0.0257812500 0.0911680908 0.0085937500
0.0343750000 -0.0715823450 0.0000000000
0.0343750000 -0.0687500000 -0.0030932474
0.0343750000 -0.0722550983 0.0085937500
0.0343750000 -0.0687500000 0.0110798713
0.0343750000 -0.0635975339 -0.0085937500
0.0343750000 -0.0601562500 -0.0103014628
0.0343750000 -0.0601562500 0.0152368512
0.0343750000 -0.0515625000 -0.0135353843
0.0343750000 -0.0551580310 0.0171875000
0.0343750000 -0.0515625000 0.0184050895
0.0343750000 -0.0432256232 -0.0171875000
0.0343750000 -0.0429687500 -0.0172946539
0.0343750000 -0.0429687500 0.0213501103
0.0343750000 -0.0343750000 -0.0210751153
0.0343750000 -0.0343750000 0.0239393987
0.0343750000 -0.0257812500 -0.0244268194
0.0343750000 -0.0257812500 0.0254217199
0.0343750000 -0.0225702923 -0.0257812500
0.0343750000 -0.0171875000 -0.0279078162
0.0343750000 -0.0226683807 0.0257812500
0.0343750000 -0.0171875000 0.0263492012
0.0343750000 -0.0085937500 -0.0313345954
0.0343750000 -0.0085937500 0.0271134593
0.0343750000 -0.0007377839 -0.0343750000
0.0343750000 0.0000000000 -0.0347262136
0.0343750000 0.0000000000 0.0287415790
0.0343750000 0.0085937500 -0.0376297020
0.0343750000 0.0085937500 0.0301188075
0.0343750000 0.0171875000 -0.0386586275
0.0343750000 0.0171875000 0.0308155147
0.0343750000 0.0257812500 -0.0379158293
0.0343750000 0.0257812500 0.0304490115
0.0343750000 0.0343750000 -0.0363836921
0.0343750000 0.0343750000 0.0297670273
0.0343750000 0.0392244247 -0.0343750000
0.0343750000 0.0429687500 -0.0331576541
0.0343750000 0.0429687500 0.0282395099
0.0343750000 0.0515625000 -0.0298648316
0.0343750000 0.0515625000 0.0263300470
0.0343750000 0.0601562500 -0.0269936387
0.0343750000 0.0535087642 0.0257812500
0.0343750000 0.0601562500 0.0239484539
0.0343750000 0.0629840983 -0.0257812500
0.0343750000 0.0687500000 -0.0233834917
0.0343750000 0.0687500000 0.0205747941
0.0343750000 0.0773437500 -0.0187858936
0.0343750000 0.0766518578 0.0171875000
0.0343750000 0.0773437500 0.0167539632
0.0343750000 0.0803886761 -0.0171875000
0.0343750000 0.0859375000 -0.0122519937
0.0343750000 0.0859375000 0.0118111587
0.0343750000 0.0900185326 -0.0085937500
0.0343750000 0.0932135873 0.0000000000
0.0343750000 0.0905554536 0.0085937500
0.0429687500 -0.0701929302 0.0000000000
0.0429687500 -0.0687500000 -0.0015551571
0.0429687500 -0.0710872747 0.0085937500
0.0429687500 -0.0687500000 0.0102010937
0.0429687500 -0.0621380746 -0.0085937500
0.0429687500 -0.0601562500 -0.0095940410
0.0429687500 -0.0601562500 0.0144587810
0.0429687500 -0.0515625000 -0.0131433910
0.0429687500 -0.0539422886 0.0171875000
0.0429687500 -0.0515625000 0.0181331856
0.0370658545 -0.0429687500 -0.0171875000
0.0429687500 -0.0429687500 -0.0169821568
0.0429687500 -0.0429687500 0.0215434911
0.0429687500 -0.0425394961 -0.0171875000
0.0429687500 -0.0343750000 -0.0210123392
0.0429687500 -0.0343750000 0.0240422167
0.0429687500 -0.0257812500 -0.0244455098
0.0429687500 -0.0257812500 0.0253810011
0.0429687500 -0.0225583677 -0.0257812500
0.0429687500 -0.0171875000 -0.0279201440
0.0429687500 -0.0218666290 0.0257812500
0.0429687500 -0.0171875000 0.0262257009
0.0429687500 -0.0085937500 -0.0316273738
0.0429687500 -0.0085937500 0.0269099198
0.0429687500 -0.0020720110 -0.0343750000
0.0429687500 0.0000000000 -0.0353987671
0.0429687500 0.0000000000 0.0283872443
0.0429687500 0.0085937500 -0.0382327692
0.0429687500 0.0085937500 0.0298956778
0.0429687500 0.0171875000 -0.0392476714
0.0429687500 0.0171875000 0.0307952068
0.0429687500 0.0257812500 -0.0384978235
0.0429687500 0.0257812500 0.0306530902
0.0429687500 0.0343750000 -0.0367883807
0.0429687500 0.0343750000 0.0299278529
0.0429687500 0.0398603187 -0.0343750000
0.0429687500 0.0429687500 -0.0332855724
0.0429687500 0.0429687500 0.0284269083
0.0429687500 0.0515625000 -0.0299571575
0.0429687500 0.0515625000 0.0265581680
0.0429687500 0.0601562500 -0.0270066376
0.0429687500 0.0543253855 0.0257812500
0.0429687500 0.0601562500 0.0241474304
0.0429687500 0.0629147893 -0.0257812500
0.0429687500 0.0687500000 -0.0233127342
0.0429687500 0.0687500000 0.0204495661
0.0429687500 0.0773437500 -0.0187140067
0.0429687500 0.0763903014 0.0171875000
0.0429687500 0.0773437500 0.0165829197
0.0429687500 0.0802920170 -0.0171875000
0.0429687500 0.0859375000 -0.0121220928
0.0429687500 0.0859375000 0.0114559635
0.0429687500 0.0896305268 -0.0085937500
0.0429687500 0.0924772106 0.0000000000
0.0429687500 0.0897923220 0.0085937500
0.0515625000 -0.0689663617 0.0000000000
0.0515625000 -0.0687500000 -0.0002356998
0.0515625000 -0.0696657761 0.0085937500
0.0515625000 -0.0687500000 0.0092489539
0.0515625000 -0.0609402480 -0.0085937500
0.0515625000 -0.0601562500 -0.0090098357
0.0515625000 -0.0601562500 0.0139686647
0.0515625000 -0.0515625000 -0.0128377612
0.0515625000 -0.0533074150 0.0171875000
0.0515625000 -0.0515625000 0.0179311980
0.0515625000 -0.0429687500 -0.0167428795
0.0515625000 -0.0429687500 0.0216439689
0.0515625000 -0.0420728182 -0.0171875000
0.0515625000 -0.0343750000 -0.0208031637
0.0515625000 -0.0343750000 0.0242895828
0.0515625000 -0.0257812500 -0.0245238997
0.0515625000 -0.0257812500 0.0254728148
0.0515625000 -0.0227075135 -0.0257812500
0.0515625000 -0.0171875000 -0.0280095323
0.0515625000 -0.0222685221 0.0257812500
0.0515625000 -0.0171875000 0.0261863450
0.0515625000 -0.0085937500 -0.0319629679
0.0515625000 -0.0085937500 0.0267464176
0.0515625000 -0.0029668395 -0.0343750000
0.0515625000 0.0000000000 -0.0358314498
0.0515625000 0.0000000000 0.0280080696
0.0515625000 0.0085937500 -0.0387935603
0.0515625000 0.0085937500 0.0299601966
0.0515625000 0.0171875000 -0.0393951363
0.0515625000 0.0171875000 0.0310971672
0.0515625000 0.0257812500 -0.0384968101
0.0515625000 0.0257812500 0.0309893033
0.0515625000 0.0343750000 -0.0364742217
0.0515625000 0.0343750000 0.0302339689
0.0515625000 0.0391484448 -0.0343750000
0.0515625000 0.0429687500 -0.0330461381
0.0515625000 0.0429687500 0.0287236726
0.0515625000 0.0515625000 -0.0296434729
0.0515625000 0.0515625000 0.0267983979
0.0515625000 0.0601562500 -0.0267327873
0.0515625000 0.0548409235 0.0257812500
0.0515625000 0.0601562500 0.0241356427
0.0515625000 0.0622923267 -0.0257812500
0.0515625000 0.0687500000 -0.0231086718
0.0515625000 0.0687500000 0.0203760878
0.0515625000 0.0773437500 -0.0184598382
0.0515625000 0.0759523367 0.0171875000
0.0515625000 0.0773437500 0.0162854193
0.0515625000 0.0797833380 -0.0171875000
0.0515625000 0.0859375000 -0.0111898373
0.0515625000 0.0859375000 0.0106444629
0.0515625000 0.0883151834 -0.0085937500
0.0515625000 0.0909466724 0.0000000000
0.0515625000 0.0885803111 0.0085937500
0.0529698292 -0.0687500000 0.0000000000
0.0578039215 -0.0687500000 0.0085937500
0.0571948206 -0.0601562500 -0.0085937500
0.0601562500 -0.0677122880 0.0000000000
0.0601562500 -0.0601562500 -0.0081818834
0.0601562500 -0.0683454165 0.0085937500
0.0601562500 -0.0601562500 0.0130722242
0.0601562500 -0.0597391259 -0.0085937500
0.0601562500 -0.0515625000 -0.0124941855
0.0601562500 -0.0516097595 0.0171875000
0.0601562500 -0.0515625000 0.0172085083
0.0601562500 -0.0429687500 -0.0165704364
0.0601562500 -0.0429687500 0.0213173504
0.0601562500 -0.0417673994 -0.0171875000
0.0601562500 -0.0343750000 -0.0207034372
0.0601562500 -0.0343750000 0.0243561026
0.0601562500 -0.0257812500 -0.0246064913
0.0582251254 -0.0257812500 0.0257812500
0.0601562500 -0.0264235886 0.0257812500
0.0601562500 -0.0257812500 0.0258579297
0.0601562500 -0.0231014777 -0.0257812500
0.0601562500 -0.0171875000 -0.0283743804
0.0601562500 -0.0171875000 0.0262992939
0.0601562500 -0.0085937500 -0.0323630354
0.0601562500 -0.0085937500 0.0269249622
0.0601562500 -0.0039677190 -0.0343750000
0.0601562500 0.0000000000 -0.0363273906
0.0601562500 0.0000000000 0.0279111763
0.0601562500 0.0085937500 -0.0392181598
0.0601562500 0.0085937500 0.0302368991
0.0601562500 0.0171875000 -0.0395334969
0.0601562500 0.0171875000 0.0314015811
0.0601562500 0.0257812500 -0.0383008353
0.0601562500 0.0257812500 0.0313494541
0.0601562500 0.0343750000 -0.0362237771
0.0601562500 0.0343750000 0.0306313681
0.0601562500 0.0390140974 -0.0343750000
0.0601562500 0.0429687500 -0.0330851165
0.0601562500 0.0429687500 0.0290897692
0.0601562500 0.0515625000 -0.0296643334
0.0601562500 0.0515625000 0.0271716579
0.0601562500 0.0601562500 -0.0266677302
0.0601562500 0.0562919611 0.0257812500
0.0601562500 0.0601562500 0.0246138143
0.0601562500 0.0620142093 -0.0257812500
0.0601562500 0.0687500000 -0.0227292740
0.0601562500 0.0687500000 0.0206181634
0.0601562500 0.0773437500 -0.0180017358
0.0601562500 0.0756561704 0.0171875000
0.0601562500 0.0773437500 0.0159283055
0.0601562500 0.0788316136 -0.0171875000
0.0601562500 0.0859375000 -0.0096928849
0.0601562500 0.0859375000 0.0096028296
0.0601562500 0.0868663334 -0.0085937500
0.0601562500 0.0892860692 0.0000000000
0.0601562500 0.0871865139 0.0085937500
0.0687500000 -0.0666913601 0.0000000000
0.0687500000 -0.0601562500 -0.0070684376
0.0687500000 -0.0667558943 0.0085937500
0.0687500000 -0.0601562500 0.0119896797
0.0687500000 -0.0586641388 -0.0085937500
0.0687500000 -0.0515625000 -0.0120314195
0.0604290897 -0.0515625000 0.0171875000
0.0687500000 -0.0515625000 0.0165452477
0.0687500000 -0.0429687500 -0.0164969854
0.0687500000 -0.0503133880 0.0171875000
0.0687500000 -0.0429687500 0.0208275013
0.0687500000 -0.0416722684 -0.0171875000
0.0687500000 -0.0343750000 -0.0205746863
0.0687500000 -0.0343750000 0.0240289874
0.0687500000 -0.0257812500 -0.0243195300
0.0687500000 -0.0265446141 0.0257812500
0.0687500000 -0.0257812500 0.0258921634
0.0687500000 -0.0224581010 -0.0257812500
0.0687500000 -0.0171875000 -0.0283713796
0.0687500000 -0.0171875000 0.0264367577
0.0687500000 -0.0085937500 -0.0327081147
0.0687500000 -0.0085937500 0.0271745783
0.0687500000 -0.0048201913 -0.0343750000
0.0687500000 0.0000000000 -0.0367166145
0.0687500000 0.0000000000 0.0283115880
0.0687500000 0.0085937500 -0.0393399717
0.0687500000 0.0085937500 0.0304977431
0.0687500000 0.0171875000 -0.0396973489
0.0687500000 0.0171875000 0.0315961228
0.0687500000 0.0257812500 -0.0383055970
0.0687500000 0.0257812500 0.0316461303
0.0687500000 0.0343750000 -0.0363028315
0.0687500000 0.0343750000 0.0310549139
0.0687500000 0.0392718839 -0.0343750000
0.0687500000 0.0429687500 -0.0331316107
0.0687500000 0.0429687500 0.0295116567
0.0687500000 0.0515625000 -0.0296640108
0.0687500000 0.0515625000 0.0276859965
0.0687500000 0.0601562500 -0.0266764346
0.0687500000 0.0579113522 0.0257812500
0.0687500000 0.0601562500 0.0250612367
0.0687500000 0.0619593194 -0.0257812500
0.0687500000 0.0687500000 -0.0225044515
0.0687500000 0.0687500000 0.0208311956
0.0687500000 0.0773437500 -0.0175331102
0.0687500000 0.0757220163 0.0171875000
0.0687500000 0.0773437500 0.0157608188
0.0687500000 0.0779614524 -0.0171875000
0.0652637400 0.0859375000 -0.0085937500
0.0687500000 0.0852994686 -0.0085937500
0.0687500000 0.0859375000 -0.0063252504
0.0677271924 0.0859375000 0.0085937500
0.0687500000 0.0857637201 0.0085937500
0.0687500000 0.0859375000 0.0077998202
0.0687500000 0.0877101373 0.0000000000
0.0773437500 -0.0654983291 0.0000000000
0.0773437500 -0.0601562500 -0.0057489636
0.0773437500 -0.0645401050 0.0085937500
0.0773437500 -0.0601562500 0.0109080903
0.0773437500 -0.0573523420 -0.0085937500
0.0773437500 -0.0515625000 -0.0114276563
0.0773437500 -0.0515625000 0.0158260549
0.0773437500 -0.0429687500 -0.0161574922
0.0773437500 -0.0490845626 0.0171875000
0.0773437500 -0.0429687500 0.0200861270
0.0773437500 -0.0411694486 -0.0171875000
0.0773437500 -0.0343750000 -0.0202972958
0.0773437500 -0.0343750000 0.0235588788
0.0773437500 -0.0257812500 -0.0239699355
0.0726949099 -0.0257812500 0.0257812500
0.0773437500 -0.0257812500 0.0256074988
0.0773437500 -0.0217325547 -0.0257812500
0.0773437500 -0.0171875000 -0.0281507776
0.0773437500 -0.0241629927 0.0257812500
0.0773437500 -0.0171875000 0.0263667215
0.0773437500 -0.0085937500 -0.0327220767
0.0773437500 -0.0085937500 0.0271712636
0.0773437500 -0.0048581558 -0.0343750000
0.0773437500 0.0000000000 -0.0368239471
0.0773437500 0.0000000000 0.0283151497
0.0773437500 0.0085937500 -0.0395569804
0.0773437500 0.0085937500 0.0306471163
0.0773437500 0.0171875000 -0.0398335043
0.0773437500 0.0171875000 0.0316173076
0.0773437500 0.0257812500 -0.0383490045
0.0773437500 0.0257812500 0.0317545043
0.0773437500 0.0343750000 -0.0362752289
0.0773437500 0.0343750000 0.0312083228
0.0773437500 0.0389922601 -0.0343750000
0.0773437500 0.0429687500 -0.0330025959
0.0773437500 0.0429687500 0.0296974771
0.0773437500 0.0515625000 -0.0295409796
0.0773437500 0.0515625000 0.0279752157
0.0773437500 0.0601562500 -0.0265243515
0.0773437500 0.0582599032 0.0257812500
0.0773437500 0.0601562500 0.0250879946
0.0773437500 0.0616108944 -0.0257812500
0.0773437500 0.0687500000 -0.0223124673
0.0773437500 0.0687500000 0.0207535374
0.0765646993 0.0773437500 -0.0171875000
0.0773437500 0.0772883830 -0.0171875000
0.0773437500 0.0773437500 -0.0171176420
0.0773437500 0.0756443938 0.0171875000
0.0773437500 0.0773437500 0.0155213160
0.0773437500 0.0840026173 -0.0085937500
0.0773437500 0.0859375000 -0.0017013762
0.0773437500 0.0848357227 0.0085937500
0.0773437500 0.0859375000 0.0025650701
0.0773437500 0.0864129940 0.0000000000
0.0859375000 -0.0637492481 0.0000000000
0.0859375000 -0.0601562500 -0.0040098183
0.0859375000 -0.0623413645 0.0085937500
0.0859375000 -0.0601562500 0.0098193538
0.0859375000 -0.0559507593 -0.0085937500
0.0859375000 -0.0515625000 -0.0108378262
0.0859375000 -0.0515625000 0.0149019080
0.0859375000 -0.0429687500 -0.0156738367
0.0859375000 -0.0474783913 0.0171875000
0.0859375000 -0.0429687500 0.0192514119
0.0859375000 -0.0403390378 -0.0171875000
0.0859375000 -0.0343750000 -0.0198222974
0.0859375000 -0.0343750000 0.0227972651
0.0859375000 -0.0257812500 -0.0235924145
0.0859375000 -0.0257812500 0.0249412590
0.0859375000 -0.0213062278 -0.0257812500
0.0859375000 -0.0171875000 -0.0280652395
0.0859375000 -0.0200404519 0.0257812500
0.0859375000 -0.0171875000 0.0261095576
0.0859375000 -0.0085937500 -0.0325627810
0.0859375000 -0.0085937500 0.0270127168
0.0859375000 -0.0045074435 -0.0343750000
0.0859375000 0.0000000000 -0.0368165304
0.0859375000 0.0000000000 0.0282631430
0.0859375000 0.0085937500 -0.0393477637
0.0859375000 0.0085937500 0.0307627081
0.0859375000 0.0171875000 -0.0395942720
0.0859375000 0.0171875000 0.0316632139
0.0859375000 0.0257812500 -0.0380313902
0.0859375000 0.0257812500 0.0317335474
0.0859375000 0.0343750000 -0.0359878230
0.0859375000 0.0343750000 0.0311281801
0.0859375000 0.0380057501 -0.0343750000
0.0859375000 0.0429687500 -0.0326413348
0.0859375000 0.0429687500 0.0297509379
0.0859375000 0.0515625000 -0.0292719290
0.0859375000 0.0515625000 0.0279627501
0.0859375000 0.0601562500 -0.0262840908
0.0859375000 0.0582215224 0.0257812500
0.0859375000 0.0601562500 0.0250625284
0.0859375000 0.0611904704 -0.0257812500
0.0859375000 0.0687500000 -0.0220749134
0.0859375000 0.0687500000 0.0204405852
0.0859375000 0.0764586186 -0.0171875000
0.0859375000 0.0773437500 -0.0160229906
0.0859375000 0.0749239569 0.0171875000
0.0859375000 0.0773437500 0.0146780915
0.0859375000 0.0828048039 -0.0085937500
0.0813478381 0.0859375000 0.0000000000
0.0859375000 0.0853771553 0.0000000000
0.0859375000 0.0839106492 0.0085937500
0.0945312500 -0.0619533007 0.0000000000
0.0945312500 -0.0601562500 -0.0020408885
0.0945312500 -0.0602225904 0.0085937500
0.0945312500 -0.0601562500 0.0086332727
0.0945312500 -0.0546579679 -0.0085937500
0.0945312500 -0.0515625000 -0.0102762799
0.0945312500 -0.0515625000 0.0144152912
0.0945312500 -0.0429687500 -0.0151700866
0.0945312500 -0.0469145453 0.0171875000
0.0945312500 -0.0429687500 0.0190430170
0.0945312500 -0.0395596196 -0.0171875000
0.0945312500 -0.0343750000 -0.0194996339
0.0945312500 -0.0343750000 0.0222509380
0.0945312500 -0.0257812500 -0.0233837315
0.0945312500 -0.0257812500 0.0244930400
0.0945312500 -0.0205266995 -0.0257812500
0.0945312500 -0.0171875000 -0.0275418662
0.0945312500 -0.0181579894 0.0257812500
0.0945312500 -0.0171875000 0.0259117572
0.0945312500 -0.0085937500 -0.0322403716
0.0945312500 -0.0085937500 0.0270199899
0.0945312500 -0.0039411206 -0.0343750000
0.0945312500 0.0000000000 -0.0365007741
0.0945312500 0.0000000000 0.0282260425
0.0945312500 0.0085937500 -0.0389969056
0.0945312500 0.0085937500 0.0307675437
0.0945312500 0.0171875000 -0.0390845803
0.0945312500 0.0171875000 0.0319525402
0.0945312500 0.0257812500 -0.0376386615
0.0945312500 0.0257812500 0.0318020328
0.0945312500 0.0343750000 -0.0355000534
0.0945312500 0.0343750000 0.0310244139
0.0945312500 0.0368946427 -0.0343750000
0.0945312500 0.0429687500 -0.0323145794
0.0945312500 0.0429687500 0.0296057867
0.0945312500 0.0515625000 -0.0289804955
0.0945312500 0.0515625000 0.0277602891
0.0945312500 0.0601562500 -0.0258851818
0.0945312500 0.0570037651 0.0257812500
0.0945312500 0.0601562500 0.0245026245
0.0945312500 0.0603726300 -0.0257812500
0.0945312500 0.0687500000 -0.0217442885
0.0945312500 0.0687500000 0.0198687095
0.0945312500 0.0759012932 -0.0171875000
0.0945312500 0.0773437500 -0.0151153821
0.0945312500 0.0735899325 0.0171875000
0.0945312500 0.0773437500 0.0131877931
0.0945312500 0.0817682164 -0.0085937500
0.0945312500 0.0839241501 0.0000000000
0.0945312500 0.0822984287 0.0085937500
0.1031250000 -0.0602357580 0.0000000000
0.1031250000 -0.0601562500 -0.0000994389
0.0948746447 -0.0601562500 0.0085937500
0.1031250000 -0.0601562500 0.0004975183
0.1031250000 -0.0540061994 -0.0085937500
0.1031250000 -0.0515625000 -0.0099324276
0.1031250000 -0.0588883841 0.0085937500
0.1031250000 -0.0515625000 0.0138365858
0.1031250000 -0.0429687500 -0.0145792791
0.1031250000 -0.0460329117 0.0171875000
0.1031250000 -0.0429687500 0.0186608439
0.1031250000 -0.0384510853 -0.0171875000
0.1031250000 -0.0343750000 -0.0189716912
0.1031250000 -0.0343750000 0.0218869300
0.1031250000 -0.0257812500 -0.0224658661
0.1031250000 -0.0257812500 0.0241566396
0.1031250000 -0.0189865289 -0.0257812500
0.1031250000 -0.0171875000 -0.0268616033
0.0984567124 -0.0171875000 0.0257812500
0.1031250000 -0.0171875000 0.0256136601
0.1031250000 -0.0085937500 -0.0319651857
0.1031250000 -0.0160435037 0.0257812500
0.1031250000 -0.0085937500 0.0267098344
0.1031250000 -0.0033712698 -0.0343750000
0.1031250000 0.0000000000 -0.0360895155
0.1031250000 0.0000000000 0.0280945109
0.1031250000 0.0085937500 -0.0382665148
0.1031250000 0.0085937500 0.0307782409
0.1031250000 0.0171875000 -0.0383651565
0.1031250000 0.0171875000 0.0320757279
0.1031250000 0.0257812500 -0.0370132207
0.1031250000 0.0257812500 0.0320447268
0.1031250000 0.0343750000 -0.0349377665
0.1031250000 0.0343750000 0.0310591931
0.1031250000 0.0357153053 -0.0343750000
0.1031250000 0.0429687500 -0.0320382164
0.1031250000 0.0429687500 0.0294345078
0.1031250000 0.0515625000 -0.0286061421
0.1031250000 0.0515625000 0.0274785425
0.0963775906 0.0601562500 -0.0257812500
0.1031250000 0.0592186963 -0.0257812500
0.1031250000 0.0601562500 -0.0254369039
0.1031250000 0.0558641514 0.0257812500
0.1031250000 0.0601562500 0.0238875535
0.1031250000 0.0687500000 -0.0214307455
0.1031250000 0.0687500000 0.0189824657
0.1031250000 0.0754608546 -0.0171875000
0.1031250000 0.0773437500 -0.0141458154
0.1031250000 0.0719449905 0.0171875000
0.1031250000 0.0773437500 0.0113836002
0.1031250000 0.0808349914 -0.0085937500
0.1031250000 0.0824011883 0.0000000000
0.1031250000 0.0803183274 0.0085937500
0.1037314631 -0.0601562500 0.0000000000
0.1117187500 -0.0533005351 -0.0085937500
0.1117187500 -0.0515625000 -0.0095551218
0.1117187500 -0.0591887399 0.0000000000
0.1117187500 -0.0581199850 0.0085937500
0.1117187500 -0.0515625000 0.0131485874
0.1117187500 -0.0429687500 -0.0140390289
0.1117187500 -0.0445076328 0.0171875000
0.1117187500 -0.0429687500 0.0179209865
0.1117187500 -0.0373888967 -0.0171875000
0.1117187500 -0.0343750000 -0.0184792970
0.1117187500 -0.0343750000 0.0213235904
0.1117187500 -0.0257812500 -0.0219047039
0.1117187500 -0.0257812500 0.0234639050
0.1117187500 -0.0176924246 -0.0257812500
0.1117187500 -0.0171875000 -0.0260976849
0.1117187500 -0.0171875000 0.0250565670
0.1117187500 -0.0085937500 -0.0314990126
0.1117187500 -0.0126285536 0.0257812500
0.1117187500 -0.0085937500 0.0263462850
0.1117187500 -0.0023233257 -0.0343750000
0.1117187500 0.0000000000 -0.0355320401
0.1117187500 0.0000000000 0.0280422840
0.1117187500 0.0085937500 -0.0374949881
0.1117187500 0.0085937500 0.0307960061
0.1117187500 0.0171875000 -0.0376365667
0.1117187500 0.0171875000 0.0320114751
0.1117187500 0.0257812500 -0.0362740733
0.1117187500 0.0257812500 0.0320315187
0.1100543176 0.0343750000 -0.0343750000
0.1117187500 0.0338312731 -0.0343750000
0.1117187500 0.0343750000 -0.0342762291
0.1117187500 0.0343750000 0.0310642043
0.1117187500 0.0429687500 -0.0317937949
0.1117187500 0.0429687500 0.0292574471
0.1117187500 0.0515625000 -0.0283736242
0.1117187500 0.0515625000 0.0271865863
0.1117187500 0.0585938169 -0.0257812500
0.1117187500 0.0601562500 -0.0252039783
0.1117187500 0.0549313893 0.0257812500
0.1117187500 0.0601562500 0.0232623282
0.1117187500 0.0687500000 -0.0210820803
0.1117187500 0.0687500000 0.0180569819
0.1117187500 0.0750855882 -0.0171875000
0.1117187500 0.0773437500 -0.0130422127
0.1117187500 0.0702074239 0.0171875000
0.1117187500 0.0773437500 0.0096428108
0.1117187500 0.0797620267 -0.0085937500
0.1117187500 0.0807921310 0.0000000000
0.1117187500 0.0785017890 0.0085937500
0.1203125000 -0.0521437259 -0.0085937500
0.1203125000 -0.0515625000 -0.0089117265
0.1203125000 -0.0579736323 0.0000000000
0.1203125000 -0.0568040665 0.0085937500
0.1203125000 -0.0515625000 0.0121099246
0.1203125000 -0.0429687500 -0.0135879225
0.1190972580 -0.0429687500 0.0171875000
0.1203125000 -0.0429687500 0.0170506126
0.1203125000 -0.0366593873 -0.0171875000
0.1203125000 -0.0343750000 -0.0181460637
0.1203125000 -0.0426973421 0.0171875000
0.1203125000 -0.0343750000 0.0205913921
0.1203125000 -0.0257812500 -0.0214773179
0.1203125000 -0.0257812500 0.0228409010
0.1160157811 -0.0171875000 -0.0257812500
0.1203125000 -0.0171875000 -0.0255321922
0.1203125000 -0.0171875000 0.0246089270
0.1203125000 -0.0167515897 -0.0257812500
0.1203125000 -0.0085937500 -0.0311397488
0.1203125000 -0.0101334456 0.0257812500
0.1203125000 -0.0085937500 0.0260089964
0.1203125000 -0.0013390995 -0.0343750000
0.1203125000 0.0000000000 -0.0349978974
0.1203125000 0.0000000000 0.0278748441
0.1203125000 0.0085937500 -0.0369015755
0.1203125000 0.0085937500 0.0306708365
0.1203125000 0.0171875000 -0.0369443426
0.1203125000 0.0171875000 0.0318644030
0.1203125000 0.0257812500 -0.0354989334
0.1203125000 0.0257812500 0.0318828561
0.1203125000 0.0306087859 -0.0343750000
0.1203125000 0.0343750000 -0.0337003269
0.1203125000 0.0343750000 0.0309110590
0.1203125000 0.0429687500 -0.0314254260
0.1203125000 0.0429687500 0.0291596276
0.1203125000 0.0515625000 -0.0282158266
0.1203125000 0.0515625000 0.0269229412
0.1203125000 0.0586204826 -0.0257812500
0.1203125000 0.0601562500 -0.0252292027
0.1203125000 0.0542112244 0.0257812500
0.1203125000 0.0601562500 0.0227365506
0.1203125000 0.0687500000 -0.0209092592
0.1202634020 0.0687500000 0.0171875000
0.1203125000 0.0687421621 0.0171875000
0.1203125000 0.0687500000 0.0171789427
0.1203125000 0.0748069906 -0.0171875000
0.1203125000 0.0773437500 -0.0114221673
0.1170660983 0.0773437500 0.0085937500
0.1203125000 0.0767687872 0.0085937500
0.1203125000 0.0773437500 0.0061045077
0.1203125000 0.0785620430 -0.0085937500
0.1203125000 0.0791183381 0.0000000000
0.1253564616 -0.0515625000 -0.0085937500
0.1289062500 -0.0568639977 0.0000000000
0.1289062500 -0.0515625000 -0.0080187401
0.1289062500 -0.0555265180 0.0085937500
0.1289062500 -0.0515625000 0.0113445136
0.1289062500 -0.0511529940 -0.0085937500
0.1289062500 -0.0429687500 -0.0130220824
0.1289062500 -0.0429687500 0.0162751341
0.1289062500 -0.0361721412 -0.0171875000
0.1289062500 -0.0343750000 -0.0179483509
0.1289062500 -0.0411481973 0.0171875000
0.1289062500 -0.0343750000 0.0200103423
0.1289062500 -0.0257812500 -0.0210928773
0.1289062500 -0.0257812500 0.0223619812
0.1289062500 -0.0171875000 -0.0250492537
0.1289062500 -0.0171875000 0.0241444583
0.1289062500 -0.0158633316 -0.0257812500
0.1289062500 -0.0085937500 -0.0305782051
0.1252800309 -0.0085937500 0.0257812500
0.1289062500 -0.0085937500 0.0256148942
0.1289062500 -0.0003873859 -0.0343750000
0.1289062500 0.0000000000 -0.0345508644
0.1289062500 -0.0078889646 0.0257812500
0.1289062500 0.0000000000 0.0276247608
0.1289062500 0.0085937500 -0.0365154852
0.1289062500 0.0085937500 0.0305005259
0.1289062500 0.0171875000 -0.0363965051
0.1289062500 0.0171875000 0.0316353350
0.1289062500 0.0257812500 -0.0348073987
0.1289062500 0.0257812500 0.0316472793
0.1289062500 0.0277721064 -0.0343750000
0.1289062500 0.0343750000 -0.0332297633
0.1289062500 0.0343750000 0.0307617644
0.1289062500 0.0429687500 -0.0308814876
0.1289062500 0.0429687500 0.0289922043
0.1289062500 0.0515625000 -0.0277325675
0.1289062500 0.0515625000 0.0267045235
0.1289062500 0.0584018856 -0.0257812500
0.1289062500 0.0601562500 -0.0252381305
0.1289062500 0.0536613032 0.0257812500
0.1289062500 0.0601562500 0.0222728704
0.1289062500 0.0687500000 -0.0208975080
0.1289062500 0.0675134231 0.0171875000
0.1289062500 0.0687500000 0.0157791783
0.1289062500 0.0745725507 -0.0171875000
0.1284978909 0.0773437500 -0.0085937500
0.1289062500 0.0772912980 -0.0085937500
0.1287640648 0.0773437500 0.0000000000
0.1289062500 0.0773199582 0.0000000000
0.1289062500 0.0754099495 0.0085937500
0.1375000000 -0.0559689553 0.0000000000
0.1375000000 -0.0515625000 -0.0068077343
0.1375000000 -0.0544661687 0.0085937500
0.1375000000 -0.0515625000 0.0107161128
0.1375000000 -0.0502103475 -0.0085937500
0.1375000000 -0.0429687500 -0.0126692182
0.1375000000 -0.0429687500 0.0156301635
0.1375000000 -0.0358457992 -0.0171875000
0.1375000000 -0.0343750000 -0.0177729273
0.1375000000 -0.0397388729 0.0171875000
0.1375000000 -0.0343750000 0.0193887678
0.1375000000 -0.0257812500 -0.0206928162
0.1375000000 -0.0257812500 0.0219315562
0.1375000000 -0.0171875000 -0.0245192948
0.1375000000 -0.0171875000 0.0237837990
0.1375000000 -0.0148332420 -0.0257812500
0.1375000000 -0.0085937500 -0.0299161373
0.1375000000 -0.0085937500 0.0253271952
0.1314418941 0.0000000000 -0.0343750000
0.1375000000 0.0000000000 -0.0339793217
0.1375000000 -0.0068183975 0.0257812500
0.1375000000 0.0000000000 0.0274602877
0.1375000000 0.0014935861 -0.0343750000
0.1375000000 0.0085937500 -0.0360783965
0.1375000000 0.0085937500 0.0303010135
0.1375000000 0.0171875000 -0.0360030721
0.1375000000 0.0171875000 0.0314425780
0.1364512259 0.0257812500 -0.0343750000
0.1375000000 0.0254873597 -0.0343750000
0.1375000000 0.0257812500 -0.0343269599
0.1375000000 0.0257812500 0.0314147092
0.1375000000 0.0343750000 -0.0326415235
0.1375000000 0.0343750000 0.0306142214
0.1375000000 0.0429687500 -0.0302406870
0.1375000000 0.0429687500 0.0287811194
0.1375000000 0.0515625000 -0.0269953429
0.1375000000 0.0515625000 0.0263979743
0.1375000000 0.0561503671 -0.0257812500
0.1375000000 0.0601562500 -0.0246452707
0.1375000000 0.0529095436 0.0257812500
0.1375000000 0.0601562500 0.0217498401
0.1375000000 0.0687500000 -0.0205078215
0.1375000000 0.0667068347 0.0171875000
0.1375000000 0.0687500000 0.0146604666
0.1375000000 0.0739938944 -0.0171875000
0.1375000000 0.0760740523 -0.0085937500
0.1375000000 0.0760244253 0.0000000000
0.1375000000 0.0740512363 0.0085937500
0.1460937500 -0.0551238687 0.0000000000
0.1460937500 -0.0515625000 -0.0054631610
0.1460937500 -0.0533046671 0.0085937500
0.1460937500 -0.0515625000 0.0099564761
0.1460937500 -0.0491124053 -0.0085937500
0.1460937500 -0.0429687500 -0.0121811268
0.1460937500 -0.0429687500 0.0149315072
0.1460937500 -0.0350732278 -0.0171875000
0.1460937500 -0.0343750000 -0.0174514573
0.1460937500 -0.0381436287 0.0171875000
0.1460937500 -0.0343750000 0.0187113196
0.1460937500 -0.0257812500 -0.0202704218
0.1460937500 -0.0257812500 0.0215102352
0.1460937500 -0.0171875000 -0.0241080000
0.1460937500 -0.0171875000 0.0234118942
0.1460937500 -0.0139161085 -0.0257812500
0.1460937500 -0.0085937500 -0.0292009477
0.1460937500 -0.0085937500 0.0251603631
0.1460937500 0.0000000000 -0.0332813433
0.1460937500 -0.0063350931 0.0257812500
0.1460937500 0.0000000000 0.0273698998
0.1460937500 0.0040741860 -0.0343750000
0.1460937500 0.0085937500 -0.0354921757
0.1460937500 0.0085937500 0.0300956734
0.1460937500 0.0171875000 -0.0355945522
0.1460937500 0.0171875000 0.0314031749
0.1460937500 0.0238484495 -0.0343750000
0.1460937500 0.0257812500 -0.0340665491
0.1460937500 0.0257812500 0.0312750796
0.1460937500 0.0343750000 -0.0322685898
0.1460937500 0.0343750000 0.0303218027
0.1460937500 0.0429687500 -0.0294482546
0.1460937500 0.0429687500 0.0285525323
0.1460937500 0.0515625000 -0.0261708349
0.1460937500 0.0515625000 0.0260174311
0.1460937500 0.0530380914 -0.0257812500
0.1460937500 0.0601562500 -0.0238223225
0.1460937500 0.0520776187 0.0257812500
0.1460937500 0.0601562500 0.0212183354
0.1460937500 0.0687500000 -0.0197213464
0.1460937500 0.0658465672 0.0171875000
0.1460937500 0.0687500000 0.0134738153
0.1460937500 0.0728241894 -0.0171875000
0.1460937500 0.0748347503 -0.0085937500
0.1460937500 0.0745964988 0.0000000000
0.1460937500 0.0727991015 0.0085937500
0.1546875000 -0.0542009899 0.0000000000
0.1546875000 -0.0515625000 -0.0041725667
0.1546875000 -0.0520462370 0.0085937500
0.1546875000 -0.0515625000 0.0089905451
0.1546875000 -0.0481845766 -0.0085937500
0.1546875000 -0.0429687500 -0.0117345955
0.1546875000 -0.0429687500 0.0140774498
0.1506262659 -0.0343750000 -0.0171875000
0.1546875000 -0.0343750000 -0.0167748515
0.1546875000 -0.0363531935 0.0171875000
0.1546875000 -0.0343750000 0.0179990183
0.1546875000 -0.0336795667 -0.0171875000
0.1546875000 -0.0257812500 -0.0199455112
0.1546875000 -0.0257812500 0.0210982228
0.1546875000 -0.0171875000 -0.0236095547
0.1546875000 -0.0171875000 0.0230784182
0.1546875000 -0.0127876743 -0.0257812500
0.1546875000 -0.0085937500 -0.0283438890
0.1546875000 -0.0085937500 0.0249624058
0.1546875000 0.0000000000 -0.0324434722
0.1546875000 -0.0058459814 0.0257812500
0.1546875000 0.0000000000 0.0273076918
0.1546875000 0.0071462327 -0.0343750000
0.1546875000 0.0085937500 -0.0347329326
0.1546875000 0.0085937500 0.0299272566
0.1546875000 0.0171875000 -0.0351517113
0.1546875000 0.0171875000 0.0314145814
0.1546875000 0.0221576029 -0.0343750000
0.1546875000 0.0257812500 -0.0338479619
0.1546875000 0.0257812500 0.0313034165
0.1546875000 0.0343750000 -0.0318674248
0.1546875000 0.0343750000 0.0301762409
0.1546875000 0.0429687500 -0.0286816589
0.1546875000 0.0429687500 0.0282926833
0.1498050642 0.0515625000 -0.0257812500
0.1546875000 0.0502327787 -0.0257812500
0.1546875000 0.0515625000 -0.0253077422
0.1531297512 0.0515625000 0.0257812500
0.1546875000 0.0513962298 0.0257812500
0.1546875000 0.0515625000 0.0257172677
0.1546875000 0.0601562500 -0.0229274096
0.1546875000 0.0601562500 0.0207780125
0.1546875000 0.0687500000 -0.0185534793
0.1546875000 0.0650203690 0.0171875000
0.1546875000 0.0687500000 0.0121678531
0.1546875000 0.0709841513 -0.0171875000
0.1546875000 0.0736118836 -0.0085937500
0.1546875000 0.0733090539 0.0000000000
0.1546875000 0.0715990867 0.0085937500
0.1632812500 -0.0531177980 0.0000000000
0.1632812500 -0.0515625000 -0.0027076471
0.1573204283 -0.0515625000 0.0085937500
0.1632812500 -0.0515625000 0.0052251159
0.1632812500 -0.0473582490 -0.0085937500
0.1632812500 -0.0429687500 -0.0113281494
0.1632812500 -0.0501209624 0.0085937500
0.1632812500 -0.0429687500 0.0129688951
0.1632812500 -0.0343750000 -0.0160821614
0.1632812500 -0.0348589793 0.0171875000
0.1632812500 -0.0343750000 0.0174045650
0.1632812500 -0.0325624893 -0.0171875000
0.1632812500 -0.0257812500 -0.0196422781
0.1632812500 -0.0257812500 0.0207362452
0.1632812500 -0.0171875000 -0.0229968419
0.1632812500 -0.0171875000 0.0228350699
0.1632812500 -0.0111254842 -0.0257812500
0.1632812500 -0.0085937500 -0.0272377192
0.1632812500 -0.0085937500 0.0247794777
0.1632812500 0.0000000000 -0.0314113950
0.1632812500 -0.0053774991 0.0257812500
0.1632812500 0.0000000000 0.0272169802
0.1583038943 0.0085937500 -0.0343750000
0.1632812500 0.0085937500 -0.0338839244
0.1632812500 0.0085937500 0.0298032551
0.1632812500 0.0163581423 -0.0343750000
0.1632812500 0.0171875000 -0.0344211087
0.1632812500 0.0171875000 0.0315628727
0.1632812500 0.0175386282 -0.0343750000
0.1632812500 0.0257812500 -0.0333334433
0.1632812500 0.0257812500 0.0314218947
0.1632812500 0.0343750000 -0.0311611241
0.1632812500 0.0343750000 0.0301791014
0.1632812500 0.0429687500 -0.0278238409
0.1632812500 0.0429687500 0.0281081957
0.1632812500 0.0482329496 -0.0257812500
0.1632812500 0.0515625000 -0.0246556924
0.1632812500 0.0503052068 0.0257812500
0.1632812500 0.0515625000 0.0252541851
0.1632812500 0.0601562500 -0.0219483136
0.1632812500 0.0601562500 0.0203537833
0.1632812500 0.0687500000 -0.0172914075
0.1632812500 0.0642801494 0.0171875000
0.1632812500 0.0687500000 0.0106883421
0.1632812500 0.0689133816 -0.0171875000
0.1632812500 0.0723428845 -0.0085937500
0.1632812500 0.0721239072 0.0000000000
0.1632812500 0.0703411391 0.0085937500
0.1718750000 -0.0519649928 0.0000000000
0.1718750000 -0.0515625000 -0.0007687790
0.1718750000 -0.0515625000 0.0011638801
0.1718750000 -0.0466035050 -0.0085937500
0.1718750000 -0.0429687500 -0.0109141279
0.1718750000 -0.0478698069 0.0085937500
0.1718750000 -0.0429687500 0.0117945018
0.1718750000 -0.0343750000 -0.0157830075
0.1666629454 -0.0343750000 0.0171875000
0.1718750000 -0.0343750000 0.0167783018
0.1718750000 -0.0318774995 -0.0171875000
0.1718750000 -0.0257812500 -0.0192466254
0.1718750000 -0.0336627765 0.0171875000
0.1718750000 -0.0257812500 0.0203396797
0.1718750000 -0.0171875000 -0.0223723071
0.1718750000 -0.0171875000 0.0226406388
0.1718750000 -0.0088835166 -0.0257812500
0.1718750000 -0.0085937500 -0.0259349239
0.1718750000 -0.0085937500 0.0246619713
0.1718750000 0.0000000000 -0.0302346633
0.1718750000 -0.0052365957 0.0257812500
0.1718750000 0.0000000000 0.0272270235
0.1718750000 0.0085937500 -0.0328688494
0.1718750000 0.0085937500 0.0298729951
0.1637373727 0.0171875000 -0.0343750000
0.1718750000 0.0171875000 -0.0335463800
0.1718750000 0.0171875000 0.0317548547
0.1718750000 0.0257812500 -0.0326335637
0.1718750000 0.0257812500 0.0315267297
0.1718750000 0.0343750000 -0.0303743412
0.1718750000 0.0343750000 0.0301786201
0.1718750000 0.0429687500 -0.0269878887
0.1718750000 0.0429687500 0.0279849879
0.1718750000 0.0463279865 -0.0257812500
0.1718750000 0.0515625000 -0.0241283919
0.1718750000 0.0495338533 0.0257812500
0.1718750000 0.0515625000 0.0248823926
0.1718750000 0.0601562500 -0.0211673312
0.1718750000 0.0601562500 0.0199323019
0.1639663881 0.0687500000 -0.0171875000
0.1718750000 0.0670632876 -0.0171875000
0.1718750000 0.0687500000 -0.0139015834
0.1718750000 0.0636652819 0.0171875000
0.1718750000 0.0687500000 0.0091722080
0.1718750000 0.0711790757 -0.0085937500
0.1718750000 0.0710545264 0.0000000000
0.1718750000 0.0691625151 0.0085937500
0.1751295741 -0.0515625000 0.0000000000
0.1804687500 -0.0458502448 -0.0085937500
0.1804687500 -0.0429687500 -0.0103894597
0.1804687500 -0.0506676449 0.0000000000
0.1804687500 -0.0457079720 0.0085937500
0.1804687500 -0.0429687500 0.0104622564
0.1804687500 -0.0343750000 -0.0153359420
0.1804687500 -0.0343750000 0.0159643619
0.1804687500 -0.0308130710 -0.0171875000
0.1804687500 -0.0257812500 -0.0188195864
0.1804687500 -0.0323887780 0.0171875000
0.1804687500 -0.0257812500 0.0199388553
0.1804687500 -0.0171875000 -0.0217988886
0.1804687500 -0.0171875000 0.0224238444
0.1727799126 -0.0085937500 -0.0257812500
0.1804687500 -0.0085937500 -0.0247221118
0.1804687500 -0.0085937500 0.0244777377
0.1804687500 -0.0061577889 -0.0257812500
0.1804687500 0.0000000000 -0.0289343381
0.1804687500 -0.0049880136 0.0257812500
0.1804687500 0.0000000000 0.0272474589
0.1804687500 0.0085937500 -0.0318015632
0.1804687500 0.0085937500 0.0300286939
0.1804687500 0.0171875000 -0.0326932154
0.1804687500 0.0171875000 0.0319156010
0.1804687500 0.0257812500 -0.0319138520
0.1804687500 0.0257812500 0.0316551376
0.1804687500 0.0343750000 -0.0296001476
0.1804687500 0.0343750000 0.0302179902
0.1804687500 0.0429687500 -0.0260570146
0.1804687500 0.0429687500 0.0279246947
0.1804687500 0.0437536738 -0.0257812500
0.1804687500 0.0515625000 -0.0234417279
0.1804687500 0.0490454079 0.0257812500
0.1804687500 0.0515625000 0.0246188092
0.1804687500 0.0601562500 -0.0204442440
0.1804687500 0.0601562500 0.0194125424
0.1804687500 0.0655080720 -0.0171875000
0.1804687500 0.0687500000 -0.0115628715
0.1769966451 0.0687500000 0.0085937500
0.1804687500 0.0685273447 0.0085937500
0.1804687500 0.0687500000 0.0073676357
0.1804687500 0.0629804667 0.0171875000
0.1804687500 0.0702969814 -0.0085937500
0.1804687500 0.0703483606 0.0000000000
0.1890625000 -0.0451309872 -0.0085937500
0.1890625000 -0.0429687500 -0.0099751322
0.1890625000 -0.0489940062 0.0000000000
0.1890625000 -0.0433684386 0.0085937500
0.1890625000 -0.0429687500 0.0088871169
0.1890625000 -0.0343750000 -0.0147175670
0.1890625000 -0.0343750000 0.0148817052
0.1890625000 -0.0294295470 -0.0171875000
0.1890625000 -0.0257812500 -0.0183669810
0.1890625000 -0.0309276896 0.0171875000
0.1890625000 -0.0257812500 0.0194507871
0.1890625000 -0.0171875000 -0.0213602245
0.1890625000 -0.0171875000 0.0221172775
0.1890625000 -0.0085937500 -0.0238385396
0.1890625000 -0.0085937500 0.0243689801
0.1890625000 -0.0034534484 -0.0257812500
0.1890625000 0.0000000000 -0.0274300864
0.1890625000 -0.0047485900 0.0257812500
0.1890625000 0.0000000000 0.0271701772
0.1890625000 0.0085937500 -0.0305869750
0.1890625000 0.0085937500 0.0301013639
0.1890625000 0.0171875000 -0.0318049241
0.1890625000 0.0171875000 0.0319755389
0.1890625000 0.0257812500 -0.0310804041
0.1890625000 0.0257812500 0.0317529197
0.1890625000 0.0343750000 -0.0287423501
0.1890625000 0.0343750000 0.0302734447
0.1834789646 0.0429687500 -0.0257812500
0.1890625000 0.0416951605 -0.0257812500
0.1890625000 0.0429687500 -0.0253701278
0.1890625000 0.0429687500 0.0279217750
0.1890625000 0.0515625000 -0.0228096790
0.1890625000 0.0489271403 0.0257812500
0.1890625000 0.0515625000 0.0245106895
0.1890625000 0.0601562500 -0.0196701501
0.1890625000 0.0601562500 0.0190028568
0.1890625000 0.0641199153 -0.0171875000
0.1890625000 0.0687500000 -0.0097717827
0.1890625000 0.0682018738 0.0085937500
0.1890625000 0.0687500000 0.0052459245
0.1890625000 0.0624492831 0.0171875000
0.1890625000 0.0694216900 -0.0085937500
0.1890625000 0.0697438400 0.0000000000
0.1976562500 -0.0439947532 -0.0085937500
0.1976562500 -0.0429687500 -0.0093005787
0.1976562500 -0.0472460307 0.0000000000
0.1907663250 -0.0429687500 0.0085937500
0.1976562500 -0.0429687500 0.0063622736
0.1976562500 -0.0343750000 -0.0140269949
0.1976562500 -0.0413619637 0.0085937500
0.1976562500 -0.0343750000 0.0137065154
0.1976562500 -0.0280793843 -0.0171875000
0.1976562500 -0.0257812500 -0.0179565938
0.1976562500 -0.0295992982 0.0171875000
0.1976562500 -0.0257812500 0.0189564290
0.1976562500 -0.0171875000 -0.0208443354
0.1976562500 -0.0171875000 0.0218041269
0.1976562500 -0.0085937500 -0.0231846017
0.1976562500 -0.0085937500 0.0241851589
0.1976562500 -0.0004444285 -0.0257812500
0.1976562500 0.0000000000 -0.0259706901
0.1976562500 -0.0044406238 0.0257812500
0.1976562500 0.0000000000 0.0271009010
0.1976562500 0.0085937500 -0.0292863644
0.1976562500 0.0085937500 0.0300005190
0.1976562500 0.0171875000 -0.0308155251
0.1976562500 0.0171875000 0.0318806848
0.1976562500 0.0257812500 -0.0300506326
0.1976562500 0.0257812500 0.0316853218
0.1976562500 0.0343750000 -0.0277932940
0.1976562500 0.0343750000 0.0301540150
0.1976562500 0.0397939756 -0.0257812500
0.1976562500 0.0429687500 -0.0248476331
0.1976562500 0.0429687500 0.0279132575
0.1976562500 0.0515625000 -0.0222474213
0.1976562500 0.0487711996 0.0257812500
0.1976562500 0.0515625000 0.0243807454
0.1976562500 0.0601562500 -0.0188448715
0.1976562500 0.0601562500 0.0187280560
0.1976562500 0.0628024866 -0.0171875000
0.1960031008 0.0687500000 -0.0085937500
0.1976562500 0.0685897956 -0.0085937500
0.1976562500 0.0687500000 -0.0064666205
0.1976562500 0.0678625351 0.0085937500
0.1976562500 0.0687500000 0.0027903696
0.1976562500 0.0620462159 0.0171875000
0.1976562500 0.0692278300 0.0000000000
0.2034443152 -0.0429687500 -0.0085937500
0.2062500000 -0.0455868136 0.0000000000
0.2062500000 -0.0429687500 -0.0070334829
0.2062500000 -0.0429687500 0.0039065141
0.2062500000 -0.0423637727 -0.0085937500
0.2062500000 -0.0343750000 -0.0133665531
0.2062500000 -0.0396776182 0.0085937500
0.2062500000 -0.0343750000 0.0127201954
0.2062500000 -0.0270365823 -0.0171875000
0.2062500000 -0.0257812500 -0.0175940590
0.2062500000 -0.0284581623 0.0171875000
0.2062500000 -0.0257812500 0.0184429888
0.2062500000 -0.0171875000 -0.0203556741
0.2062500000 -0.0171875000 0.0214208936
0.2062500000 -0.0085937500 -0.0226085994
0.2062500000 -0.0085937500 0.0240387522
0.1988366702 0.0000000000 -0.0257812500
0.2062500000 0.0000000000 -0.0250217859
0.2062500000 -0.0041973011 0.0257812500
0.2062500000 0.0000000000 0.0270099847
0.2062500000 0.0025904954 -0.0257812500
0.2062500000 0.0085937500 -0.0280677081
0.2062500000 0.0085937500 0.0298082845
0.2062500000 0.0171875000 -0.0296834738
0.2062500000 0.0171875000 0.0316126959
0.2062500000 0.0257812500 -0.0290008139
0.2062500000 0.0257812500 0.0314998756
0.2062500000 0.0343750000 -0.0268924828
0.2062500000 0.0343750000 0.0299752721
0.2062500000 0.0377984982 -0.0257812500
0.2062500000 0.0429687500 -0.0244201014
0.2062500000 0.0429687500 0.0277615627
0.2062500000 0.0515625000 -0.0217203956
0.2062500000 0.0483775951 0.0257812500
0.2062500000 0.0515625000 0.0242006152
0.2062500000 0.0601562500 -0.0178627868
0.2062500000 0.0601562500 0.0184923160
0.2062500000 0.0612395138 -0.0171875000
0.2062500000 0.0678274290 -0.0085937500
0.2062500000 0.0687500000 -0.0003574915
0.2062500000 0.0675547335 0.0085937500
0.2062500000 0.0687500000 0.0002528210
0.2062500000 0.0617328153 0.0171875000
0.2062500000 0.0687881231 0.0000000000
0.2148437500 -0.0440621981 0.0000000000
0.2148437500 -0.0429687500 -0.0031479619
0.2148437500 -0.0429687500 0.0017252599
0.2148437500 -0.0408576518 -0.0085937500
0.2148437500 -0.0343750000 -0.0125945108
0.2148437500 -0.0383790192 0.0085937500
0.2148437500 -0.0343750000 0.0118352643
0.2147240641 -0.0257812500 -0.0171875000
0.2148437500 -0.0257812500 -0.0171783094
0.2148437500 -0.0273999889 0.0171875000
0.2148437500 -0.0257812500 0.0179669408
0.2148437500 -0.0257639476 -0.0171875000
0.2148437500 -0.0171875000 -0.0198632415
0.2148437500 -0.0171875000 0.0210806915
0.2148437500 -0.0085937500 -0.0220374117
0.2148437500 -0.0085937500 0.0237488352
0.2148437500 0.0000000000 -0.0243873729
0.2148437500 -0.0038020637 0.0257812500
0.2148437500 0.0000000000 0.0269299989
0.2148437500 0.0048478692 -0.0257812500
0.2148437500 0.0085937500 -0.0271211631
0.2148437500 0.0085937500 0.0295956465
0.2148437500 0.0171875000 -0.0286771523
0.2148437500 0.0171875000 0.0313517786
0.2148437500 0.0257812500 -0.0280694273
0.2148437500 0.0257812500 0.0312543848
0.2148437500 0.0343750000 -0.0261310698
0.2148437500 0.0343750000 0.0297144148
0.2148437500 0.0356012804 -0.0257812500
0.2148437500 0.0429687500 -0.0240065597
0.2148437500 0.0429687500 0.0275711327
0.2148437500 0.0515625000 -0.0211766300
0.2148437500 0.0478007484 0.0257812500
0.2148437500 0.0515625000 0.0239251393
0.2142898523 0.0601562500 -0.0171875000
0.2148437500 0.0600715593 -0.0171875000
0.2148437500 0.0601562500 -0.0171054453
0.2148437500 0.0601562500 0.0182866323
0.2148437500 0.0671917607 -0.0085937500
0.2072790113 0.0687500000 0.0000000000
0.2148437500 0.0684612045 0.0000000000
0.2148437500 0.0673715822 0.0085937500
0.2148437500 0.0615266236 0.0171875000
0.2205574833 -0.0429687500 0.0000000000
0.2234375000 -0.0393631083 -0.0085937500
0.2234375000 -0.0343750000 -0.0119848006
0.2234375000 -0.0423675265 0.0000000000
0.2234375000 -0.0368743874 0.0085937500
0.2234375000 -0.0343750000 0.0107764724
0.2234375000 -0.0257812500 -0.0167372477
0.2234375000 -0.0264205290 0.0171875000
0.2234375000 -0.0257812500 0.0174965995
0.2234375000 -0.0248780626 -0.0171875000
0.2234375000 -0.0171875000 -0.0193835671
0.2234375000 -0.0171875000 0.0206454132
0.2234375000 -0.0085937500 -0.0215091376
0.2234375000 -0.0085937500 0.0233529892
0.2234375000 0.0000000000 -0.0237707247
0.2234375000 -0.0030630071 0.0257812500
0.2234375000 0.0000000000 0.0267314248
0.2234375000 0.0071299379 -0.0257812500
0.2234375000 0.0085937500 -0.0262853996
0.2234375000 0.0085937500 0.0293077554
0.2234375000 0.0171875000 -0.0277251024
0.2234375000 0.0171875000 0.0310529841
0.2234375000 0.0257812500 -0.0272800564
0.2234375000 0.0257812500 0.0309488776
0.2187965050 0.0343750000 -0.0257812500
0.2234375000 0.0325763497 -0.0257812500
0.2234375000 0.0343750000 -0.0254679131
0.2234375000 0.0343750000 0.0294496659
0.2234375000 0.0429687500 -0.0235561978
0.2234375000 0.0429687500 0.0272770924
0.2234375000 0.0515625000 -0.0206506173
0.2234375000 0.0469620060 0.0257812500
0.2234375000 0.0515625000 0.0235507052
0.2234375000 0.0590711310 -0.0171875000
0.2234375000 0.0601562500 -0.0161795673
0.2234375000 0.0601562500 0.0181219852
0.2234375000 0.0665684392 -0.0085937500
0.2234375000 0.0681466899 0.0000000000
0.2234375000 0.0670528733 0.0085937500
0.2234375000 0.0613340768 0.0171875000
0.2320312500 -0.0380433635 -0.0085937500
0.2320312500 -0.0343750000 -0.0113499996
0.2320312500 -0.0410341672 0.0000000000
0.2320312500 -0.0354823177 0.0085937500
0.2320312500 -0.0343750000 0.0095905358
0.2320312500 -0.0257812500 -0.0164197045
0.2270255863 -0.0257812500 0.0171875000
0.2320312500 -0.0257812500 0.0164783956
0.2320312500 -0.0243300529 -0.0171875000
0.2320312500 -0.0171875000 -0.0191555501
0.2320312500 -0.0247179218 0.0171875000
0.2320312500 -0.0171875000 0.0201319261
0.2320312500 -0.0085937500 -0.0211296090
0.2320312500 -0.0085937500 0.0229912574
0.2320312500 0.0000000000 -0.0232964506
0.2320312500 -0.0023385248 0.0257812500
0.2320312500 0.0000000000 0.0265027331
0.2297070965 0.0085937500 -0.0257812500
0.2320312500 0.0085937500 -0.0256326415
0.2320312500 0.0085937500 0.0289308686
0.2320312500 0.0095695738 -0.0257812500
0.2320312500 0.0171875000 -0.0270671800
0.2320312500 0.0171875000 0.0306758827
0.2320312500 0.0257812500 -0.0265390739
0.2320312500 0.0257812500 0.0305941575
0.2320312500 0.0294525931 -0.0257812500
0.2320312500 0.0343750000 -0.0249785245
0.2320312500 0.0343750000 0.0291913451
0.2320312500 0.0429687500 -0.0230686889
0.2320312500 0.0429687500 0.0269721629
0.2320312500 0.0515625000 -0.0201124188
0.2320312500 0.0460807262 0.0257812500
0.2320312500 0.0515625000 0.0231235559
0.2320312500 0.0580970888 -0.0171875000
0.2320312500 0.0601562500 -0.0153185118
0.2320312500 0.0601562500 0.0178458701
0.2320312500 0.0656918183 -0.0085937500
0.2320312500 0.0676611266 0.0000000000
0.2320312500 0.0667473642 0.0085937500
0.2320312500 0.0610352501 0.0171875000
0.2406250000 -0.0366999952 -0.0085937500
0.2406250000 -0.0343750000 -0.0105379592
0.2406250000 -0.0397341835 0.0000000000
0.2393443647 -0.0343750000 0.0085937500
0.2406250000 -0.0343750000 0.0082916650
0.2406250000 -0.0257812500 -0.0161789910
0.2406250000 -0.0341628668 0.0085937500
0.2406250000 -0.0257812500 0.0154017177
0.2406250000 -0.0239022512 -0.0171875000
0.2406250000 -0.0171875000 -0.0189701409
0.2406250000 -0.0232102519 0.0171875000
0.2406250000 -0.0171875000 0.0197074353
0.2406250000 -0.0085937500 -0.0208165827
0.2406250000 -0.0085937500 0.0226261849
0.2406250000 0.0000000000 -0.0229256317
0.2406250000 -0.0015812105 0.0257812500
0.2406250000 0.0000000000 0.0262628413
0.2406250000 0.0085937500 -0.0251948852
0.2406250000 0.0085937500 0.0285344817
0.2406250000 0.0128570899 -0.0257812500
0.2406250000 0.0171875000 -0.0264510196
0.2406250000 0.0171875000 0.0303028165
0.2406250000 0.0257812500 -0.0259875405
0.2406250000 0.0257812500 0.0302977500
0.2406250000 0.0269147532 -0.0257812500
0.2406250000 0.0343750000 -0.0246837756
0.2406250000 0.0343750000 0.0289401012
0.2406250000 0.0429687500 -0.0227287835
0.2406250000 0.0429687500 0.0266506623
0.2406250000 0.0515625000 -0.0196572672
0.2406250000 0.0452200411 0.0257812500
0.2406250000 0.0515625000 0.0226977302
0.2406250000 0.0571741447 -0.0171875000
0.2406250000 0.0601562500 -0.0145023248
0.2406250000 0.0601562500 0.0175578098
0.2406250000 0.0648896347 -0.0085937500
0.2406250000 0.0668393222 0.0000000000
0.2406250000 0.0661234085 0.0085937500
0.2406250000 0.0606653939 0.0171875000
0.2492187500 -0.0356380845 -0.0085937500
0.2492187500 -0.0343750000 -0.0097400373
0.2492187500 -0.0384201182 0.0000000000
0.2492187500 -0.0343750000 0.0066097354
0.2492187500 -0.0257812500 -0.0156054326
0.2492187500 -0.0329610995 0.0085937500
0.2492187500 -0.0257812500 0.0144000228
0.2492187500 -0.0231211673 -0.0171875000
0.2492187500 -0.0171875000 -0.0188484546
0.2492187500 -0.0219989055 0.0171875000
0.2492187500 -0.0171875000 0.0192674411
0.2492187500 -0.0085937500 -0.0206085549
0.2492187500 -0.0085937500 0.0223512939
0.2492187500 0.0000000000 -0.0226990722
0.2492187500 -0.0006011302 0.0257812500
0.2492187500 0.0000000000 0.0259488269
0.2492187500 0.0085937500 -0.0249415451
0.2492187500 0.0085937500 0.0280960428
0.2492187500 0.0157301561 -0.0257812500
0.2492187500 0.0171875000 -0.0259719668
0.2492187500 0.0171875000 0.0298813053
0.2448310315 0.0257812500 -0.0257812500
0.2492187500 0.0211911227 -0.0257812500
0.2492187500 0.0257812500 -0.0256077609
0.2492187500 0.0257812500 0.0299633848
0.2492187500 0.0343750000 -0.0244950971
0.2492187500 0.0343750000 0.0286722718
0.2492187500 0.0429687500 -0.0225132666
0.2492187500 0.0429687500 0.0263519369
0.2492187500 0.0515625000 -0.0193381804
0.2492187500 0.0444492243 0.0257812500
0.2492187500 0.0515625000 0.0221663986
0.2492187500 0.0562908479 -0.0171875000
0.2492187500 0.0601562500 -0.0136542026
0.2453018888 0.0601562500 0.0171875000
0.2492187500 0.0596561347 0.0171875000
0.2492187500 0.0601562500 0.0165052307
0.2492187500 0.0641462083 -0.0085937500
0.2492187500 0.0660424242 0.0000000000
0.2492187500 0.0652624290 0.0085937500
0.2578125000 -0.0344246278 -0.0085937500
0.2578125000 -0.0343750000 -0.0086394500
0.2578125000 -0.0372484309 0.0000000000
0.2578125000 -0.0343750000 0.0045574699
0.2578125000 -0.0257812500 -0.0149599439
0.2578125000 -0.0314722378 0.0085937500
0.2578125000 -0.0257812500 0.0134180880
0.2578125000 -0.0224448915 -0.0171875000
0.2578125000 -0.0171875000 -0.0187477288
0.2578125000 -0.0207362728 0.0171875000
0.2578125000 -0.0171875000 0.0186492434
0.2578125000 -0.0085937500 -0.0205201882
0.2578125000 -0.0085937500 0.0218181497
0.2578125000 0.0000000000 -0.0226019072
0.2519155207 0.0000000000 0.0257812500
0.2578125000 0.0000000000 0.0252773254
0.2578125000 0.0085937500 -0.0248639994
0.2578125000 0.0015016585 0.0257812500
0.2578125000 0.0085937500 0.0273986121
0.2541933423 0.0171875000 -0.0257812500
0.2578125000 0.0171875000 -0.0256639596
0.2578125000 0.0171875000 0.0293144027
0.2578125000 0.0257812500 -0.0253318120
0.2578125000 0.0257812500 0.0294766575
0.2578125000 0.0343750000 -0.0243387829
0.2578125000 0.0343750000 0.0281924709
0.2578125000 0.0429687500 -0.0223835988
0.2578125000 0.0429687500 0.0258800055
0.2578125000 0.0515625000 -0.0191680614
0.2578125000 0.0432194084 0.0257812500
0.2578125000 0.0515625000 0.0214612691
0.2578125000 0.0557092719 -0.0171875000
0.2578125000 0.0601562500 -0.0129680099
0.2578125000 0.0583448857 0.0171875000
0.2578125000 0.0601562500 0.0148067924
0.2578125000 0.0635715093 -0.0085937500
0.2578125000 0.0652959436 0.0000000000
0.2578125000 0.0644958346 0.0085937500
0.2581738206 -0.0343750000 -0.0085937500
0.2664062500 -0.0363392042 0.0000000000
0.2664062500 -0.0343750000 -0.0053549364
0.2664062500 -0.0343750000 0.0030213543
0.2664062500 -0.0331569154 -0.0085937500
0.2664062500 -0.0257812500 -0.0143563613
0.2664062500 -0.0303885449 0.0085937500
0.2664062500 -0.0257812500 0.0126535374
0.2664062500 -0.0217172180 -0.0171875000
0.2664062500 -0.0171875000 -0.0185205586
0.2664062500 -0.0197238031 0.0171875000
0.2664062500 -0.0171875000 0.0181378932
0.2664062500 -0.0085937500 -0.0204220704
0.2664062500 -0.0085937500 0.0212316207
0.2664062500 0.0000000000 -0.0224899332
0.2664062500 0.0000000000 0.0243883376
0.2664062500 0.0085937500 -0.0248999340
0.2664062500 0.0045798772 0.0257812500
0.2664062500 0.0085937500 0.0266499795
0.2656761941 0.0171875000 -0.0257812500
0.2664062500 0.0170727293 -0.0257812500
0.2664062500 0.0171875000 -0.0257935651
0.2664062500 0.0171875000 0.0286372258
0.2664062500 0.0173475886 -0.0257812500
0.2664062500 0.0257812500 -0.0252359353
0.2664062500 0.0257812500 0.0289923075
0.2664062500 0.0343750000 -0.0242313038
0.2664062500 0.0343750000 0.0276573515
0.2664062500 0.0429687500 -0.0223481600
0.2593868366 0.0429687500 0.0257812500
0.2664062500 0.0413584053 0.0257812500
0.2664062500 0.0429687500 0.0252066327
0.2664062500 0.0515625000 -0.0188532345
0.2664062500 0.0515625000 0.0207769784
0.2664062500 0.0549829583 -0.0171875000
0.2664062500 0.0601562500 -0.0122409310
0.2664062500 0.0571536607 0.0171875000
0.2664062500 0.0601562500 0.0133308630
0.2664062500 0.0629259400 -0.0085937500
0.2664062500 0.0645851355 0.0000000000
0.2664062500 0.0635928785 0.0085937500
0.2750000000 -0.0352249530 0.0000000000
0.2750000000 -0.0343750000 -0.0023607154
0.2750000000 -0.0343750000 0.0013221634
0.2750000000 -0.0322080047 -0.0085937500
0.2750000000 -0.0257812500 -0.0138542092
0.2750000000 -0.0293903354 0.0085937500
0.2750000000 -0.0257812500 0.0118047007
0.2750000000 -0.0210415410 -0.0171875000
0.2750000000 -0.0171875000 -0.0182793127
0.2750000000 -0.0185535355 0.0171875000
0.2750000000 -0.0171875000 0.0176583410
0.2750000000 -0.0085937500 -0.0201995511
0.2750000000 -0.0085937500 0.0206597525
0.2750000000 0.0000000000 -0.0222896888
0.2750000000 0.0000000000 0.0235758104
0.2750000000 0.0085937500 -0.0248144404
0.2750000000 0.0079189607 0.0257812500
0.2750000000 0.0085937500 0.0259184450
0.2750000000 0.0163616200 -0.0257812500
0.2750000000 0.0171875000 -0.0258809844
0.2750000000 0.0171875000 0.0279536350
0.2750000000 0.0185273229 -0.0257812500
0.2750000000 0.0257812500 -0.0252979269
0.2750000000 0.0257812500 0.0285351382
0.2750000000 0.0343750000 -0.0241946430
0.2750000000 0.0343750000 0.0271682762
0.2750000000 0.0429687500 -0.0221944839
0.2750000000 0.0394098571 0.0257812500
0.2750000000 0.0429687500 0.0244860383
0.2750000000 0.0515625000 -0.0185653990
0.2750000000 0.0515625000 0.0201897513
0.2750000000 0.0542446597 -0.0171875000
0.2750000000 0.0601562500 -0.0112233524
0.2750000000 0.0562874150 0.0171875000
0.2750000000 0.0601562500 0.0122839224
0.2750000000 0.0621167063 -0.0085937500
0.2750000000 0.0638668360 0.0000000000
0.2750000000 0.0627384777 0.0085937500
0.2802485885 -0.0343750000 0.0000000000
0.2835937500 -0.0312206920 -0.0085937500
0.2835937500 -0.0257812500 -0.0131134012
0.2835937500 -0.0338010802 0.0000000000
0.2835937500 -0.0287295978 0.0085937500
0.2835937500 -0.0257812500 0.0110542481
0.2835937500 -0.0198219755 -0.0171875000
0.2835937500 -0.0171875000 -0.0179021906
0.2830393020 -0.0171875000 0.0171875000
0.2835937500 -0.0171875000 0.0171208324
0.2835937500 -0.0085937500 -0.0198266526
0.2835937500 -0.0171009913 0.0171875000
0.2835937500 -0.0085937500 0.0201300484
0.2835937500 0.0000000000 -0.0220288571
0.2835937500 0.0000000000 0.0227369056
0.2835937500 0.0085937500 -0.0245160827
0.2765439197 0.0085937500 0.0257812500
0.2835937500 0.0085937500 0.0249846927
0.2788384513 0.0171875000 -0.0257812500
0.2835937500 0.0171875000 -0.0256600025
0.2835937500 0.0108560888 0.0257812500
0.2835937500 0.0171875000 0.0273881960
0.2835937500 0.0257812500 -0.0252578943
0.2835937500 0.0257812500 0.0281140495
0.2835937500 0.0343750000 -0.0241153516
0.2835937500 0.0343750000 0.0266846376
0.2835937500 0.0429687500 -0.0219363897
0.2835937500 0.0377512499 0.0257812500
0.2835937500 0.0429687500 0.0239228221
0.2835937500 0.0515625000 -0.0181279925
0.2835937500 0.0515625000 0.0197556183
0.2835937500 0.0532778526 -0.0171875000
0.2835937500 0.0601562500 -0.0101818511
0.2835937500 0.0557075491 0.0171875000
0.2835937500 0.0601562500 0.0116482285
0.2835937500 0.0612812006 -0.0085937500
0.2835937500 0.0632559844 0.0000000000
0.2835937500 0.0621906466 0.0085937500
0.2921875000 -0.0300717752 -0.0085937500
0.2921875000 -0.0257812500 -0.0121473102
0.2921875000 -0.0324304838 0.0000000000
0.2921875000 -0.0278363236 0.0085937500
0.2921875000 -0.0257812500 0.0102158636
0.2921875000 -0.0179003003 -0.0171875000
0.2921875000 -0.0171875000 -0.0173713599
0.2921875000 -0.0171875000 0.0160307566
0.2921875000 -0.0085937500 -0.0193311981
0.2921875000 -0.0157286382 0.0171875000
0.2921875000 -0.0085937500 0.0196796843
0.2921875000 0.0000000000 -0.0216307806
0.2921875000 0.0000000000 0.0219057634
0.2921875000 0.0085937500 -0.0241433163
0.2921875000 0.0085937500 0.0238857427
0.2921875000 0.0171875000 -0.0252667162
0.2921875000 0.0135989082 0.0257812500
0.2921875000 0.0171875000 0.0267744181
0.2921875000 0.0257812500 -0.0249263886
0.2921875000 0.0257812500 0.0275368952
0.2921875000 0.0343750000 -0.0238250922
0.2921875000 0.0343750000 0.0262433300
0.2921875000 0.0429687500 -0.0215431816
0.2921875000 0.0362066543 0.0257812500
0.2921875000 0.0429687500 0.0234843973
0.2921875000 0.0515625000 -0.0176531852
0.2921875000 0.0515625000 0.0193833033
0.2921875000 0.0523951356 -0.0171875000
0.2921875000 0.0601562500 -0.0091135944
0.2921875000 0.0551194623 0.0171875000
0.2921875000 0.0601562500 0.0106060632
0.2921875000 0.0605024524 -0.0085937500
0.2921875000 0.0625899743 0.0000000000
0.2921875000 0.0614393960 0.0085937500
0.3007812500 -0.0289253429 -0.0085937500
0.3007812500 -0.0257812500 -0.0110109642
0.3007812500 -0.0312473898 0.0000000000
0.3007812500 -0.0267254870 0.0085937500
0.3007812500 -0.0257812500 0.0093353124
0.2947265500 -0.0171875000 -0.0171875000
0.3007812500 -0.0171875000 -0.0162594348
0.3007812500 -0.0171875000 0.0147644030
0.3007812500 -0.0154136979 -0.0171875000
0.3007812500 -0.0085937500 -0.0187849313
0.3007812500 -0.0140782156 0.0171875000
0.3007812500 -0.0085937500 0.0190544803
0.3007812500 0.0000000000 -0.0210580661
0.3007812500 0.0000000000 0.0211757386
0.3007812500 0.0085937500 -0.0236440324
0.3007812500 0.0085937500 0.0229594977
0.3007812500 0.0171875000 -0.0247445765
0.3007812500 0.0167109751 0.0257812500
0.3007812500 0.0171875000 0.0259040704
0.3007812500 0.0257812500 -0.0243607527
0.3007812500 0.0257812500 0.0267718440
0.3007812500 0.0343750000 -0.0233890289
0.3007812500 0.0343750000 0.0257887591
0.3007812500 0.0429687500 -0.0211199282
0.3007812500 0.0344067842 0.0257812500
0.3007812500 0.0429687500 0.0229893631
0.3007055386 0.0515625000 -0.0171875000
0.3007812500 0.0515546230 -0.0171875000
0.3007812500 0.0515625000 -0.0171804321
0.3007812500 0.0515625000 0.0189398298
0.2961584335 0.0601562500 -0.0085937500
0.3007812500 0.0596340093 -0.0085937500
0.3007812500 0.0601562500 -0.0068757559
0.3007812500 0.0543621786 0.0171875000
0.3007812500 0.0601562500 0.0090385006
0.3007812500 0.0617255915 0.0000000000
0.3007812500 0.0604271593 0.0085937500
0.3093750000 -0.0277152129 -0.0085937500
0.3093750000 -0.0257812500 -0.0100389649
0.3093750000 -0.0300505928 0.0000000000
0.3071958070 -0.0257812500 0.0085937500
0.3093750000 -0.0257812500 0.0079765473
0.3093750000 -0.0171875000 -0.0152480359
0.3093750000 -0.0253792566 0.0085937500
0.3093750000 -0.0171875000 0.0136244445
0.3093750000 -0.0134394386 -0.0171875000
0.3093750000 -0.0085937500 -0.0183537931
0.3093750000 -0.0121927426 0.0171875000
0.3093750000 -0.0085937500 0.0183470596
0.3093750000 0.0000000000 -0.0203048151
0.3093750000 0.0000000000 0.0204827902
0.3093750000 0.0085937500 -0.0230600337
0.3093750000 0.0085937500 0.0220796566
0.3093750000 0.0171875000 -0.0241575306
0.3020580991 0.0171875000 0.0257812500
0.3093750000 0.0171875000 0.0248142514
0.3093750000 0.0257812500 -0.0238612063
0.3093750000 0.0241191974 0.0257812500
0.3093750000 0.0257812500 0.0259483469
0.3093750000 0.0343750000 -0.0229389101
0.3008768077 0.0343750000 0.0257812500
0.3093750000 0.0274504022 0.0257812500
0.3093750000 0.0343750000 0.0248464868
0.3093750000 0.0429687500 -0.0206873500
0.3093750000 0.0429687500 0.0222757973
0.3093750000 0.0506106915 -0.0171875000
0.3093750000 0.0515625000 -0.0162951768
0.3093750000 0.0515625000 0.0182946483
0.3093750000 0.0582650122 -0.0085937500
0.3093750000 0.0601562500 -0.0028434349
0.3029910858 0.0601562500 0.0085937500
0.3093750000 0.0593111395 0.0085937500
0.3093750000 0.0601562500 0.0041282834
0.3093750000 0.0532354169 0.0171875000
0.3093750000 0.0608738945 0.0000000000
0.3179687500 -0.0264439277 -0.0085937500
0.3179687500 -0.0257812500 -0.0090718340
0.3179687500 -0.0289115382 0.0000000000
0.3179687500 -0.0257812500 0.0057653514
0.3179687500 -0.0171875000 -0.0142846416
0.3179687500 -0.0239388262 0.0085937500
0.3179687500 -0.0171875000 0.0126281982
0.3179687500 -0.0111771973 -0.0171875000
0.3179687500 -0.0085937500 -0.0177990616
0.3179687500 -0.0103878177 0.0171875000
0.3179687500 -0.0085937500 0.0177425103
0.3179687500 0.0000000000 -0.0195630051
0.3179687500 0.0000000000 0.0197950039
0.3179687500 0.0085937500 -0.0223109521
0.3179687500 0.0085937500 0.0212233263
0.3179687500 0.0171875000 -0.0234517353
0.3179687500 0.0171875000 0.0239182055
0.3179687500 0.0257812500 -0.0231874527
0.3115194506 0.0257812500 0.0257812500
0.3179687500 0.0257812500 0.0250979231
0.3179687500 0.0343750000 -0.0223619570
0.3179687500 0.0343750000 0.0238592624
0.3179687500 0.0429687500 -0.0200457648
0.3179687500 0.0429687500 0.0214909567
0.3179687500 0.0493286112 -0.0171875000
0.3179687500 0.0515625000 -0.0151409262
0.3179687500 0.0515625000 0.0174720367
0.3179687500 0.0568452991 -0.0085937500
0.3150085024 0.0601562500 0.0000000000
0.3179687500 0.0597000456 0.0000000000
0.3179687500 0.0581844050 0.0085937500
0.3179687500 0.0519798736 0.0171875000
0.3218696065 -0.0257812500 -0.0085937500
0.3265625000 -0.0280203700 0.0000000000
0.3265625000 -0.0257812500 -0.0063069018
0.3265625000 -0.0257812500 0.0039574617
0.3265625000 -0.0249854550 -0.0085937500
0.3265625000 -0.0171875000 -0.0131730572
0.3265625000 -0.0225905365 0.0085937500
0.3265625000 -0.0171875000 0.0117373409
0.3241094273 -0.0085937500 -0.0171875000
0.3265625000 -0.0085937500 -0.0167635622
0.3262073912 -0.0085937500 0.0171875000
0.3265625000 -0.0085937500 0.0171426192
0.3265625000 -0.0073838436 -0.0171875000
0.3265625000 0.0000000000 -0.0186835923
0.3265625000 -0.0084946144 0.0171875000
0.3265625000 0.0000000000 0.0190208569
0.3265625000 0.0085937500 -0.0214991865
0.3265625000 0.0085937500 0.0205656697
0.3265625000 0.0171875000 -0.0226821902
0.3265625000 0.0171875000 0.0231273919
0.3265625000 0.0257812500 -0.0223826653
0.3265625000 0.0257812500 0.0243945632
0.3265625000 0.0343750000 -0.0215310173
0.3265625000 0.0343750000 0.0230682389
0.3265625000 0.0429687500 -0.0190792153
0.3265625000 0.0429687500 0.0207672760
0.3265625000 0.0473660203 -0.0171875000
0.3265625000 0.0515625000 -0.0133878299
0.3208437291 0.0515625000 0.0171875000
0.3265625000 0.0503362510 0.0171875000
0.3265625000 0.0515625000 0.0159911202
0.3265625000 0.0551941213 -0.0085937500
0.3265625000 0.0581102001 0.0000000000
0.3265625000 0.0568507673 0.0085937500
0.3351562500 -0.0269761365 0.0000000000
0.3351562500 -0.0257812500 -0.0031652771
0.3351562500 -0.0257812500 0.0021408763
0.3351562500 -0.0236313597 -0.0085937500
0.3351562500 -0.0171875000 -0.0121605400
0.3351562500 -0.0214557157 0.0085937500
0.3351562500 -0.0171875000 0.0110031362
0.3351562500 -0.0085937500 -0.0152128173
0.3351562500 -0.0085937500 0.0159623192
0.3351562500 -0.0022381003 -0.0171875000
0.3351562500 0.0000000000 -0.0176487428
0.3351562500 -0.0055706097 0.0171875000
0.3351562500 0.0000000000 0.0183354289
0.3351562500 0.0085937500 -0.0206308281
0.3351562500 0.0085937500 0.0199851860
0.3351562500 0.0171875000 -0.0217993553
0.3351562500 0.0171875000 0.0223795101
0.3351562500 0.0257812500 -0.0215004432
0.3351562500 0.0257812500 0.0236885510
0.3351562500 0.0343750000 -0.0204664945
0.3351562500 0.0343750000 0.0224470199
0.3351562500 0.0429687500 -0.0179499803
0.3351562500 0.0429687500 0.0200748092
0.3351562500 0.0447564598 -0.0171875000
0.3351562500 0.0515625000 -0.0109093175
0.3351562500 0.0485916892 0.0171875000
0.3351562500 0.0515625000 0.0140709052
0.3351562500 0.0532071725 -0.0085937500
0.3351562500 0.0564501847 0.0000000000
0.3351562500 0.0554380281 0.0085937500
0.3437500000 -0.0259315943 0.0000000000
0.3437500000 -0.0257812500 -0.0003756978
0.3437500000 -0.0257812500 0.0002828543
0.3437500000 -0.0221304886 -0.0085937500
0.3437500000 -0.0171875000 -0.0112112139
0.3437500000 -0.0203474569 0.0085937500
0.3437500000 -0.0171875000 0.0102572209
0.3437500000 -0.0085937500 -0.0140710268
0.3437500000 -0.0085937500 0.0150547566
0.3390586249 0.0000000000 -0.0171875000
0.3437500000 0.0000000000 -0.0164535841
0.3437500000 -0.0029850704 0.0171875000
0.3437500000 0.0000000000 0.0177847194
0.3437500000 0.0014638358 -0.0171875000
0.3437500000 0.0085937500 -0.0198387900
0.3437500000 0.0085937500 0.0195220399
0.3437500000 0.0171875000 -0.0209021815
0.3437500000 0.0171875000 0.0216995153
0.3437500000 0.0257812500 -0.0205448969
0.3437500000 0.0257812500 0.0229988763
0.3437500000 0.0343750000 -0.0193019722
0.3437500000 0.0343750000 0.0219394749
0.3400586266 0.0429687500 -0.0171875000
0.3437500000 0.0412750189 -0.0171875000
0.3437500000 0.0429687500 -0.0162083495
0.3437500000 0.0429687500 0.0193260439
0.3427081555 0.0515625000 -0.0085937500
0.3437500000 0.0512873076 -0.0085937500
0.3437500000 0.0515625000 -0.0080282039
0.3437500000 0.0468598560 0.0171875000
0.3437500000 0.0515625000 0.0121689412
0.3437500000 0.0548977667 0.0000000000
0.3437500000 0.0540453033 0.0085937500
0.3448477423 -0.0257812500 0.0000000000
0.3523437500 -0.0205490800 -0.0085937500
0.3523437500 -0.0171875000 -0.0102693332
0.3523437500 -0.0247521388 0.0000000000
0.3523437500 -0.0192045086 0.0085937500
0.3523437500 -0.0171875000 0.0096029260
0.3523437500 -0.0085937500 -0.0130733423
0.3523437500 -0.0085937500 0.0142236300
0.3523437500 0.0000000000 -0.0155030003
0.3523437500 -0.0007885207 0.0171875000
0.3523437500 0.0000000000 0.0173491265
0.3523437500 0.0035000789 -0.0171875000
0.3523437500 0.0085937500 -0.0190865619
0.3523437500 0.0085937500 0.0191217376
0.3523437500 0.0171875000 -0.0201577424
0.3523437500 0.0171875000 0.0211129139
0.3523437500 0.0257812500 -0.0195681397
0.3523437500 0.0257812500 0.0224011985
0.3523437500 0.0343750000 -0.0180796645
0.3523437500 0.0343750000 0.0214152947
0.3523437500 0.0371763511 -0.0171875000
0.3523437500 0.0429687500 -0.0138605564
0.3523437500 0.0429687500 0.0186117634
0.3523437500 0.0488981664 -0.0085937500
0.3523437500 0.0515625000 -0.0038230007
0.3523437500 0.0454597019 0.0171875000
0.3523437500 0.0515625000 0.0103542052
0.3523437500 0.0533735470 0.0000000000
0.3523437500 0.0527241951 0.0085937500
0.3609375000 -0.0187376333 -0.0085937500
0.3609375000 -0.0171875000 -0.0093405670
0.3609375000 -0.0235603503 0.0000000000
0.3609375000 -0.0178687605 0.0085937500
0.3609375000 -0.0171875000 0.0089495572
0.3609375000 -0.0085937500 -0.0121353176
0.3609375000 -0.0085937500 0.0135462173
0.3609375000 0.0000000000 -0.0147378700
0.3559225321 0.0000000000 0.0171875000
0.3609375000 0.0000000000 0.0167767230
0.3609375000 0.0050720268 -0.0171875000
0.3609375000 0.0085937500 -0.0185048080
0.3609375000 0.0010729248 0.0171875000
0.3609375000 0.0085937500 0.0187038490
0.3609375000 0.0171875000 -0.0195619608
0.3609375000 0.0171875000 0.0205304172
0.3609375000 0.0257812500 -0.0186127756
0.3609375000 0.0257812500 0.0218006268
0.3587553177 0.0343750000 -0.0171875000
0.3609375000 0.0328890263 -0.0171875000
0.3609375000 0.0343750000 -0.0167149720
0.3609375000 0.0343750000 0.0207365723
0.3609375000 0.0429687500 -0.0115799104
0.3609375000 0.0429687500 0.0179194265
0.3609375000 0.0464607828 -0.0085937500
0.3609375000 0.0515625000 -0.0007447921
0.3607719014 0.0515625000 0.0085937500
0.3609375000 0.0515334336 0.0085937500
0.3609375000 0.0515625000 0.0081636412
0.3609375000 0.0442183764 0.0171875000
0.3609375000 0.0519689675 0.0000000000
0.3668684399 -0.0171875000 -0.0085937500
0.3695312500 -0.0223517499 0.0000000000
0.3695312500 -0.0171875000 -0.0076565399
0.3656870901 -0.0171875000 0.0085937500
0.3695312500 -0.0171875000 0.0078988936
0.3695312500 -0.0163329608 -0.0085937500
0.3695312500 -0.0085937500 -0.0113273903
0.3695312500 -0.0166545275 0.0085937500
0.3695312500 -0.0085937500 0.0127370167
0.3695312500 0.0000000000 -0.0142527728
0.3695312500 0.0000000000 0.0161141314
0.3695312500 0.0061204469 -0.0171875000
0.3695312500 0.0085937500 -0.0180424971
0.3695312500 0.0029027865 0.0171875000
0.3695312500 0.0085937500 0.0182952621
0.3695312500 0.0171875000 -0.0188055319
0.3695312500 0.0171875000 0.0200278531
0.3695312500 0.0257812500 -0.0176816590
0.3695312500 0.0257812500 0.0211753008
0.3695312500 0.0280892177 -0.0171875000
0.3695312500 0.0343750000 -0.0150963040
0.3695312500 0.0343750000 0.0200197629
0.3695312500 0.0429687500 -0.0096256411
0.3695312500 0.0429687500 0.0172023473
0.3695312500 0.0442316935 -0.0085937500
0.3633391277 0.0515625000 0.0000000000
0.3695312500 0.0503037367 0.0000000000
0.3695312500 0.0499573646 0.0085937500
0.3695312500 0.0429940352 0.0171875000
0.3781250000 -0.0210457191 0.0000000000
0.3781250000 -0.0171875000 -0.0047972405
0.3781250000 -0.0171875000 0.0061376894
0.3781250000 -0.0134386617 -0.0085937500
0.3781250000 -0.0085937500 -0.0104236951
0.3781250000 -0.0153615683 0.0085937500
0.3781250000 -0.0085937500 0.0117623227
0.3781250000 0.0000000000 -0.0138908289
0.3781250000 0.0000000000 0.0153430818
0.3781250000 0.0061306997 -0.0171875000
0.3781250000 0.0085937500 -0.0179982116
0.3781250000 0.0046780141 0.0171875000
0.3781250000 0.0085937500 0.0179884121
0.3781250000 0.0171875000 -0.0181935852
0.3781250000 0.0171875000 0.0195661433
0.3740411379 0.0257812500 -0.0171875000
0.3781250000 0.0230701698 -0.0171875000
0.3781250000 0.0257812500 -0.0165522434
0.3781250000 0.0257812500 0.0205787103
0.3781250000 0.0343750000 -0.0133647511
0.3781250000 0.0343750000 0.0192974017
0.3744950530 0.0429687500 -0.0085937500
0.3781250000 0.0417709779 -0.0085937500
0.3781250000 0.0429687500 -0.0073233091
0.3697086557 0.0429687500 0.0171875000
0.3781250000 0.0408555409 0.0171875000
0.3781250000 0.0429687500 0.0157186300
0.3781250000 0.0484784557 0.0000000000
0.3781250000 0.0483732846 0.0085937500
0.3867187500 -0.0196705298 0.0000000000
0.3867187500 -0.0171875000 -0.0029594272
0.3867187500 -0.0171875000 0.0037195751
0.3867187500 -0.0113586891 -0.0085937500
0.3867187500 -0.0085937500 -0.0095924005
0.3867187500 -0.0133861060 0.0085937500
0.3867187500 -0.0085937500 0.0107357763
0.3867187500 0.0000000000 -0.0135800855
0.3867187500 0.0000000000 0.0146135511
0.3867187500 0.0062312043 -0.0171875000
0.3867187500 0.0085937500 -0.0179181010
0.3867187500 0.0062369325 0.0171875000
0.3867187500 0.0085937500 0.0176967381
0.3867187500 0.0171875000 -0.0179191417
0.3867187500 0.0171875000 0.0192089687
0.3867187500 0.0206744311 -0.0171875000
0.3867187500 0.0257812500 -0.0156281160
0.3867187500 0.0257812500 0.0200074947
0.3867187500 0.0343750000 -0.0118036767
0.3867187500 0.0343750000 0.0186310990
0.3867187500 0.0393534969 -0.0085937500
0.3867187500 0.0429687500 -0.0047709376
0.3867187500 0.0386985476 0.0171875000
0.3867187500 0.0429687500 0.0140181899
0.3867187500 0.0466218457 0.0000000000
0.3867187500 0.0468859754 0.0085937500
0.3953125000 -0.0178927727 0.0000000000
0.3953125000 -0.0171875000 -0.0008667947
0.3953125000 -0.0171875000 0.0009863287
0.3953125000 -0.0097360693 -0.0085937500
0.3953125000 -0.0085937500 -0.0090000964
0.3953125000 -0.0109531834 0.0085937500
0.3953125000 -0.0085937500 0.0096358981
0.3953125000 0.0000000000 -0.0134689196
0.3953125000 0.0000000000 0.0139611510
0.3953125000 0.0063017476 -0.0171875000
0.3953125000 0.0085937500 -0.0178658040
0.3953125000 0.0078396165 0.0171875000
0.3953125000 0.0085937500 0.0173483207
0.3953125000 0.0171875000 -0.0176437171
0.3953125000 0.0171875000 0.0188800821
0.3953125000 0.0190907154 -0.0171875000
0.3953125000 0.0257812500 -0.0146930886
0.3953125000 0.0257812500 0.0194966153
0.3953125000 0.0343750000 -0.0104220167
0.3953125000 0.0343750000 0.0179489228
0.3953125000 0.0372082491 -0.0085937500
0.3953125000 0.0429687500 -0.0025873220
0.3953125000 0.0365729849 0.0171875000
0.3953125000 0.0429687500 0.0121413425
0.3953125000 0.0449329258 0.0000000000
0.3953125000 0.0454035878 0.0085937500
0.3988291427 -0.0171875000 0.0000000000
0.4012866826 -0.0085937500 -0.0085937500
0.4039062500 -0.0161978413 0.0000000000
0.4039062500 -0.0085937500 -0.0081533212
0.4039062500 -0.0087711087 0.0085937500
0.4039062500 -0.0085937500 0.0086750661
0.4039062500 -0.0082110094 -0.0085937500
0.4039062500 0.0000000000 -0.0134213506
0.4039062500 0.0000000000 0.0132370906
0.4039062500 0.0067115468 -0.0171875000
0.4039062500 0.0085937500 -0.0177009481
0.3999962503 0.0085937500 0.0171875000
0.4039062500 0.0085937500 0.0169359235
0.4039062500 0.0171875000 -0.0172753697
0.4039062500 0.0094480186 0.0171875000
0.4039062500 0.0171875000 0.0185290036
0.4039062500 0.0175042443 -0.0171875000
0.4039062500 0.0257812500 -0.0135735974
0.4039062500 0.0257812500 0.0191342335
0.4039062500 0.0343750000 -0.0091551354
0.4039062500 0.0343750000 0.0173349330
0.4039062500 0.0351978449 -0.0085937500
0.4039062500 0.0429687500 -0.0005062367
0.4039062500 0.0347479626 0.0171875000
0.4039062500 0.0429687500 0.0101398226
0.4039062500 0.0433377639 0.0000000000
0.4039062500 0.0440011165 0.0085937500
0.4125000000 -0.0145067378 0.0000000000
0.4125000000 -0.0085937500 -0.0069383697
0.4046762658 -0.0085937500 0.0085937500
0.4125000000 -0.0085937500 0.0067867215
0.4125000000 -0.0073762470 -0.0085937500
0.4125000000 0.0000000000 -0.0133016450
0.4125000000 -0.0071531575 0.0085937500
0.4125000000 0.0000000000 0.0124905008
0.4125000000 0.0076929873 -0.0171875000
0.4125000000 0.0085937500 -0.0174131316
0.4125000000 0.0085937500 0.0163359780
0.4053970353 0.0171875000 -0.0171875000
0.4125000000 0.0115700507 -0.0171875000
0.4125000000 0.0171875000 -0.0164153853
0.4125000000 0.0115318709 0.0171875000
0.4125000000 0.0171875000 0.0181425962
0.4125000000 0.0257812500 -0.0125928661
0.4125000000 0.0257812500 0.0186536559
0.4070793152 0.0343750000 -0.0085937500
0.4125000000 0.0325093964 -0.0085937500
0.4125000000 0.0343750000 -0.0071317372
0.4055689135 0.0343750000 0.0171875000
0.4125000000 0.0318610708 0.0171875000
0.4125000000 0.0343750000 0.0159309656
0.4059534861 0.0429687500 0.0000000000
0.4125000000 0.0413797983 0.0000000000
0.4114990063 0.0429687500 0.0085937500
0.4125000000 0.0427494364 0.0085937500
0.4210937500 -0.0129864348 0.0000000000
0.4210937500 -0.0085937500 -0.0055038974
0.4210937500 -0.0085937500 0.0049412291
0.4210937500 -0.0066071718 -0.0085937500
0.4210937500 0.0000000000 -0.0129868077
0.4210937500 -0.0056015964 0.0085937500
0.4210937500 0.0000000000 0.0116006985
0.4191375602 0.0085937500 -0.0171875000
0.4210937500 0.0085937500 -0.0170411860
0.4210937500 0.0085937500 0.0155241437
0.4210937500 0.0171875000 -0.0154309146
0.4210937500 0.0142196943 0.0171875000
0.4210937500 0.0171875000 0.0176907806
0.4210937500 0.0257812500 -0.0116763596
0.4210937500 0.0257812500 0.0182856192
0.4210937500 0.0302059713 -0.0085937500
0.4210937500 0.0343750000 -0.0050225854
0.4210937500 0.0296144679 0.0171875000
0.4210937500 0.0343750000 0.0143963863
0.4210937500 0.0391500666 0.0000000000
0.4210937500 0.0405842063 0.0085937500
0.4296875000 -0.0104303435 0.0000000000
0.4296875000 -0.0085937500 -0.0025626623
0.4296875000 -0.0085937500 0.0019418474
0.4296875000 -0.0053373731 -0.0085937500
0.4296875000 0.0000000000 -0.0125682136
0.4296875000 -0.0034901861 0.0085937500
0.4296875000 0.0000000000 0.0106291633
0.4296875000 0.0085937500 -0.0162795307
0.4296875000 0.0085937500 0.0145736201
0.4296875000 0.0171875000 -0.0145038684
0.4296875000 0.0158794446 0.0171875000
0.4296875000 0.0171875000 0.0174490310
0.4296875000 0.0257812500 -0.0106333260
0.4296875000 0.0257812500 0.0177483909
0.4296875000 0.0284914861 -0.0085937500
0.4296875000 0.0343750000 -0.0028851658
0.4296875000 0.0275321773 0.0171875000
0.4296875000 0.0343750000 0.0128764970
0.4296875000 0.0369673185 0.0000000000
0.4296875000 0.0384428725 0.0085937500
0.4349829328 -0.0085937500 0.0000000000
0.4382812500 -0.0034434945 -0.0085937500
0.4382812500 0.0000000000 -0.0111078162
0.4382812500 -0.0076123961 0.0000000000
0.4382812500 -0.0013074940 0.0085937500
0.4382812500 0.0000000000 0.0093852418
0.4382812500 0.0085937500 -0.0150903559
0.4382812500 0.0085937500 0.0134030842
0.4382812500 0.0171875000 -0.0134899384
0.4382812500 0.0169727340 0.0171875000
0.4382812500 0.0171875000 0.0172396081
0.4382812500 0.0257812500 -0.0094149853
0.4382812500 0.0257812500 0.0171964643
0.4382812500 0.0267924547 -0.0085937500
0.4382812500 0.0343750000 -0.0010213545
0.4382812500 0.0258064142 0.0171875000
0.4382812500 0.0343750000 0.0110950837
0.4382812500 0.0352750116 0.0000000000
0.4382812500 0.0365017354 0.0085937500
0.4468750000 -0.0011016208 -0.0085937500
0.4468750000 0.0000000000 -0.0093691339
0.4468750000 -0.0042174375 0.0000000000
0.4433760308 0.0000000000 0.0085937500
0.4468750000 0.0000000000 0.0070634395
0.4468750000 0.0085937500 -0.0129078962
0.4468750000 0.0010848187 0.0085937500
0.4468750000 0.0085937500 0.0128516321
0.4468750000 0.0171875000 -0.0120722729
0.4405997681 0.0171875000 0.0171875000
0.4468750000 0.0171875000 0.0168769094
0.4427755004 0.0257812500 -0.0085937500
0.4468750000 0.0243185989 -0.0085937500
0.4468750000 0.0257812500 -0.0075245838
0.4384108339 0.0257812500 0.0171875000
0.4468750000 0.0257812500 0.0159343187
0.4431465770 0.0343750000 0.0000000000
0.4468750000 0.0334492313 0.0000000000
0.4468750000 0.0343750000 0.0062702077
0.4468750000 0.0343750000 0.0089287850
0.4468750000 0.0346358266 0.0085937500
0.4504762640 0.0000000000 -0.0085937500
0.4554687500 -0.0013003281 0.0000000000
0.4554687500 0.0000000000 -0.0039162578
0.4554687500 0.0000000000 0.0020346802
0.4554687500 0.0025810308 -0.0085937500
0.4554687500 0.0085937500 -0.0107402069
0.4554687500 0.0044883945 0.0085937500
0.4554687500 0.0085937500 0.0114312729
0.4554687500 0.0171875000 -0.0100558081
0.4554687500 0.0171875000 0.0156614633
0.4554687500 0.0204264352 -0.0085937500
0.4554687500 0.0257812500 -0.0051559561
0.4554687500 0.0257812500 0.0141709470
0.4554687500 0.0311274854 0.0000000000
0.4481849671 0.0343750000 0.0085937500
0.4554687500 0.0321977009 0.0085937500
0.4592748952 0.0000000000 0.0000000000
0.4640625000 0.0079412162 -0.0085937500
0.4640625000 0.0085937500 -0.0088006582
0.4640625000 0.0018847542 0.0000000000
0.4640625000 0.0074057912 0.0085937500
0.4640625000 0.0085937500 0.0093330497
0.4619545540 0.0171875000 -0.0085937500
0.4640625000 0.0112262007 -0.0085937500
0.4640625000 0.0171875000 -0.0077398662
0.4640625000 0.0171875000 0.0133810506
0.4640625000 0.0257812500 -0.0020057165
0.4640625000 0.0257812500 0.0119722635
0.4640625000 0.0280347242 0.0000000000
0.4640625000 0.0296057786 0.0085937500
0.4650161922 0.0085937500 -0.0085937500
0.4726562500 0.0045732310 0.0000000000
0.4726562500 0.0085937500 -0.0043634496
0.4690057103 0.0085937500 0.0085937500
0.4726562500 0.0085937500 0.0068257293
0.4726562500 0.0171875000 -0.0039443509
0.4726562500 0.0103275986 0.0085937500
0.4726562500 0.0171875000 0.0108322183
0.4693584494 0.0257812500 0.0000000000
0.4726562500 0.0234560028 0.0000000000
0.4726562500 0.0257812500 0.0065933676
0.4726562500 0.0257812500 0.0090122573
0.4726562500 0.0262553408 0.0085937500
0.4803677261 0.0085937500 0.0000000000
0.4786304766 0.0171875000 0.0000000000
0.4785484266 0.0171875000 0.0085937500
0.4732910075 0.0257812500 0.0085937500
3 2 1 0
3 1 4 3
3 0 1 3
3 4 5 3
3 7 2 0
3 6 7 0
3 0 3 6
3 3 8 6
3 5 9 8
3 3 5 8
3 11 7 6
3 10 11 6
3 6 8 10
3 8 12 10
3 9 13 12
3 8 9 12
3 15 11 10
3 14 15 10
3 10 12 14
3 12 16 14
3 13 18 17
3 13 17 12
3 12 17 16
3 18 19 17
3 21 15 14
3 20 21 14
3 14 16 20
3 16 22 20
3 16 17 22
3 17 23 22
3 19 24 23
3 17 19 23
3 26 21 20
3 25 26 20
3 20 22 25
3 22 27 25
3 22 23 27
3 23 28 27
3 24 29 28
3 23 24 28
3 31 26 25
3 30 31 25
3 25 27 30
3 27 32 30
3 33 34 32
3 33 32 28
3 28 32 27
3 28 29 33
3 36 31 30
3 35 36 30
3 30 32 35
3 32 37 35
3 34 38 37
3 32 34 37
3 40 36 35
3 39 40 35
3 35 37 39
3 37 41 39
3 38 42 41
3 37 38 41
3 40 39 43
3 45 43 39
3 45 39 44
3 44 39 41
3 42 46 44
3 41 42 44
3 45 44 47
3 44 46 47
3 50 49 48
3 49 51 48
3 54 53 52
3 53 50 48
3 53 48 52
3 52 48 55
3 51 56 55
3 48 51 55
3 52 1 2
3 52 2 54
3 54 2 57
3 55 1 52
3 4 1 55
3 4 58 5
3 55 58 4
3 55 59 58
3 55 56 59
3 59 60 58
3 57 2 61
3 61 2 7
3 62 5 58
3 9 5 62
3 60 63 62
3 58 60 62
3 61 7 64
3 64 7 11
3 65 9 62
3 13 9 65
3 63 66 65
3 62 63 65
3 69 68 67
3 68 15 67
3 68 64 15
3 64 11 15
3 65 18 13
3 18 65 66
3 18 66 19
3 19 66 70
3 72 69 67
3 71 72 67
3 67 21 71
3 15 21 67
3 70 73 19
3 73 24 19
3 75 72 71
3 74 75 71
3 71 26 74
3 21 26 71
3 73 76 24
3 76 29 24
3 75 74 77
3 74 78 77
3 74 26 78
3 26 31 78
3 33 79 34
3 79 33 29
3 79 29 80
3 80 29 76
3 78 31 81
3 81 31 36
3 82 34 79
3 38 34 82
3 80 83 82
3 79 80 82
3 81 36 84
3 84 36 40
3 85 38 82
3 42 38 85
3 83 86 85
3 82 83 85
3 43 87 88
3 43 88 40
3 40 88 84
3 43 45 87
3 89 42 85
3 89 90 42
3 90 46 42
3 85 86 89
3 88 87 91
3 93 47 92
3 91 47 93
3 91 45 47
3 91 87 45
3 92 47 46
3 92 46 94
3 94 46 90
3 96 93 92
3 95 96 92
3 94 97 95
3 92 94 95
3 96 95 98
3 95 97 98
3 50 100 99
3 49 50 99
3 49 99 101
3 51 49 101
3 54 103 102
3 53 54 102
3 102 50 53
3 100 50 102
3 101 104 51
3 104 56 51
3 103 54 105
3 105 54 57
3 104 59 56
3 106 59 104
3 59 106 107
3 60 59 107
3 105 57 108
3 108 57 61
3 107 109 60
3 109 63 60
3 112 111 110
3 111 64 110
3 111 108 64
3 108 61 64
3 113 109 114
3 113 66 109
3 66 63 109
3 114 115 113
3 110 68 69
3 110 69 112
3 112 69 116
3 110 64 68
3 117 66 113
3 70 66 117
3 115 118 117
3 113 115 117
3 116 69 119
3 119 69 72
3 120 70 117
3 73 70 120
3 118 121 120
3 117 118 120
3 119 72 122
3 122 72 75
3 123 73 120
3 76 73 123
3 121 124 123
3 120 121 123
3 77 125 126
3 77 126 75
3 75 126 122
3 77 78 125
3 127 76 123
3 80 76 127
3 124 128 127
3 123 124 127
3 126 125 129
3 125 130 129
3 125 78 130
3 78 81 130
3 131 80 127
3 131 132 80
3 132 83 80
3 127 128 131
3 130 81 133
3 133 81 84
3 132 134 83
3 134 86 83
3 133 84 135
3 135 84 88
3 89 136 90
3 136 89 86
3 136 86 137
3 137 86 134
3 91 138 139
3 91 139 88
3 88 139 135
3 91 93 138
3 140 90 136
3 94 90 140
3 137 141 140
3 136 137 140
3 139 138 142
3 138 143 142
3 138 93 143
3 93 96 143
3 144 94 140
3 144 145 94
3 145 97 94
3 140 141 144
3 98 146 147
3 98 147 96
3 96 147 143
3 146 98 97
3 146 97 148
3 148 97 145
3 147 146 149
3 146 148 149
3 100 151 150
3 99 100 150
3 99 150 152
3 101 99 152
3 103 154 153
3 102 103 153
3 153 100 102
3 151 100 153
3 155 152 156
3 155 104 152
3 104 101 152
3 156 157 155
3 154 103 158
3 158 103 105
3 155 106 104
3 106 155 157
3 106 157 107
3 107 157 159
3 162 161 160
3 161 108 160
3 161 158 108
3 158 105 108
3 163 159 164
3 163 109 159
3 109 107 159
3 164 165 163
3 160 111 112
3 160 112 162
3 162 112 166
3 160 108 111
3 163 114 109
3 114 163 165
3 114 165 115
3 115 165 167
3 166 112 168
3 168 112 116
3 167 169 115
3 169 118 115
3 168 116 170
3 170 116 119
3 169 171 118
3 171 121 118
3 170 119 172
3 172 119 122
3 171 173 121
3 173 124 121
3 172 122 174
3 174 122 126
3 173 175 124
3 175 128 124
3 129 176 177
3 129 177 126
3 126 177 174
3 129 130 176
3 131 178 132
3 178 131 128
3 178 128 179
3 179 128 175
3 177 176 180
3 176 181 180
3 176 130 181
3 130 133 181
3 182 132 178
3 182 183 132
3 183 134 132
3 178 179 182
3 181 133 184
3 184 133 135
3 183 185 134
3 185 137 134
3 184 135 186
3 186 135 139
3 185 187 137
3 187 141 137
3 142 188 189
3 142 189 139
3 139 189 186
3 142 143 188
3 145 190 191
3 144 190 145
3 190 144 141
3 187 190 141
3 189 188 192
3 188 193 192
3 188 143 193
3 143 147 193
3 191 194 145
3 194 148 145
3 149 195 196
3 149 196 147
3 147 196 193
3 195 149 148
3 195 148 197
3 197 148 194
3 196 195 198
3 195 197 198
3 151 200 199
3 150 151 199
3 150 199 201
3 152 150 201
3 154 203 202
3 153 154 202
3 202 151 153
3 200 151 202
3 201 156 152
3 204 156 201
3 156 204 205
3 157 156 205
3 203 154 206
3 206 154 158
3 205 207 157
3 207 159 157
3 162 209 208
3 161 162 208
3 208 158 161
3 206 158 208
3 207 164 159
3 210 164 207
3 164 210 211
3 165 164 211
3 209 162 212
3 212 162 166
3 211 213 165
3 213 167 165
3 212 166 214
3 214 166 168
3 213 215 167
3 215 169 167
3 214 168 216
3 216 168 170
3 215 217 169
3 217 171 169
3 216 170 218
3 218 170 172
3 217 219 171
3 219 173 171
3 218 172 220
3 220 172 174
3 219 221 173
3 221 175 173
3 220 174 222
3 222 174 177
3 221 223 175
3 223 179 175
3 180 224 225
3 180 225 177
3 177 225 222
3 180 181 224
3 183 226 227
3 182 226 183
3 226 182 179
3 223 226 179
3 225 224 228
3 224 229 228
3 224 181 229
3 181 184 229
3 227 230 183
3 230 185 183
3 229 184 231
3 231 184 186
3 230 232 185
3 232 187 185
3 231 186 233
3 233 186 189
3 190 234 191
3 234 190 187
3 234 187 235
3 235 187 232
3 233 189 192
3 236 233 192
3 192 237 236
3 193 237 192
3 238 191 234
3 238 239 191
3 239 194 191
3 234 235 238
3 237 193 240
3 240 193 196
3 239 241 194
3 241 197 194
3 240 196 198
3 242 240 198
3 242 198 197
3 241 242 197
3 200 244 243
3 199 200 243
3 199 243 245
3 201 199 245
3 203 247 246
3 202 203 246
3 246 200 202
3 244 200 246
3 245 204 201
3 248 204 245
3 204 248 249
3 205 204 249
3 252 251 250
3 251 206 250
3 251 247 206
3 247 203 206
3 249 253 205
3 253 207 205
3 250 208 209
3 250 209 252
3 252 209 254
3 250 206 208
3 253 210 207
3 255 210 253
3 210 255 256
3 211 210 256
3 254 209 257
3 257 209 212
3 256 258 211
3 258 213 211
3 257 212 259
3 259 212 214
3 258 260 213
3 260 215 213
3 259 214 261
3 261 214 216
3 260 262 215
3 262 217 215
3 261 216 263
3 263 216 218
3 262 264 217
3 264 219 217
3 263 218 265
3 265 218 220
3 264 266 219
3 266 221 219
3 265 220 267
3 267 220 222
3 266 268 221
3 268 223 221
3 267 222 269
3 269 222 225
3 226 270 227
3 270 226 223
3 270 223 271
3 271 223 268
3 269 225 228
3 272 269 228
3 228 273 272
3 229 273 228
3 274 227 270
3 274 275 227
3 275 230 227
3 270 271 274
3 273 229 276
3 276 229 231
3 275 277 230
3 277 232 230
3 276 231 278
3 278 231 233
3 277 279 232
3 279 235 232
3 236 280 281
3 236 281 233
3 233 281 278
3 236 237 280
3 239 282 283
3 238 282 239
3 282 238 235
3 279 282 235
3 281 280 284
3 280 285 284
3 280 237 285
3 237 240 285
3 283 286 239
3 286 241 239
3 285 240 242
3 287 285 242
3 287 242 241
3 286 287 241
3 244 289 288
3 243 244 288
3 243 288 290
3 245 243 290
3 247 292 291
3 246 247 291
3 291 244 246
3 289 244 291
3 290 248 245
3 293 248 290
3 248 293 294
3 249 248 294
3 252 296 295
3 251 252 295
3 295 247 251
3 292 247 295
3 294 297 249
3 297 253 249
3 296 252 298
3 298 252 254
3 297 255 253
3 299 255 297
3 255 299 300
3 256 255 300
3 298 254 301
3 301 254 257
3 300 302 256
3 302 258 256
3 301 257 303
3 303 257 259
3 302 304 258
3 304 260 258
3 303 259 305
3 305 259 261
3 304 306 260
3 306 262 260
3 305 261 307
3 307 261 263
3 306 308 262
3 308 264 262
3 307 263 309
3 309 263 265
3 308 310 264
3 310 266 264
3 309 265 311
3 311 265 267
3 310 312 266
3 312 268 266
3 311 267 313
3 313 267 269
3 312 314 268
3 314 271 268
3 272 315 316
3 272 316 269
3 269 316 313
3 272 273 315
3 275 317 318
3 274 317 275
3 317 274 271
3 314 317 271
3 316 315 319
3 315 320 319
3 315 273 320
3 273 276 320
3 318 321 275
3 321 277 275
3 320 276 322
3 322 276 278
3 321 323 277
3 323 279 277
3 322 278 324
3 324 278 281
3 283 325 326
3 282 325 283
3 325 282 279
3 323 325 279
3 324 281 284
3 327 324 284
3 328 284 285
3 328 329 284
3 329 327 284
3 329 328 286
3 329 286 326
3 326 286 283
3 328 285 287
3 328 287 286
3 289 331 330
3 288 289 330
3 332 290 288
3 332 288 333
3 333 288 330
3 333 334 332
3 292 336 335
3 291 292 335
3 335 289 291
3 331 289 335
3 332 293 290
3 293 332 334
3 293 334 294
3 294 334 337
3 296 339 338
3 295 296 338
3 338 292 295
3 336 292 338
3 337 340 294
3 340 297 294
3 339 296 341
3 341 296 298
3 340 299 297
3 342 299 340
3 299 342 343
3 300 299 343
3 341 298 344
3 344 298 301
3 343 345 300
3 345 302 300
3 344 301 346
3 346 301 303
3 345 347 302
3 347 304 302
3 346 303 348
3 348 303 305
3 347 349 304
3 349 306 304
3 348 305 350
3 350 305 307
3 349 351 306
3 351 308 306
3 350 307 352
3 352 307 309
3 351 353 308
3 353 310 308
3 352 309 354
3 354 309 311
3 353 355 310
3 355 312 310
3 354 311 356
3 356 311 313
3 355 357 312
3 357 314 312
3 356 313 358
3 358 313 316
3 318 359 360
3 317 359 318
3 359 317 314
3 357 359 314
3 358 316 319
3 361 358 319
3 319 362 361
3 320 362 319
3 360 363 318
3 363 321 318
3 362 320 364
3 364 320 322
3 363 365 321
3 365 323 321
3 364 322 366
3 366 322 324
3 326 367 368
3 325 367 326
3 367 325 323
3 365 367 323
3 366 324 327
3 369 366 327
3 369 327 370
3 327 329 370
3 370 329 326
3 368 370 326
3 331 372 371
3 330 331 371
3 371 373 330
3 330 373 333
3 333 373 374
3 334 333 374
3 336 376 375
3 335 336 375
3 375 331 335
3 372 331 375
3 374 377 334
3 377 337 334
3 339 379 378
3 338 339 378
3 378 336 338
3 376 336 378
3 380 377 381
3 380 340 377
3 340 337 377
3 381 382 380
3 379 339 383
3 383 339 341
3 380 342 340
3 342 380 382
3 342 382 343
3 343 382 384
3 383 341 385
3 385 341 344
3 384 386 343
3 386 345 343
3 385 344 387
3 387 344 346
3 386 388 345
3 388 347 345
3 387 346 389
3 389 346 348
3 388 390 347
3 390 349 347
3 389 348 391
3 391 348 350
3 390 392 349
3 392 351 349
3 391 350 393
3 393 350 352
3 392 394 351
3 394 353 351
3 393 352 395
3 395 352 354
3 394 396 353
3 396 355 353
3 395 354 397
3 397 354 356
3 396 398 355
3 398 357 355
3 397 356 399
3 399 356 358
3 360 400 401
3 359 400 360
3 400 359 357
3 398 400 357
3 399 358 361
3 402 399 361
3 361 403 402
3 362 403 361
3 401 404 360
3 404 363 360
3 403 362 405
3 405 362 364
3 408 406 407
3 407 406 365
3 407 365 404
3 404 365 363
3 405 364 409
3 409 364 366
3 406 368 367
3 406 408 368
3 408 410 368
3 406 367 365
3 409 366 369
3 411 409 369
3 411 369 412
3 369 370 412
3 412 370 368
3 410 412 368
3 372 414 413
3 371 372 413
3 416 415 373
3 416 373 413
3 413 373 371
3 373 415 374
3 376 418 417
3 375 376 417
3 417 372 375
3 414 372 417
3 416 419 415
3 415 419 420
3 415 420 374
3 374 420 377
3 379 422 421
3 378 379 421
3 421 376 378
3 418 376 421
3 420 381 377
3 423 381 420
3 381 423 424
3 382 381 424
3 422 379 425
3 425 379 383
3 424 426 382
3 426 384 382
3 425 383 427
3 427 383 385
3 426 428 384
3 428 386 384
3 427 385 429
3 429 385 387
3 428 430 386
3 430 388 386
3 429 387 431
3 431 387 389
3 430 432 388
3 432 390 388
3 435 434 433
3 434 391 433
3 434 431 391
3 431 389 391
3 432 436 390
3 436 392 390
3 435 433 437
3 433 438 437
3 433 391 438
3 391 393 438
3 436 439 392
3 439 394 392
3 438 393 440
3 440 393 395
3 439 441 394
3 441 396 394
3 440 395 442
3 442 395 397
3 441 443 396
3 443 398 396
3 442 397 444
3 444 397 399
3 401 445 446
3 400 445 401
3 445 400 398
3 443 445 398
3 444 399 402
3 447 444 402
3 402 448 447
3 403 448 402
3 446 449 401
3 449 404 401
3 448 403 450
3 450 403 405
3 408 451 452
3 407 451 408
3 451 407 404
3 449 451 404
3 450 405 453
3 453 405 409
3 452 454 408
3 454 410 408
3 453 409 411
3 455 453 411
3 455 411 456
3 411 412 456
3 456 412 410
3 454 456 410
3 414 458 457
3 413 414 457
3 413 457 459
3 416 413 459
3 418 461 460
3 417 418 460
3 460 414 417
3 458 414 460
3 459 419 416
3 462 419 459
3 419 462 463
3 420 419 463
3 422 465 464
3 421 422 464
3 464 418 421
3 461 418 464
3 463 423 420
3 466 423 463
3 423 466 467
3 424 423 467
3 465 422 468
3 468 422 425
3 467 469 424
3 469 426 424
3 468 425 470
3 470 425 427
3 469 471 426
3 471 428 426
3 470 427 472
3 472 427 429
3 471 473 428
3 473 430 428
3 472 429 474
3 474 429 431
3 473 475 430
3 475 432 430
3 435 477 476
3 434 435 476
3 476 431 434
3 474 431 476
3 475 478 432
3 478 436 432
3 477 435 437
3 479 477 437
3 437 480 479
3 438 480 437
3 478 481 436
3 481 439 436
3 480 438 482
3 482 438 440
3 481 483 439
3 483 441 439
3 482 440 484
3 484 440 442
3 483 485 441
3 485 443 441
3 484 442 486
3 486 442 444
3 446 487 488
3 445 487 446
3 487 445 443
3 485 487 443
3 486 444 447
3 489 486 447
3 447 490 489
3 448 490 447
3 488 491 446
3 491 449 446
3 490 448 492
3 492 448 450
3 452 493 494
3 451 493 452
3 493 451 449
3 491 493 449
3 492 450 495
3 495 450 453
3 494 496 452
3 496 454 452
3 495 453 455
3 497 495 455
3 497 455 498
3 455 456 498
3 498 456 454
3 496 498 454
3 458 500 499
3 457 458 499
3 457 499 501
3 459 457 501
3 461 503 502
3 460 461 502
3 502 458 460
3 500 458 502
3 501 462 459
3 504 462 501
3 462 504 505
3 463 462 505
3 465 507 506
3 464 465 506
3 506 461 464
3 503 461 506
3 505 466 463
3 508 466 505
3 466 508 509
3 467 466 509
3 507 465 510
3 510 465 468
3 509 511 467
3 511 469 467
3 510 468 512
3 512 468 470
3 511 513 469
3 513 471 469
3 512 470 514
3 514 470 472
3 513 515 471
3 515 473 471
3 514 472 516
3 516 472 474
3 515 517 473
3 517 475 473
3 477 519 518
3 476 477 518
3 518 474 476
3 516 474 518
3 517 520 475
3 520 478 475
3 519 477 479
3 521 519 479
3 479 522 521
3 480 522 479
3 520 523 478
3 523 481 478
3 522 480 524
3 524 480 482
3 523 525 481
3 525 483 481
3 524 482 526
3 526 482 484
3 525 527 483
3 527 485 483
3 526 484 528
3 528 484 486
3 488 529 530
3 487 529 488
3 529 487 485
3 527 529 485
3 528 486 489
3 531 528 489
3 489 532 531
3 490 532 489
3 530 533 488
3 533 491 488
3 532 490 534
3 534 490 492
3 494 535 536
3 493 535 494
3 535 493 491
3 533 535 491
3 537 538 534
3 537 534 495
3 495 534 492
3 538 537 539
3 536 540 494
3 540 496 494
3 537 495 497
3 539 537 497
3 539 497 541
3 541 497 498
3 541 498 496
3 540 541 496
3 500 543 542
3 499 500 542
3 499 542 544
3 501 499 544
3 503 546 545
3 502 503 545
3 545 500 502
3 543 500 545
3 544 504 501
3 547 504 544
3 504 547 548
3 505 504 548
3 507 550 549
3 506 507 549
3 549 503 506
3 546 503 549
3 548 508 505
3 551 508 548
3 508 551 552
3 509 508 552
3 550 507 553
3 553 507 510
3 552 554 509
3 554 511 509
3 553 510 555
3 555 510 512
3 554 556 511
3 556 513 511
3 555 512 557
3 557 512 514
3 556 558 513
3 558 515 513
3 557 514 559
3 559 514 516
3 560 558 561
3 560 517 558
3 517 515 558
3 561 562 560
3 519 564 563
3 518 519 563
3 563 516 518
3 559 516 563
3 565 517 560
3 565 566 517
3 566 520 517
3 560 562 565
3 521 567 568
3 521 568 519
3 519 568 564
3 521 522 567
3 566 569 520
3 569 523 520
3 568 567 570
3 567 571 570
3 567 522 571
3 522 524 571
3 569 572 523
3 572 525 523
3 571 524 573
3 573 524 526
3 572 574 525
3 574 527 525
3 573 526 575
3 575 526 528
3 530 576 577
3 529 576 530
3 576 529 527
3 574 576 527
3 575 528 531
3 578 575 531
3 531 579 578
3 532 579 531
3 577 580 530
3 580 533 530
3 579 532 581
3 581 532 534
3 536 582 583
3 535 582 536
3 582 535 533
3 580 582 533
3 581 534 538
3 584 581 538
3 538 585 584
3 539 585 538
3 583 586 536
3 586 540 536
3 585 539 541
3 587 585 541
3 587 541 540
3 586 587 540
3 543 589 588
3 542 543 588
3 542 588 590
3 544 542 590
3 546 592 591
3 545 546 591
3 591 543 545
3 589 543 591
3 590 547 544
3 593 547 590
3 547 593 594
3 548 547 594
3 550 596 595
3 549 550 595
3 595 546 549
3 592 546 595
3 594 551 548
3 597 551 594
3 551 597 598
3 552 551 598
3 596 550 599
3 599 550 553
3 598 600 552
3 600 554 552
3 599 553 601
3 601 553 555
3 600 602 554
3 602 556 554
3 601 555 603
3 603 555 557
3 602 604 556
3 604 558 556
3 603 557 605
3 605 557 559
3 604 561 558
3 606 561 604
3 561 606 607
3 562 561 607
3 564 609 608
3 563 564 608
3 608 559 563
3 605 559 608
3 565 610 566
3 610 565 562
3 610 562 611
3 611 562 607
3 609 564 612
3 612 564 568
3 613 566 610
3 613 614 566
3 614 569 566
3 610 611 613
3 612 568 570
3 615 612 570
3 570 616 615
3 571 616 570
3 614 617 569
3 617 572 569
3 616 571 618
3 618 571 573
3 617 619 572
3 619 574 572
3 618 573 620
3 620 573 575
3 577 621 622
3 576 621 577
3 621 576 574
3 619 621 574
3 578 623 624
3 578 624 575
3 575 624 620
3 578 579 623
3 622 625 577
3 625 580 577
3 624 623 626
3 623 627 626
3 623 579 627
3 579 581 627
3 583 628 629
3 582 628 583
3 628 582 580
3 625 628 580
3 627 581 584
3 630 627 584
3 584 631 630
3 585 631 584
3 629 632 583
3 632 586 583
3 631 585 587
3 633 631 587
3 633 587 586
3 632 633 586
3 589 635 634
3 588 589 634
3 588 634 636
3 590 588 636
3 592 638 637
3 591 592 637
3 637 589 591
3 635 589 637
3 636 593 590
3 639 593 636
3 593 639 640
3 594 593 640
3 596 642 641
3 595 596 641
3 641 592 595
3 638 592 641
3 640 597 594
3 643 597 640
3 597 643 644
3 598 597 644
3 642 596 645
3 645 596 599
3 644 646 598
3 646 600 598
3 645 599 647
3 647 599 601
3 646 648 600
3 648 602 600
3 647 601 649
3 649 601 603
3 648 650 602
3 650 604 602
3 649 603 651
3 651 603 605
3 650 606 604
3 652 606 650
3 606 652 653
3 607 606 653
3 609 655 654
3 608 609 654
3 654 605 608
3 651 605 654
3 653 656 607
3 656 611 607
3 655 609 657
3 657 609 612
3 614 658 659
3 613 658 614
3 658 613 611
3 656 658 611
3 657 612 615
3 660 657 615
3 615 661 660
3 616 661 615
3 659 662 614
3 662 617 614
3 661 616 663
3 663 616 618
3 662 664 617
3 664 619 617
3 663 618 665
3 665 618 620
3 622 666 667
3 621 666 622
3 666 621 619
3 664 666 619
3 665 620 668
3 668 620 624
3 667 669 622
3 669 625 622
3 668 624 626
3 670 668 626
3 626 671 670
3 627 671 626
3 629 672 673
3 628 672 629
3 672 628 625
3 669 672 625
3 671 627 630
3 674 671 630
3 630 675 674
3 631 675 630
3 673 676 629
3 676 632 629
3 675 631 633
3 677 675 633
3 677 633 632
3 676 677 632
3 635 679 678
3 634 635 678
3 634 678 680
3 636 634 680
3 638 682 681
3 637 638 681
3 681 635 637
3 679 635 681
3 680 639 636
3 683 639 680
3 639 683 684
3 640 639 684
3 642 686 685
3 641 642 685
3 685 638 641
3 682 638 685
3 684 643 640
3 687 643 684
3 643 687 688
3 644 643 688
3 686 642 689
3 689 642 645
3 688 690 644
3 690 646 644
3 689 645 691
3 691 645 647
3 690 692 646
3 692 648 646
3 691 647 693
3 693 647 649
3 692 694 648
3 694 650 648
3 693 649 695
3 695 649 651
3 652 697 696
3 652 650 697
3 650 694 697
3 652 696 653
3 655 699 698
3 654 655 698
3 698 651 654
3 695 651 698
3 697 700 696
3 696 700 701
3 696 701 653
3 653 701 656
3 699 655 702
3 702 655 657
3 659 703 704
3 658 703 659
3 703 658 656
3 701 703 656
3 702 657 660
3 705 702 660
3 660 706 705
3 661 706 660
3 704 707 659
3 707 662 659
3 706 661 708
3 708 661 663
3 707 709 662
3 709 664 662
3 708 663 710
3 710 663 665
3 667 711 712
3 666 711 667
3 711 666 664
3 709 711 664
3 710 665 713
3 713 665 668
3 712 714 667
3 714 669 667
3 713 668 670
3 715 713 670
3 670 716 715
3 671 716 670
3 673 717 718
3 672 717 673
3 717 672 669
3 714 717 669
3 716 671 674
3 719 716 674
3 674 720 719
3 675 720 674
3 718 721 673
3 721 676 673
3 720 675 677
3 722 720 677
3 722 677 676
3 721 722 676
3 725 724 723
3 679 723 724
3 679 724 678
3 678 724 726
3 678 726 727
3 680 678 727
3 723 681 682
3 723 682 725
3 725 682 728
3 723 679 681
3 727 683 680
3 729 683 727
3 683 729 730
3 684 683 730
3 686 732 731
3 685 686 731
3 731 682 685
3 728 682 731
3 730 687 684
3 733 687 730
3 687 733 734
3 688 687 734
3 732 686 735
3 735 686 689
3 734 736 688
3 736 690 688
3 735 689 737
3 737 689 691
3 736 738 690
3 738 692 690
3 737 691 739
3 739 691 693
3 738 740 692
3 740 694 692
3 739 693 741
3 741 693 695
3 740 742 694
3 742 697 694
3 699 744 743
3 698 699 743
3 743 695 698
3 741 695 743
3 700 746 745
3 700 697 746
3 697 742 746
3 700 745 701
3 744 699 747
3 747 699 702
3 745 704 703
3 745 746 704
3 746 748 704
3 745 703 701
3 747 702 705
3 749 747 705
3 705 750 749
3 706 750 705
3 748 751 704
3 751 707 704
3 750 706 752
3 752 706 708
3 751 753 707
3 753 709 707
3 752 708 754
3 754 708 710
3 712 755 756
3 711 755 712
3 755 711 709
3 753 755 709
3 754 710 757
3 757 710 713
3 756 758 712
3 758 714 712
3 757 713 715
3 759 757 715
3 715 760 759
3 716 760 715
3 718 761 762
3 717 761 718
3 761 717 714
3 758 761 714
3 760 716 719
3 763 760 719
3 719 764 763
3 720 764 719
3 762 765 718
3 765 721 718
3 764 720 722
3 766 764 722
3 766 722 721
3 765 766 721
3 725 768 767
3 724 725 767
3 767 769 724
3 724 769 726
3 770 727 726
3 770 726 771
3 771 726 769
3 771 772 770
3 768 725 773
3 773 725 728
3 770 729 727
3 729 770 772
3 729 772 730
3 730 772 774
3 732 776 775
3 731 732 775
3 775 728 731
3 773 728 775
3 774 733 730
3 777 733 774
3 733 777 778
3 734 733 778
3 776 732 779
3 779 732 735
3 778 780 734
3 780 736 734
3 779 735 781
3 781 735 737
3 780 782 736
3 782 738 736
3 781 737 783
3 783 737 739
3 782 784 738
3 784 740 738
3 787 786 785
3 786 741 785
3 786 783 741
3 783 739 741
3 784 788 740
3 788 742 740
3 785 743 744
3 785 744 787
3 787 744 789
3 785 741 743
3 788 790 742
3 790 746 742
3 789 744 791
3 791 744 747
3 790 792 746
3 792 748 746
3 791 747 749
3 793 791 749
3 749 794 793
3 750 794 749
3 792 795 748
3 795 751 748
3 794 750 796
3 796 750 752
3 795 797 751
3 797 753 751
3 796 752 798
3 798 752 754
3 755 799 756
3 799 755 753
3 799 753 800
3 800 753 797
3 798 754 801
3 801 754 757
3 802 756 799
3 802 803 756
3 803 758 756
3 799 800 802
3 801 757 759
3 804 801 759
3 759 805 804
3 760 805 759
3 762 806 807
3 761 806 762
3 806 761 758
3 803 806 758
3 805 760 763
3 808 805 763
3 763 809 808
3 764 809 763
3 807 810 762
3 810 765 762
3 809 764 766
3 811 809 766
3 811 766 765
3 810 811 765
3 814 813 812
3 813 815 812
3 768 817 816
3 767 768 816
3 812 816 814
3 812 769 816
3 769 767 816
3 815 769 812
3 815 818 769
3 818 771 769
3 771 818 819
3 772 771 819
3 817 768 820
3 820 768 773
3 819 821 772
3 821 774 772
3 776 823 822
3 775 776 822
3 822 773 775
3 820 773 822
3 821 777 774
3 824 777 821
3 777 824 825
3 778 777 825
3 823 776 826
3 826 776 779
3 825 827 778
3 827 780 778
3 826 779 828
3 828 779 781
3 827 829 780
3 829 782 780
3 828 781 830
3 830 781 783
3 829 831 782
3 831 784 782
3 787 833 832
3 786 787 832
3 832 783 786
3 830 783 832
3 831 834 784
3 834 788 784
3 833 787 835
3 835 787 789
3 834 836 788
3 836 790 788
3 835 789 837
3 837 789 791
3 836 838 790
3 838 792 790
3 837 791 793
3 839 837 793
3 793 840 839
3 794 840 793
3 838 841 792
3 841 795 792
3 840 794 842
3 842 794 796
3 841 843 795
3 843 797 795
3 842 796 844
3 844 796 798
3 843 845 797
3 845 800 797
3 844 798 846
3 846 798 801
3 803 847 848
3 802 847 803
3 847 802 800
3 845 847 800
3 846 801 804
3 849 846 804
3 804 850 849
3 805 850 804
3 806 851 807
3 851 806 803
3 851 803 852
3 852 803 848
3 850 805 808
3 853 850 808
3 808 854 853
3 809 854 808
3 855 807 851
3 855 856 807
3 856 810 807
3 851 852 855
3 854 809 811
3 857 854 811
3 857 811 810
3 856 857 810
3 814 859 858
3 813 814 858
3 813 858 860
3 815 813 860
3 817 862 861
3 816 817 861
3 861 814 816
3 859 814 861
3 860 818 815
3 863 818 860
3 818 863 864
3 819 818 864
3 862 817 865
3 865 817 820
3 864 866 819
3 866 821 819
3 823 868 867
3 822 823 867
3 867 820 822
3 865 820 867
3 866 824 821
3 869 824 866
3 824 869 870
3 825 824 870
3 868 823 871
3 871 823 826
3 870 872 825
3 872 827 825
3 871 826 873
3 873 826 828
3 872 874 827
3 874 829 827
3 873 828 875
3 875 828 830
3 874 876 829
3 876 831 829
3 833 878 877
3 832 833 877
3 877 830 832
3 875 830 877
3 876 879 831
3 879 834 831
3 878 833 880
3 880 833 835
3 879 881 834
3 881 836 834
3 880 835 882
3 882 835 837
3 881 883 836
3 883 838 836
3 882 837 839
3 884 882 839
3 839 885 884
3 840 885 839
3 883 886 838
3 886 841 838
3 885 840 887
3 887 840 842
3 886 888 841
3 888 843 841
3 887 842 889
3 889 842 844
3 888 890 843
3 890 845 843
3 889 844 891
3 891 844 846
3 848 892 893
3 847 892 848
3 892 847 845
3 890 892 845
3 891 846 849
3 894 891 849
3 849 895 894
3 850 895 849
3 893 896 848
3 896 852 848
3 895 850 853
3 897 895 853
3 853 898 897
3 854 898 853
3 856 899 900
3 855 899 856
3 899 855 852
3 896 899 852
3 898 854 857
3 901 898 857
3 901 857 856
3 900 901 856
3 859 903 902
3 858 859 902
3 858 902 904
3 860 858 904
3 862 906 905
3 861 862 905
3 905 859 861
3 903 859 905
3 904 863 860
3 907 863 904
3 863 907 908
3 864 863 908
3 906 862 909
3 909 862 865
3 908 910 864
3 910 866 864
3 868 912 911
3 867 868 911
3 911 865 867
3 909 865 911
3 910 869 866
3 913 869 910
3 869 913 914
3 870 869 914
3 912 868 915
3 915 868 871
3 914 916 870
3 916 872 870
3 915 871 917
3 917 871 873
3 916 918 872
3 918 874 872
3 917 873 919
3 919 873 875
3 918 920 874
3 920 876 874
3 878 922 921
3 877 878 921
3 921 875 877
3 919 875 921
3 920 923 876
3 923 879 876
3 922 878 924
3 924 878 880
3 925 923 926
3 925 881 923
3 881 879 923
3 926 927 925
3 924 880 928
3 928 880 882
3 929 881 925
3 883 881 929
3 927 930 929
3 925 927 929
3 928 882 884
3 931 928 884
3 884 932 931
3 885 932 884
3 933 883 929
3 933 934 883
3 934 886 883
3 929 930 933
3 932 885 935
3 935 885 887
3 934 936 886
3 936 888 886
3 935 887 937
3 937 887 889
3 936 938 888
3 938 890 888
3 937 889 939
3 939 889 891
3 893 940 941
3 892 940 893
3 940 892 890
3 938 940 890
3 939 891 894
3 942 939 894
3 894 943 942
3 895 943 894
3 941 944 893
3 944 896 893
3 943 895 897
3 945 943 897
3 897 946 945
3 898 946 897
3 900 947 948
3 899 947 900
3 947 899 896
3 944 947 896
3 946 898 901
3 949 946 901
3 949 901 900
3 948 949 900
3 903 951 950
3 902 903 950
3 902 950 952
3 904 902 952
3 906 954 953
3 905 906 953
3 953 903 905
3 951 903 953
3 952 907 904
3 955 907 952
3 907 955 956
3 908 907 956
3 954 906 957
3 957 906 909
3 956 958 908
3 958 910 908
3 912 960 959
3 911 912 959
3 959 909 911
3 957 909 959
3 958 913 910
3 961 913 958
3 913 961 962
3 914 913 962
3 960 912 963
3 963 912 915
3 962 964 914
3 964 916 914
3 963 915 965
3 965 915 917
3 964 966 916
3 966 918 916
3 969 968 967
3 968 919 967
3 968 965 919
3 965 917 919
3 966 970 918
3 970 920 918
3 967 921 922
3 967 922 969
3 969 922 971
3 967 919 921
3 970 972 920
3 972 923 920
3 971 922 973
3 973 922 924
3 972 926 923
3 974 926 972
3 926 974 975
3 927 926 975
3 973 924 976
3 976 924 928
3 975 977 927
3 977 930 927
3 976 928 931
3 978 976 931
3 931 979 978
3 932 979 931
3 934 980 981
3 933 980 934
3 980 933 930
3 977 980 930
3 979 932 982
3 982 932 935
3 981 983 934
3 983 936 934
3 982 935 984
3 984 935 937
3 983 985 936
3 985 938 936
3 984 937 986
3 986 937 939
3 941 987 988
3 940 987 941
3 987 940 938
3 985 987 938
3 986 939 942
3 989 986 942
3 942 990 989
3 943 990 942
3 988 991 941
3 991 944 941
3 990 943 945
3 992 990 945
3 945 993 992
3 946 993 945
3 948 994 995
3 947 994 948
3 994 947 944
3 991 994 944
3 993 946 949
3 996 993 949
3 996 949 948
3 995 996 948
3 951 998 997
3 950 951 997
3 950 997 999
3 952 950 999
3 954 1001 1000
3 953 954 1000
3 1000 951 953
3 998 951 1000
3 999 955 952
3 1002 955 999
3 955 1002 1003
3 956 955 1003
3 1001 954 1004
3 1004 954 957
3 1003 1005 956
3 1005 958 956
3 960 1007 1006
3 959 960 1006
3 1006 957 959
3 1004 957 1006
3 1005 961 958
3 1008 961 1005
3 961 1008 1009
3 962 961 1009
3 1007 960 1010
3 1010 960 963
3 1009 1011 962
3 1011 964 962
3 1010 963 1012
3 1012 963 965
3 1011 1013 964
3 1013 966 964
3 969 1015 1014
3 968 969 1014
3 1014 965 968
3 1012 965 1014
3 1013 1016 966
3 1016 970 966
3 1015 969 1017
3 1017 969 971
3 1016 1018 970
3 1018 972 970
3 1017 971 1019
3 1019 971 973
3 1018 974 972
3 1020 974 1018
3 974 1020 1021
3 975 974 1021
3 1019 973 1022
3 1022 973 976
3 1021 1023 975
3 1023 977 975
3 1022 976 978
3 1024 1022 978
3 978 1025 1024
3 979 1025 978
3 981 1026 1027
3 980 1026 981
3 1026 980 977
3 1023 1026 977
3 1025 979 1028
3 1028 979 982
3 1027 1029 981
3 1029 983 981
3 1028 982 1030
3 1030 982 984
3 1029 1031 983
3 1031 985 983
3 1030 984 1032
3 1032 984 986
3 988 1033 1034
3 987 1033 988
3 1033 987 985
3 1031 1033 985
3 1032 986 989
3 1035 1032 989
3 989 1036 1035
3 990 1036 989
3 1034 1037 988
3 1037 991 988
3 1036 990 992
3 1038 1036 992
3 992 1039 1038
3 993 1039 992
3 995 1040 1041
3 994 1040 995
3 1040 994 991
3 1037 1040 991
3 1039 993 996
3 1042 1039 996
3 1042 996 995
3 1041 1042 995
3 998 1044 1043
3 997 998 1043
3 997 1043 1045
3 999 997 1045
3 1001 1047 1046
3 1000 1001 1046
3 1046 998 1000
3 1044 998 1046
3 1045 1002 999
3 1048 1002 1045
3 1002 1048 1049
3 1003 1002 1049
3 1047 1001 1050
3 1050 1001 1004
3 1049 1051 1003
3 1051 1005 1003
3 1007 1053 1052
3 1006 1007 1052
3 1052 1004 1006
3 1050 1004 1052
3 1051 1008 1005
3 1054 1008 1051
3 1008 1054 1055
3 1009 1008 1055
3 1053 1007 1056
3 1056 1007 1010
3 1055 1057 1009
3 1057 1011 1009
3 1056 1010 1058
3 1058 1010 1012
3 1057 1059 1011
3 1059 1013 1011
3 1015 1061 1060
3 1014 1015 1060
3 1060 1012 1014
3 1058 1012 1060
3 1059 1062 1013
3 1062 1016 1013
3 1061 1015 1063
3 1063 1015 1017
3 1064 1062 1065
3 1064 1018 1062
3 1018 1016 1062
3 1065 1066 1064
3 1063 1017 1067
3 1067 1017 1019
3 1064 1020 1018
3 1020 1064 1066
3 1020 1066 1021
3 1021 1066 1068
3 1067 1019 1069
3 1069 1019 1022
3 1068 1070 1021
3 1070 1023 1021
3 1024 1071 1072
3 1024 1072 1022
3 1022 1072 1069
3 1024 1025 1071
3 1027 1073 1074
3 1026 1073 1027
3 1073 1026 1023
3 1070 1073 1023
3 1072 1071 1075
3 1071 1076 1075
3 1071 1025 1076
3 1025 1028 1076
3 1074 1077 1027
3 1077 1029 1027
3 1076 1028 1078
3 1078 1028 1030
3 1077 1079 1029
3 1079 1031 1029
3 1078 1030 1080
3 1080 1030 1032
3 1034 1081 1082
3 1033 1081 1034
3 1081 1033 1031
3 1079 1081 1031
3 1080 1032 1035
3 1083 1080 1035
3 1035 1084 1083
3 1036 1084 1035
3 1082 1085 1034
3 1085 1037 1034
3 1084 1036 1038
3 1086 1084 1038
3 1038 1087 1086
3 1039 1087 1038
3 1041 1088 1089
3 1040 1088 1041
3 1088 1040 1037
3 1085 1088 1037
3 1087 1039 1042
3 1090 1087 1042
3 1090 1042 1041
3 1089 1090 1041
3 1044 1092 1091
3 1043 1044 1091
3 1093 1045 1043
3 1093 1043 1094
3 1094 1043 1091
3 1094 1095 1093
3 1047 1097 1096
3 1046 1047 1096
3 1096 1044 1046
3 1092 1044 1096
3 1093 1048 1045
3 1048 1093 1095
3 1048 1095 1049
3 1049 1095 1098
3 1097 1047 1099
3 1099 1047 1050
3 1098 1100 1049
3 1100 1051 1049
3 1053 1102 1101
3 1052 1053 1101
3 1101 1050 1052
3 1099 1050 1101
3 1100 1054 1051
3 1103 1054 1100
3 1054 1103 1104
3 1055 1054 1104
3 1102 1053 1105
3 1105 1053 1056
3 1104 1106 1055
3 1106 1057 1055
3 1105 1056 1107
3 1107 1056 1058
3 1106 1108 1057
3 1108 1059 1057
3 1061 1110 1109
3 1060 1061 1109
3 1109 1058 1060
3 1107 1058 1109
3 1108 1111 1059
3 1111 1062 1059
3 1110 1061 1112
3 1112 1061 1063
3 1111 1065 1062
3 1113 1065 1111
3 1065 1113 1114
3 1066 1065 1114
3 1112 1063 1115
3 1115 1063 1067
3 1114 1116 1066
3 1116 1068 1066
3 1115 1067 1117
3 1117 1067 1069
3 1116 1118 1068
3 1118 1070 1068
3 1117 1069 1119
3 1119 1069 1072
3 1074 1120 1121
3 1073 1120 1074
3 1120 1073 1070
3 1118 1120 1070
3 1119 1072 1075
3 1122 1119 1075
3 1075 1123 1122
3 1076 1123 1075
3 1121 1124 1074
3 1124 1077 1074
3 1123 1076 1125
3 1125 1076 1078
3 1124 1126 1077
3 1126 1079 1077
3 1125 1078 1127
3 1127 1078 1080
3 1081 1128 1082
3 1128 1081 1079
3 1128 1079 1129
3 1129 1079 1126
3 1127 1080 1083
3 1130 1127 1083
3 1083 1131 1130
3 1084 1131 1083
3 1132 1082 1128
3 1132 1133 1082
3 1133 1085 1082
3 1128 1129 1132
3 1131 1084 1086
3 1134 1131 1086
3 1086 1135 1134
3 1087 1135 1086
3 1089 1136 1137
3 1088 1136 1089
3 1136 1088 1085
3 1133 1136 1085
3 1135 1087 1090
3 1138 1135 1090
3 1138 1090 1089
3 1137 1138 1089
3 1141 1140 1139
3 1092 1139 1140
3 1092 1140 1091
3 1091 1140 1142
3 1142 1143 1091
3 1091 1143 1094
3 1094 1143 1144
3 1095 1094 1144
3 1139 1096 1097
3 1139 1097 1141
3 1141 1097 1145
3 1139 1092 1096
3 1144 1146 1095
3 1146 1098 1095
3 1149 1148 1147
3 1148 1099 1147
3 1148 1145 1099
3 1145 1097 1099
3 1150 1146 1151
3 1150 1100 1146
3 1100 1098 1146
3 1151 1152 1150
3 1147 1101 1102
3 1147 1102 1149
3 1149 1102 1153
3 1147 1099 1101
3 1150 1103 1100
3 1103 1150 1152
3 1103 1152 1104
3 1104 1152 1154
3 1153 1102 1155
3 1155 1102 1105
3 1154 1156 1104
3 1156 1106 1104
3 1155 1105 1157
3 1157 1105 1107
3 1156 1158 1106
3 1158 1108 1106
3 1110 1160 1159
3 1109 1110 1159
3 1159 1107 1109
3 1157 1107 1159
3 1161 1158 1162
3 1161 1111 1158
3 1111 1108 1158
3 1162 1163 1161
3 1160 1110 1164
3 1164 1110 1112
3 1161 1113 1111
3 1113 1161 1163
3 1113 1163 1114
3 1114 1163 1165
3 1164 1112 1166
3 1166 1112 1115
3 1165 1167 1114
3 1167 1116 1114
3 1166 1115 1168
3 1168 1115 1117
3 1167 1169 1116
3 1169 1118 1116
3 1168 1117 1170
3 1170 1117 1119
3 1120 1171 1121
3 1171 1120 1118
3 1171 1118 1172
3 1172 1118 1169
3 1170 1119 1122
3 1173 1170 1122
3 1122 1174 1173
3 1123 1174 1122
3 1175 1121 1171
3 1175 1176 1121
3 1176 1124 1121
3 1171 1172 1175
3 1174 1123 1177
3 1177 1123 1125
3 1176 1178 1124
3 1178 1126 1124
3 1177 1125 1179
3 1179 1125 1127
3 1178 1180 1126
3 1180 1129 1126
3 1179 1127 1130
3 1181 1179 1130
3 1130 1182 1181
3 1131 1182 1130
3 1133 1183 1184
3 1132 1183 1133
3 1183 1132 1129
3 1180 1183 1129
3 1182 1131 1134
3 1185 1182 1134
3 1134 1186 1185
3 1135 1186 1134
3 1137 1187 1188
3 1136 1187 1137
3 1187 1136 1133
3 1184 1187 1133
3 1186 1135 1138
3 1189 1186 1138
3 1189 1138 1137
3 1188 1189 1137
3 1141 1191 1190
3 1140 1141 1190
3 1190 1192 1140
3 1140 1192 1142
3 1192 1193 1142
3 1142 1193 1143
3 1143 1193 1194
3 1144 1143 1194
3 1191 1141 1195
3 1195 1141 1145
3 1194 1196 1144
3 1196 1146 1144
3 1149 1198 1197
3 1148 1149 1197
3 1197 1145 1148
3 1195 1145 1197
3 1196 1151 1146
3 1199 1151 1196
3 1151 1199 1200
3 1152 1151 1200
3 1198 1149 1201
3 1201 1149 1153
3 1200 1202 1152
3 1202 1154 1152
3 1201 1153 1203
3 1203 1153 1155
3 1202 1204 1154
3 1204 1156 1154
3 1207 1206 1205
3 1206 1157 1205
3 1206 1203 1157
3 1203 1155 1157
3 1204 1208 1156
3 1208 1158 1156
3 1205 1159 1160
3 1205 1160 1207
3 1207 1160 1209
3 1205 1157 1159
3 1208 1162 1158
3 1210 1162 1208
3 1162 1210 1211
3 1163 1162 1211
3 1209 1160 1212
3 1212 1160 1164
3 1211 1213 1163
3 1213 1165 1163
3 1212 1164 1214
3 1214 1164 1166
3 1213 1215 1165
3 1215 1167 1165
3 1214 1166 1216
3 1216 1166 1168
3 1215 1217 1167
3 1217 1169 1167
3 1216 1168 1218
3 1218 1168 1170
3 1217 1219 1169
3 1219 1172 1169
3 1218 1170 1173
3 1220 1218 1173
3 1173 1221 1220
3 1174 1221 1173
3 1176 1222 1223
3 1175 1222 1176
3 1222 1175 1172
3 1219 1222 1172
3 1221 1174 1224
3 1224 1174 1177
3 1223 1225 1176
3 1225 1178 1176
3 1224 1177 1226
3 1226 1177 1179
3 1225 1227 1178
3 1227 1180 1178
3 1226 1179 1181
3 1228 1226 1181
3 1181 1229 1228
3 1182 1229 1181
3 1184 1230 1231
3 1183 1230 1184
3 1230 1183 1180
3 1227 1230 1180
3 1229 1182 1185
3 1232 1229 1185
3 1185 1233 1232
3 1186 1233 1185
3 1188 1234 1235
3 1187 1234 1188
3 1234 1187 1184
3 1231 1234 1184
3 1233 1186 1189
3 1236 1233 1189
3 1236 1189 1188
3 1235 1236 1188
3 1191 1238 1237
3 1190 1191 1237
3 1237 1239 1190
3 1190 1239 1192
3 1239 1240 1192
3 1192 1240 1193
3 1193 1240 1241
3 1194 1193 1241
3 1238 1191 1242
3 1242 1191 1195
3 1241 1243 1194
3 1243 1196 1194
3 1198 1245 1244
3 1197 1198 1244
3 1244 1195 1197
3 1242 1195 1244
3 1243 1199 1196
3 1246 1199 1243
3 1199 1246 1247
3 1200 1199 1247
3 1245 1198 1248
3 1248 1198 1201
3 1247 1249 1200
3 1249 1202 1200
3 1248 1201 1250
3 1250 1201 1203
3 1249 1251 1202
3 1251 1204 1202
3 1207 1253 1252
3 1206 1207 1252
3 1252 1203 1206
3 1250 1203 1252
3 1251 1254 1204
3 1254 1208 1204
3 1253 1207 1255
3 1255 1207 1209
3 1254 1210 1208
3 1256 1210 1254
3 1210 1256 1257
3 1211 1210 1257
3 1255 1209 1258
3 1258 1209 1212
3 1257 1259 1211
3 1259 1213 1211
3 1258 1212 1260
3 1260 1212 1214
3 1259 1261 1213
3 1261 1215 1213
3 1260 1214 1262
3 1262 1214 1216
3 1261 1263 1215
3 1263 1217 1215
3 1262 1216 1264
3 1264 1216 1218
3 1263 1265 1217
3 1265 1219 1217
3 1264 1218 1220
3 1266 1264 1220
3 1220 1267 1266
3 1221 1267 1220
3 1223 1268 1269
3 1222 1268 1223
3 1268 1222 1219
3 1265 1268 1219
3 1267 1221 1270
3 1270 1221 1224
3 1269 1271 1223
3 1271 1225 1223
3 1270 1224 1272
3 1272 1224 1226
3 1271 1273 1225
3 1273 1227 1225
3 1272 1226 1228
3 1274 1272 1228
3 1228 1275 1274
3 1229 1275 1228
3 1231 1276 1277
3 1230 1276 1231
3 1276 1230 1227
3 1273 1276 1227
3 1275 1229 1232
3 1278 1275 1232
3 1232 1279 1278
3 1233 1279 1232
3 1235 1280 1281
3 1234 1280 1235
3 1280 1234 1231
3 1277 1280 1231
3 1279 1233 1236
3 1282 1279 1236
3 1282 1236 1235
3 1281 1282 1235
3 1285 1284 1283
3 1284 1286 1283
3 1238 1288 1287
3 1237 1238 1287
3 1283 1287 1285
3 1283 1239 1287
3 1239 1237 1287
3 1286 1239 1283
3 1286 1289 1239
3 1289 1240 1239
3 1240 1289 1290
3 1241 1240 1290
3 1288 1238 1291
3 1291 1238 1242
3 1290 1292 1241
3 1292 1243 1241
3 1245 1294 1293
3 1244 1245 1293
3 1293 1242 1244
3 1291 1242 1293
3 1292 1246 1243
3 1295 1246 1292
3 1246 1295 1296
3 1247 1246 1296
3 1294 1245 1297
3 1297 1245 1248
3 1296 1298 1247
3 1298 1249 1247
3 1297 1248 1299
3 1299 1248 1250
3 1298 1300 1249
3 1300 1251 1249
3 1253 1302 1301
3 1252 1253 1301
3 1301 1250 1252
3 1299 1250 1301
3 1300 1303 1251
3 1303 1254 1251
3 1302 1253 1304
3 1304 1253 1255
3 1303 1256 1254
3 1305 1256 1303
3 1256 1305 1306
3 1257 1256 1306
3 1304 1255 1307
3 1307 1255 1258
3 1306 1308 1257
3 1308 1259 1257
3 1307 1258 1309
3 1309 1258 1260
3 1308 1310 1259
3 1310 1261 1259
3 1309 1260 1311
3 1311 1260 1262
3 1310 1312 1261
3 1312 1263 1261
3 1311 1262 1313
3 1313 1262 1264
3 1312 1314 1263
3 1314 1265 1263
3 1313 1264 1266
3 1315 1313 1266
3 1266 1316 1315
3 1267 1316 1266
3 1269 1317 1318
3 1268 1317 1269
3 1317 1268 1265
3 1314 1317 1265
3 1316 1267 1319
3 1319 1267 1270
3 1318 1320 1269
3 1320 1271 1269
3 1319 1270 1321
3 1321 1270 1272
3 1320 1322 1271
3 1322 1273 1271
3 1321 1272 1274
3 1323 1321 1274
3 1274 1324 1323
3 1275 1324 1274
3 1277 1325 1326
3 1276 1325 1277
3 1325 1276 1273
3 1322 1325 1273
3 1278 1327 1328
3 1278 1328 1275
3 1275 1328 1324
3 1278 1279 1327
3 1281 1329 1330
3 1280 1329 1281
3 1329 1280 1277
3 1326 1329 1277
3 1328 1327 1331
3 1327 1279 1282
3 1327 1282 1331
3 1331 1282 1332
3 1332 1282 1281
3 1330 1332 1281
3 1285 1334 1333
3 1284 1285 1333
3 1284 1333 1335
3 1286 1284 1335
3 1288 1337 1336
3 1287 1288 1336
3 1336 1285 1287
3 1334 1285 1336
3 1335 1289 1286
3 1338 1289 1335
3 1289 1338 1339
3 1290 1289 1339
3 1337 1288 1340
3 1340 1288 1291
3 1339 1341 1290
3 1341 1292 1290
3 1294 1343 1342
3 1293 1294 1342
3 1342 1291 1293
3 1340 1291 1342
3 1341 1295 1292
3 1344 1295 1341
3 1295 1344 1345
3 1296 1295 1345
3 1343 1294 1346
3 1346 1294 1297
3 1345 1347 1296
3 1347 1298 1296
3 1346 1297 1348
3 1348 1297 1299
3 1347 1349 1298
3 1349 1300 1298
3 1302 1351 1350
3 1301 1302 1350
3 1350 1299 1301
3 1348 1299 1350
3 1352 1349 1353
3 1352 1303 1349
3 1303 1300 1349
3 1353 1354 1352
3 1351 1302 1355
3 1355 1302 1304
3 1352 1305 1303
3 1305 1352 1354
3 1305 1354 1306
3 1306 1354 1356
3 1355 1304 1357
3 1357 1304 1307
3 1356 1358 1306
3 1358 1308 1306
3 1357 1307 1359
3 1359 1307 1309
3 1358 1360 1308
3 1360 1310 1308
3 1359 1309 1361
3 1361 1309 1311
3 1360 1362 1310
3 1362 1312 1310
3 1361 1311 1363
3 1363 1311 1313
3 1362 1364 1312
3 1364 1314 1312
3 1315 1365 1366
3 1315 1366 1313
3 1313 1366 1363
3 1315 1316 1365
3 1318 1367 1368
3 1317 1367 1318
3 1367 1317 1314
3 1364 1367 1314
3 1366 1365 1369
3 1365 1370 1369
3 1365 1316 1370
3 1316 1319 1370
3 1368 1371 1318
3 1371 1320 1318
3 1370 1319 1372
3 1372 1319 1321
3 1371 1373 1320
3 1373 1322 1320
3 1372 1321 1323
3 1374 1372 1323
3 1323 1375 1374
3 1324 1375 1323
3 1326 1376 1377
3 1325 1376 1326
3 1376 1325 1322
3 1373 1376 1322
3 1375 1324 1378
3 1378 1324 1328
3 1329 1379 1330
3 1379 1329 1326
3 1379 1326 1380
3 1380 1326 1377
3 1378 1328 1331
3 1381 1378 1331
3 1381 1331 1382
3 1331 1332 1382
3 1330 1379 1383
3 1330 1383 1332
3 1332 1383 1382
3 1379 1380 1383
3 1334 1385 1384
3 1333 1334 1384
3 1386 1335 1333
3 1386 1333 1387
3 1387 1333 1384
3 1387 1388 1386
3 1337 1390 1389
3 1336 1337 1389
3 1389 1334 1336
3 1385 1334 1389
3 1386 1338 1335
3 1338 1386 1388
3 1338 1388 1339
3 1339 1388 1391
3 1390 1337 1392
3 1392 1337 1340
3 1393 1391 1394
3 1393 1341 1391
3 1341 1339 1391
3 1394 1395 1393
3 1343 1397 1396
3 1342 1343 1396
3 1396 1340 1342
3 1392 1340 1396
3 1393 1344 1341
3 1344 1393 1395
3 1344 1395 1345
3 1345 1395 1398
3 1397 1343 1399
3 1399 1343 1346
3 1398 1400 1345
3 1400 1347 1345
3 1399 1346 1401
3 1401 1346 1348
3 1400 1402 1347
3 1402 1349 1347
3 1351 1404 1403
3 1350 1351 1403
3 1403 1348 1350
3 1401 1348 1403
3 1402 1353 1349
3 1405 1353 1402
3 1353 1405 1406
3 1354 1353 1406
3 1404 1351 1407
3 1407 1351 1355
3 1406 1408 1354
3 1408 1356 1354
3 1407 1355 1409
3 1409 1355 1357
3 1408 1410 1356
3 1410 1358 1356
3 1409 1357 1411
3 1411 1357 1359
3 1410 1412 1358
3 1412 1360 1358
3 1411 1359 1413
3 1413 1359 1361
3 1412 1414 1360
3 1414 1362 1360
3 1413 1361 1415
3 1415 1361 1363
3 1414 1416 1362
3 1416 1364 1362
3 1415 1363 1417
3 1417 1363 1366
3 1368 1418 1419
3 1367 1418 1368
3 1418 1367 1364
3 1416 1418 1364
3 1417 1366 1369
3 1420 1417 1369
3 1369 1421 1420
3 1370 1421 1369
3 1419 1422 1368
3 1422 1371 1368
3 1421 1370 1423
3 1423 1370 1372
3 1422 1424 1371
3 1424 1373 1371
3 1423 1372 1374
3 1425 1423 1374
3 1374 1426 1425
3 1375 1426 1374
3 1377 1427 1428
3 1376 1427 1377
3 1427 1376 1373
3 1424 1427 1373
3 1426 1375 1429
3 1429 1375 1378
3 1428 1430 1377
3 1430 1380 1377
3 1429 1378 1381
3 1431 1429 1381
3 1433 1382 1432
3 1433 1431 1382
3 1431 1381 1382
3 1432 1434 1435
3 1432 1382 1434
3 1382 1383 1434
3 1434 1383 1380
3 1430 1434 1380
3 1433 1432 1436
3 1432 1435 1436
3 1385 1438 1437
3 1384 1385 1437
3 1437 1439 1384
3 1384 1439 1387
3 1387 1439 1440
3 1388 1387 1440
3 1390 1442 1441
3 1389 1390 1441
3 1441 1385 1389
3 1438 1385 1441
3 1440 1443 1388
3 1443 1391 1388
3 1442 1390 1444
3 1444 1390 1392
3 1443 1394 1391
3 1445 1394 1443
3 1394 1445 1446
3 1395 1394 1446
3 1397 1448 1447
3 1396 1397 1447
3 1447 1392 1396
3 1444 1392 1447
3 1446 1449 1395
3 1449 1398 1395
3 1448 1397 1450
3 1450 1397 1399
3 1449 1451 1398
3 1451 1400 1398
3 1450 1399 1452
3 1452 1399 1401
3 1451 1453 1400
3 1453 1402 1400
3 1404 1455 1454
3 1403 1404 1454
3 1454 1401 1403
3 1452 1401 1454
3 1453 1405 1402
3 1456 1405 1453
3 1405 1456 1457
3 1406 1405 1457
3 1455 1404 1458
3 1458 1404 1407
3 1457 1459 1406
3 1459 1408 1406
3 1458 1407 1460
3 1460 1407 1409
3 1459 1461 1408
3 1461 1410 1408
3 1460 1409 1462
3 1462 1409 1411
3 1461 1463 1410
3 1463 1412 1410
3 1462 1411 1464
3 1464 1411 1413
3 1463 1465 1412
3 1465 1414 1412
3 1464 1413 1466
3 1466 1413 1415
3 1465 1467 1414
3 1467 1416 1414
3 1466 1415 1468
3 1468 1415 1417
3 1418 1469 1419
3 1469 1418 1416
3 1469 1416 1470
3 1470 1416 1467
3 1468 1417 1420
3 1471 1468 1420
3 1420 1472 1471
3 1421 1472 1420
3 1473 1419 1469
3 1473 1474 1419
3 1474 1422 1419
3 1469 1470 1473
3 1472 1421 1475
3 1475 1421 1423
3 1474 1476 1422
3 1476 1424 1422
3 1475 1423 1425
3 1477 1475 1425
3 1425 1478 1477
3 1426 1478 1425
3 1428 1479 1480
3 1427 1479 1428
3 1479 1427 1424
3 1476 1479 1424
3 1478 1426 1481
3 1481 1426 1429
3 1480 1482 1428
3 1482 1430 1428
3 1481 1429 1431
3 1483 1481 1431
3 1431 1484 1483
3 1433 1484 1431
3 1435 1485 1486
3 1434 1485 1435
3 1485 1434 1430
3 1482 1485 1430
3 1484 1433 1436
3 1487 1484 1436
3 1487 1436 1435
3 1486 1487 1435
3 1438 1489 1488
3 1437 1438 1488
3 1488 1490 1437
3 1437 1490 1439
3 1439 1490 1491
3 1440 1439 1491
3 1442 1493 1492
3 1441 1442 1492
3 1492 1438 1441
3 1489 1438 1492
3 1491 1494 1440
3 1494 1443 1440
3 1493 1442 1495
3 1495 1442 1444
3 1494 1445 1443
3 1496 1445 1494
3 1445 1496 1497
3 1446 1445 1497
3 1448 1499 1498
3 1447 1448 1498
3 1498 1444 1447
3 1495 1444 1498
3 1497 1500 1446
3 1500 1449 1446
3 1499 1448 1501
3 1501 1448 1450
3 1500 1502 1449
3 1502 1451 1449
3 1501 1450 1503
3 1503 1450 1452
3 1502 1504 1451
3 1504 1453 1451
3 1455 1506 1505
3 1454 1455 1505
3 1505 1452 1454
3 1503 1452 1505
3 1504 1456 1453
3 1507 1456 1504
3 1456 1507 1508
3 1457 1456 1508
3 1506 1455 1509
3 1509 1455 1458
3 1508 1510 1457
3 1510 1459 1457
3 1509 1458 1511
3 1511 1458 1460
3 1510 1512 1459
3 1512 1461 1459
3 1511 1460 1513
3 1513 1460 1462
3 1512 1514 1461
3 1514 1463 1461
3 1513 1462 1515
3 1515 1462 1464
3 1514 1516 1463
3 1516 1465 1463
3 1515 1464 1517
3 1517 1464 1466
3 1516 1518 1465
3 1518 1467 1465
3 1517 1466 1519
3 1519 1466 1468
3 1518 1520 1467
3 1520 1470 1467
3 1519 1468 1471
3 1521 1519 1471
3 1471 1522 1521
3 1472 1522 1471
3 1474 1523 1524
3 1473 1523 1474
3 1523 1473 1470
3 1520 1523 1470
3 1522 1472 1525
3 1525 1472 1475
3 1524 1526 1474
3 1526 1476 1474
3 1525 1475 1477
3 1527 1525 1477
3 1477 1528 1527
3 1478 1528 1477
3 1480 1529 1530
3 1479 1529 1480
3 1529 1479 1476
3 1526 1529 1476
3 1528 1478 1531
3 1531 1478 1481
3 1530 1532 1480
3 1532 1482 1480
3 1531 1481 1483
3 1533 1531 1483
3 1483 1534 1533
3 1484 1534 1483
3 1486 1535 1536
3 1485 1535 1486
3 1535 1485 1482
3 1532 1535 1482
3 1534 1484 1487
3 1537 1534 1487
3 1537 1487 1486
3 1536 1537 1486
3 1489 1539 1538
3 1488 1489 1538
3 1538 1540 1488
3 1488 1540 1490
3 1490 1540 1541
3 1491 1490 1541
3 1493 1543 1542
3 1492 1493 1542
3 1542 1489 1492
3 1539 1489 1542
3 1541 1544 1491
3 1544 1494 1491
3 1547 1546 1545
3 1546 1495 1545
3 1546 1543 1495
3 1543 1493 1495
3 1544 1496 1494
3 1548 1496 1544
3 1496 1548 1549
3 1497 1496 1549
3 1545 1498 1499
3 1545 1499 1547
3 1547 1499 1550
3 1545 1495 1498
3 1549 1551 1497
3 1551 1500 1497
3 1550 1499 1552
3 1552 1499 1501
3 1551 1553 1500
3 1553 1502 1500
3 1552 1501 1554
3 1554 1501 1503
3 1553 1555 1502
3 1555 1504 1502
3 1506 1557 1556
3 1505 1506 1556
3 1556 1503 1505
3 1554 1503 1556
3 1555 1507 1504
3 1558 1507 1555
3 1507 1558 1559
3 1508 1507 1559
3 1557 1506 1560
3 1560 1506 1509
3 1559 1561 1508
3 1561 1510 1508
3 1560 1509 1562
3 1562 1509 1511
3 1561 1563 1510
3 1563 1512 1510
3 1566 1565 1564
3 1565 1513 1564
3 1565 1562 1513
3 1562 1511 1513
3 1563 1567 1512
3 1567 1514 1512
3 1566 1564 1568
3 1564 1569 1568
3 1564 1513 1569
3 1513 1515 1569
3 1567 1570 1514
3 1570 1516 1514
3 1569 1515 1571
3 1571 1515 1517
3 1570 1572 1516
3 1572 1518 1516
3 1571 1517 1573
3 1573 1517 1519
3 1572 1574 1518
3 1574 1520 1518
3 1573 1519 1521
3 1575 1573 1521
3 1521 1576 1575
3 1522 1576 1521
3 1524 1577 1578
3 1523 1577 1524
3 1577 1523 1520
3 1574 1577 1520
3 1576 1522 1579
3 1579 1522 1525
3 1578 1580 1524
3 1580 1526 1524
3 1527 1581 1582
3 1527 1582 1525
3 1525 1582 1579
3 1527 1528 1581
3 1529 1583 1530
3 1583 1529 1526
3 1583 1526 1584
3 1584 1526 1580
3 1582 1581 1585
3 1581 1586 1585
3 1581 1528 1586
3 1528 1531 1586
3 1587 1530 1583
3 1587 1588 1530
3 1588 1532 1530
3 1583 1584 1587
3 1533 1589 1590
3 1533 1590 1531
3 1531 1590 1586
3 1533 1534 1589
3 1536 1591 1592
3 1535 1591 1536
3 1591 1535 1532
3 1588 1591 1532
3 1590 1589 1593
3 1589 1534 1537
3 1589 1537 1593
3 1593 1537 1594
3 1594 1537 1536
3 1592 1594 1536
3 1539 1596 1595
3 1538 1539 1595
3 1595 1597 1538
3 1538 1597 1540
3 1540 1597 1598
3 1541 1540 1598
3 1543 1600 1599
3 1542 1543 1599
3 1599 1539 1542
3 1596 1539 1599
3 1598 1601 1541
3 1601 1544 1541
3 1547 1603 1602
3 1546 1547 1602
3 1602 1543 1546
3 1600 1543 1602
3 1601 1548 1544
3 1604 1548 1601
3 1548 1604 1605
3 1549 1548 1605
3 1603 1547 1606
3 1606 1547 1550
3 1605 1607 1549
3 1607 1551 1549
3 1606 1550 1608
3 1608 1550 1552
3 1607 1609 1551
3 1609 1553 1551
3 1608 1552 1610
3 1610 1552 1554
3 1611 1609 1612
3 1611 1555 1609
3 1555 1553 1609
3 1612 1613 1611
3 1557 1615 1614
3 1556 1557 1614
3 1614 1554 1556
3 1610 1554 1614
3 1611 1558 1555
3 1558 1611 1613
3 1558 1613 1559
3 1559 1613 1616
3 1615 1557 1617
3 1617 1557 1560
3 1616 1618 1559
3 1618 1561 1559
3 1617 1560 1619
3 1619 1560 1562
3 1618 1620 1561
3 1620 1563 1561
3 1566 1622 1621
3 1565 1566 1621
3 1621 1562 1565
3 1619 1562 1621
3 1620 1623 1563
3 1623 1567 1563
3 1622 1566 1568
3 1624 1622 1568
3 1568 1625 1624
3 1569 1625 1568
3 1623 1626 1567
3 1626 1570 1567
3 1625 1569 1627
3 1627 1569 1571
3 1626 1628 1570
3 1628 1572 1570
3 1627 1571 1629
3 1629 1571 1573
3 1628 1630 1572
3 1630 1574 1572
3 1629 1573 1575
3 1631 1629 1575
3 1575 1632 1631
3 1576 1632 1575
3 1578 1633 1634
3 1577 1633 1578
3 1633 1577 1574
3 1630 1633 1574
3 1632 1576 1635
3 1635 1576 1579
3 1634 1636 1578
3 1636 1580 1578
3 1635 1579 1637
3 1637 1579 1582
3 1636 1638 1580
3 1638 1584 1580
3 1637 1582 1585
3 1639 1637 1585
3 1585 1640 1639
3 1586 1640 1585
3 1588 1641 1642
3 1587 1641 1588
3 1641 1587 1584
3 1638 1641 1584
3 1640 1586 1643
3 1643 1586 1590
3 1591 1644 1592
3 1644 1591 1588
3 1644 1588 1645
3 1645 1588 1642
3 1643 1590 1593
3 1646 1643 1593
3 1646 1593 1647
3 1593 1594 1647
3 1592 1644 1648
3 1592 1648 1594
3 1594 1648 1647
3 1644 1645 1648
3 1596 1650 1649
3 1595 1596 1649
3 1649 1651 1595
3 1595 1651 1597
3 1597 1651 1652
3 1598 1597 1652
3 1600 1654 1653
3 1599 1600 1653
3 1653 1596 1599
3 1650 1596 1653
3 1652 1655 1598
3 1655 1601 1598
3 1603 1657 1656
3 1602 1603 1656
3 1656 1600 1602
3 1654 1600 1656
3 1655 1604 1601
3 1658 1604 1655
3 1604 1658 1659
3 1605 1604 1659
3 1657 1603 1660
3 1660 1603 1606
3 1659 1661 1605
3 1661 1607 1605
3 1660 1606 1662
3 1662 1606 1608
3 1661 1663 1607
3 1663 1609 1607
3 1666 1665 1664
3 1665 1610 1664
3 1665 1662 1610
3 1662 1608 1610
3 1663 1612 1609
3 1667 1612 1663
3 1612 1667 1668
3 1613 1612 1668
3 1664 1614 1615
3 1664 1615 1666
3 1666 1615 1669
3 1664 1610 1614
3 1668 1670 1613
3 1670 1616 1613
3 1669 1615 1671
3 1671 1615 1617
3 1670 1672 1616
3 1672 1618 1616
3 1675 1674 1673
3 1674 1619 1673
3 1674 1671 1619
3 1671 1617 1619
3 1672 1676 1618
3 1676 1620 1618
3 1673 1621 1622
3 1673 1622 1675
3 1675 1622 1677
3 1673 1619 1621
3 1676 1678 1620
3 1678 1623 1620
3 1677 1622 1624
3 1679 1677 1624
3 1624 1680 1679
3 1625 1680 1624
3 1678 1681 1623
3 1681 1626 1623
3 1680 1625 1682
3 1682 1625 1627
3 1681 1683 1626
3 1683 1628 1626
3 1682 1627 1684
3 1684 1627 1629
3 1683 1685 1628
3 1685 1630 1628
3 1684 1629 1631
3 1686 1684 1631
3 1631 1687 1686
3 1632 1687 1631
3 1634 1688 1689
3 1633 1688 1634
3 1688 1633 1630
3 1685 1688 1630
3 1687 1632 1690
3 1690 1632 1635
3 1689 1691 1634
3 1691 1636 1634
3 1690 1635 1692
3 1692 1635 1637
3 1691 1693 1636
3 1693 1638 1636
3 1692 1637 1639
3 1694 1692 1639
3 1639 1695 1694
3 1640 1695 1639
3 1642 1696 1697
3 1641 1696 1642
3 1696 1641 1638
3 1693 1696 1638
3 1695 1640 1698
3 1698 1640 1643
3 1697 1699 1642
3 1699 1645 1642
3 1698 1643 1646
3 1700 1698 1646
3 1700 1646 1701
3 1646 1647 1701
3 1701 1647 1702
3 1647 1648 1702
3 1702 1648 1645
3 1699 1702 1645
3 1705 1704 1703
3 1650 1703 1704
3 1650 1704 1649
3 1649 1704 1706
3 1706 1707 1649
3 1649 1707 1651
3 1651 1707 1708
3 1652 1651 1708
3 1703 1653 1654
3 1703 1654 1705
3 1705 1654 1709
3 1703 1650 1653
3 1708 1710 1652
3 1710 1655 1652
3 1657 1712 1711
3 1656 1657 1711
3 1711 1654 1656
3 1709 1654 1711
3 1710 1658 1655
3 1713 1658 1710
3 1658 1713 1714
3 1659 1658 1714
3 1712 1657 1715
3 1715 1657 1660
3 1714 1716 1659
3 1716 1661 1659
3 1715 1660 1717
3 1717 1660 1662
3 1716 1718 1661
3 1718 1663 1661
3 1666 1720 1719
3 1665 1666 1719
3 1719 1662 1665
3 1717 1662 1719
3 1718 1667 1663
3 1721 1667 1718
3 1667 1721 1722
3 1668 1667 1722
3 1720 1666 1723
3 1723 1666 1669
3 1722 1724 1668
3 1724 1670 1668
3 1723 1669 1725
3 1725 1669 1671
3 1724 1726 1670
3 1726 1672 1670
3 1675 1728 1727
3 1674 1675 1727
3 1727 1671 1674
3 1725 1671 1727
3 1726 1729 1672
3 1729 1676 1672
3 1728 1675 1730
3 1730 1675 1677
3 1729 1731 1676
3 1731 1678 1676
3 1730 1677 1679
3 1732 1730 1679
3 1679 1733 1732
3 1680 1733 1679
3 1731 1734 1678
3 1734 1681 1678
3 1733 1680 1735
3 1735 1680 1682
3 1734 1736 1681
3 1736 1683 1681
3 1735 1682 1737
3 1737 1682 1684
3 1736 1738 1683
3 1738 1685 1683
3 1737 1684 1686
3 1739 1737 1686
3 1686 1740 1739
3 1687 1740 1686
3 1689 1741 1742
3 1688 1741 1689
3 1741 1688 1685
3 1738 1741 1685
3 1740 1687 1743
3 1743 1687 1690
3 1742 1744 1689
3 1744 1691 1689
3 1743 1690 1745
3 1745 1690 1692
3 1744 1746 1691
3 1746 1693 1691
3 1745 1692 1694
3 1747 1745 1694
3 1694 1748 1747
3 1695 1748 1694
3 1697 1749 1750
3 1696 1749 1697
3 1749 1696 1693
3 1746 1749 1693
3 1748 1695 1751
3 1751 1695 1698
3 1750 1752 1697
3 1752 1699 1697
3 1751 1698 1700
3 1753 1751 1700
3 1753 1700 1754
3 1700 1701 1754
3 1754 1701 1755
3 1701 1702 1755
3 1755 1702 1699
3 1752 1755 1699
3 1705 1757 1756
3 1704 1705 1756
3 1756 1758 1704
3 1704 1758 1706
3 1758 1759 1706
3 1706 1759 1707
3 1707 1759 1760
3 1708 1707 1760
3 1757 1705 1761
3 1761 1705 1709
3 1760 1762 1708
3 1762 1710 1708
3 1712 1764 1763
3 1711 1712 1763
3 1763 1709 1711
3 1761 1709 1763
3 1762 1713 1710
3 1765 1713 1762
3 1713 1765 1766
3 1714 1713 1766
3 1764 1712 1767
3 1767 1712 1715
3 1766 1768 1714
3 1768 1716 1714
3 1767 1715 1769
3 1769 1715 1717
3 1768 1770 1716
3 1770 1718 1716
3 1720 1772 1771
3 1719 1720 1771
3 1771 1717 1719
3 1769 1717 1771
3 1770 1721 1718
3 1773 1721 1770
3 1721 1773 1774
3 1722 1721 1774
3 1772 1720 1775
3 1775 1720 1723
3 1774 1776 1722
3 1776 1724 1722
3 1775 1723 1777
3 1777 1723 1725
3 1776 1778 1724
3 1778 1726 1724
3 1728 1780 1779
3 1727 1728 1779
3 1779 1725 1727
3 1777 1725 1779
3 1778 1781 1726
3 1781 1729 1726
3 1780 1728 1782
3 1782 1728 1730
3 1781 1783 1729
3 1783 1731 1729
3 1782 1730 1732
3 1784 1782 1732
3 1732 1785 1784
3 1733 1785 1732
3 1783 1786 1731
3 1786 1734 1731
3 1785 1733 1787
3 1787 1733 1735
3 1786 1788 1734
3 1788 1736 1734
3 1787 1735 1789
3 1789 1735 1737
3 1788 1790 1736
3 1790 1738 1736
3 1789 1737 1739
3 1791 1789 1739
3 1739 1792 1791
3 1740 1792 1739
3 1742 1793 1794
3 1741 1793 1742
3 1793 1741 1738
3 1790 1793 1738
3 1792 1740 1795
3 1795 1740 1743
3 1794 1796 1742
3 1796 1744 1742
3 1795 1743 1797
3 1797 1743 1745
3 1796 1798 1744
3 1798 1746 1744
3 1797 1745 1747
3 1799 1797 1747
3 1747 1800 1799
3 1748 1800 1747
3 1750 1801 1802
3 1749 1801 1750
3 1801 1749 1746
3 1798 1801 1746
3 1800 1748 1803
3 1803 1748 1751
3 1802 1804 1750
3 1804 1752 1750
3 1803 1751 1753
3 1805 1803 1753
3 1805 1753 1806
3 1753 1754 1806
3 1806 1754 1807
3 1754 1755 1807
3 1807 1755 1752
3 1804 1807 1752
3 1757 1809 1808
3 1756 1757 1808
3 1808 1810 1756
3 1756 1810 1758
3 1810 1811 1758
3 1758 1811 1759
3 1759 1811 1812
3 1760 1759 1812
3 1809 1757 1813
3 1813 1757 1761
3 1812 1814 1760
3 1814 1762 1760
3 1764 1816 1815
3 1763 1764 1815
3 1815 1761 1763
3 1813 1761 1815
3 1814 1765 1762
3 1817 1765 1814
3 1765 1817 1818
3 1766 1765 1818
3 1816 1764 1819
3 1819 1764 1767
3 1818 1820 1766
3 1820 1768 1766
3 1819 1767 1821
3 1821 1767 1769
3 1820 1822 1768
3 1822 1770 1768
3 1772 1824 1823
3 1771 1772 1823
3 1823 1769 1771
3 1821 1769 1823
3 1822 1773 1770
3 1825 1773 1822
3 1773 1825 1826
3 1774 1773 1826
3 1824 1772 1827
3 1827 1772 1775
3 1826 1828 1774
3 1828 1776 1774
3 1827 1775 1829
3 1829 1775 1777
3 1828 1830 1776
3 1830 1778 1776
3 1780 1832 1831
3 1779 1780 1831
3 1831 1777 1779
3 1829 1777 1831
3 1830 1833 1778
3 1833 1781 1778
3 1832 1780 1834
3 1834 1780 1782
3 1833 1835 1781
3 1835 1783 1781
3 1834 1782 1784
3 1836 1834 1784
3 1784 1837 1836
3 1785 1837 1784
3 1835 1838 1783
3 1838 1786 1783
3 1837 1785 1839
3 1839 1785 1787
3 1838 1840 1786
3 1840 1788 1786
3 1839 1787 1841
3 1841 1787 1789
3 1840 1842 1788
3 1842 1790 1788
3 1841 1789 1791
3 1843 1841 1791
3 1791 1844 1843
3 1792 1844 1791
3 1794 1845 1846
3 1793 1845 1794
3 1845 1793 1790
3 1842 1845 1790
3 1844 1792 1847
3 1847 1792 1795
3 1846 1848 1794
3 1848 1796 1794
3 1847 1795 1849
3 1849 1795 1797
3 1848 1850 1796
3 1850 1798 1796
3 1849 1797 1799
3 1851 1849 1799
3 1799 1852 1851
3 1800 1852 1799
3 1802 1853 1854
3 1801 1853 1802
3 1853 1801 1798
3 1850 1853 1798
3 1852 1800 1855
3 1855 1800 1803
3 1854 1856 1802
3 1856 1804 1802
3 1855 1803 1805
3 1857 1855 1805
3 1859 1806 1858
3 1859 1857 1806
3 1857 1805 1806
3 1858 1860 1861
3 1858 1806 1860
3 1806 1807 1860
3 1860 1807 1804
3 1856 1860 1804
3 1859 1858 1862
3 1858 1861 1862
3 1809 1864 1863
3 1808 1809 1863
3 1863 1865 1808
3 1808 1865 1810
3 1865 1866 1810
3 1810 1866 1811
3 1811 1866 1867
3 1812 1811 1867
3 1864 1809 1868
3 1868 1809 1813
3 1867 1869 1812
3 1869 1814 1812
3 1816 1871 1870
3 1815 1816 1870
3 1870 1813 1815
3 1868 1813 1870
3 1869 1817 1814
3 1872 1817 1869
3 1817 1872 1873
3 1818 1817 1873
3 1871 1816 1874
3 1874 1816 1819
3 1873 1875 1818
3 1875 1820 1818
3 1874 1819 1876
3 1876 1819 1821
3 1875 1877 1820
3 1877 1822 1820
3 1824 1879 1878
3 1823 1824 1878
3 1878 1821 1823
3 1876 1821 1878
3 1877 1825 1822
3 1880 1825 1877
3 1825 1880 1881
3 1826 1825 1881
3 1879 1824 1882
3 1882 1824 1827
3 1881 1883 1826
3 1883 1828 1826
3 1882 1827 1884
3 1884 1827 1829
3 1883 1885 1828
3 1885 1830 1828
3 1832 1887 1886
3 1831 1832 1886
3 1886 1829 1831
3 1884 1829 1886
3 1885 1888 1830
3 1888 1833 1830
3 1887 1832 1889
3 1889 1832 1834
3 1888 1890 1833
3 1890 1835 1833
3 1836 1891 1892
3 1836 1892 1834
3 1834 1892 1889
3 1836 1837 1891
3 1890 1893 1835
3 1893 1838 1835
3 1892 1891 1894
3 1891 1895 1894
3 1891 1837 1895
3 1837 1839 1895
3 1893 1896 1838
3 1896 1840 1838
3 1895 1839 1897
3 1897 1839 1841
3 1896 1898 1840
3 1898 1842 1840
3 1897 1841 1843
3 1899 1897 1843
3 1843 1900 1899
3 1844 1900 1843
3 1845 1901 1846
3 1901 1845 1842
3 1901 1842 1902
3 1902 1842 1898
3 1900 1844 1903
3 1903 1844 1847
3 1904 1846 1901
3 1904 1905 1846
3 1905 1848 1846
3 1901 1902 1904
3 1903 1847 1906
3 1906 1847 1849
3 1905 1907 1848
3 1907 1850 1848
3 1851 1908 1909
3 1851 1909 1849
3 1849 1909 1906
3 1851 1852 1908
3 1853 1910 1854
3 1910 1853 1850
3 1910 1850 1911
3 1911 1850 1907
3 1909 1908 1912
3 1908 1913 1912
3 1908 1852 1913
3 1852 1855 1913
3 1914 1854 1910
3 1914 1915 1854
3 1915 1856 1854
3 1910 1911 1914
3 1857 1916 1917
3 1857 1917 1855
3 1855 1917 1913
3 1857 1859 1916
3 1861 1918 1919
3 1860 1918 1861
3 1918 1860 1856
3 1915 1918 1856
3 1917 1916 1920
3 1916 1859 1862
3 1916 1862 1920
3 1920 1862 1921
3 1921 1862 1861
3 1919 1921 1861
3 1864 1923 1922
3 1863 1864 1922
3 1922 1924 1863
3 1863 1924 1865
3 1924 1925 1865
3 1865 1925 1866
3 1866 1925 1926
3 1867 1866 1926
3 1923 1864 1927
3 1927 1864 1868
3 1926 1928 1867
3 1928 1869 1867
3 1871 1930 1929
3 1870 1871 1929
3 1929 1868 1870
3 1927 1868 1929
3 1928 1872 1869
3 1931 1872 1928
3 1872 1931 1932
3 1873 1872 1932
3 1930 1871 1933
3 1933 1871 1874
3 1932 1934 1873
3 1934 1875 1873
3 1933 1874 1935
3 1935 1874 1876
3 1934 1936 1875
3 1936 1877 1875
3 1879 1938 1937
3 1878 1879 1937
3 1937 1876 1878
3 1935 1876 1937
3 1936 1880 1877
3 1939 1880 1936
3 1880 1939 1940
3 1881 1880 1940
3 1938 1879 1941
3 1941 1879 1882
3 1940 1942 1881
3 1942 1883 1881
3 1941 1882 1943
3 1943 1882 1884
3 1942 1944 1883
3 1944 1885 1883
3 1887 1946 1945
3 1886 1887 1945
3 1945 1884 1886
3 1943 1884 1945
3 1944 1947 1885
3 1947 1888 1885
3 1946 1887 1948
3 1948 1887 1889
3 1947 1949 1888
3 1949 1890 1888
3 1948 1889 1950
3 1950 1889 1892
3 1949 1951 1890
3 1951 1893 1890
3 1950 1892 1894
3 1952 1950 1894
3 1894 1953 1952
3 1895 1953 1894
3 1951 1954 1893
3 1954 1896 1893
3 1953 1895 1955
3 1955 1895 1897
3 1954 1956 1896
3 1956 1898 1896
3 1899 1957 1958
3 1899 1958 1897
3 1897 1958 1955
3 1899 1900 1957
3 1956 1959 1898
3 1959 1902 1898
3 1958 1957 1960
3 1957 1961 1960
3 1957 1900 1961
3 1900 1903 1961
3 1905 1962 1963
3 1904 1962 1905
3 1962 1904 1902
3 1959 1962 1902
3 1961 1903 1964
3 1964 1903 1906
3 1963 1965 1905
3 1965 1907 1905
3 1964 1906 1966
3 1966 1906 1909
3 1965 1967 1907
3 1967 1911 1907
3 1966 1909 1912
3 1968 1966 1912
3 1912 1969 1968
3 1913 1969 1912
3 1915 1970 1971
3 1914 1970 1915
3 1970 1914 1911
3 1967 1970 1911
3 1969 1913 1972
3 1972 1913 1917
3 1919 1973 1974
3 1918 1973 1919
3 1973 1918 1915
3 1971 1973 1915
3 1972 1917 1920
3 1975 1972 1920
3 1975 1920 1976
3 1920 1921 1976
3 1976 1921 1919
3 1974 1976 1919
3 1923 1978 1977
3 1922 1923 1977
3 1977 1979 1922
3 1922 1979 1924
3 1979 1980 1924
3 1924 1980 1925
3 1925 1980 1981
3 1926 1925 1981
3 1978 1923 1982
3 1982 1923 1927
3 1981 1983 1926
3 1983 1928 1926
3 1930 1985 1984
3 1929 1930 1984
3 1984 1927 1929
3 1982 1927 1984
3 1983 1931 1928
3 1986 1931 1983
3 1931 1986 1987
3 1932 1931 1987
3 1985 1930 1988
3 1988 1930 1933
3 1987 1989 1932
3 1989 1934 1932
3 1988 1933 1990
3 1990 1933 1935
3 1989 1991 1934
3 1991 1936 1934
3 1938 1993 1992
3 1937 1938 1992
3 1992 1935 1937
3 1990 1935 1992
3 1991 1939 1936
3 1994 1939 1991
3 1939 1994 1995
3 1940 1939 1995
3 1993 1938 1996
3 1996 1938 1941
3 1995 1997 1940
3 1997 1942 1940
3 1996 1941 1998
3 1998 1941 1943
3 1997 1999 1942
3 1999 1944 1942
3 1946 2001 2000
3 1945 1946 2000
3 2000 1943 1945
3 1998 1943 2000
3 1999 2002 1944
3 2002 1947 1944
3 2001 1946 2003
3 2003 1946 1948
3 2002 2004 1947
3 2004 1949 1947
3 2003 1948 2005
3 2005 1948 1950
3 2004 2006 1949
3 2006 1951 1949
3 2005 1950 1952
3 2007 2005 1952
3 1952 2008 2007
3 1953 2008 1952
3 2006 2009 1951
3 2009 1954 1951
3 2008 1953 2010
3 2010 1953 1955
3 2009 2011 1954
3 2011 1956 1954
3 2010 1955 2012
3 2012 1955 1958
3 2011 2013 1956
3 2013 1959 1956
3 2012 1958 1960
3 2014 2012 1960
3 1960 2015 2014
3 1961 2015 1960
3 1963 2016 2017
3 1962 2016 1963
3 2016 1962 1959
3 2013 2016 1959
3 2015 1961 2018
3 2018 1961 1964
3 2017 2019 1963
3 2019 1965 1963
3 2018 1964 2020
3 2020 1964 1966
3 2019 2021 1965
3 2021 1967 1965
3 2020 1966 1968
3 2022 2020 1968
3 1968 2023 2022
3 1969 2023 1968
3 1971 2024 2025
3 1970 2024 1971
3 2024 1970 1967
3 2021 2024 1967
3 2023 1969 2026
3 2026 1969 1972
3 1974 2027 2028
3 1973 2027 1974
3 2027 1973 1971
3 2025 2027 1971
3 2026 1972 1975
3 2029 2026 1975
3 2029 1975 2030
3 1975 1976 2030
3 2030 1976 1974
3 2028 2030 1974
3 1978 2032 2031
3 1977 1978 2031
3 2031 2033 1977
3 1977 2033 1979
3 2033 2034 1979
3 1979 2034 1980
3 1980 2034 2035
3 1981 1980 2035
3 2032 1978 2036
3 2036 1978 1982
3 2035 2037 1981
3 2037 1983 1981
3 1985 2039 2038
3 1984 1985 2038
3 2038 1982 1984
3 2036 1982 2038
3 2037 1986 1983
3 2040 1986 2037
3 1986 2040 2041
3 1987 1986 2041
3 2039 1985 2042
3 2042 1985 1988
3 2041 2043 1987
3 2043 1989 1987
3 2042 1988 2044
3 2044 1988 1990
3 2043 2045 1989
3 2045 1991 1989
3 1993 2047 2046
3 1992 1993 2046
3 2046 1990 1992
3 2044 1990 2046
3 2045 1994 1991
3 2048 1994 2045
3 1994 2048 2049
3 1995 1994 2049
3 2047 1993 2050
3 2050 1993 1996
3 2049 2051 1995
3 2051 1997 1995
3 2050 1996 2052
3 2052 1996 1998
3 2051 2053 1997
3 2053 1999 1997
3 2001 2055 2054
3 2000 2001 2054
3 2054 1998 2000
3 2052 1998 2054
3 2053 2056 1999
3 2056 2002 1999
3 2055 2001 2057
3 2057 2001 2003
3 2056 2058 2002
3 2058 2004 2002
3 2057 2003 2059
3 2059 2003 2005
3 2058 2060 2004
3 2060 2006 2004
3 2059 2005 2007
3 2061 2059 2007
3 2007 2062 2061
3 2008 2062 2007
3 2060 2063 2006
3 2063 2009 2006
3 2062 2008 2064
3 2064 2008 2010
3 2063 2065 2009
3 2065 2011 2009
3 2064 2010 2066
3 2066 2010 2012
3 2065 2067 2011
3 2067 2013 2011
3 2066 2012 2014
3 2068 2066 2014
3 2014 2069 2068
3 2015 2069 2014
3 2017 2070 2071
3 2016 2070 2017
3 2070 2016 2013
3 2067 2070 2013
3 2069 2015 2072
3 2072 2015 2018
3 2071 2073 2017
3 2073 2019 2017
3 2072 2018 2074
3 2074 2018 2020
3 2073 2075 2019
3 2075 2021 2019
3 2022 2076 2077
3 2022 2077 2020
3 2020 2077 2074
3 2022 2023 2076
3 2025 2078 2079
3 2024 2078 2025
3 2078 2024 2021
3 2075 2078 2021
3 2077 2076 2080
3 2076 2081 2080
3 2076 2023 2081
3 2023 2026 2081
3 2027 2082 2028
3 2082 2027 2025
3 2082 2025 2083
3 2083 2025 2079
3 2081 2026 2029
3 2084 2081 2029
3 2084 2029 2085
3 2029 2030 2085
3 2028 2082 2086
3 2028 2086 2030
3 2030 2086 2085
3 2082 2083 2086
3 2032 2088 2087
3 2031 2032 2087
3 2087 2089 2031
3 2031 2089 2033
3 2089 2090 2033
3 2033 2090 2034
3 2034 2090 2091
3 2035 2034 2091
3 2088 2032 2092
3 2092 2032 2036
3 2091 2093 2035
3 2093 2037 2035
3 2039 2095 2094
3 2038 2039 2094
3 2094 2036 2038
3 2092 2036 2094
3 2093 2040 2037
3 2096 2040 2093
3 2040 2096 2097
3 2041 2040 2097
3 2095 2039 2098
3 2098 2039 2042
3 2097 2099 2041
3 2099 2043 2041
3 2098 2042 2100
3 2100 2042 2044
3 2099 2101 2043
3 2101 2045 2043
3 2047 2103 2102
3 2046 2047 2102
3 2102 2044 2046
3 2100 2044 2102
3 2101 2048 2045
3 2104 2048 2101
3 2048 2104 2105
3 2049 2048 2105
3 2103 2047 2106
3 2106 2047 2050
3 2105 2107 2049
3 2107 2051 2049
3 2106 2050 2108
3 2108 2050 2052
3 2107 2109 2051
3 2109 2053 2051
3 2055 2111 2110
3 2054 2055 2110
3 2110 2052 2054
3 2108 2052 2110
3 2109 2112 2053
3 2112 2056 2053
3 2111 2055 2113
3 2113 2055 2057
3 2112 2114 2056
3 2114 2058 2056
3 2113 2057 2115
3 2115 2057 2059
3 2114 2116 2058
3 2116 2060 2058
3 2061 2117 2118
3 2061 2118 2059
3 2059 2118 2115
3 2061 2062 2117
3 2116 2119 2060
3 2119 2063 2060
3 2118 2117 2120
3 2117 2121 2120
3 2117 2062 2121
3 2062 2064 2121
3 2119 2122 2063
3 2122 2065 2063
3 2121 2064 2123
3 2123 2064 2066
3 2122 2124 2065
3 2124 2067 2065
3 2123 2066 2068
3 2125 2123 2068
3 2068 2126 2125
3 2069 2126 2068
3 2071 2127 2128
3 2070 2127 2071
3 2127 2070 2067
3 2124 2127 2067
3 2126 2069 2129
3 2129 2069 2072
3 2128 2130 2071
3 2130 2073 2071
3 2129 2072 2131
3 2131 2072 2074
3 2130 2132 2073
3 2132 2075 2073
3 2131 2074 2133
3 2133 2074 2077
3 2079 2134 2135
3 2078 2134 2079
3 2134 2078 2075
3 2132 2134 2075
3 2133 2077 2080
3 2136 2133 2080
3 2080 2137 2136
3 2081 2137 2080
3 2135 2138 2079
3 2138 2083 2079
3 2137 2081 2084
3 2139 2137 2084
3 2139 2084 2140
3 2084 2085 2140
3 2140 2085 2141
3 2085 2086 2141
3 2141 2086 2083
3 2138 2141 2083
3 2088 2143 2142
3 2087 2088 2142
3 2142 2144 2087
3 2087 2144 2089
3 2144 2145 2089
3 2089 2145 2090
3 2090 2145 2146
3 2091 2090 2146
3 2143 2088 2147
3 2147 2088 2092
3 2146 2148 2091
3 2148 2093 2091
3 2095 2150 2149
3 2094 2095 2149
3 2149 2092 2094
3 2147 2092 2149
3 2148 2096 2093
3 2151 2096 2148
3 2096 2151 2152
3 2097 2096 2152
3 2150 2095 2153
3 2153 2095 2098
3 2152 2154 2097
3 2154 2099 2097
3 2153 2098 2155
3 2155 2098 2100
3 2154 2156 2099
3 2156 2101 2099
3 2102 2103 2157
3 2157 2100 2102
3 2157 2158 2100
3 2158 2155 2100
3 2156 2104 2101
3 2159 2104 2156
3 2104 2159 2160
3 2105 2104 2160
3 2161 2157 2103
3 2161 2103 2162
3 2162 2103 2106
3 2157 2161 2158
3 2160 2163 2105
3 2163 2107 2105
3 2162 2106 2164
3 2164 2106 2108
3 2163 2165 2107
3 2165 2109 2107
3 2111 2167 2166
3 2110 2111 2166
3 2166 2108 2110
3 2164 2108 2166
3 2165 2168 2109
3 2168 2112 2109
3 2167 2111 2169
3 2169 2111 2113
3 2168 2170 2112
3 2170 2114 2112
3 2169 2113 2171
3 2171 2113 2115
3 2170 2172 2114
3 2172 2116 2114
3 2171 2115 2173
3 2173 2115 2118
3 2172 2174 2116
3 2174 2119 2116
3 2173 2118 2120
3 2175 2173 2120
3 2120 2176 2175
3 2121 2176 2120
3 2174 2177 2119
3 2177 2122 2119
3 2176 2121 2178
3 2178 2121 2123
3 2177 2179 2122
3 2179 2124 2122
3 2125 2180 2181
3 2125 2181 2123
3 2123 2181 2178
3 2125 2126 2180
3 2128 2182 2183
3 2127 2182 2128
3 2182 2127 2124
3 2179 2182 2124
3 2181 2180 2184
3 2180 2185 2184
3 2180 2126 2185
3 2126 2129 2185
3 2183 2186 2128
3 2186 2130 2128
3 2185 2129 2187
3 2187 2129 2131
3 2186 2188 2130
3 2188 2132 2130
3 2187 2131 2189
3 2189 2131 2133
3 2135 2190 2191
3 2134 2190 2135
3 2190 2134 2132
3 2188 2190 2132
3 2189 2133 2136
3 2192 2189 2136
3 2136 2193 2192
3 2137 2193 2136
3 2191 2194 2135
3 2194 2138 2135
3 2193 2137 2139
3 2195 2193 2139
3 2195 2139 2196
3 2139 2140 2196
3 2196 2140 2197
3 2140 2141 2197
3 2197 2141 2138
3 2194 2197 2138
3 2143 2199 2198
3 2142 2143 2198
3 2198 2200 2142
3 2142 2200 2144
3 2200 2201 2144
3 2144 2201 2145
3 2145 2201 2202
3 2146 2145 2202
3 2199 2143 2203
3 2203 2143 2147
3 2202 2204 2146
3 2204 2148 2146
3 2150 2206 2205
3 2149 2150 2205
3 2205 2147 2149
3 2203 2147 2205
3 2204 2151 2148
3 2207 2151 2204
3 2151 2207 2208
3 2152 2151 2208
3 2206 2150 2209
3 2209 2150 2153
3 2208 2210 2152
3 2210 2154 2152
3 2209 2153 2211
3 2211 2153 2155
3 2210 2212 2154
3 2212 2156 2154
3 2211 2155 2213
3 2213 2155 2158
3 2212 2159 2156
3 2214 2159 2212
3 2159 2214 2215
3 2160 2159 2215
3 2162 2217 2216
3 2161 2162 2216
3 2216 2158 2161
3 2213 2158 2216
3 2215 2218 2160
3 2218 2163 2160
3 2217 2162 2219
3 2219 2162 2164
3 2218 2220 2163
3 2220 2165 2163
3 2167 2222 2221
3 2166 2167 2221
3 2221 2164 2166
3 2219 2164 2221
3 2220 2223 2165
3 2223 2168 2165
3 2222 2167 2224
3 2224 2167 2169
3 2223 2225 2168
3 2225 2170 2168
3 2224 2169 2226
3 2226 2169 2171
3 2225 2227 2170
3 2227 2172 2170
3 2226 2171 2228
3 2228 2171 2173
3 2227 2229 2172
3 2229 2174 2172
3 2228 2173 2175
3 2230 2228 2175
3 2175 2231 2230
3 2176 2231 2175
3 2229 2232 2174
3 2232 2177 2174
3 2231 2176 2233
3 2233 2176 2178
3 2232 2234 2177
3 2234 2179 2177
3 2233 2178 2235
3 2235 2178 2181
3 2183 2236 2237
3 2182 2236 2183
3 2236 2182 2179
3 2234 2236 2179
3 2235 2181 2184
3 2238 2235 2184
3 2184 2239 2238
3 2185 2239 2184
3 2237 2240 2183
3 2240 2186 2183
3 2239 2185 2241
3 2241 2185 2187
3 2240 2242 2186
3 2242 2188 2186
3 2241 2187 2243
3 2243 2187 2189
3 2191 2244 2245
3 2190 2244 2191
3 2244 2190 2188
3 2242 2244 2188
3 2243 2189 2192
3 2246 2243 2192
3 2192 2247 2246
3 2193 2247 2192
3 2245 2248 2191
3 2248 2194 2191
3 2247 2193 2195
3 2249 2247 2195
3 2251 2196 2250
3 2251 2249 2196
3 2249 2195 2196
3 2250 2252 2253
3 2250 2196 2252
3 2196 2197 2252
3 2252 2197 2194
3 2248 2252 2194
3 2251 2250 2254
3 2250 2253 2254
3 2257 2256 2255
3 2256 2258 2255
3 2199 2260 2259
3 2198 2199 2259
3 2255 2259 2257
3 2255 2200 2259
3 2200 2198 2259
3 2258 2200 2255
3 2258 2261 2200
3 2261 2201 2200
3 2201 2261 2262
3 2202 2201 2262
3 2260 2199 2263
3 2263 2199 2203
3 2262 2264 2202
3 2264 2204 2202
3 2206 2266 2265
3 2205 2206 2265
3 2265 2203 2205
3 2263 2203 2265
3 2264 2207 2204
3 2267 2207 2264
3 2207 2267 2268
3 2208 2207 2268
3 2266 2206 2269
3 2269 2206 2209
3 2268 2270 2208
3 2270 2210 2208
3 2269 2209 2271
3 2271 2209 2211
3 2270 2272 2210
3 2272 2212 2210
3 2271 2211 2273
3 2273 2211 2213
3 2272 2214 2212
3 2274 2214 2272
3 2214 2274 2275
3 2215 2214 2275
3 2217 2277 2276
3 2216 2217 2276
3 2276 2213 2216
3 2273 2213 2276
3 2275 2278 2215
3 2278 2218 2215
3 2277 2217 2279
3 2279 2217 2219
3 2278 2280 2218
3 2280 2220 2218
3 2222 2282 2281
3 2221 2222 2281
3 2281 2219 2221
3 2279 2219 2281
3 2280 2283 2220
3 2283 2223 2220
3 2282 2222 2284
3 2284 2222 2224
3 2283 2285 2223
3 2285 2225 2223
3 2284 2224 2286
3 2286 2224 2226
3 2285 2287 2225
3 2287 2227 2225
3 2286 2226 2288
3 2288 2226 2228
3 2287 2289 2227
3 2289 2229 2227
3 2288 2228 2230
3 2290 2288 2230
3 2230 2291 2290
3 2231 2291 2230
3 2289 2292 2229
3 2292 2232 2229
3 2291 2231 2293
3 2293 2231 2233
3 2292 2294 2232
3 2294 2234 2232
3 2293 2233 2295
3 2295 2233 2235
3 2237 2296 2297
3 2236 2296 2237
3 2296 2236 2234
3 2294 2296 2234
3 2295 2235 2238
3 2298 2295 2238
3 2238 2299 2298
3 2239 2299 2238
3 2297 2300 2237
3 2300 2240 2237
3 2299 2239 2301
3 2301 2239 2241
3 2300 2302 2240
3 2302 2242 2240
3 2301 2241 2303
3 2303 2241 2243
3 2245 2304 2305
3 2244 2304 2245
3 2304 2244 2242
3 2302 2304 2242
3 2303 2243 2246
3 2306 2303 2246
3 2246 2307 2306
3 2247 2307 2246
3 2305 2308 2245
3 2308 2248 2245
3 2307 2247 2249
3 2309 2307 2249
3 2249 2310 2309
3 2251 2310 2249
3 2253 2311 2312
3 2252 2311 2253
3 2311 2252 2248
3 2308 2311 2248
3 2310 2251 2254
3 2313 2310 2254
3 2313 2254 2253
3 2312 2313 2253
3 2257 2315 2314
3 2256 2257 2314
3 2256 2314 2316
3 2258 2256 2316
3 2260 2318 2317
3 2259 2260 2317
3 2317 2257 2259
3 2315 2257 2317
3 2316 2261 2258
3 2319 2261 2316
3 2261 2319 2320
3 2262 2261 2320
3 2318 2260 2321
3 2321 2260 2263
3 2320 2322 2262
3 2322 2264 2262
3 2266 2324 2323
3 2265 2266 2323
3 2323 2263 2265
3 2321 2263 2323
3 2322 2267 2264
3 2325 2267 2322
3 2267 2325 2326
3 2268 2267 2326
3 2324 2266 2327
3 2327 2266 2269
3 2326 2328 2268
3 2328 2270 2268
3 2327 2269 2329
3 2329 2269 2271
3 2328 2330 2270
3 2330 2272 2270
3 2329 2271 2331
3 2331 2271 2273
3 2330 2274 2272
3 2332 2274 2330
3 2274 2332 2333
3 2275 2274 2333
3 2277 2335 2334
3 2276 2277 2334
3 2334 2273 2276
3 2331 2273 2334
3 2333 2336 2275
3 2336 2278 2275
3 2335 2277 2337
3 2337 2277 2279
3 2336 2338 2278
3 2338 2280 2278
3 2281 2282 2339
3 2339 2279 2281
3 2339 2340 2279
3 2340 2337 2279
3 2338 2341 2280
3 2341 2283 2280
3 2342 2339 2282
3 2342 2282 2343
3 2343 2282 2284
3 2339 2342 2340
3 2341 2344 2283
3 2344 2285 2283
3 2343 2284 2345
3 2345 2284 2286
3 2344 2346 2285
3 2346 2287 2285
3 2345 2286 2347
3 2347 2286 2288
3 2346 2348 2287
3 2348 2289 2287
3 2347 2288 2290
3 2349 2347 2290
3 2290 2350 2349
3 2291 2350 2290
3 2348 2351 2289
3 2351 2292 2289
3 2350 2291 2352
3 2352 2291 2293
3 2351 2353 2292
3 2353 2294 2292
3 2352 2293 2354
3 2354 2293 2295
3 2297 2355 2356
3 2296 2355 2297
3 2355 2296 2294
3 2353 2355 2294
3 2354 2295 2298
3 2357 2354 2298
3 2298 2358 2357
3 2299 2358 2298
3 2356 2359 2297
3 2359 2300 2297
3 2358 2299 2360
3 2360 2299 2301
3 2359 2361 2300
3 2361 2302 2300
3 2360 2301 2362
3 2362 2301 2303
3 2304 2363 2305
3 2363 2304 2302
3 2363 2302 2364
3 2364 2302 2361
3 2362 2303 2306
3 2365 2362 2306
3 2306 2366 2365
3 2307 2366 2306
3 2367 2305 2363
3 2367 2368 2305
3 2368 2308 2305
3 2363 2364 2367
3 2366 2307 2309
3 2369 2366 2309
3 2309 2370 2369
3 2310 2370 2309
3 2312 2371 2372
3 2311 2371 2312
3 2371 2311 2308
3 2368 2371 2308
3 2370 2310 2313
3 2373 2370 2313
3 2373 2313 2312
3 2372 2373 2312
3 2315 2375 2374
3 2314 2315 2374
3 2314 2374 2376
3 2316 2314 2376
3 2318 2378 2377
3 2317 2318 2377
3 2377 2315 2317
3 2375 2315 2377
3 2376 2319 2316
3 2379 2319 2376
3 2319 2379 2380
3 2320 2319 2380
3 2378 2318 2381
3 2381 2318 2321
3 2380 2382 2320
3 2382 2322 2320
3 2323 2324 2383
3 2383 2321 2323
3 2383 2384 2321
3 2384 2381 2321
3 2382 2325 2322
3 2385 2325 2382
3 2325 2385 2386
3 2326 2325 2386
3 2387 2383 2324
3 2387 2324 2388
3 2388 2324 2327
3 2383 2387 2384
3 2386 2389 2326
3 2389 2328 2326
3 2388 2327 2390
3 2390 2327 2329
3 2389 2391 2328
3 2391 2330 2328
3 2390 2329 2392
3 2392 2329 2331
3 2391 2332 2330
3 2393 2332 2391
3 2332 2393 2394
3 2333 2332 2394
3 2335 2396 2395
3 2334 2335 2395
3 2395 2331 2334
3 2392 2331 2395
3 2394 2397 2333
3 2397 2336 2333
3 2396 2335 2398
3 2398 2335 2337
3 2397 2399 2336
3 2399 2338 2336
3 2398 2337 2400
3 2400 2337 2340
3 2399 2401 2338
3 2401 2341 2338
3 2343 2403 2402
3 2342 2343 2402
3 2402 2340 2342
3 2400 2340 2402
3 2401 2404 2341
3 2404 2344 2341
3 2403 2343 2405
3 2405 2343 2345
3 2404 2406 2344
3 2406 2346 2344
3 2405 2345 2407
3 2407 2345 2347
3 2406 2408 2346
3 2408 2348 2346
3 2407 2347 2349
3 2409 2407 2349
3 2349 2410 2409
3 2350 2410 2349
3 2408 2411 2348
3 2411 2351 2348
3 2410 2350 2412
3 2412 2350 2352
3 2411 2413 2351
3 2413 2353 2351
3 2412 2352 2414
3 2414 2352 2354
3 2356 2415 2416
3 2355 2415 2356
3 2415 2355 2353
3 2413 2415 2353
3 2414 2354 2357
3 2417 2414 2357
3 2357 2418 2417
3 2358 2418 2357
3 2416 2419 2356
3 2419 2359 2356
3 2418 2358 2420
3 2420 2358 2360
3 2419 2421 2359
3 2421 2361 2359
3 2420 2360 2422
3 2422 2360 2362
3 2425 2423 2424
3 2424 2423 2364
3 2424 2364 2421
3 2421 2364 2361
3 2422 2362 2365
3 2426 2422 2365
3 2365 2427 2426
3 2366 2427 2365
3 2423 2368 2367
3 2423 2425 2368
3 2425 2428 2368
3 2423 2367 2364
3 2427 2366 2369
3 2429 2427 2369
3 2369 2430 2429
3 2370 2430 2369
3 2372 2431 2432
3 2371 2431 2372
3 2431 2371 2368
3 2428 2431 2368
3 2430 2370 2373
3 2433 2430 2373
3 2433 2373 2372
3 2432 2433 2372
3 2375 2435 2434
3 2374 2375 2434
3 2436 2376 2374
3 2436 2374 2437
3 2437 2374 2434
3 2437 2438 2436
3 2378 2440 2439
3 2377 2378 2439
3 2439 2375 2377
3 2435 2375 2439
3 2436 2379 2376
3 2379 2436 2438
3 2379 2438 2380
3 2380 2438 2441
3 2440 2378 2442
3 2442 2378 2381
3 2441 2443 2380
3 2443 2382 2380
3 2442 2381 2444
3 2444 2381 2384
3 2443 2385 2382
3 2445 2385 2443
3 2385 2445 2446
3 2386 2385 2446
3 2388 2448 2447
3 2387 2388 2447
3 2447 2384 2387
3 2444 2384 2447
3 2446 2449 2386
3 2449 2389 2386
3 2448 2388 2450
3 2450 2388 2390
3 2449 2451 2389
3 2451 2391 2389
3 2450 2390 2452
3 2452 2390 2392
3 2451 2393 2391
3 2453 2393 2451
3 2393 2453 2454
3 2394 2393 2454
3 2396 2456 2455
3 2395 2396 2455
3 2455 2392 2395
3 2452 2392 2455
3 2454 2457 2394
3 2457 2397 2394
3 2456 2396 2458
3 2458 2396 2398
3 2457 2459 2397
3 2459 2399 2397
3 2458 2398 2460
3 2460 2398 2400
3 2459 2461 2399
3 2461 2401 2399
3 2403 2463 2462
3 2402 2403 2462
3 2462 2400 2402
3 2460 2400 2462
3 2461 2464 2401
3 2464 2404 2401
3 2463 2403 2465
3 2465 2403 2405
3 2464 2466 2404
3 2466 2406 2404
3 2467 2468 2465
3 2467 2465 2407
3 2407 2465 2405
3 2468 2467 2469
3 2466 2470 2406
3 2470 2408 2406
3 2467 2407 2409
3 2409 2469 2467
3 2409 2410 2469
3 2410 2471 2469
3 2470 2472 2408
3 2472 2411 2408
3 2471 2410 2473
3 2473 2410 2412
3 2472 2474 2411
3 2474 2413 2411
3 2475 2476 2473
3 2475 2473 2414
3 2414 2473 2412
3 2476 2475 2477
3 2416 2478 2479
3 2415 2478 2416
3 2478 2415 2413
3 2474 2478 2413
3 2475 2414 2417
3 2417 2477 2475
3 2417 2418 2477
3 2418 2480 2477
3 2479 2481 2416
3 2481 2419 2416
3 2480 2418 2482
3 2482 2418 2420
3 2481 2483 2419
3 2483 2421 2419
3 2484 2485 2482
3 2484 2482 2422
3 2422 2482 2420
3 2485 2484 2486
3 2425 2487 2488
3 2424 2487 2425
3 2487 2424 2421
3 2483 2487 2421
3 2484 2422 2426
3 2426 2486 2484
3 2426 2427 2486
3 2427 2489 2486
3 2488 2490 2425
3 2490 2428 2425
3 2489 2427 2429
3 2491 2489 2429
3 2429 2492 2491
3 2430 2492 2429
3 2432 2493 2494
3 2431 2493 2432
3 2493 2431 2428
3 2490 2493 2428
3 2492 2430 2433
3 2495 2492 2433
3 2495 2433 2432
3 2494 2495 2432
3 2435 2497 2496
3 2434 2435 2496
3 2496 2498 2434
3 2434 2498 2437
3 2437 2498 2499
3 2438 2437 2499
3 2440 2501 2500
3 2439 2440 2500
3 2500 2435 2439
3 2497 2435 2500
3 2499 2502 2438
3 2502 2441 2438
3 2501 2440 2503
3 2503 2440 2442
3 2502 2504 2441
3 2504 2443 2441
3 2507 2506 2505
3 2506 2444 2505
3 2506 2503 2444
3 2503 2442 2444
3 2504 2445 2443
3 2508 2445 2504
3 2445 2508 2509
3 2446 2445 2509
3 2505 2447 2448
3 2505 2448 2507
3 2507 2448 2510
3 2505 2444 2447
3 2509 2511 2446
3 2511 2449 2446
3 2510 2448 2512
3 2512 2448 2450
3 2511 2513 2449
3 2513 2451 2449
3 2512 2450 2514
3 2514 2450 2452
3 2513 2453 2451
3 2515 2453 2513
3 2453 2515 2516
3 2454 2453 2516
3 2456 2518 2517
3 2455 2456 2517
3 2517 2452 2455
3 2514 2452 2517
3 2516 2519 2454
3 2519 2457 2454
3 2518 2456 2520
3 2520 2456 2458
3 2519 2521 2457
3 2521 2459 2457
3 2520 2458 2522
3 2522 2458 2460
3 2521 2523 2459
3 2523 2461 2459
3 2463 2525 2524
3 2462 2463 2524
3 2524 2460 2462
3 2522 2460 2524
3 2523 2526 2461
3 2526 2464 2461
3 2525 2463 2527
3 2527 2463 2465
3 2526 2528 2464
3 2528 2466 2464
3 2527 2465 2468
3 2529 2527 2468
3 2468 2530 2529
3 2469 2530 2468
3 2528 2531 2466
3 2531 2470 2466
3 2530 2469 2532
3 2532 2469 2471
3 2531 2533 2470
3 2533 2472 2470
3 2532 2471 2534
3 2534 2471 2473
3 2533 2535 2472
3 2535 2474 2472
3 2534 2473 2476
3 2536 2534 2476
3 2476 2537 2536
3 2477 2537 2476
3 2479 2538 2539
3 2478 2538 2479
3 2538 2478 2474
3 2535 2538 2474
3 2537 2477 2540
3 2540 2477 2480
3 2539 2541 2479
3 2541 2481 2479
3 2540 2480 2542
3 2542 2480 2482
3 2541 2543 2481
3 2543 2483 2481
3 2542 2482 2485
3 2544 2542 2485
3 2485 2545 2544
3 2486 2545 2485
3 2488 2546 2547
3 2487 2546 2488
3 2546 2487 2483
3 2543 2546 2483
3 2545 2486 2548
3 2548 2486 2489
3 2547 2549 2488
3 2549 2490 2488
3 2548 2489 2491
3 2550 2548 2491
3 2491 2551 2550
3 2492 2551 2491
3 2494 2552 2553
3 2493 2552 2494
3 2552 2493 2490
3 2549 2552 2490
3 2551 2492 2495
3 2554 2551 2495
3 2554 2495 2494
3 2553 2554 2494
3 2497 2556 2555
3 2496 2497 2555
3 2555 2557 2496
3 2496 2557 2498
3 2498 2557 2558
3 2499 2498 2558
3 2501 2560 2559
3 2500 2501 2559
3 2559 2497 2500
3 2556 2497 2559
3 2558 2561 2499
3 2561 2502 2499
3 2560 2501 2562
3 2562 2501 2503
3 2563 2561 2564
3 2563 2504 2561
3 2504 2502 2561
3 2564 2565 2563
3 2506 2507 2566
3 2566 2503 2506
3 2566 2567 2503
3 2567 2562 2503
3 2563 2508 2504
3 2508 2563 2565
3 2508 2565 2509
3 2509 2565 2568
3 2569 2566 2507
3 2569 2507 2570
3 2570 2507 2510
3 2566 2569 2567
3 2568 2571 2509
3 2571 2511 2509
3 2570 2510 2572
3 2572 2510 2512
3 2571 2573 2511
3 2573 2513 2511
3 2572 2512 2574
3 2574 2512 2514
3 2573 2515 2513
3 2575 2515 2573
3 2515 2575 2576
3 2516 2515 2576
3 2518 2578 2577
3 2517 2518 2577
3 2577 2514 2517
3 2574 2514 2577
3 2576 2579 2516
3 2579 2519 2516
3 2578 2518 2580
3 2580 2518 2520
3 2579 2581 2519
3 2581 2521 2519
3 2580 2520 2582
3 2582 2520 2522
3 2581 2583 2521
3 2583 2523 2521
3 2525 2585 2584
3 2524 2525 2584
3 2584 2522 2524
3 2582 2522 2584
3 2583 2586 2523
3 2586 2526 2523
3 2585 2525 2587
3 2587 2525 2527
3 2586 2588 2526
3 2588 2528 2526
3 2587 2527 2529
3 2589 2587 2529
3 2529 2590 2589
3 2530 2590 2529
3 2588 2591 2528
3 2591 2531 2528
3 2590 2530 2592
3 2592 2530 2532
3 2591 2593 2531
3 2593 2533 2531
3 2592 2532 2594
3 2594 2532 2534
3 2593 2595 2533
3 2595 2535 2533
3 2536 2596 2597
3 2536 2597 2534
3 2534 2597 2594
3 2536 2537 2596
3 2539 2598 2599
3 2538 2598 2539
3 2598 2538 2535
3 2595 2598 2535
3 2597 2596 2600
3 2596 2601 2600
3 2596 2537 2601
3 2537 2540 2601
3 2599 2602 2539
3 2602 2541 2539
3 2601 2540 2603
3 2603 2540 2542
3 2602 2604 2541
3 2604 2543 2541
3 2603 2542 2544
3 2605 2603 2544
3 2544 2606 2605
3 2545 2606 2544
3 2547 2607 2608
3 2546 2607 2547
3 2607 2546 2543
3 2604 2607 2543
3 2606 2545 2609
3 2609 2545 2548
3 2608 2610 2547
3 2610 2549 2547
3 2609 2548 2550
3 2611 2609 2550
3 2550 2612 2611
3 2551 2612 2550
3 2553 2613 2614
3 2552 2613 2553
3 2613 2552 2549
3 2610 2613 2549
3 2612 2551 2554
3 2615 2612 2554
3 2615 2554 2553
3 2614 2615 2553
3 2556 2617 2616
3 2555 2556 2616
3 2616 2618 2555
3 2555 2618 2557
3 2557 2618 2619
3 2558 2557 2619
3 2560 2621 2620
3 2559 2560 2620
3 2620 2556 2559
3 2617 2556 2620
3 2619 2622 2558
3 2622 2561 2558
3 2621 2560 2623
3 2623 2560 2562
3 2622 2564 2561
3 2624 2564 2622
3 2564 2624 2625
3 2565 2564 2625
3 2623 2562 2626
3 2626 2562 2567
3 2625 2627 2565
3 2627 2568 2565
3 2570 2629 2628
3 2569 2570 2628
3 2628 2567 2569
3 2626 2567 2628
3 2627 2630 2568
3 2630 2571 2568
3 2629 2570 2631
3 2631 2570 2572
3 2630 2632 2571
3 2632 2573 2571
3 2631 2572 2633
3 2633 2572 2574
3 2632 2575 2573
3 2634 2575 2632
3 2575 2634 2635
3 2576 2575 2635
3 2578 2637 2636
3 2577 2578 2636
3 2636 2574 2577
3 2633 2574 2636
3 2635 2638 2576
3 2638 2579 2576
3 2637 2578 2639
3 2639 2578 2580
3 2638 2640 2579
3 2640 2581 2579
3 2639 2580 2641
3 2641 2580 2582
3 2640 2642 2581
3 2642 2583 2581
3 2585 2644 2643
3 2584 2585 2643
3 2643 2582 2584
3 2641 2582 2643
3 2642 2645 2583
3 2645 2586 2583
3 2644 2585 2646
3 2646 2585 2587
3 2645 2647 2586
3 2647 2588 2586
3 2646 2587 2589
3 2648 2646 2589
3 2589 2649 2648
3 2590 2649 2589
3 2647 2650 2588
3 2650 2591 2588
3 2649 2590 2651
3 2651 2590 2592
3 2650 2652 2591
3 2652 2593 2591
3 2651 2592 2653
3 2653 2592 2594
3 2652 2654 2593
3 2654 2595 2593
3 2653 2594 2655
3 2655 2594 2597
3 2599 2656 2657
3 2598 2656 2599
3 2656 2598 2595
3 2654 2656 2595
3 2655 2597 2600
3 2658 2655 2600
3 2600 2659 2658
3 2601 2659 2600
3 2657 2660 2599
3 2660 2602 2599
3 2659 2601 2661
3 2661 2601 2603
3 2660 2662 2602
3 2662 2604 2602
3 2661 2603 2605
3 2663 2661 2605
3 2605 2664 2663
3 2606 2664 2605
3 2608 2665 2666
3 2607 2665 2608
3 2665 2607 2604
3 2662 2665 2604
3 2664 2606 2667
3 2667 2606 2609
3 2666 2668 2608
3 2668 2610 2608
3 2667 2609 2611
3 2669 2667 2611
3 2670 2611 2612
3 2670 2671 2611
3 2671 2669 2611
3 2614 2671 2670
3 2614 2613 2671
3 2613 2672 2671
3 2672 2613 2610
3 2668 2672 2610
3 2670 2612 2615
3 2670 2615 2614
3 2617 2674 2673
3 2616 2617 2673
3 2673 2675 2616
3 2616 2675 2618
3 2618 2675 2676
3 2619 2618 2676
3 2621 2678 2677
3 2620 2621 2677
3 2677 2617 2620
3 2674 2617 2677
3 2676 2679 2619
3 2679 2622 2619
3 2678 2621 2680
3 2680 2621 2623
3 2679 2624 2622
3 2681 2624 2679
3 2624 2681 2682
3 2625 2624 2682
3 2680 2623 2683
3 2683 2623 2626
3 2682 2684 2625
3 2684 2627 2625
3 2629 2686 2685
3 2628 2629 2685
3 2685 2626 2628
3 2683 2626 2685
3 2684 2687 2627
3 2687 2630 2627
3 2686 2629 2688
3 2688 2629 2631
3 2687 2689 2630
3 2689 2632 2630
3 2688 2631 2690
3 2690 2631 2633
3 2689 2634 2632
3 2691 2634 2689
3 2634 2691 2692
3 2635 2634 2692
3 2637 2694 2693
3 2636 2637 2693
3 2693 2633 2636
3 2690 2633 2693
3 2692 2695 2635
3 2695 2638 2635
3 2694 2637 2696
3 2696 2637 2639
3 2695 2697 2638
3 2697 2640 2638
3 2696 2639 2698
3 2698 2639 2641
3 2697 2699 2640
3 2699 2642 2640
3 2644 2701 2700
3 2643 2644 2700
3 2700 2641 2643
3 2698 2641 2700
3 2699 2702 2642
3 2702 2645 2642
3 2701 2644 2703
3 2703 2644 2646
3 2702 2704 2645
3 2704 2647 2645
3 2648 2705 2706
3 2648 2706 2646
3 2646 2706 2703
3 2648 2649 2705
3 2704 2707 2647
3 2707 2650 2647
3 2706 2705 2708
3 2705 2709 2708
3 2705 2649 2709
3 2649 2651 2709
3 2707 2710 2650
3 2710 2652 2650
3 2709 2651 2711
3 2711 2651 2653
3 2710 2712 2652
3 2712 2654 2652
3 2711 2653 2713
3 2713 2653 2655
3 2657 2714 2715
3 2656 2714 2657
3 2714 2656 2654
3 2712 2714 2654
3 2713 2655 2658
3 2716 2713 2658
3 2658 2717 2716
3 2659 2717 2658
3 2715 2718 2657
3 2718 2660 2657
3 2717 2659 2719
3 2719 2659 2661
3 2718 2720 2660
3 2720 2662 2660
3 2719 2661 2663
3 2721 2719 2663
3 2663 2722 2721
3 2664 2722 2663
3 2666 2723 2724
3 2665 2723 2666
3 2723 2665 2662
3 2720 2723 2662
3 2722 2664 2725
3 2725 2664 2667
3 2724 2726 2666
3 2726 2668 2666
3 2725 2667 2669
3 2727 2725 2669
3 2727 2669 2728
3 2669 2671 2728
3 2728 2671 2729
3 2671 2672 2729
3 2729 2672 2668
3 2726 2729 2668
3 2674 2731 2730
3 2673 2674 2730
3 2730 2732 2673
3 2673 2732 2675
3 2675 2732 2733
3 2676 2675 2733
3 2678 2735 2734
3 2677 2678 2734
3 2734 2674 2677
3 2731 2674 2734
3 2733 2736 2676
3 2736 2679 2676
3 2735 2678 2737
3 2737 2678 2680
3 2736 2681 2679
3 2738 2681 2736
3 2681 2738 2739
3 2682 2681 2739
3 2737 2680 2740
3 2740 2680 2683
3 2739 2741 2682
3 2741 2684 2682
3 2686 2743 2742
3 2685 2686 2742
3 2742 2683 2685
3 2740 2683 2742
3 2741 2744 2684
3 2744 2687 2684
3 2743 2686 2745
3 2745 2686 2688
3 2744 2746 2687
3 2746 2689 2687
3 2745 2688 2747
3 2747 2688 2690
3 2746 2691 2689
3 2748 2691 2746
3 2691 2748 2749
3 2692 2691 2749
3 2694 2751 2750
3 2693 2694 2750
3 2750 2690 2693
3 2747 2690 2750
3 2749 2752 2692
3 2752 2695 2692
3 2751 2694 2753
3 2753 2694 2696
3 2752 2754 2695
3 2754 2697 2695
3 2753 2696 2755
3 2755 2696 2698
3 2754 2756 2697
3 2756 2699 2697
3 2701 2758 2757
3 2700 2701 2757
3 2757 2698 2700
3 2755 2698 2757
3 2756 2759 2699
3 2759 2702 2699
3 2758 2701 2760
3 2760 2701 2703
3 2759 2761 2702
3 2761 2704 2702
3 2760 2703 2762
3 2762 2703 2706
3 2761 2763 2704
3 2763 2707 2704
3 2762 2706 2708
3 2764 2762 2708
3 2708 2765 2764
3 2709 2765 2708
3 2763 2766 2707
3 2766 2710 2707
3 2765 2709 2767
3 2767 2709 2711
3 2766 2768 2710
3 2768 2712 2710
3 2767 2711 2769
3 2769 2711 2713
3 2715 2770 2771
3 2714 2770 2715
3 2770 2714 2712
3 2768 2770 2712
3 2769 2713 2716
3 2772 2769 2716
3 2716 2773 2772
3 2717 2773 2716
3 2771 2774 2715
3 2774 2718 2715
3 2773 2717 2775
3 2775 2717 2719
3 2774 2776 2718
3 2776 2720 2718
3 2775 2719 2721
3 2777 2775 2721
3 2721 2778 2777
3 2722 2778 2721
3 2724 2779 2780
3 2723 2779 2724
3 2779 2723 2720
3 2776 2779 2720
3 2778 2722 2781
3 2781 2722 2725
3 2780 2782 2724
3 2782 2726 2724
3 2781 2725 2727
3 2783 2781 2727
3 2783 2727 2784
3 2727 2728 2784
3 2784 2728 2785
3 2728 2729 2785
3 2785 2729 2726
3 2782 2785 2726
3 2731 2787 2786
3 2730 2731 2786
3 2786 2788 2730
3 2730 2788 2732
3 2732 2788 2789
3 2733 2732 2789
3 2735 2791 2790
3 2734 2735 2790
3 2790 2731 2734
3 2787 2731 2790
3 2789 2792 2733
3 2792 2736 2733
3 2791 2735 2793
3 2793 2735 2737
3 2792 2738 2736
3 2794 2738 2792
3 2738 2794 2795
3 2739 2738 2795
3 2793 2737 2796
3 2796 2737 2740
3 2795 2797 2739
3 2797 2741 2739
3 2743 2799 2798
3 2742 2743 2798
3 2798 2740 2742
3 2796 2740 2798
3 2797 2800 2741
3 2800 2744 2741
3 2799 2743 2801
3 2801 2743 2745
3 2800 2802 2744
3 2802 2746 2744
3 2801 2745 2803
3 2803 2745 2747
3 2748 2805 2804
3 2748 2746 2805
3 2746 2802 2805
3 2748 2804 2749
3 2751 2807 2806
3 2750 2751 2806
3 2806 2747 2750
3 2803 2747 2806
3 2805 2808 2804
3 2804 2808 2809
3 2804 2809 2749
3 2749 2809 2752
3 2807 2751 2810
3 2810 2751 2753
3 2809 2811 2752
3 2811 2754 2752
3 2810 2753 2812
3 2812 2753 2755
3 2811 2813 2754
3 2813 2756 2754
3 2758 2815 2814
3 2757 2758 2814
3 2814 2755 2757
3 2812 2755 2814
3 2813 2816 2756
3 2816 2759 2756
3 2815 2758 2817
3 2817 2758 2760
3 2816 2818 2759
3 2818 2761 2759
3 2817 2760 2819
3 2819 2760 2762
3 2818 2820 2761
3 2820 2763 2761
3 2819 2762 2764
3 2821 2819 2764
3 2764 2822 2821
3 2765 2822 2764
3 2820 2823 2763
3 2823 2766 2763
3 2822 2765 2824
3 2824 2765 2767
3 2823 2825 2766
3 2825 2768 2766
3 2824 2767 2826
3 2826 2767 2769
3 2771 2827 2828
3 2770 2827 2771
3 2827 2770 2768
3 2825 2827 2768
3 2826 2769 2772
3 2829 2826 2772
3 2772 2830 2829
3 2773 2830 2772
3 2828 2831 2771
3 2831 2774 2771
3 2830 2773 2832
3 2832 2773 2775
3 2831 2833 2774
3 2833 2776 2774
3 2832 2775 2777
3 2834 2832 2777
3 2777 2835 2834
3 2778 2835 2777
3 2780 2836 2837
3 2779 2836 2780
3 2836 2779 2776
3 2833 2836 2776
3 2835 2778 2838
3 2838 2778 2781
3 2837 2839 2780
3 2839 2782 2780
3 2838 2781 2783
3 2840 2838 2783
3 2840 2783 2841
3 2783 2784 2841
3 2841 2784 2842
3 2784 2785 2842
3 2842 2785 2782
3 2839 2842 2782
3 2787 2844 2843
3 2786 2787 2843
3 2843 2845 2786
3 2786 2845 2788
3 2788 2845 2846
3 2789 2788 2846
3 2791 2848 2847
3 2790 2791 2847
3 2847 2787 2790
3 2844 2787 2847
3 2846 2849 2789
3 2849 2792 2789
3 2848 2791 2850
3 2850 2791 2793
3 2849 2794 2792
3 2851 2794 2849
3 2794 2851 2852
3 2795 2794 2852
3 2850 2793 2853
3 2853 2793 2796
3 2852 2854 2795
3 2854 2797 2795
3 2799 2856 2855
3 2798 2799 2855
3 2855 2796 2798
3 2853 2796 2855
3 2854 2857 2797
3 2857 2800 2797
3 2856 2799 2858
3 2858 2799 2801
3 2857 2859 2800
3 2859 2802 2800
3 2858 2801 2860
3 2860 2801 2803
3 2859 2861 2802
3 2861 2805 2802
3 2807 2863 2862
3 2806 2807 2862
3 2862 2803 2806
3 2860 2803 2862
3 2861 2808 2805
3 2864 2808 2861
3 2808 2864 2865
3 2809 2808 2865
3 2863 2807 2866
3 2866 2807 2810
3 2865 2867 2809
3 2867 2811 2809
3 2866 2810 2868
3 2868 2810 2812
3 2867 2869 2811
3 2869 2813 2811
3 2815 2871 2870
3 2814 2815 2870
3 2870 2812 2814
3 2868 2812 2870
3 2869 2872 2813
3 2872 2816 2813
3 2871 2815 2873
3 2873 2815 2817
3 2872 2874 2816
3 2874 2818 2816
3 2873 2817 2875
3 2875 2817 2819
3 2874 2876 2818
3 2876 2820 2818
3 2875 2819 2821
3 2877 2875 2821
3 2821 2878 2877
3 2822 2878 2821
3 2876 2879 2820
3 2879 2823 2820
3 2878 2822 2880
3 2880 2822 2824
3 2879 2881 2823
3 2881 2825 2823
3 2880 2824 2882
3 2882 2824 2826
3 2828 2883 2884
3 2827 2883 2828
3 2883 2827 2825
3 2881 2883 2825
3 2882 2826 2829
3 2885 2882 2829
3 2829 2886 2885
3 2830 2886 2829
3 2884 2887 2828
3 2887 2831 2828
3 2886 2830 2888
3 2888 2830 2832
3 2887 2889 2831
3 2889 2833 2831
3 2888 2832 2834
3 2890 2888 2834
3 2834 2891 2890
3 2835 2891 2834
3 2837 2892 2893
3 2836 2892 2837
3 2892 2836 2833
3 2889 2892 2833
3 2891 2835 2894
3 2894 2835 2838
3 2893 2895 2837
3 2895 2839 2837
3 2894 2838 2840
3 2896 2894 2840
3 2896 2840 2897
3 2840 2841 2897
3 2897 2841 2898
3 2841 2842 2898
3 2898 2842 2839
3 2895 2898 2839
3 2844 2900 2899
3 2843 2844 2899
3 2899 2901 2843
3 2843 2901 2845
3 2845 2901 2902
3 2846 2845 2902
3 2848 2904 2903
3 2847 2848 2903
3 2903 2844 2847
3 2900 2844 2903
3 2902 2905 2846
3 2905 2849 2846
3 2904 2848 2906
3 2906 2848 2850
3 2905 2851 2849
3 2907 2851 2905
3 2851 2907 2908
3 2852 2851 2908
3 2906 2850 2909
3 2909 2850 2853
3 2908 2910 2852
3 2910 2854 2852
3 2856 2912 2911
3 2855 2856 2911
3 2911 2853 2855
3 2909 2853 2911
3 2910 2913 2854
3 2913 2857 2854
3 2912 2856 2914
3 2914 2856 2858
3 2913 2915 2857
3 2915 2859 2857
3 2914 2858 2916
3 2916 2858 2860
3 2915 2917 2859
3 2917 2861 2859
3 2863 2919 2918
3 2862 2863 2918
3 2918 2860 2862
3 2916 2860 2918
3 2917 2864 2861
3 2920 2864 2917
3 2864 2920 2921
3 2865 2864 2921
3 2919 2863 2922
3 2922 2863 2866
3 2921 2923 2865
3 2923 2867 2865
3 2922 2866 2924
3 2924 2866 2868
3 2923 2925 2867
3 2925 2869 2867
3 2871 2927 2926
3 2870 2871 2926
3 2926 2868 2870
3 2924 2868 2926
3 2925 2928 2869
3 2928 2872 2869
3 2927 2871 2929
3 2929 2871 2873
3 2928 2930 2872
3 2930 2874 2872
3 2929 2873 2931
3 2931 2873 2875
3 2930 2932 2874
3 2932 2876 2874
3 2931 2875 2877
3 2933 2931 2877
3 2877 2934 2933
3 2878 2934 2877
3 2932 2935 2876
3 2935 2879 2876
3 2934 2878 2936
3 2936 2878 2880
3 2935 2937 2879
3 2937 2881 2879
3 2936 2880 2938
3 2938 2880 2882
3 2884 2939 2940
3 2883 2939 2884
3 2939 2883 2881
3 2937 2939 2881
3 2938 2882 2885
3 2941 2938 2885
3 2885 2942 2941
3 2886 2942 2885
3 2940 2943 2884
3 2943 2887 2884
3 2942 2886 2944
3 2944 2886 2888
3 2943 2945 2887
3 2945 2889 2887
3 2944 2888 2890
3 2946 2944 2890
3 2890 2947 2946
3 2891 2947 2890
3 2893 2948 2949
3 2892 2948 2893
3 2948 2892 2889
3 2945 2948 2889
3 2947 2891 2950
3 2950 2891 2894
3 2949 2951 2893
3 2951 2895 2893
3 2950 2894 2896
3 2952 2950 2896
3 2952 2896 2953
3 2896 2897 2953
3 2953 2897 2954
3 2897 2898 2954
3 2954 2898 2895
3 2951 2954 2895
3 2899 2900 2955
3 2901 2899 2955
3 2956 2901 2955
3 2901 2956 2902
3 2904 2958 2957
3 2903 2904 2957
3 2900 2959 2955
3 2900 2903 2959
3 2903 2957 2959
3 2955 2960 2956
3 2959 2960 2955
3 2956 2960 2961
3 2956 2961 2902
3 2902 2961 2905
3 2958 2904 2962
3 2962 2904 2906
3 2961 2907 2905
3 2963 2907 2961
3 2907 2963 2964
3 2908 2907 2964
3 2962 2906 2965
3 2965 2906 2909
3 2964 2966 2908
3 2966 2910 2908
3 2912 2968 2967
3 2911 2912 2967
3 2967 2909 2911
3 2965 2909 2967
3 2966 2969 2910
3 2969 2913 2910
3 2968 2912 2970
3 2970 2912 2914
3 2969 2971 2913
3 2971 2915 2913
3 2970 2914 2972
3 2972 2914 2916
3 2971 2973 2915
3 2973 2917 2915
3 2919 2975 2974
3 2918 2919 2974
3 2974 2916 2918
3 2972 2916 2974
3 2973 2920 2917
3 2976 2920 2973
3 2920 2976 2977
3 2921 2920 2977
3 2975 2919 2978
3 2978 2919 2922
3 2977 2979 2921
3 2979 2923 2921
3 2982 2981 2980
3 2981 2924 2980
3 2981 2978 2924
3 2978 2922 2924
3 2979 2983 2923
3 2983 2925 2923
3 2980 2926 2927
3 2980 2927 2982
3 2982 2927 2984
3 2980 2924 2926
3 2983 2985 2925
3 2985 2928 2925
3 2984 2927 2986
3 2986 2927 2929
3 2985 2987 2928
3 2987 2930 2928
3 2986 2929 2988
3 2988 2929 2931
3 2987 2989 2930
3 2989 2932 2930
3 2988 2931 2933
3 2990 2988 2933
3 2933 2991 2990
3 2934 2991 2933
3 2989 2992 2932
3 2992 2935 2932
3 2991 2934 2993
3 2993 2934 2936
3 2992 2994 2935
3 2994 2937 2935
3 2993 2936 2995
3 2995 2936 2938
3 2940 2996 2997
3 2939 2996 2940
3 2996 2939 2937
3 2994 2996 2937
3 2995 2938 2941
3 2998 2995 2941
3 2941 2999 2998
3 2942 2999 2941
3 2997 3000 2940
3 3000 2943 2940
3 2999 2942 3001
3 3001 2942 2944
3 3000 3002 2943
3 3002 2945 2943
3 2946 3003 3004
3 2946 3004 2944
3 2944 3004 3001
3 2946 2947 3003
3 2949 3005 3006
3 2948 3005 2949
3 3005 2948 2945
3 3002 3005 2945
3 3004 3003 3007
3 3003 3008 3007
3 3003 2947 3008
3 2947 2950 3008
3 3006 3009 2949
3 3009 2951 2949
3 3008 2950 2952
3 3010 3008 2952
3 3010 2952 3011
3 2952 2953 3011
3 3011 2953 3012
3 2953 2954 3012
3 3012 2954 2951
3 3009 3012 2951
3 2957 2958 3013
3 3013 3015 3014
3 3013 3014 2957
3 2957 3014 2959
3 3014 3016 2959
3 2959 3016 2960
3 2960 3016 3017
3 2961 2960 3017
3 3018 3013 2958
3 3018 2958 3019
3 3019 2958 2962
3 3013 3018 3015
3 3017 2963 2961
3 3020 2963 3017
3 2963 3020 3021
3 2964 2963 3021
3 3019 2962 3022
3 3022 2962 2965
3 3021 3023 2964
3 3023 2966 2964
3 2968 3025 3024
3 2967 2968 3024
3 3024 2965 2967
3 3022 2965 3024
3 3023 3026 2966
3 3026 2969 2966
3 3025 2968 3027
3 3027 2968 2970
3 3026 3028 2969
3 3028 2971 2969
3 3027 2970 3029
3 3029 2970 2972
3 3028 3030 2971
3 3030 2973 2971
3 2975 3032 3031
3 2974 2975 3031
3 3031 2972 2974
3 3029 2972 3031
3 3030 2976 2973
3 3033 2976 3030
3 2976 3033 3034
3 2977 2976 3034
3 3032 2975 3035
3 3035 2975 2978
3 3034 3036 2977
3 3036 2979 2977
3 2981 2982 3037
3 3037 2978 2981
3 3037 3038 2978
3 3038 3035 2978
3 3036 3039 2979
3 3039 2983 2979
3 3040 3037 2982
3 3040 2982 3041
3 3041 2982 2984
3 3037 3040 3038
3 3039 3042 2983
3 3042 2985 2983
3 3041 2984 3043
3 3043 2984 2986
3 3042 3044 2985
3 3044 2987 2985
3 3043 2986 3045
3 3045 2986 2988
3 3044 3046 2987
3 3046 2989 2987
3 2990 3047 3048
3 2990 3048 2988
3 2988 3048 3045
3 2990 2991 3047
3 3046 3049 2989
3 3049 2992 2989
3 3048 3047 3050
3 3047 3051 3050
3 3047 2991 3051
3 2991 2993 3051
3 3049 3052 2992
3 3052 2994 2992
3 3051 2993 3053
3 3053 2993 2995
3 2997 3054 3055
3 2996 3054 2997
3 3054 2996 2994
3 3052 3054 2994
3 2998 3056 3057
3 2998 3057 2995
3 2995 3057 3053
3 2998 2999 3056
3 3055 3058 2997
3 3058 3000 2997
3 3057 3056 3059
3 3056 3060 3059
3 3056 2999 3060
3 2999 3001 3060
3 3058 3061 3000
3 3061 3002 3000
3 3060 3001 3062
3 3062 3001 3004
3 3006 3063 3064
3 3005 3063 3006
3 3063 3005 3002
3 3061 3063 3002
3 3062 3004 3007
3 3065 3062 3007
3 3007 3066 3065
3 3008 3066 3007
3 3064 3067 3006
3 3067 3009 3006
3 3066 3008 3010
3 3068 3066 3010
3 3068 3010 3069
3 3010 3011 3069
3 3069 3011 3070
3 3011 3012 3070
3 3070 3012 3009
3 3067 3070 3009
3 3015 3072 3071
3 3014 3015 3071
3 3071 3073 3014
3 3014 3073 3016
3 3016 3073 3074
3 3017 3016 3074
3 3019 3076 3075
3 3018 3019 3075
3 3075 3015 3018
3 3072 3015 3075
3 3020 3078 3077
3 3020 3017 3078
3 3017 3074 3078
3 3020 3077 3021
3 3076 3019 3079
3 3079 3019 3022
3 3078 3080 3077
3 3077 3080 3081
3 3077 3081 3021
3 3021 3081 3023
3 3025 3083 3082
3 3024 3025 3082
3 3082 3022 3024
3 3079 3022 3082
3 3081 3084 3023
3 3084 3026 3023
3 3083 3025 3085
3 3085 3025 3027
3 3084 3086 3026
3 3086 3028 3026
3 3085 3027 3087
3 3087 3027 3029
3 3086 3088 3028
3 3088 3030 3028
3 3032 3090 3089
3 3031 3032 3089
3 3089 3029 3031
3 3087 3029 3089
3 3088 3033 3030
3 3091 3033 3088
3 3033 3091 3092
3 3034 3033 3092
3 3090 3032 3093
3 3093 3032 3035
3 3092 3094 3034
3 3094 3036 3034
3 3097 3096 3095
3 3096 3038 3095
3 3096 3093 3038
3 3093 3035 3038
3 3094 3098 3036
3 3098 3039 3036
3 3095 3040 3041
3 3095 3041 3097
3 3097 3041 3099
3 3095 3038 3040
3 3098 3100 3039
3 3100 3042 3039
3 3099 3041 3101
3 3101 3041 3043
3 3100 3102 3042
3 3102 3044 3042
3 3101 3043 3103
3 3103 3043 3045
3 3102 3104 3044
3 3104 3046 3044
3 3103 3045 3105
3 3105 3045 3048
3 3104 3106 3046
3 3106 3049 3046
3 3105 3048 3050
3 3107 3105 3050
3 3050 3108 3107
3 3051 3108 3050
3 3106 3109 3049
3 3109 3052 3049
3 3108 3051 3110
3 3110 3051 3053
3 3055 3111 3112
3 3054 3111 3055
3 3111 3054 3052
3 3109 3111 3052
3 3110 3053 3113
3 3113 3053 3057
3 3112 3114 3055
3 3114 3058 3055
3 3113 3057 3059
3 3115 3113 3059
3 3059 3116 3115
3 3060 3116 3059
3 3114 3117 3058
3 3117 3061 3058
3 3116 3060 3118
3 3118 3060 3062
3 3064 3119 3120
3 3063 3119 3064
3 3119 3063 3061
3 3117 3119 3061
3 3118 3062 3065
3 3121 3118 3065
3 3065 3122 3121
3 3066 3122 3065
3 3120 3123 3064
3 3123 3067 3064
3 3122 3066 3068
3 3124 3122 3068
3 3124 3068 3125
3 3068 3069 3125
3 3125 3069 3126
3 3069 3070 3126
3 3126 3070 3067
3 3123 3126 3067
3 3072 3128 3127
3 3071 3072 3127
3 3127 3129 3071
3 3071 3129 3073
3 3073 3129 3130
3 3074 3073 3130
3 3076 3132 3131
3 3075 3076 3131
3 3131 3072 3075
3 3128 3072 3131
3 3130 3133 3074
3 3133 3078 3074
3 3132 3076 3134
3 3134 3076 3079
3 3133 3080 3078
3 3135 3080 3133
3 3080 3135 3136
3 3081 3080 3136
3 3083 3138 3137
3 3082 3083 3137
3 3137 3079 3082
3 3134 3079 3137
3 3136 3139 3081
3 3139 3084 3081
3 3138 3083 3140
3 3140 3083 3085
3 3139 3141 3084
3 3141 3086 3084
3 3140 3085 3142
3 3142 3085 3087
3 3141 3143 3086
3 3143 3088 3086
3 3090 3145 3144
3 3089 3090 3144
3 3144 3087 3089
3 3142 3087 3144
3 3143 3091 3088
3 3146 3091 3143
3 3091 3146 3147
3 3092 3091 3147
3 3145 3090 3148
3 3148 3090 3093
3 3147 3149 3092
3 3149 3094 3092
3 3097 3151 3150
3 3096 3097 3150
3 3150 3093 3096
3 3148 3093 3150
3 3149 3152 3094
3 3152 3098 3094
3 3151 3097 3153
3 3153 3097 3099
3 3152 3154 3098
3 3154 3100 3098
3 3153 3099 3155
3 3155 3099 3101
3 3154 3156 3100
3 3156 3102 3100
3 3155 3101 3157
3 3157 3101 3103
3 3156 3158 3102
3 3158 3104 3102
3 3157 3103 3159
3 3159 3103 3105
3 3158 3160 3104
3 3160 3106 3104
3 3159 3105 3107
3 3161 3159 3107
3 3107 3162 3161
3 3108 3162 3107
3 3160 3163 3106
3 3163 3109 3106
3 3162 3108 3164
3 3164 3108 3110
3 3111 3165 3112
3 3165 3111 3109
3 3165 3109 3166
3 3166 3109 3163
3 3164 3110 3167
3 3167 3110 3113
3 3168 3112 3165
3 3168 3169 3112
3 3169 3114 3112
3 3165 3166 3168
3 3167 3113 3115
3 3170 3167 3115
3 3115 3171 3170
3 3116 3171 3115
3 3169 3172 3114
3 3172 3117 3114
3 3171 3116 3173
3 3173 3116 3118
3 3120 3174 3175
3 3119 3174 3120
3 3174 3119 3117
3 3172 3174 3117
3 3173 3118 3121
3 3176 3173 3121
3 3121 3177 3176
3 3122 3177 3121
3 3175 3178 3120
3 3178 3123 3120
3 3177 3122 3124
3 3179 3177 3124
3 3179 3124 3180
3 3124 3125 3180
3 3180 3125 3181
3 3125 3126 3181
3 3181 3126 3123
3 3178 3181 3123
3 3128 3183 3182
3 3127 3128 3182
3 3182 3184 3127
3 3127 3184 3129
3 3129 3184 3185
3 3130 3129 3185
3 3132 3187 3186
3 3131 3132 3186
3 3186 3128 3131
3 3183 3128 3186
3 3185 3188 3130
3 3188 3133 3130
3 3187 3132 3189
3 3189 3132 3134
3 3188 3135 3133
3 3190 3135 3188
3 3135 3190 3191
3 3136 3135 3191
3 3138 3193 3192
3 3137 3138 3192
3 3192 3134 3137
3 3189 3134 3192
3 3191 3194 3136
3 3194 3139 3136
3 3193 3138 3195
3 3195 3138 3140
3 3194 3196 3139
3 3196 3141 3139
3 3195 3140 3197
3 3197 3140 3142
3 3196 3198 3141
3 3198 3143 3141
3 3145 3200 3199
3 3144 3145 3199
3 3199 3142 3144
3 3197 3142 3199
3 3198 3146 3143
3 3201 3146 3198
3 3146 3201 3202
3 3147 3146 3202
3 3200 3145 3203
3 3203 3145 3148
3 3202 3204 3147
3 3204 3149 3147
3 3151 3206 3205
3 3150 3151 3205
3 3205 3148 3150
3 3203 3148 3205
3 3204 3207 3149
3 3207 3152 3149
3 3206 3151 3208
3 3208 3151 3153
3 3207 3209 3152
3 3209 3154 3152
3 3208 3153 3210
3 3210 3153 3155
3 3209 3211 3154
3 3211 3156 3154
3 3210 3155 3212
3 3212 3155 3157
3 3211 3213 3156
3 3213 3158 3156
3 3212 3157 3214
3 3214 3157 3159
3 3213 3215 3158
3 3215 3160 3158
3 3214 3159 3161
3 3216 3214 3161
3 3161 3217 3216
3 3162 3217 3161
3 3215 3218 3160
3 3218 3163 3160
3 3217 3162 3219
3 3219 3162 3164
3 3218 3220 3163
3 3220 3166 3163
3 3219 3164 3221
3 3221 3164 3167
3 3169 3222 3223
3 3168 3222 3169
3 3222 3168 3166
3 3220 3222 3166
3 3221 3167 3170
3 3224 3221 3170
3 3170 3225 3224
3 3171 3225 3170
3 3223 3226 3169
3 3226 3172 3169
3 3225 3171 3227
3 3227 3171 3173
3 3175 3228 3229
3 3174 3228 3175
3 3228 3174 3172
3 3226 3228 3172
3 3227 3173 3176
3 3230 3227 3176
3 3176 3231 3230
3 3177 3231 3176
3 3229 3232 3175
3 3232 3178 3175
3 3231 3177 3179
3 3233 3231 3179
3 3233 3179 3234
3 3179 3180 3234
3 3234 3180 3235
3 3180 3181 3235
3 3235 3181 3178
3 3232 3235 3178
3 3183 3237 3236
3 3182 3183 3236
3 3236 3238 3182
3 3182 3238 3184
3 3184 3238 3239
3 3185 3184 3239
3 3187 3241 3240
3 3186 3187 3240
3 3240 3183 3186
3 3237 3183 3240
3 3239 3242 3185
3 3242 3188 3185
3 3241 3187 3243
3 3243 3187 3189
3 3242 3190 3188
3 3244 3190 3242
3 3190 3244 3245
3 3191 3190 3245
3 3192 3193 3246
3 3246 3189 3192
3 3246 3247 3189
3 3247 3243 3189
3 3245 3248 3191
3 3248 3194 3191
3 3249 3246 3193
3 3249 3193 3250
3 3250 3193 3195
3 3246 3249 3247
3 3248 3251 3194
3 3251 3196 3194
3 3250 3195 3252
3 3252 3195 3197
3 3251 3253 3196
3 3253 3198 3196
3 3200 3255 3254
3 3199 3200 3254
3 3254 3197 3199
3 3252 3197 3254
3 3253 3201 3198
3 3256 3201 3253
3 3201 3256 3257
3 3202 3201 3257
3 3255 3200 3258
3 3258 3200 3203
3 3257 3259 3202
3 3259 3204 3202
3 3206 3261 3260
3 3205 3206 3260
3 3260 3203 3205
3 3258 3203 3260
3 3259 3262 3204
3 3262 3207 3204
3 3261 3206 3263
3 3263 3206 3208
3 3262 3264 3207
3 3264 3209 3207
3 3263 3208 3265
3 3265 3208 3210
3 3264 3266 3209
3 3266 3211 3209
3 3265 3210 3267
3 3267 3210 3212
3 3266 3268 3211
3 3268 3213 3211
3 3267 3212 3269
3 3269 3212 3214
3 3268 3270 3213
3 3270 3215 3213
3 3269 3214 3216
3 3271 3269 3216
3 3216 3272 3271
3 3217 3272 3216
3 3270 3273 3215
3 3273 3218 3215
3 3272 3217 3274
3 3274 3217 3219
3 3273 3275 3218
3 3275 3220 3218
3 3274 3219 3276
3 3276 3219 3221
3 3223 3277 3278
3 3222 3277 3223
3 3277 3222 3220
3 3275 3277 3220
3 3276 3221 3224
3 3279 3276 3224
3 3224 3280 3279
3 3225 3280 3224
3 3278 3281 3223
3 3281 3226 3223
3 3280 3225 3282
3 3282 3225 3227
3 3229 3283 3284
3 3228 3283 3229
3 3283 3228 3226
3 3281 3283 3226
3 3282 3227 3230
3 3285 3282 3230
3 3230 3286 3285
3 3231 3286 3230
3 3284 3287 3229
3 3287 3232 3229
3 3286 3231 3233
3 3288 3286 3233
3 3288 3233 3289
3 3233 3234 3289
3 3289 3234 3290
3 3234 3235 3290
3 3290 3235 3232
3 3287 3290 3232
3 3237 3292 3291
3 3236 3237 3291
3 3291 3293 3236
3 3236 3293 3238
3 3238 3293 3294
3 3239 3238 3294
3 3241 3296 3295
3 3240 3241 3295
3 3295 3237 3240
3 3292 3237 3295
3 3294 3297 3239
3 3297 3242 3239
3 3296 3241 3298
3 3298 3241 3243
3 3297 3244 3242
3 3299 3244 3297
3 3244 3299 3300
3 3245 3244 3300
3 3298 3243 3301
3 3301 3243 3247
3 3300 3302 3245
3 3302 3248 3245
3 3250 3304 3303
3 3249 3250 3303
3 3303 3247 3249
3 3301 3247 3303
3 3302 3305 3248
3 3305 3251 3248
3 3304 3250 3306
3 3306 3250 3252
3 3305 3307 3251
3 3307 3253 3251
3 3255 3309 3308
3 3254 3255 3308
3 3308 3252 3254
3 3306 3252 3308
3 3307 3256 3253
3 3310 3256 3307
3 3256 3310 3311
3 3257 3256 3311
3 3309 3255 3312
3 3312 3255 3258
3 3311 3313 3257
3 3313 3259 3257
3 3261 3315 3314
3 3260 3261 3314
3 3314 3258 3260
3 3312 3258 3314
3 3313 3316 3259
3 3316 3262 3259
3 3315 3261 3317
3 3317 3261 3263
3 3316 3318 3262
3 3318 3264 3262
3 3317 3263 3319
3 3319 3263 3265
3 3318 3320 3264
3 3320 3266 3264
3 3319 3265 3321
3 3321 3265 3267
3 3320 3322 3266
3 3322 3268 3266
3 3321 3267 3323
3 3323 3267 3269
3 3322 3324 3268
3 3324 3270 3268
3 3323 3269 3271
3 3325 3323 3271
3 3271 3326 3325
3 3272 3326 3271
3 3324 3327 3270
3 3327 3273 3270
3 3326 3272 3328
3 3328 3272 3274
3 3327 3329 3273
3 3329 3275 3273
3 3328 3274 3330
3 3330 3274 3276
3 3278 3331 3332
3 3277 3331 3278
3 3331 3277 3275
3 3329 3331 3275
3 3330 3276 3279
3 3333 3330 3279
3 3279 3334 3333
3 3280 3334 3279
3 3332 3335 3278
3 3335 3281 3278
3 3334 3280 3336
3 3336 3280 3282
3 3284 3337 3338
3 3283 3337 3284
3 3337 3283 3281
3 3335 3337 3281
3 3336 3282 3285
3 3339 3336 3285
3 3285 3340 3339
3 3286 3340 3285
3 3338 3341 3284
3 3341 3287 3284
3 3340 3286 3288
3 3342 3340 3288
3 3342 3288 3343
3 3288 3289 3343
3 3343 3289 3344
3 3289 3290 3344
3 3344 3290 3287
3 3341 3344 3287
3 3291 3292 3345
3 3293 3291 3345
3 3346 3293 3345
3 3293 3346 3294
3 3295 3296 3347
3 3347 3349 3348
3 3295 3347 3348
3 3295 3348 3345
3 3295 3345 3292
3 3345 3350 3346
3 3348 3350 3345
3 3346 3350 3351
3 3346 3351 3294
3 3294 3351 3297
3 3352 3347 3296
3 3352 3296 3353
3 3353 3296 3298
3 3347 3352 3349
3 3351 3299 3297
3 3354 3299 3351
3 3299 3354 3355
3 3300 3299 3355
3 3353 3298 3356
3 3356 3298 3301
3 3355 3357 3300
3 3357 3302 3300
3 3304 3359 3358
3 3303 3304 3358
3 3358 3301 3303
3 3356 3301 3358
3 3357 3360 3302
3 3360 3305 3302
3 3359 3304 3361
3 3361 3304 3306
3 3362 3360 3363
3 3362 3307 3360
3 3307 3305 3360
3 3363 3364 3362
3 3309 3366 3365
3 3308 3309 3365
3 3365 3306 3308
3 3361 3306 3365
3 3362 3310 3307
3 3310 3362 3364
3 3310 3364 3311
3 3311 3364 3367
3 3366 3309 3368
3 3368 3309 3312
3 3367 3369 3311
3 3369 3313 3311
3 3315 3371 3370
3 3314 3315 3370
3 3370 3312 3314
3 3368 3312 3370
3 3369 3372 3313
3 3372 3316 3313
3 3371 3315 3373
3 3373 3315 3317
3 3372 3374 3316
3 3374 3318 3316
3 3373 3317 3375
3 3375 3317 3319
3 3374 3376 3318
3 3376 3320 3318
3 3375 3319 3377
3 3377 3319 3321
3 3376 3378 3320
3 3378 3322 3320
3 3377 3321 3379
3 3379 3321 3323
3 3378 3380 3322
3 3380 3324 3322
3 3379 3323 3325
3 3381 3379 3325
3 3325 3382 3381
3 3326 3382 3325
3 3380 3383 3324
3 3383 3327 3324
3 3382 3326 3384
3 3384 3326 3328
3 3383 3385 3327
3 3385 3329 3327
3 3384 3328 3386
3 3386 3328 3330
3 3332 3387 3388
3 3331 3387 3332
3 3387 3331 3329
3 3385 3387 3329
3 3386 3330 3333
3 3389 3386 3333
3 3333 3390 3389
3 3334 3390 3333
3 3388 3391 3332
3 3391 3335 3332
3 3390 3334 3392
3 3392 3334 3336
3 3338 3393 3394
3 3337 3393 3338
3 3393 3337 3335
3 3391 3393 3335
3 3392 3336 3339
3 3395 3392 3339
3 3339 3396 3395
3 3340 3396 3339
3 3394 3397 3338
3 3397 3341 3338
3 3396 3340 3342
3 3398 3396 3342
3 3398 3342 3399
3 3342 3343 3399
3 3399 3343 3400
3 3343 3344 3400
3 3400 3344 3341
3 3397 3400 3341
3 3349 3402 3401
3 3348 3349 3401
3 3401 3403 3348
3 3348 3403 3350
3 3350 3403 3404
3 3351 3350 3404
3 3353 3406 3405
3 3352 3353 3405
3 3405 3349 3352
3 3402 3349 3405
3 3354 3408 3407
3 3354 3351 3408
3 3351 3404 3408
3 3354 3407 3355
3 3406 3353 3409
3 3409 3353 3356
3 3408 3410 3407
3 3407 3410 3411
3 3407 3411 3355
3 3355 3411 3357
3 3359 3413 3412
3 3358 3359 3412
3 3412 3356 3358
3 3409 3356 3412
3 3411 3414 3357
3 3414 3360 3357
3 3413 3359 3415
3 3415 3359 3361
3 3414 3363 3360
3 3416 3363 3414
3 3363 3416 3417
3 3364 3363 3417
3 3366 3419 3418
3 3365 3366 3418
3 3418 3361 3365
3 3415 3361 3418
3 3417 3420 3364
3 3420 3367 3364
3 3419 3366 3421
3 3421 3366 3368
3 3420 3422 3367
3 3422 3369 3367
3 3371 3424 3423
3 3370 3371 3423
3 3423 3368 3370
3 3421 3368 3423
3 3422 3425 3369
3 3425 3372 3369
3 3424 3371 3426
3 3426 3371 3373
3 3425 3427 3372
3 3427 3374 3372
3 3426 3373 3428
3 3428 3373 3375
3 3427 3429 3374
3 3429 3376 3374
3 3428 3375 3430
3 3430 3375 3377
3 3429 3431 3376
3 3431 3378 3376
3 3430 3377 3432
3 3432 3377 3379
3 3431 3433 3378
3 3433 3380 3378
3 3432 3379 3381
3 3434 3432 3381
3 3381 3435 3434
3 3382 3435 3381
3 3433 3436 3380
3 3436 3383 3380
3 3435 3382 3437
3 3437 3382 3384
3 3436 3438 3383
3 3438 3385 3383
3 3437 3384 3439
3 3439 3384 3386
3 3388 3440 3441
3 3387 3440 3388
3 3440 3387 3385
3 3438 3440 3385
3 3439 3386 3389
3 3442 3439 3389
3 3389 3443 3442
3 3390 3443 3389
3 3441 3444 3388
3 3444 3391 3388
3 3443 3390 3445
3 3445 3390 3392
3 3394 3446 3447
3 3393 3446 3394
3 3446 3393 3391
3 3444 3446 3391
3 3445 3392 3395
3 3448 3445 3395
3 3449 3395 3396
3 3449 3450 3395
3 3450 3448 3395
3 3450 3449 3451
3 3454 3452 3453
3 3453 3452 3397
3 3453 3397 3447
3 3447 3397 3394
3 3449 3396 3398
3 3451 3449 3398
3 3451 3398 3455
3 3455 3398 3399
3 3452 3454 3455
3 3452 3455 3400
3 3400 3455 3399
3 3452 3400 3397
3 3402 3457 3456
3 3401 3402 3456
3 3456 3458 3401
3 3401 3458 3403
3 3403 3458 3459
3 3404 3403 3459
3 3406 3461 3460
3 3405 3406 3460
3 3460 3402 3405
3 3457 3402 3460
3 3459 3462 3404
3 3462 3408 3404
3 3461 3406 3463
3 3463 3406 3409
3 3462 3410 3408
3 3464 3410 3462
3 3410 3464 3465
3 3411 3410 3465
3 3413 3467 3466
3 3412 3413 3466
3 3466 3409 3412
3 3463 3409 3466
3 3465 3468 3411
3 3468 3414 3411
3 3467 3413 3469
3 3469 3413 3415
3 3416 3471 3470
3 3416 3414 3471
3 3414 3468 3471
3 3416 3470 3417
3 3419 3473 3472
3 3418 3419 3472
3 3472 3415 3418
3 3469 3415 3472
3 3471 3474 3470
3 3470 3474 3475
3 3470 3475 3417
3 3417 3475 3420
3 3473 3419 3476
3 3476 3419 3421
3 3475 3477 3420
3 3477 3422 3420
3 3424 3479 3478
3 3423 3424 3478
3 3478 3421 3423
3 3476 3421 3478
3 3477 3480 3422
3 3480 3425 3422
3 3479 3424 3481
3 3481 3424 3426
3 3480 3482 3425
3 3482 3427 3425
3 3481 3426 3483
3 3483 3426 3428
3 3482 3484 3427
3 3484 3429 3427
3 3483 3428 3485
3 3485 3428 3430
3 3484 3486 3429
3 3486 3431 3429
3 3485 3430 3487
3 3487 3430 3432
3 3486 3488 3431
3 3488 3433 3431
3 3487 3432 3434
3 3489 3487 3434
3 3434 3490 3489
3 3435 3490 3434
3 3488 3491 3433
3 3491 3436 3433
3 3490 3435 3492
3 3492 3435 3437
3 3491 3493 3436
3 3493 3438 3436
3 3492 3437 3494
3 3494 3437 3439
3 3441 3495 3496
3 3440 3495 3441
3 3495 3440 3438
3 3493 3495 3438
3 3494 3439 3442
3 3497 3494 3442
3 3442 3498 3497
3 3443 3498 3442
3 3496 3499 3441
3 3499 3444 3441
3 3500 3501 3498
3 3500 3498 3445
3 3445 3498 3443
3 3501 3500 3502
3 3447 3503 3504
3 3446 3503 3447
3 3503 3446 3444
3 3499 3503 3444
3 3500 3445 3448
3 3502 3500 3448
3 3502 3448 3505
3 3505 3448 3450
3 3450 3506 3505
3 3451 3506 3450
3 3454 3507 3508
3 3453 3507 3454
3 3507 3453 3447
3 3504 3507 3447
3 3506 3451 3455
3 3509 3506 3455
3 3509 3455 3454
3 3508 3509 3454
3 3457 3511 3510
3 3456 3457 3510
3 3510 3512 3456
3 3456 3512 3458
3 3458 3512 3513
3 3459 3458 3513
3 3461 3515 3514
3 3460 3461 3514
3 3514 3457 3460
3 3511 3457 3514
3 3513 3516 3459
3 3516 3462 3459
3 3515 3461 3517
3 3517 3461 3463
3 3516 3464 3462
3 3518 3464 3516
3 3464 3518 3519
3 3465 3464 3519
3 3467 3521 3520
3 3466 3467 3520
3 3520 3463 3466
3 3517 3463 3520
3 3519 3522 3465
3 3522 3468 3465
3 3521 3467 3523
3 3523 3467 3469
3 3522 3524 3468
3 3524 3471 3468
3 3473 3526 3525
3 3472 3473 3525
3 3525 3469 3472
3 3523 3469 3525
3 3524 3474 3471
3 3527 3474 3524
3 3474 3527 3528
3 3475 3474 3528
3 3526 3473 3529
3 3529 3473 3476
3 3528 3530 3475
3 3530 3477 3475
3 3479 3532 3531
3 3478 3479 3531
3 3531 3476 3478
3 3529 3476 3531
3 3530 3533 3477
3 3533 3480 3477
3 3532 3479 3534
3 3534 3479 3481
3 3533 3535 3480
3 3535 3482 3480
3 3534 3481 3536
3 3536 3481 3483
3 3535 3537 3482
3 3537 3484 3482
3 3536 3483 3538
3 3538 3483 3485
3 3537 3539 3484
3 3539 3486 3484
3 3538 3485 3540
3 3540 3485 3487
3 3539 3541 3486
3 3541 3488 3486
3 3540 3487 3489
3 3542 3540 3489
3 3489 3543 3542
3 3490 3543 3489
3 3541 3544 3488
3 3544 3491 3488
3 3543 3490 3545
3 3545 3490 3492
3 3544 3546 3491
3 3546 3493 3491
3 3545 3492 3547
3 3547 3492 3494
3 3496 3548 3549
3 3495 3548 3496
3 3548 3495 3493
3 3546 3548 3493
3 3547 3494 3497
3 3550 3547 3497
3 3497 3551 3550
3 3498 3551 3497
3 3549 3552 3496
3 3552 3499 3496
3 3551 3498 3501
3 3553 3551 3501
3 3501 3554 3553
3 3502 3554 3501
3 3504 3555 3556
3 3503 3555 3504
3 3555 3503 3499
3 3552 3555 3499
3 3554 3502 3505
3 3557 3554 3505
3 3558 3505 3506
3 3558 3559 3505
3 3559 3557 3505
3 3508 3559 3558
3 3508 3507 3559
3 3507 3560 3559
3 3560 3507 3504
3 3556 3560 3504
3 3558 3506 3509
3 3558 3509 3508
3 3511 3562 3561
3 3510 3511 3561
3 3561 3563 3510
3 3510 3563 3512
3 3512 3563 3564
3 3513 3512 3564
3 3515 3566 3565
3 3514 3515 3565
3 3565 3511 3514
3 3562 3511 3565
3 3564 3567 3513
3 3567 3516 3513
3 3566 3515 3568
3 3568 3515 3517
3 3567 3518 3516
3 3569 3518 3567
3 3518 3569 3570
3 3519 3518 3570
3 3521 3572 3571
3 3520 3521 3571
3 3571 3517 3520
3 3568 3517 3571
3 3570 3573 3519
3 3573 3522 3519
3 3572 3521 3574
3 3574 3521 3523
3 3573 3575 3522
3 3575 3524 3522
3 3526 3577 3576
3 3525 3526 3576
3 3576 3523 3525
3 3574 3523 3576
3 3575 3527 3524
3 3578 3527 3575
3 3527 3578 3579
3 3528 3527 3579
3 3577 3526 3580
3 3580 3526 3529
3 3579 3581 3528
3 3581 3530 3528
3 3532 3583 3582
3 3531 3532 3582
3 3582 3529 3531
3 3580 3529 3582
3 3581 3584 3530
3 3584 3533 3530
3 3583 3532 3585
3 3585 3532 3534
3 3584 3586 3533
3 3586 3535 3533
3 3585 3534 3587
3 3587 3534 3536
3 3586 3588 3535
3 3588 3537 3535
3 3587 3536 3589
3 3589 3536 3538
3 3588 3590 3537
3 3590 3539 3537
3 3589 3538 3591
3 3591 3538 3540
3 3590 3592 3539
3 3592 3541 3539
3 3591 3540 3542
3 3593 3591 3542
3 3542 3594 3593
3 3543 3594 3542
3 3592 3595 3541
3 3595 3544 3541
3 3594 3543 3596
3 3596 3543 3545
3 3595 3597 3544
3 3597 3546 3544
3 3596 3545 3598
3 3598 3545 3547
3 3549 3599 3600
3 3548 3599 3549
3 3599 3548 3546
3 3597 3599 3546
3 3598 3547 3550
3 3601 3598 3550
3 3550 3602 3601
3 3551 3602 3550
3 3600 3603 3549
3 3603 3552 3549
3 3602 3551 3553
3 3604 3602 3553
3 3553 3605 3604
3 3554 3605 3553
3 3556 3606 3607
3 3555 3606 3556
3 3606 3555 3552
3 3603 3606 3552
3 3605 3554 3557
3 3608 3605 3557
3 3608 3557 3609
3 3557 3559 3609
3 3609 3559 3610
3 3559 3560 3610
3 3610 3560 3556
3 3607 3610 3556
3 3562 3612 3611
3 3561 3562 3611
3 3614 3613 3563
3 3614 3563 3611
3 3611 3563 3561
3 3563 3613 3564
3 3566 3616 3615
3 3565 3566 3615
3 3615 3562 3565
3 3612 3562 3615
3 3614 3617 3613
3 3613 3617 3618
3 3613 3618 3564
3 3564 3618 3567
3 3616 3566 3619
3 3619 3566 3568
3 3618 3569 3567
3 3620 3569 3618
3 3569 3620 3621
3 3570 3569 3621
3 3572 3623 3622
3 3571 3572 3622
3 3622 3568 3571
3 3619 3568 3622
3 3621 3624 3570
3 3624 3573 3570
3 3623 3572 3625
3 3625 3572 3574
3 3624 3626 3573
3 3626 3575 3573
3 3577 3628 3627
3 3576 3577 3627
3 3627 3574 3576
3 3625 3574 3627
3 3578 3630 3629
3 3578 3575 3630
3 3575 3626 3630
3 3578 3629 3579
3 3628 3577 3631
3 3631 3577 3580
3 3630 3632 3629
3 3629 3632 3633
3 3629 3633 3579
3 3579 3633 3581
3 3583 3635 3634
3 3582 3583 3634
3 3634 3580 3582
3 3631 3580 3634
3 3633 3636 3581
3 3636 3584 3581
3 3635 3583 3637
3 3637 3583 3585
3 3636 3638 3584
3 3638 3586 3584
3 3637 3585 3639
3 3639 3585 3587
3 3638 3640 3586
3 3640 3588 3586
3 3639 3587 3641
3 3641 3587 3589
3 3640 3642 3588
3 3642 3590 3588
3 3641 3589 3643
3 3643 3589 3591
3 3642 3644 3590
3 3644 3592 3590
3 3643 3591 3593
3 3645 3643 3593
3 3593 3646 3645
3 3594 3646 3593
3 3644 3647 3592
3 3647 3595 3592
3 3646 3594 3648
3 3648 3594 3596
3 3647 3649 3595
3 3649 3597 3595
3 3650 3651 3648
3 3650 3648 3598
3 3598 3648 3596
3 3651 3650 3652
3 3600 3653 3654
3 3599 3653 3600
3 3653 3599 3597
3 3649 3653 3597
3 3650 3598 3601
3 3601 3652 3650
3 3601 3602 3652
3 3602 3655 3652
3 3654 3656 3600
3 3656 3603 3600
3 3655 3602 3604
3 3657 3655 3604
3 3604 3658 3657
3 3605 3658 3604
3 3607 3659 3660
3 3606 3659 3607
3 3659 3606 3603
3 3656 3659 3603
3 3658 3605 3608
3 3661 3658 3608
3 3661 3608 3662
3 3608 3609 3662
3 3662 3609 3663
3 3609 3610 3663
3 3663 3610 3607
3 3660 3663 3607
3 3611 3612 3664
3 3611 3664 3614
3 3616 3666 3665
3 3615 3616 3665
3 3612 3667 3664
3 3612 3615 3667
3 3615 3665 3667
3 3664 3617 3614
3 3664 3667 3617
3 3667 3668 3617
3 3617 3668 3669
3 3618 3617 3669
3 3666 3616 3670
3 3670 3616 3619
3 3669 3620 3618
3 3671 3620 3669
3 3620 3671 3672
3 3621 3620 3672
3 3623 3674 3673
3 3622 3623 3673
3 3673 3619 3622
3 3670 3619 3673
3 3672 3675 3621
3 3675 3624 3621
3 3674 3623 3676
3 3676 3623 3625
3 3675 3677 3624
3 3677 3626 3624
3 3628 3679 3678
3 3627 3628 3678
3 3678 3625 3627
3 3676 3625 3678
3 3677 3680 3626
3 3680 3630 3626
3 3679 3628 3681
3 3681 3628 3631
3 3680 3632 3630
3 3682 3632 3680
3 3632 3682 3683
3 3633 3632 3683
3 3635 3685 3684
3 3634 3635 3684
3 3684 3631 3634
3 3681 3631 3684
3 3683 3686 3633
3 3686 3636 3633
3 3685 3635 3687
3 3687 3635 3637
3 3686 3688 3636
3 3688 3638 3636
3 3687 3637 3689
3 3689 3637 3639
3 3688 3690 3638
3 3690 3640 3638
3 3689 3639 3691
3 3691 3639 3641
3 3690 3692 3640
3 3692 3642 3640
3 3693 3694 3691
3 3693 3691 3643
3 3643 3691 3641
3 3694 3693 3695
3 3692 3696 3642
3 3696 3644 3642
3 3693 3643 3645
3 3645 3695 3693
3 3645 3646 3695
3 3646 3697 3695
3 3696 3698 3644
3 3698 3647 3644
3 3697 3646 3699
3 3699 3646 3648
3 3698 3700 3647
3 3700 3649 3647
3 3699 3648 3651
3 3701 3699 3651
3 3651 3702 3701
3 3652 3702 3651
3 3654 3703 3704
3 3653 3703 3654
3 3703 3653 3649
3 3700 3703 3649
3 3702 3652 3705
3 3705 3652 3655
3 3704 3706 3654
3 3706 3656 3654
3 3705 3655 3657
3 3707 3705 3657
3 3657 3708 3707
3 3658 3708 3657
3 3660 3709 3710
3 3659 3709 3660
3 3709 3659 3656
3 3706 3709 3656
3 3708 3658 3661
3 3711 3708 3661
3 3711 3661 3712
3 3661 3662 3712
3 3712 3662 3713
3 3662 3663 3713
3 3713 3663 3660
3 3710 3713 3660
3 3666 3715 3714
3 3665 3666 3714
3 3714 3716 3665
3 3665 3716 3667
3 3716 3717 3667
3 3667 3717 3668
3 3668 3717 3718
3 3669 3668 3718
3 3715 3666 3719
3 3719 3666 3670
3 3671 3721 3720
3 3671 3669 3721
3 3669 3718 3721
3 3671 3720 3672
3 3674 3723 3722
3 3673 3674 3722
3 3722 3670 3673
3 3719 3670 3722
3 3721 3724 3720
3 3720 3724 3725
3 3720 3725 3672
3 3672 3725 3675
3 3723 3674 3726
3 3726 3674 3676
3 3725 3727 3675
3 3727 3677 3675
3 3678 3679 3728
3 3728 3676 3678
3 3728 3729 3676
3 3729 3726 3676
3 3727 3730 3677
3 3730 3680 3677
3 3731 3728 3679
3 3731 3679 3732
3 3732 3679 3681
3 3728 3731 3729
3 3730 3682 3680
3 3733 3682 3730
3 3682 3733 3734
3 3683 3682 3734
3 3685 3736 3735
3 3684 3685 3735
3 3735 3681 3684
3 3732 3681 3735
3 3734 3737 3683
3 3737 3686 3683
3 3736 3685 3738
3 3738 3685 3687
3 3737 3739 3686
3 3739 3688 3686
3 3738 3687 3740
3 3740 3687 3689
3 3739 3741 3688
3 3741 3690 3688
3 3740 3689 3742
3 3742 3689 3691
3 3741 3743 3690
3 3743 3692 3690
3 3742 3691 3694
3 3744 3742 3694
3 3694 3745 3744
3 3695 3745 3694
3 3743 3746 3692
3 3746 3696 3692
3 3745 3695 3747
3 3747 3695 3697
3 3746 3748 3696
3 3748 3698 3696
3 3747 3697 3749
3 3749 3697 3699
3 3748 3750 3698
3 3750 3700 3698
3 3749 3699 3701
3 3751 3749 3701
3 3701 3752 3751
3 3702 3752 3701
3 3704 3753 3754
3 3703 3753 3704
3 3753 3703 3700
3 3750 3753 3700
3 3752 3702 3755
3 3755 3702 3705
3 3758 3756 3757
3 3757 3756 3706
3 3757 3706 3754
3 3754 3706 3704
3 3755 3705 3707
3 3759 3755 3707
3 3707 3760 3759
3 3708 3760 3707
3 3763 3761 3762
3 3756 3710 3709
3 3758 3710 3756
3 3758 3761 3710
3 3758 3762 3761
3 3756 3709 3706
3 3760 3708 3711
3 3764 3760 3711
3 3764 3711 3765
3 3711 3712 3765
3 3761 3763 3765
3 3761 3765 3713
3 3713 3765 3712
3 3761 3713 3710
3 3714 3715 3766
3 3766 3768 3767
3 3766 3767 3714
3 3714 3767 3716
3 3767 3769 3716
3 3716 3769 3717
3 3717 3769 3770
3 3718 3717 3770
3 3771 3766 3715
3 3771 3715 3772
3 3772 3715 3719
3 3766 3771 3768
3 3770 3773 3718
3 3773 3721 3718
3 3723 3775 3774
3 3722 3723 3774
3 3774 3719 3722
3 3772 3719 3774
3 3773 3724 3721
3 3776 3724 3773
3 3724 3776 3777
3 3725 3724 3777
3 3775 3723 3778
3 3778 3723 3726
3 3777 3779 3725
3 3779 3727 3725
3 3778 3726 3780
3 3780 3726 3729
3 3779 3781 3727
3 3781 3730 3727
3 3732 3783 3782
3 3731 3732 3782
3 3782 3729 3731
3 3780 3729 3782
3 3733 3785 3784
3 3733 3730 3785
3 3730 3781 3785
3 3733 3784 3734
3 3736 3787 3786
3 3735 3736 3786
3 3786 3732 3735
3 3783 3732 3786
3 3785 3788 3784
3 3784 3788 3789
3 3784 3789 3734
3 3734 3789 3737
3 3787 3736 3790
3 3790 3736 3738
3 3789 3791 3737
3 3791 3739 3737
3 3790 3738 3792
3 3792 3738 3740
3 3791 3793 3739
3 3793 3741 3739
3 3792 3740 3794
3 3794 3740 3742
3 3793 3795 3741
3 3795 3743 3741
3 3794 3742 3744
3 3796 3794 3744
3 3744 3797 3796
3 3745 3797 3744
3 3795 3798 3743
3 3798 3746 3743
3 3797 3745 3799
3 3799 3745 3747
3 3798 3800 3746
3 3800 3748 3746
3 3799 3747 3801
3 3801 3747 3749
3 3800 3802 3748
3 3802 3750 3748
3 3801 3749 3751
3 3803 3801 3751
3 3751 3804 3803
3 3752 3804 3751
3 3754 3805 3806
3 3753 3805 3754
3 3805 3753 3750
3 3802 3805 3750
3 3804 3752 3807
3 3807 3752 3755
3 3758 3808 3809
3 3757 3808 3758
3 3808 3757 3754
3 3806 3808 3754
3 3807 3755 3759
3 3810 3807 3759
3 3811 3759 3760
3 3811 3812 3759
3 3812 3810 3759
3 3812 3813 3814
3 3811 3813 3812
3 3763 3814 3813
3 3763 3762 3814
3 3762 3815 3814
3 3815 3762 3758
3 3809 3815 3758
3 3811 3760 3764
3 3813 3811 3764
3 3765 3813 3764
3 3813 3765 3763
3 3768 3817 3816
3 3767 3768 3816
3 3816 3818 3767
3 3767 3818 3769
3 3769 3818 3819
3 3770 3769 3819
3 3772 3821 3820
3 3771 3772 3820
3 3820 3768 3771
3 3817 3768 3820
3 3819 3822 3770
3 3822 3773 3770
3 3775 3824 3823
3 3774 3775 3823
3 3823 3772 3774
3 3821 3772 3823
3 3822 3776 3773
3 3825 3776 3822
3 3776 3825 3826
3 3777 3776 3826
3 3824 3775 3827
3 3827 3775 3778
3 3826 3828 3777
3 3828 3779 3777
3 3827 3778 3829
3 3829 3778 3780
3 3828 3830 3779
3 3830 3781 3779
3 3783 3832 3831
3 3782 3783 3831
3 3831 3780 3782
3 3829 3780 3831
3 3830 3833 3781
3 3833 3785 3781
3 3786 3787 3834
3 3834 3783 3786
3 3834 3835 3783
3 3835 3832 3783
3 3833 3788 3785
3 3836 3788 3833
3 3788 3836 3837
3 3789 3788 3837
3 3838 3834 3787
3 3838 3787 3839
3 3839 3787 3790
3 3834 3838 3835
3 3837 3840 3789
3 3840 3791 3789
3 3839 3790 3841
3 3841 3790 3792
3 3840 3842 3791
3 3842 3793 3791
3 3843 3844 3841
3 3843 3841 3794
3 3794 3841 3792
3 3844 3843 3845
3 3842 3846 3793
3 3846 3795 3793
3 3843 3794 3796
3 3796 3845 3843
3 3796 3797 3845
3 3797 3847 3845
3 3846 3848 3795
3 3848 3798 3795
3 3847 3797 3849
3 3849 3797 3799
3 3848 3850 3798
3 3850 3800 3798
3 3849 3799 3851
3 3851 3799 3801
3 3850 3852 3800
3 3852 3802 3800
3 3851 3801 3803
3 3853 3851 3803
3 3803 3854 3853
3 3804 3854 3803
3 3806 3855 3856
3 3805 3855 3806
3 3855 3805 3802
3 3852 3855 3802
3 3854 3804 3857
3 3857 3804 3807
3 3809 3858 3859
3 3808 3858 3809
3 3858 3808 3806
3 3856 3858 3806
3 3857 3807 3810
3 3860 3857 3810
3 3860 3810 3861
3 3810 3812 3861
3 3861 3812 3862
3 3812 3814 3862
3 3862 3814 3863
3 3814 3815 3863
3 3863 3815 3809
3 3859 3863 3809
3 3817 3865 3864
3 3816 3817 3864
3 3864 3866 3816
3 3816 3866 3818
3 3818 3866 3867
3 3819 3818 3867
3 3821 3869 3868
3 3820 3821 3868
3 3868 3817 3820
3 3865 3817 3868
3 3867 3870 3819
3 3870 3822 3819
3 3824 3872 3871
3 3823 3824 3871
3 3871 3821 3823
3 3869 3821 3871
3 3870 3825 3822
3 3873 3825 3870
3 3825 3873 3874
3 3826 3825 3874
3 3872 3824 3875
3 3875 3824 3827
3 3874 3876 3826
3 3876 3828 3826
3 3875 3827 3877
3 3877 3827 3829
3 3876 3878 3828
3 3878 3830 3828
3 3832 3880 3879
3 3831 3832 3879
3 3879 3829 3831
3 3877 3829 3879
3 3878 3881 3830
3 3881 3833 3830
3 3880 3832 3882
3 3882 3832 3835
3 3881 3836 3833
3 3883 3836 3881
3 3836 3883 3884
3 3837 3836 3884
3 3839 3886 3885
3 3838 3839 3885
3 3885 3835 3838
3 3882 3835 3885
3 3884 3887 3837
3 3887 3840 3837
3 3886 3839 3888
3 3888 3839 3841
3 3887 3889 3840
3 3889 3842 3840
3 3888 3841 3844
3 3890 3888 3844
3 3844 3891 3890
3 3845 3891 3844
3 3889 3892 3842
3 3892 3846 3842
3 3891 3845 3893
3 3893 3845 3847
3 3892 3894 3846
3 3894 3848 3846
3 3893 3847 3895
3 3895 3847 3849
3 3894 3896 3848
3 3896 3850 3848
3 3895 3849 3897
3 3897 3849 3851
3 3896 3898 3850
3 3898 3852 3850
3 3897 3851 3853
3 3899 3897 3853
3 3853 3900 3899
3 3854 3900 3853
3 3856 3901 3902
3 3855 3901 3856
3 3901 3855 3852
3 3898 3901 3852
3 3900 3854 3903
3 3903 3854 3857
3 3859 3904 3905
3 3858 3904 3859
3 3904 3858 3856
3 3902 3904 3856
3 3903 3857 3860
3 3906 3903 3860
3 3906 3860 3907
3 3860 3861 3907
3 3907 3861 3908
3 3861 3862 3908
3 3908 3862 3909
3 3862 3863 3909
3 3909 3863 3859
3 3905 3909 3859
3 3865 3911 3910
3 3864 3865 3910
3 3910 3912 3864
3 3864 3912 3866
3 3866 3912 3913
3 3867 3866 3913
3 3869 3915 3914
3 3868 3869 3914
3 3914 3865 3868
3 3911 3865 3914
3 3913 3916 3867
3 3916 3870 3867
3 3871 3872 3917
3 3917 3869 3871
3 3917 3918 3869
3 3918 3915 3869
3 3916 3873 3870
3 3919 3873 3916
3 3873 3919 3920
3 3874 3873 3920
3 3921 3917 3872
3 3921 3872 3922
3 3922 3872 3875
3 3917 3921 3918
3 3920 3923 3874
3 3923 3876 3874
3 3922 3875 3924
3 3924 3875 3877
3 3923 3925 3876
3 3925 3878 3876
3 3880 3927 3926
3 3879 3880 3926
3 3926 3877 3879
3 3924 3877 3926
3 3925 3928 3878
3 3928 3881 3878
3 3927 3880 3929
3 3929 3880 3882
3 3928 3883 3881
3 3930 3883 3928
3 3883 3930 3931
3 3884 3883 3931
3 3886 3933 3932
3 3885 3886 3932
3 3932 3882 3885
3 3929 3882 3932
3 3931 3934 3884
3 3934 3887 3884
3 3933 3886 3935
3 3935 3886 3888
3 3934 3936 3887
3 3936 3889 3887
3 3935 3888 3890
3 3937 3935 3890
3 3890 3938 3937
3 3891 3938 3890
3 3936 3939 3889
3 3939 3892 3889
3 3938 3891 3940
3 3940 3891 3893
3 3939 3941 3892
3 3941 3894 3892
3 3940 3893 3942
3 3942 3893 3895
3 3941 3943 3894
3 3943 3896 3894
3 3944 3945 3942
3 3944 3942 3897
3 3897 3942 3895
3 3945 3944 3946
3 3949 3947 3948
3 3948 3947 3898
3 3948 3898 3943
3 3943 3898 3896
3 3944 3897 3899
3 3899 3946 3944
3 3899 3900 3946
3 3900 3950 3946
3 3947 3902 3901
3 3947 3949 3902
3 3949 3951 3902
3 3947 3901 3898
3 3950 3900 3952
3 3952 3900 3903
3 3905 3953 3954
3 3904 3953 3905
3 3953 3904 3902
3 3951 3953 3902
3 3952 3903 3906
3 3955 3952 3906
3 3955 3906 3956
3 3906 3907 3956
3 3956 3907 3957
3 3907 3908 3957
3 3957 3908 3958
3 3908 3909 3958
3 3958 3909 3905
3 3954 3958 3905
3 3911 3960 3959
3 3910 3911 3959
3 3962 3961 3912
3 3962 3912 3959
3 3959 3912 3910
3 3912 3961 3913
3 3915 3964 3963
3 3914 3915 3963
3 3963 3911 3914
3 3960 3911 3963
3 3962 3965 3961
3 3961 3965 3966
3 3961 3966 3913
3 3913 3966 3916
3 3964 3915 3967
3 3967 3915 3918
3 3966 3919 3916
3 3968 3919 3966
3 3919 3968 3969
3 3920 3919 3969
3 3922 3971 3970
3 3921 3922 3970
3 3970 3918 3921
3 3967 3918 3970
3 3969 3972 3920
3 3972 3923 3920
3 3971 3922 3973
3 3973 3922 3924
3 3972 3974 3923
3 3974 3925 3923
3 3927 3976 3975
3 3926 3927 3975
3 3975 3924 3926
3 3973 3924 3975
3 3974 3977 3925
3 3977 3928 3925
3 3976 3927 3978
3 3978 3927 3929
3 3977 3930 3928
3 3979 3930 3977
3 3930 3979 3980
3 3931 3930 3980
3 3932 3933 3981
3 3981 3929 3932
3 3981 3982 3929
3 3982 3978 3929
3 3980 3983 3931
3 3983 3934 3931
3 3984 3981 3933
3 3984 3933 3985
3 3985 3933 3935
3 3981 3984 3982
3 3983 3986 3934
3 3986 3936 3934
3 3985 3935 3937
3 3987 3985 3937
3 3937 3988 3987
3 3938 3988 3937
3 3986 3989 3936
3 3989 3939 3936
3 3988 3938 3990
3 3990 3938 3940
3 3989 3991 3939
3 3991 3941 3939
3 3990 3940 3992
3 3992 3940 3942
3 3991 3993 3941
3 3993 3943 3941
3 3992 3942 3945
3 3994 3992 3945
3 3945 3995 3994
3 3946 3995 3945
3 3949 3996 3997
3 3948 3996 3949
3 3996 3948 3943
3 3993 3996 3943
3 3995 3946 3998
3 3998 3946 3950
3 3997 3999 3949
3 3999 3951 3949
3 3998 3950 4000
3 4000 3950 3952
3 3954 4001 4002
3 3953 4001 3954
3 4001 3953 3951
3 3999 4001 3951
3 4000 3952 3955
3 4003 4000 3955
3 4003 3955 4004
3 3955 3956 4004
3 4004 3956 4005
3 3956 3957 4005
3 4005 3957 4006
3 3957 3958 4006
3 4006 3958 3954
3 4002 4006 3954
3 3960 4008 4007
3 3959 3960 4007
3 3959 4007 4009
3 3962 3959 4009
3 3964 4011 4010
3 3963 3964 4010
3 4010 3960 3963
3 4008 3960 4010
3 4009 3965 3962
3 4012 3965 4009
3 3965 4012 4013
3 3966 3965 4013
3 4011 3964 4014
3 4014 3964 3967
3 3968 4016 4015
3 3968 3966 4016
3 3966 4013 4016
3 3968 4015 3969
3 3971 4018 4017
3 3970 3971 4017
3 4017 3967 3970
3 4014 3967 4017
3 4016 4019 4015
3 4015 4019 4020
3 4015 4020 3969
3 3969 4020 3972
3 4018 3971 4021
3 4021 3971 3973
3 4020 4022 3972
3 4022 3974 3972
3 3976 4024 4023
3 3975 3976 4023
3 4023 3973 3975
3 4021 3973 4023
3 4022 4025 3974
3 4025 3977 3974
3 4024 3976 4026
3 4026 3976 3978
3 4025 3979 3977
3 4027 3979 4025
3 3979 4027 4028
3 3980 3979 4028
3 4026 3978 4029
3 4029 3978 3982
3 4028 4030 3980
3 4030 3983 3980
3 3984 3985 4031
3 4031 3982 3984
3 4031 4032 3982
3 4032 4029 3982
3 4030 4033 3983
3 4033 3986 3983
3 4031 3985 3987
3 3987 4032 4031
3 3987 3988 4032
3 3988 4034 4032
3 4033 4035 3986
3 4035 3989 3986
3 4034 3988 4036
3 4036 3988 3990
3 4035 4037 3989
3 4037 3991 3989
3 4036 3990 4038
3 4038 3990 3992
3 4037 4039 3991
3 4039 3993 3991
3 4038 3992 3994
3 4040 4038 3994
3 3994 4041 4040
3 3995 4041 3994
3 3997 4042 4043
3 3996 4042 3997
3 4042 3996 3993
3 4039 4042 3993
3 4041 3995 4044
3 4044 3995 3998
3 4043 4045 3997
3 4045 3999 3997
3 4046 4047 4044
3 4046 4044 4000
3 4000 4044 3998
3 4047 4046 4048
3 4002 4049 4050
3 4001 4049 4002
3 4049 4001 3999
3 4045 4049 3999
3 4046 4000 4003
3 4048 4046 4003
3 4048 4003 4051
3 4051 4003 4004
3 4051 4004 4052
3 4004 4005 4052
3 4052 4005 4053
3 4005 4006 4053
3 4053 4006 4002
3 4050 4053 4002
3 4007 4008 4054
3 4007 4054 4009
3 4011 4056 4055
3 4010 4011 4055
3 4008 4057 4054
3 4008 4010 4057
3 4010 4055 4057
3 4054 4012 4009
3 4054 4057 4012
3 4057 4058 4012
3 4012 4058 4059
3 4013 4012 4059
3 4056 4011 4060
3 4060 4011 4014
3 4059 4061 4013
3 4061 4016 4013
3 4018 4063 4062
3 4017 4018 4062
3 4062 4014 4017
3 4060 4014 4062
3 4061 4019 4016
3 4064 4019 4061
3 4019 4064 4065
3 4020 4019 4065
3 4063 4018 4066
3 4066 4018 4021
3 4065 4067 4020
3 4067 4022 4020
3 4023 4024 4068
3 4068 4021 4023
3 4068 4069 4021
3 4069 4066 4021
3 4067 4070 4022
3 4070 4025 4022
3 4071 4068 4024
3 4071 4024 4072
3 4072 4024 4026
3 4068 4071 4069
3 4070 4027 4025
3 4073 4027 4070
3 4027 4073 4074
3 4028 4027 4074
3 4072 4026 4075
3 4075 4026 4029
3 4074 4076 4028
3 4076 4030 4028
3 4075 4029 4077
3 4077 4029 4032
3 4076 4078 4030
3 4078 4033 4030
3 4077 4032 4079
3 4079 4032 4034
3 4078 4080 4033
3 4080 4035 4033
3 4079 4034 4081
3 4081 4034 4036
3 4080 4082 4035
3 4082 4037 4035
3 4081 4036 4083
3 4083 4036 4038
3 4082 4084 4037
3 4084 4039 4037
3 4083 4038 4040
3 4085 4083 4040
3 4040 4086 4085
3 4041 4086 4040
3 4043 4087 4088
3 4042 4087 4043
3 4087 4042 4039
3 4084 4087 4039
3 4086 4041 4089
3 4089 4041 4044
3 4088 4090 4043
3 4090 4045 4043
3 4089 4044 4047
3 4091 4089 4047
3 4047 4092 4091
3 4048 4092 4047
3 4095 4093 4094
3 4050 4094 4093
3 4050 4049 4094
3 4049 4096 4094
3 4096 4049 4045
3 4090 4096 4045
3 4092 4048 4051
3 4097 4092 4051
3 4097 4051 4098
3 4051 4052 4098
3 4093 4095 4098
3 4093 4098 4053
3 4053 4098 4052
3 4093 4053 4050
3 4056 4100 4099
3 4055 4056 4099
3 4099 4101 4055
3 4055 4101 4057
3 4101 4102 4057
3 4057 4102 4058
3 4058 4102 4103
3 4059 4058 4103
3 4100 4056 4104
3 4104 4056 4060
3 4103 4105 4059
3 4105 4061 4059
3 4063 4107 4106
3 4062 4063 4106
3 4106 4060 4062
3 4104 4060 4106
3 4105 4064 4061
3 4108 4064 4105
3 4064 4108 4109
3 4065 4064 4109
3 4107 4063 4110
3 4110 4063 4066
3 4109 4111 4065
3 4111 4067 4065
3 4110 4066 4112
3 4112 4066 4069
3 4111 4113 4067
3 4113 4070 4067
3 4072 4115 4114
3 4071 4072 4114
3 4114 4069 4071
3 4112 4069 4114
3 4113 4073 4070
3 4116 4073 4113
3 4073 4116 4117
3 4074 4073 4117
3 4115 4072 4118
3 4118 4072 4075
3 4117 4119 4074
3 4119 4076 4074
3 4118 4075 4120
3 4120 4075 4077
3 4119 4121 4076
3 4121 4078 4076
3 4120 4077 4122
3 4122 4077 4079
3 4121 4123 4078
3 4123 4080 4078
3 4122 4079 4124
3 4124 4079 4081
3 4123 4125 4080
3 4125 4082 4080
3 4126 4127 4124
3 4126 4124 4083
3 4083 4124 4081
3 4127 4126 4128
3 4125 4129 4082
3 4129 4084 4082
3 4126 4083 4085
3 4085 4128 4126
3 4085 4086 4128
3 4086 4130 4128
3 4088 4131 4132
3 4087 4131 4088
3 4131 4087 4084
3 4129 4131 4084
3 4130 4086 4133
3 4133 4086 4089
3 4132 4134 4088
3 4134 4090 4088
3 4133 4089 4091
3 4135 4133 4091
3 4091 4136 4135
3 4092 4136 4091
3 4095 4137 4138
3 4094 4137 4095
3 4137 4094 4139
3 4094 4096 4139
3 4139 4096 4090
3 4134 4139 4090
3 4136 4092 4097
3 4140 4136 4097
3 4140 4097 4141
3 4097 4098 4141
3 4141 4098 4095
3 4138 4141 4095
3 4100 4143 4142
3 4099 4100 4142
3 4142 4144 4099
3 4099 4144 4101
3 4146 4145 4102
3 4146 4102 4144
3 4144 4102 4101
3 4102 4145 4103
3 4143 4100 4147
3 4147 4100 4104
3 4146 4148 4145
3 4145 4148 4149
3 4145 4149 4103
3 4103 4149 4105
3 4107 4151 4150
3 4106 4107 4150
3 4150 4104 4106
3 4147 4104 4150
3 4149 4108 4105
3 4152 4108 4149
3 4108 4152 4153
3 4109 4108 4153
3 4151 4107 4154
3 4154 4107 4110
3 4153 4155 4109
3 4155 4111 4109
3 4154 4110 4156
3 4156 4110 4112
3 4155 4157 4111
3 4157 4113 4111
3 4115 4159 4158
3 4114 4115 4158
3 4158 4112 4114
3 4156 4112 4158
3 4157 4116 4113
3 4160 4116 4157
3 4116 4160 4161
3 4117 4116 4161
3 4159 4115 4162
3 4162 4115 4118
3 4161 4163 4117
3 4163 4119 4117
3 4162 4118 4164
3 4164 4118 4120
3 4163 4165 4119
3 4165 4121 4119
3 4164 4120 4166
3 4166 4120 4122
3 4165 4167 4121
3 4167 4123 4121
3 4166 4122 4168
3 4168 4122 4124
3 4167 4169 4123
3 4169 4125 4123
3 4168 4124 4127
3 4170 4168 4127
3 4127 4171 4170
3 4128 4171 4127
3 4169 4172 4125
3 4172 4129 4125
3 4171 4128 4173
3 4173 4128 4130
3 4132 4174 4175
3 4131 4174 4132
3 4174 4131 4129
3 4172 4174 4129
3 4173 4130 4176
3 4176 4130 4133
3 4175 4177 4132
3 4177 4134 4132
3 4176 4133 4135
3 4178 4176 4135
3 4179 4135 4136
3 4179 4180 4135
3 4180 4178 4135
3 4180 4179 4181
3 4138 4182 4183
3 4137 4182 4138
3 4182 4137 4184
3 4137 4139 4184
3 4184 4139 4134
3 4177 4184 4134
3 4179 4136 4140
3 4181 4179 4140
3 4181 4140 4185
3 4185 4140 4141
3 4185 4141 4138
3 4183 4185 4138
3 4142 4143 4186
3 4186 4188 4187
3 4186 4187 4142
3 4142 4187 4144
3 4144 4187 4189
3 4146 4144 4189
3 4190 4186 4143
3 4190 4143 4191
3 4191 4143 4147
3 4186 4190 4188
3 4189 4148 4146
3 4192 4148 4189
3 4148 4192 4193
3 4149 4148 4193
3 4151 4195 4194
3 4150 4151 4194
3 4194 4147 4150
3 4191 4147 4194
3 4193 4152 4149
3 4196 4152 4193
3 4152 4196 4197
3 4153 4152 4197
3 4195 4151 4198
3 4198 4151 4154
3 4197 4199 4153
3 4199 4155 4153
3 4198 4154 4200
3 4200 4154 4156
3 4199 4201 4155
3 4201 4157 4155
3 4158 4159 4202
3 4202 4156 4158
3 4202 4203 4156
3 4203 4200 4156
3 4201 4160 4157
3 4204 4160 4201
3 4160 4204 4205
3 4161 4160 4205
3 4206 4202 4159
3 4206 4159 4207
3 4207 4159 4162
3 4202 4206 4203
3 4205 4208 4161
3 4208 4163 4161
3 4207 4162 4209
3 4209 4162 4164
3 4208 4210 4163
3 4210 4165 4163
3 4209 4164 4211
3 4211 4164 4166
3 4210 4212 4165
3 4212 4167 4165
3 4211 4166 4213
3 4213 4166 4168
3 4212 4214 4167
3 4214 4169 4167
3 4213 4168 4170
3 4215 4213 4170
3 4170 4216 4215
3 4171 4216 4170
3 4214 4217 4169
3 4217 4172 4169
3 4216 4171 4218
3 4218 4171 4173
3 4175 4219 4220
3 4174 4219 4175
3 4219 4174 4172
3 4217 4219 4172
3 4218 4173 4221
3 4221 4173 4176
3 4220 4222 4175
3 4222 4177 4175
3 4221 4176 4178
3 4223 4221 4178
3 4223 4178 4224
3 4178 4180 4224
3 4180 4225 4224
3 4181 4225 4180
3 4183 4226 4227
3 4182 4226 4183
3 4226 4182 4228
3 4182 4184 4228
3 4228 4184 4177
3 4222 4228 4177
3 4225 4181 4185
3 4229 4225 4185
3 4229 4185 4183
3 4227 4229 4183
3 4188 4231 4230
3 4187 4188 4230
3 4187 4230 4232
3 4189 4187 4232
3 4191 4234 4233
3 4190 4191 4233
3 4233 4188 4190
3 4231 4188 4233
3 4232 4192 4189
3 4235 4192 4232
3 4192 4235 4236
3 4193 4192 4236
3 4194 4195 4237
3 4237 4191 4194
3 4237 4238 4191
3 4238 4234 4191
3 4236 4196 4193
3 4239 4196 4236
3 4196 4239 4240
3 4197 4196 4240
3 4241 4237 4195
3 4241 4195 4242
3 4242 4195 4198
3 4237 4241 4238
3 4240 4243 4197
3 4243 4199 4197
3 4242 4198 4244
3 4244 4198 4200
3 4243 4245 4199
3 4245 4201 4199
3 4244 4200 4246
3 4246 4200 4203
3 4245 4204 4201
3 4247 4204 4245
3 4204 4247 4248
3 4205 4204 4248
3 4207 4250 4249
3 4206 4207 4249
3 4249 4203 4206
3 4246 4203 4249
3 4248 4251 4205
3 4251 4208 4205
3 4250 4207 4252
3 4252 4207 4209
3 4251 4253 4208
3 4253 4210 4208
3 4252 4209 4254
3 4254 4209 4211
3 4253 4255 4210
3 4255 4212 4210
3 4254 4211 4256
3 4256 4211 4213
3 4255 4257 4212
3 4257 4214 4212
3 4256 4213 4215
3 4258 4256 4215
3 4215 4259 4258
3 4216 4259 4215
3 4257 4260 4214
3 4260 4217 4214
3 4259 4216 4261
3 4261 4216 4218
3 4220 4262 4263
3 4219 4262 4220
3 4262 4219 4217
3 4260 4262 4217
3 4264 4265 4261
3 4264 4261 4221
3 4221 4261 4218
3 4265 4264 4266
3 4263 4267 4220
3 4267 4222 4220
3 4264 4221 4223
3 4266 4264 4223
3 4266 4223 4268
3 4268 4223 4224
3 4269 4224 4225
3 4269 4270 4224
3 4270 4268 4224
3 4227 4270 4269
3 4227 4226 4270
3 4226 4271 4270
3 4271 4226 4272
3 4226 4228 4272
3 4272 4228 4222
3 4267 4272 4222
3 4269 4225 4229
3 4269 4229 4227
3 4230 4231 4273
3 4230 4273 4232
3 4234 4275 4274
3 4233 4234 4274
3 4231 4276 4273
3 4231 4233 4276
3 4233 4274 4276
3 4273 4235 4232
3 4273 4276 4235
3 4276 4277 4235
3 4235 4277 4278
3 4236 4235 4278
3 4275 4234 4279
3 4279 4234 4238
3 4278 4239 4236
3 4280 4239 4278
3 4239 4280 4281
3 4240 4239 4281
3 4242 4283 4282
3 4241 4242 4282
3 4282 4238 4241
3 4279 4238 4282
3 4281 4284 4240
3 4284 4243 4240
3 4283 4242 4285
3 4285 4242 4244
3 4284 4286 4243
3 4286 4245 4243
3 4285 4244 4287
3 4287 4244 4246
3 4286 4247 4245
3 4288 4247 4286
3 4247 4288 4289
3 4248 4247 4289
3 4250 4291 4290
3 4249 4250 4290
3 4290 4246 4249
3 4287 4246 4290
3 4289 4292 4248
3 4292 4251 4248
3 4291 4250 4293
3 4293 4250 4252
3 4292 4294 4251
3 4294 4253 4251
3 4293 4252 4295
3 4295 4252 4254
3 4294 4296 4253
3 4296 4255 4253
3 4297 4298 4295
3 4297 4295 4256
3 4256 4295 4254
3 4298 4297 4299
3 4296 4300 4255
3 4300 4257 4255
3 4297 4256 4258
3 4258 4299 4297
3 4258 4259 4299
3 4259 4301 4299
3 4300 4302 4257
3 4302 4260 4257
3 4301 4259 4303
3 4303 4259 4261
3 4263 4304 4305
3 4262 4304 4263
3 4304 4262 4260
3 4302 4304 4260
3 4303 4261 4265
3 4306 4303 4265
3 4265 4307 4306
3 4266 4307 4265
3 4305 4308 4263
3 4308 4267 4263
3 4307 4266 4268
3 4309 4307 4268
3 4309 4268 4310
3 4268 4270 4310
3 4310 4270 4311
3 4270 4271 4311
3 4311 4271 4312
3 4271 4272 4312
3 4312 4272 4267
3 4308 4312 4267
3 4275 4314 4313
3 4274 4275 4313
3 4313 4315 4274
3 4274 4315 4276
3 4315 4316 4276
3 4276 4316 4277
3 4277 4316 4317
3 4278 4277 4317
3 4314 4275 4318
3 4318 4275 4279
3 4280 4320 4319
3 4280 4278 4320
3 4278 4317 4320
3 4280 4319 4281
3 4283 4322 4321
3 4282 4283 4321
3 4321 4279 4282
3 4318 4279 4321
3 4320 4323 4319
3 4319 4323 4324
3 4319 4324 4281
3 4281 4324 4284
3 4322 4283 4325
3 4325 4283 4285
3 4324 4326 4284
3 4326 4286 4284
3 4325 4285 4327
3 4327 4285 4287
3 4326 4288 4286
3 4328 4288 4326
3 4288 4328 4329
3 4289 4288 4329
3 4290 4291 4330
3 4330 4287 4290
3 4330 4331 4287
3 4331 4327 4287
3 4329 4332 4289
3 4332 4292 4289
3 4333 4330 4291
3 4333 4291 4334
3 4334 4291 4293
3 4330 4333 4331
3 4332 4335 4292
3 4335 4294 4292
3 4334 4293 4336
3 4336 4293 4295
3 4335 4337 4294
3 4337 4296 4294
3 4336 4295 4298
3 4338 4336 4298
3 4298 4339 4338
3 4299 4339 4298
3 4337 4340 4296
3 4340 4300 4296
3 4339 4299 4341
3 4341 4299 4301
3 4340 4342 4300
3 4342 4302 4300
3 4341 4301 4343
3 4343 4301 4303
3 4305 4344 4345
3 4304 4344 4305
3 4344 4304 4302
3 4342 4344 4302
3 4343 4303 4306
3 4346 4343 4306
3 4306 4347 4346
3 4307 4347 4306
3 4345 4348 4305
3 4348 4308 4305
3 4347 4307 4309
3 4349 4347 4309
3 4349 4309 4350
3 4309 4310 4350
3 4350 4310 4351
3 4310 4311 4351
3 4351 4311 4352
3 4311 4312 4352
3 4352 4312 4308
3 4348 4352 4308
3 4314 4354 4353
3 4313 4314 4353
3 4353 4355 4313
3 4313 4355 4315
3 4357 4356 4316
3 4357 4316 4355
3 4355 4316 4315
3 4316 4356 4317
3 4354 4314 4358
3 4358 4314 4318
3 4357 4359 4356
3 4356 4359 4360
3 4356 4360 4317
3 4317 4360 4320
3 4322 4362 4361
3 4321 4322 4361
3 4361 4318 4321
3 4358 4318 4361
3 4360 4323 4320
3 4363 4323 4360
3 4323 4363 4364
3 4324 4323 4364
3 4362 4322 4365
3 4365 4322 4325
3 4364 4366 4324
3 4366 4326 4324
3 4365 4325 4367
3 4367 4325 4327
3 4366 4328 4326
3 4368 4328 4366
3 4328 4368 4369
3 4329 4328 4369
3 4367 4327 4370
3 4370 4327 4331
3 4369 4371 4329
3 4371 4332 4329
3 4334 4373 4372
3 4333 4334 4372
3 4372 4331 4333
3 4370 4331 4372
3 4371 4374 4332
3 4374 4335 4332
3 4373 4334 4375
3 4375 4334 4336
3 4374 4376 4335
3 4376 4337 4335
3 4375 4336 4338
3 4377 4375 4338
3 4338 4378 4377
3 4339 4378 4338
3 4376 4379 4337
3 4379 4340 4337
3 4378 4339 4380
3 4380 4339 4341
3 4379 4381 4340
3 4381 4342 4340
3 4380 4341 4382
3 4382 4341 4343
3 4345 4383 4384
3 4344 4383 4345
3 4383 4344 4342
3 4381 4383 4342
3 4382 4343 4346
3 4385 4382 4346
3 4346 4386 4385
3 4347 4386 4346
3 4384 4387 4345
3 4387 4348 4345
3 4386 4347 4349
3 4388 4386 4349
3 4388 4349 4389
3 4349 4350 4389
3 4389 4350 4390
3 4350 4351 4390
3 4390 4351 4391
3 4351 4352 4391
3 4391 4352 4348
3 4387 4391 4348
3 4354 4393 4392
3 4353 4354 4392
3 4392 4394 4353
3 4353 4394 4355
3 4355 4394 4395
3 4357 4355 4395
3 4393 4354 4396
3 4396 4354 4358
3 4395 4359 4357
3 4397 4359 4395
3 4359 4397 4398
3 4360 4359 4398
3 4362 4400 4399
3 4361 4362 4399
3 4399 4358 4361
3 4396 4358 4399
3 4398 4363 4360
3 4401 4363 4398
3 4363 4401 4402
3 4364 4363 4402
3 4400 4362 4403
3 4403 4362 4365
3 4402 4404 4364
3 4404 4366 4364
3 4403 4365 4405
3 4405 4365 4367
3 4404 4368 4366
3 4406 4368 4404
3 4368 4406 4407
3 4369 4368 4407
3 4405 4367 4408
3 4408 4367 4370
3 4407 4409 4369
3 4409 4371 4369
3 4373 4411 4410
3 4372 4373 4410
3 4410 4370 4372
3 4408 4370 4410
3 4409 4412 4371
3 4412 4374 4371
3 4413 4414 4411
3 4413 4411 4375
3 4375 4411 4373
3 4414 4413 4415
3 4412 4416 4374
3 4416 4376 4374
3 4413 4375 4377
3 4377 4415 4413
3 4377 4378 4415
3 4378 4417 4415
3 4416 4418 4376
3 4418 4379 4376
3 4417 4378 4419
3 4419 4378 4380
3 4418 4420 4379
3 4420 4381 4379
3 4419 4380 4421
3 4421 4380 4382
3 4384 4422 4423
3 4383 4422 4384
3 4422 4383 4381
3 4420 4422 4381
3 4421 4382 4385
3 4424 4421 4385
3 4385 4425 4424
3 4386 4425 4385
3 4428 4426 4427
3 4427 4426 4387
3 4427 4387 4423
3 4423 4387 4384
3 4425 4386 4388
3 4429 4425 4388
3 4429 4388 4430
3 4388 4389 4430
3 4430 4389 4431
3 4389 4390 4431
3 4426 4428 4431
3 4426 4431 4391
3 4391 4431 4390
3 4426 4391 4387
3 4393 4433 4432
3 4392 4393 4432
3 4432 4434 4392
3 4392 4434 4394
3 4394 4434 4435
3 4395 4394 4435
3 4433 4393 4436
3 4436 4393 4396
3 4435 4397 4395
3 4437 4397 4435
3 4397 4437 4438
3 4398 4397 4438
3 4400 4440 4439
3 4399 4400 4439
3 4439 4396 4399
3 4436 4396 4439
3 4438 4401 4398
3 4441 4401 4438
3 4401 4441 4442
3 4402 4401 4442
3 4440 4400 4443
3 4443 4400 4403
3 4442 4444 4402
3 4444 4404 4402
3 4443 4403 4445
3 4445 4403 4405
3 4406 4447 4446
3 4406 4404 4447
3 4404 4444 4447
3 4406 4446 4407
3 4445 4405 4448
3 4448 4405 4408
3 4447 4449 4446
3 4446 4449 4450
3 4446 4450 4407
3 4407 4450 4409
3 4410 4411 4451
3 4451 4408 4410
3 4451 4452 4408
3 4452 4448 4408
3 4450 4453 4409
3 4453 4412 4409
3 4451 4411 4414
3 4414 4452 4451
3 4414 4415 4452
3 4415 4454 4452
3 4453 4455 4412
3 4455 4416 4412
3 4454 4415 4456
3 4456 4415 4417
3 4455 4457 4416
3 4457 4418 4416
3 4456 4417 4458
3 4458 4417 4419
3 4457 4459 4418
3 4459 4420 4418
3 4458 4419 4460
3 4460 4419 4421
3 4423 4461 4462
3 4422 4461 4423
3 4461 4422 4420
3 4459 4461 4420
3 4460 4421 4424
3 4463 4460 4424
3 4424 4464 4463
3 4425 4464 4424
3 4428 4465 4466
3 4427 4465 4428
3 4465 4427 4423
3 4462 4465 4423
3 4464 4425 4429
3 4467 4464 4429
3 4467 4429 4468
3 4429 4430 4468
3 4468 4430 4469
3 4430 4431 4469
3 4469 4431 4428
3 4466 4469 4428
3 4432 4433 4470
3 4470 4472 4471
3 4470 4471 4432
3 4432 4471 4434
3 4434 4471 4473
3 4435 4434 4473
3 4474 4470 4433
3 4474 4433 4475
3 4475 4433 4436
3 4470 4474 4472
3 4473 4437 4435
3 4476 4437 4473
3 4437 4476 4477
3 4438 4437 4477
3 4440 4479 4478
3 4439 4440 4478
3 4478 4436 4439
3 4475 4436 4478
3 4477 4441 4438
3 4480 4441 4477
3 4441 4480 4481
3 4442 4441 4481
3 4479 4440 4482
3 4482 4440 4443
3 4481 4483 4442
3 4483 4444 4442
3 4482 4443 4484
3 4484 4443 4445
3 4483 4485 4444
3 4485 4447 4444
3 4484 4445 4486
3 4486 4445 4448
3 4485 4449 4447
3 4487 4449 4485
3 4449 4487 4488
3 4450 4449 4488
3 4491 4490 4489
3 4490 4452 4489
3 4490 4486 4452
3 4486 4448 4452
3 4488 4492 4450
3 4492 4453 4450
3 4491 4489 4493
3 4489 4494 4493
3 4489 4452 4494
3 4452 4454 4494
3 4492 4495 4453
3 4495 4455 4453
3 4494 4454 4496
3 4496 4454 4456
3 4495 4497 4455
3 4497 4457 4455
3 4496 4456 4498
3 4498 4456 4458
3 4501 4499 4500
3 4500 4499 4459
3 4500 4459 4497
3 4497 4459 4457
3 4498 4458 4502
3 4502 4458 4460
3 4499 4462 4461
3 4499 4501 4462
3 4501 4503 4462
3 4499 4461 4459
3 4502 4460 4463
3 4504 4502 4463
3 4463 4505 4504
3 4464 4505 4463
3 4466 4506 4507
3 4465 4506 4466
3 4506 4465 4462
3 4503 4506 4462
3 4505 4464 4467
3 4508 4505 4467
3 4508 4467 4509
3 4467 4468 4509
3 4509 4468 4510
3 4468 4469 4510
3 4510 4469 4466
3 4507 4510 4466
3 4472 4512 4511
3 4471 4472 4511
3 4471 4511 4513
3 4473 4471 4513
3 4475 4515 4514
3 4474 4475 4514
3 4514 4472 4474
3 4512 4472 4514
3 4513 4476 4473
3 4516 4476 4513
3 4476 4516 4517
3 4477 4476 4517
3 4479 4519 4518
3 4478 4479 4518
3 4518 4475 4478
3 4515 4475 4518
3 4517 4480 4477
3 4520 4480 4517
3 4480 4520 4521
3 4481 4480 4521
3 4519 4479 4522
3 4522 4479 4482
3 4521 4523 4481
3 4523 4483 4481
3 4522 4482 4524
3 4524 4482 4484
3 4523 4525 4483
3 4525 4485 4483
3 4524 4484 4526
3 4526 4484 4486
3 4525 4487 4485
3 4527 4487 4525
3 4487 4527 4528
3 4488 4487 4528
3 4491 4530 4529
3 4490 4491 4529
3 4529 4486 4490
3 4526 4486 4529
3 4528 4531 4488
3 4531 4492 4488
3 4530 4491 4493
3 4532 4530 4493
3 4493 4533 4532
3 4494 4533 4493
3 4531 4534 4492
3 4534 4495 4492
3 4533 4494 4535
3 4535 4494 4496
3 4534 4536 4495
3 4536 4497 4495
3 4535 4496 4537
3 4537 4496 4498
3 4501 4538 4539
3 4500 4538 4501
3 4538 4500 4497
3 4536 4538 4497
3 4537 4498 4540
3 4540 4498 4502
3 4539 4541 4501
3 4541 4503 4501
3 4540 4502 4504
3 4542 4540 4504
3 4504 4543 4542
3 4505 4543 4504
3 4507 4544 4545
3 4506 4544 4507
3 4544 4506 4503
3 4541 4544 4503
3 4543 4505 4508
3 4546 4543 4508
3 4546 4508 4547
3 4508 4509 4547
3 4547 4509 4548
3 4509 4510 4548
3 4548 4510 4507
3 4545 4548 4507
3 4511 4512 4549
3 4511 4549 4513
3 4515 4551 4550
3 4514 4515 4550
3 4512 4552 4549
3 4512 4514 4552
3 4514 4550 4552
3 4549 4516 4513
3 4549 4552 4516
3 4552 4553 4516
3 4516 4553 4554
3 4517 4516 4554
3 4519 4556 4555
3 4518 4519 4555
3 4555 4515 4518
3 4551 4515 4555
3 4520 4558 4557
3 4520 4517 4558
3 4517 4554 4558
3 4520 4557 4521
3 4556 4519 4559
3 4559 4519 4522
3 4558 4560 4557
3 4557 4560 4561
3 4557 4561 4521
3 4521 4561 4523
3 4559 4522 4562
3 4562 4522 4524
3 4561 4563 4523
3 4563 4525 4523
3 4562 4524 4564
3 4564 4524 4526
3 4527 4566 4565
3 4527 4525 4566
3 4525 4563 4566
3 4527 4565 4528
3 4529 4530 4567
3 4567 4526 4529
3 4567 4568 4526
3 4568 4564 4526
3 4566 4569 4565
3 4565 4569 4570
3 4565 4570 4528
3 4528 4570 4531
3 4567 4530 4532
3 4532 4568 4567
3 4532 4533 4568
3 4533 4571 4568
3 4570 4572 4531
3 4572 4534 4531
3 4571 4533 4573
3 4573 4533 4535
3 4572 4574 4534
3 4574 4536 4534
3 4573 4535 4575
3 4575 4535 4537
3 4539 4576 4577
3 4538 4576 4539
3 4576 4538 4536
3 4574 4576 4536
3 4575 4537 4578
3 4578 4537 4540
3 4577 4579 4539
3 4579 4541 4539
3 4578 4540 4542
3 4580 4578 4542
3 4542 4581 4580
3 4543 4581 4542
3 4545 4582 4583
3 4544 4582 4545
3 4582 4544 4541
3 4579 4582 4541
3 4581 4543 4546
3 4584 4581 4546
3 4584 4546 4585
3 4546 4547 4585
3 4585 4547 4586
3 4547 4548 4586
3 4586 4548 4545
3 4583 4586 4545
3 4551 4588 4587
3 4550 4551 4587
3 4587 4589 4550
3 4550 4589 4552
3 4589 4590 4552
3 4552 4590 4553
3 4553 4590 4591
3 4554 4553 4591
3 4556 4593 4592
3 4555 4556 4592
3 4592 4551 4555
3 4588 4551 4592
3 4591 4594 4554
3 4594 4558 4554
3 4593 4556 4595
3 4595 4556 4559
3 4594 4560 4558
3 4596 4560 4594
3 4560 4596 4597
3 4561 4560 4597
3 4595 4559 4598
3 4598 4559 4562
3 4597 4599 4561
3 4599 4563 4561
3 4598 4562 4600
3 4600 4562 4564
3 4599 4601 4563
3 4601 4566 4563
3 4600 4564 4602
3 4602 4564 4568
3 4601 4569 4566
3 4603 4569 4601
3 4569 4603 4604
3 4570 4569 4604
3 4602 4568 4605
3 4605 4568 4571
3 4604 4606 4570
3 4606 4572 4570
3 4605 4571 4607
3 4607 4571 4573
3 4606 4608 4572
3 4608 4574 4572
3 4607 4573 4609
3 4609 4573 4575
3 4577 4610 4611
3 4576 4610 4577
3 4610 4576 4574
3 4608 4610 4574
3 4609 4575 4612
3 4612 4575 4578
3 4611 4613 4577
3 4613 4579 4577
3 4612 4578 4580
3 4614 4612 4580
3 4580 4615 4614
3 4581 4615 4580
3 4583 4616 4617
3 4582 4616 4583
3 4616 4582 4579
3 4613 4616 4579
3 4615 4581 4584
3 4618 4615 4584
3 4618 4584 4619
3 4584 4585 4619
3 4619 4585 4620
3 4585 4586 4620
3 4620 4586 4583
3 4617 4620 4583
3 4588 4622 4621
3 4587 4588 4621
3 4621 4623 4587
3 4587 4623 4589
3 4623 4624 4589
3 4589 4624 4590
3 4590 4624 4625
3 4591 4590 4625
3 4592 4593 4626
3 4626 4588 4592
3 4626 4627 4588
3 4627 4622 4588
3 4625 4628 4591
3 4628 4594 4591
3 4629 4626 4593
3 4629 4593 4630
3 4630 4593 4595
3 4626 4629 4627
3 4628 4596 4594
3 4631 4596 4628
3 4596 4631 4632
3 4597 4596 4632
3 4630 4595 4633
3 4633 4595 4598
3 4632 4634 4597
3 4634 4599 4597
3 4633 4598 4635
3 4635 4598 4600
3 4634 4636 4599
3 4636 4601 4599
3 4635 4600 4637
3 4637 4600 4602
3 4636 4603 4601
3 4638 4603 4636
3 4603 4638 4639
3 4604 4603 4639
3 4637 4602 4640
3 4640 4602 4605
3 4639 4641 4604
3 4641 4606 4604
3 4640 4605 4642
3 4642 4605 4607
3 4641 4643 4606
3 4643 4608 4606
3 4642 4607 4644
3 4644 4607 4609
3 4611 4645 4646
3 4610 4645 4611
3 4645 4610 4608
3 4643 4645 4608
3 4647 4648 4644
3 4647 4644 4612
3 4612 4644 4609
3 4648 4647 4649
3 4646 4650 4611
3 4650 4613 4611
3 4647 4612 4614
3 4614 4615 4651
3 4647 4614 4651
3 4647 4651 4652
3 4647 4652 4649
3 4652 4651 4653
3 4617 4654 4655
3 4616 4654 4617
3 4654 4616 4613
3 4650 4654 4613
3 4651 4615 4618
3 4653 4651 4618
3 4653 4618 4656
3 4656 4618 4619
3 4656 4619 4657
3 4619 4620 4657
3 4657 4620 4617
3 4655 4657 4617
3 4622 4659 4658
3 4621 4622 4658
3 4658 4660 4621
3 4621 4660 4623
3 4662 4661 4624
3 4662 4624 4660
3 4660 4624 4623
3 4624 4661 4625
3 4659 4622 4663
3 4663 4622 4627
3 4662 4664 4661
3 4661 4664 4665
3 4661 4665 4625
3 4625 4665 4628
3 4630 4667 4666
3 4629 4630 4666
3 4666 4627 4629
3 4663 4627 4666
3 4665 4631 4628
3 4668 4631 4665
3 4631 4668 4669
3 4632 4631 4669
3 4667 4630 4670
3 4670 4630 4633
3 4669 4671 4632
3 4671 4634 4632
3 4670 4633 4672
3 4672 4633 4635
3 4671 4673 4634
3 4673 4636 4634
3 4672 4635 4674
3 4674 4635 4637
3 4638 4676 4675
3 4638 4636 4676
3 4636 4673 4676
3 4638 4675 4639
3 4674 4637 4677
3 4677 4637 4640
3 4676 4678 4675
3 4675 4678 4679
3 4675 4679 4639
3 4639 4679 4641
3 4677 4640 4680
3 4680 4640 4642
3 4683 4681 4682
3 4682 4681 4643
3 4682 4643 4679
3 4679 4643 4641
3 4680 4642 4684
3 4684 4642 4644
3 4681 4646 4645
3 4681 4683 4646
3 4683 4685 4646
3 4681 4645 4643
3 4684 4644 4648
3 4686 4684 4648
3 4648 4687 4686
3 4649 4687 4648
3 4685 4688 4646
3 4688 4650 4646
3 4687 4649 4652
3 4689 4687 4652
3 4652 4690 4689
3 4653 4690 4652
3 4693 4691 4692
3 4655 4692 4691
3 4655 4654 4692
3 4654 4694 4692
3 4694 4654 4650
3 4688 4694 4650
3 4690 4653 4656
3 4695 4690 4656
3 4691 4693 4695
3 4691 4695 4657
3 4657 4695 4656
3 4691 4657 4655
3 4659 4697 4696
3 4658 4659 4696
3 4696 4698 4658
3 4658 4698 4660
3 4660 4698 4699
3 4662 4660 4699
3 4697 4659 4700
3 4700 4659 4663
3 4699 4664 4662
3 4701 4664 4699
3 4664 4701 4702
3 4665 4664 4702
3 4667 4704 4703
3 4666 4667 4703
3 4703 4663 4666
3 4700 4663 4703
3 4702 4668 4665
3 4705 4668 4702
3 4668 4705 4706
3 4669 4668 4706
3 4704 4667 4707
3 4707 4667 4670
3 4706 4708 4669
3 4708 4671 4669
3 4707 4670 4709
3 4709 4670 4672
3 4708 4710 4671
3 4710 4673 4671
3 4709 4672 4711
3 4711 4672 4674
3 4710 4712 4673
3 4712 4676 4673
3 4711 4674 4713
3 4713 4674 4677
3 4678 4715 4714
3 4678 4676 4715
3 4676 4712 4715
3 4678 4714 4679
3 4713 4677 4716
3 4716 4677 4680
3 4714 4683 4682
3 4714 4715 4683
3 4715 4717 4683
3 4714 4682 4679
3 4716 4680 4718
3 4718 4680 4684
3 4717 4719 4683
3 4719 4685 4683
3 4718 4684 4686
3 4720 4718 4686
3 4686 4721 4720
3 4687 4721 4686
3 4719 4722 4685
3 4722 4688 4685
3 4721 4687 4689
3 4723 4721 4689
3 4724 4689 4690
3 4724 4725 4689
3 4725 4723 4689
3 4693 4725 4724
3 4693 4692 4725
3 4692 4726 4725
3 4726 4692 4727
3 4692 4694 4727
3 4727 4694 4688
3 4722 4727 4688
3 4724 4690 4695
3 4724 4695 4693
3 4696 4697 4728
3 4728 4730 4729
3 4728 4729 4696
3 4696 4729 4698
3 4698 4729 4731
3 4699 4698 4731
3 4732 4728 4697
3 4732 4697 4733
3 4733 4697 4700
3 4728 4732 4730
3 4731 4701 4699
3 4734 4701 4731
3 4701 4734 4735
3 4702 4701 4735
3 4703 4704 4736
3 4736 4700 4703
3 4736 4737 4700
3 4737 4733 4700
3 4705 4739 4738
3 4705 4702 4739
3 4702 4735 4739
3 4705 4738 4706
3 4740 4736 4704
3 4740 4704 4741
3 4741 4704 4707
3 4736 4740 4737
3 4739 4742 4738
3 4738 4742 4743
3 4738 4743 4706
3 4706 4743 4708
3 4741 4707 4744
3 4744 4707 4709
3 4743 4745 4708
3 4745 4710 4708
3 4744 4709 4746
3 4746 4709 4711
3 4745 4747 4710
3 4747 4712 4710
3 4746 4711 4748
3 4748 4711 4713
3 4747 4749 4712
3 4749 4715 4712
3 4748 4713 4750
3 4750 4713 4716
3 4749 4751 4715
3 4751 4717 4715
3 4750 4716 4752
3 4752 4716 4718
3 4751 4753 4717
3 4753 4719 4717
3 4752 4718 4720
3 4754 4752 4720
3 4720 4755 4754
3 4721 4755 4720
3 4758 4756 4757
3 4757 4756 4722
3 4757 4722 4753
3 4753 4722 4719
3 4755 4721 4723
3 4759 4755 4723
3 4759 4723 4760
3 4723 4725 4760
3 4760 4725 4761
3 4725 4726 4761
3 4756 4758 4761
3 4756 4761 4727
3 4727 4761 4726
3 4756 4727 4722
3 4730 4763 4762
3 4729 4730 4762
3 4729 4762 4764
3 4731 4729 4764
3 4733 4766 4765
3 4732 4733 4765
3 4765 4730 4732
3 4763 4730 4765
3 4764 4734 4731
3 4767 4734 4764
3 4734 4767 4768
3 4735 4734 4768
3 4766 4733 4769
3 4769 4733 4737
3 4768 4770 4735
3 4770 4739 4735
3 4741 4772 4771
3 4740 4741 4771
3 4771 4737 4740
3 4769 4737 4771
3 4770 4742 4739
3 4773 4742 4770
3 4742 4773 4774
3 4743 4742 4774
3 4772 4741 4775
3 4775 4741 4744
3 4774 4776 4743
3 4776 4745 4743
3 4775 4744 4777
3 4777 4744 4746
3 4776 4778 4745
3 4778 4747 4745
3 4777 4746 4779
3 4779 4746 4748
3 4778 4780 4747
3 4780 4749 4747
3 4779 4748 4781
3 4781 4748 4750
3 4780 4782 4749
3 4782 4751 4749
3 4781 4750 4783
3 4783 4750 4752
3 4782 4784 4751
3 4784 4753 4751
3 4783 4752 4754
3 4785 4783 4754
3 4754 4786 4785
3 4755 4786 4754
3 4758 4787 4788
3 4757 4787 4758
3 4787 4757 4753
3 4784 4787 4753
3 4786 4755 4759
3 4789 4786 4759
3 4789 4759 4790
3 4759 4760 4790
3 4790 4760 4791
3 4760 4761 4791
3 4791 4761 4758
3 4788 4791 4758
3 4763 4793 4792
3 4762 4763 4792
3 4762 4792 4794
3 4764 4762 4794
3 4766 4796 4795
3 4765 4766 4795
3 4795 4763 4765
3 4793 4763 4795
3 4794 4767 4764
3 4797 4767 4794
3 4767 4797 4798
3 4768 4767 4798
3 4796 4766 4799
3 4799 4766 4769
3 4798 4800 4768
3 4800 4770 4768
3 4771 4772 4801
3 4801 4769 4771
3 4801 4802 4769
3 4802 4799 4769
3 4800 4773 4770
3 4803 4773 4800
3 4773 4803 4804
3 4774 4773 4804
3 4805 4801 4772
3 4805 4772 4806
3 4806 4772 4775
3 4801 4805 4802
3 4804 4807 4774
3 4807 4776 4774
3 4806 4775 4808
3 4808 4775 4777
3 4807 4809 4776
3 4809 4778 4776
3 4808 4777 4810
3 4810 4777 4779
3 4809 4811 4778
3 4811 4780 4778
3 4810 4779 4812
3 4812 4779 4781
3 4811 4813 4780
3 4813 4782 4780
3 4814 4815 4812
3 4814 4812 4783
3 4783 4812 4781
3 4815 4814 4816
3 4813 4817 4782
3 4817 4784 4782
3 4814 4783 4785
3 4785 4786 4818
3 4814 4785 4818
3 4814 4818 4819
3 4814 4819 4816
3 4819 4818 4820
3 4788 4821 4822
3 4787 4821 4788
3 4821 4787 4784
3 4817 4821 4784
3 4818 4786 4789
3 4820 4818 4789
3 4820 4789 4823
3 4823 4789 4790
3 4823 4790 4824
3 4790 4791 4824
3 4824 4791 4788
3 4822 4824 4788
3 4792 4793 4825
3 4792 4825 4794
3 4796 4827 4826
3 4795 4796 4826
3 4793 4828 4825
3 4793 4795 4828
3 4795 4826 4828
3 4825 4797 4794
3 4825 4828 4797
3 4828 4829 4797
3 4797 4829 4830
3 4798 4797 4830
3 4827 4796 4831
3 4831 4796 4799
3 4830 4832 4798
3 4832 4800 4798
3 4831 4799 4833
3 4833 4799 4802
3 4832 4803 4800
3 4834 4803 4832
3 4803 4834 4835
3 4804 4803 4835
3 4806 4837 4836
3 4805 4806 4836
3 4836 4802 4805
3 4833 4802 4836
3 4835 4838 4804
3 4838 4807 4804
3 4837 4806 4839
3 4839 4806 4808
3 4838 4840 4807
3 4840 4809 4807
3 4839 4808 4841
3 4841 4808 4810
3 4840 4842 4809
3 4842 4811 4809
3 4841 4810 4843
3 4843 4810 4812
3 4842 4844 4811
3 4844 4813 4811
3 4843 4812 4815
3 4845 4843 4815
3 4815 4846 4845
3 4816 4846 4815
3 4844 4847 4813
3 4847 4817 4813
3 4846 4816 4819
3 4848 4846 4819
3 4819 4849 4848
3 4820 4849 4819
3 4822 4850 4851
3 4821 4850 4822
3 4850 4821 4817
3 4847 4850 4817
3 4849 4820 4823
3 4852 4849 4823
3 4852 4823 4853
3 4823 4824 4853
3 4853 4824 4822
3 4851 4853 4822
3 4827 4855 4854
3 4826 4827 4854
3 4854 4856 4826
3 4826 4856 4828
3 4856 4857 4828
3 4828 4857 4829
3 4829 4857 4858
3 4830 4829 4858
3 4855 4827 4859
3 4859 4827 4831
3 4858 4860 4830
3 4860 4832 4830
3 4859 4831 4861
3 4861 4831 4833
3 4834 4863 4862
3 4834 4832 4863
3 4832 4860 4863
3 4834 4862 4835
3 4837 4865 4864
3 4836 4837 4864
3 4864 4833 4836
3 4861 4833 4864
3 4863 4866 4862
3 4862 4866 4867
3 4862 4867 4835
3 4835 4867 4838
3 4865 4837 4868
3 4868 4837 4839
3 4867 4869 4838
3 4869 4840 4838
3 4868 4839 4870
3 4870 4839 4841
3 4869 4871 4840
3 4871 4842 4840
3 4872 4873 4870
3 4872 4870 4843
3 4843 4870 4841
3 4873 4872 4874
3 4871 4875 4842
3 4875 4844 4842
3 4872 4843 4845
3 4845 4874 4872
3 4845 4846 4874
3 4846 4876 4874
3 4875 4877 4844
3 4877 4847 4844
3 4876 4846 4848
3 4878 4876 4848
3 4848 4879 4878
3 4849 4879 4848
3 4882 4880 4881
3 4851 4881 4880
3 4851 4850 4881
3 4850 4883 4881
3 4883 4850 4847
3 4877 4883 4847
3 4879 4849 4852
3 4884 4879 4852
3 4880 4882 4884
3 4880 4884 4853
3 4853 4884 4852
3 4880 4853 4851
3 4854 4855 4885
3 4885 4887 4886
3 4885 4886 4854
3 4854 4886 4856
3 4889 4888 4857
3 4889 4857 4886
3 4886 4857 4856
3 4857 4888 4858
3 4890 4885 4855
3 4890 4855 4891
3 4891 4855 4859
3 4885 4890 4887
3 4889 4892 4888
3 4888 4892 4893
3 4888 4893 4858
3 4858 4893 4860
3 4891 4859 4894
3 4894 4859 4861
3 4893 4895 4860
3 4895 4863 4860
3 4865 4897 4896
3 4864 4865 4896
3 4896 4861 4864
3 4894 4861 4896
3 4895 4866 4863
3 4898 4866 4895
3 4866 4898 4899
3 4867 4866 4899
3 4897 4865 4900
3 4900 4865 4868
3 4899 4901 4867
3 4901 4869 4867
3 4900 4868 4902
3 4902 4868 4870
3 4901 4903 4869
3 4903 4871 4869
3 4902 4870 4873
3 4904 4902 4873
3 4873 4905 4904
3 4874 4905 4873
3 4903 4906 4871
3 4906 4875 4871
3 4905 4874 4907
3 4907 4874 4876
3 4906 4908 4875
3 4908 4877 4875
3 4907 4876 4878
3 4909 4907 4878
3 4910 4878 4879
3 4910 4911 4878
3 4911 4909 4878
3 4882 4911 4910
3 4882 4881 4911
3 4881 4912 4911
3 4912 4881 4913
3 4881 4883 4913
3 4913 4883 4877
3 4908 4913 4877
3 4910 4879 4884
3 4910 4884 4882
3 4887 4915 4914
3 4886 4887 4914
3 4886 4914 4916
3 4889 4886 4916
3 4891 4918 4917
3 4890 4891 4917
3 4917 4887 4890
3 4915 4887 4917
3 4916 4892 4889
3 4919 4892 4916
3 4892 4919 4920
3 4893 4892 4920
3 4918 4891 4921
3 4921 4891 4894
3 4920 4922 4893
3 4922 4895 4893
3 4897 4924 4923
3 4896 4897 4923
3 4923 4894 4896
3 4921 4894 4923
3 4922 4898 4895
3 4925 4898 4922
3 4898 4925 4926
3 4899 4898 4926
3 4924 4897 4927
3 4927 4897 4900
3 4926 4928 4899
3 4928 4901 4899
3 4929 4930 4927
3 4929 4927 4902
3 4902 4927 4900
3 4930 4929 4931
3 4928 4932 4901
3 4932 4903 4901
3 4929 4902 4904
3 4904 4931 4929
3 4904 4905 4931
3 4905 4933 4931
3 4932 4934 4903
3 4934 4906 4903
3 4935 4936 4933
3 4935 4933 4907
3 4907 4933 4905
3 4936 4935 4937
3 4940 4938 4939
3 4939 4938 4908
3 4939 4908 4934
3 4934 4908 4906
3 4935 4907 4909
3 4937 4935 4909
3 4937 4909 4941
3 4941 4909 4911
3 4941 4911 4942
3 4911 4912 4942
3 4938 4940 4942
3 4938 4942 4913
3 4913 4942 4912
3 4938 4913 4908
3 4915 4944 4943
3 4914 4915 4943
3 4914 4943 4945
3 4916 4914 4945
3 4918 4947 4946
3 4917 4918 4946
3 4946 4915 4917
3 4944 4915 4946
3 4945 4919 4916
3 4948 4919 4945
3 4919 4948 4949
3 4920 4919 4949
3 4947 4918 4950
3 4950 4918 4921
3 4949 4951 4920
3 4951 4922 4920
3 4924 4953 4952
3 4923 4924 4952
3 4952 4921 4923
3 4950 4921 4952
3 4951 4925 4922
3 4954 4925 4951
3 4925 4954 4955
3 4926 4925 4955
3 4953 4924 4956
3 4956 4924 4927
3 4955 4957 4926
3 4957 4928 4926
3 4956 4927 4930
3 4958 4956 4930
3 4930 4959 4958
3 4931 4959 4930
3 4957 4960 4928
3 4960 4932 4928
3 4959 4931 4961
3 4961 4931 4933
3 4960 4962 4932
3 4962 4934 4932
3 4961 4933 4936
3 4963 4961 4936
3 4936 4964 4963
3 4937 4964 4936
3 4940 4965 4966
3 4939 4965 4940
3 4965 4939 4934
3 4962 4965 4934
3 4964 4937 4941
3 4967 4964 4941
3 4967 4941 4968
3 4941 4942 4968
3 4968 4942 4940
3 4966 4968 4940
3 4944 4970 4969
3 4943 4944 4969
3 4943 4969 4971
3 4945 4943 4971
3 4947 4973 4972
3 4946 4947 4972
3 4972 4944 4946
3 4970 4944 4972
3 4971 4948 4945
3 4974 4948 4971
3 4948 4974 4975
3 4949 4948 4975
3 4973 4947 4976
3 4976 4947 4950
3 4975 4977 4949
3 4977 4951 4949
3 4953 4979 4978
3 4952 4953 4978
3 4978 4950 4952
3 4976 4950 4978
3 4977 4954 4951
3 4980 4954 4977
3 4954 4980 4981
3 4955 4954 4981
3 4979 4953 4982
3 4982 4953 4956
3 4981 4983 4955
3 4983 4957 4955
3 4982 4956 4958
3 4984 4982 4958
3 4958 4985 4984
3 4959 4985 4958
3 4983 4986 4957
3 4986 4960 4957
3 4985 4959 4987
3 4987 4959 4961
3 4986 4988 4960
3 4988 4962 4960
3 4987 4961 4963
3 4989 4987 4963
3 4963 4990 4989
3 4964 4990 4963
3 4966 4991 4992
3 4965 4991 4966
3 4991 4965 4962
3 4988 4991 4962
3 4990 4964 4967
3 4993 4990 4967
3 4993 4967 4994
3 4967 4968 4994
3 4994 4968 4966
3 4992 4994 4966
3 4969 4970 4995
3 4969 4995 4971
3 4972 4973 4996
3 4996 4998 4997
3 4972 4996 4997
3 4972 4997 4995
3 4972 4995 4970
3 4995 4974 4971
3 4995 4997 4974
3 4997 4999 4974
3 4974 4999 5000
3 4975 4974 5000
3 5001 4996 4973
3 5001 4973 5002
3 5002 4973 4976
3 4996 5001 4998
3 5000 5003 4975
3 5003 4977 4975
3 4979 5005 5004
3 4978 4979 5004
3 5004 4976 4978
3 5002 4976 5004
3 4980 5007 5006
3 4980 4977 5007
3 4977 5003 5007
3 4980 5006 4981
3 5005 4979 5008
3 5008 4979 4982
3 5007 5009 5006
3 5006 5009 5010
3 5006 5010 4981
3 4981 5010 4983
3 5008 4982 4984
3 5011 5008 4984
3 4984 5012 5011
3 4985 5012 4984
3 5010 5013 4983
3 5013 4986 4983
3 5012 4985 5014
3 5014 4985 4987
3 5013 5015 4986
3 5015 4988 4986
3 5014 4987 4989
3 5016 5014 4989
3 4989 5017 5016
3 4990 5017 4989
3 4992 5018 5019
3 4991 5018 4992
3 5018 4991 4988
3 5015 5018 4988
3 5017 4990 4993
3 5020 5017 4993
3 5020 4993 5021
3 4993 4994 5021
3 5021 4994 4992
3 5019 5021 4992
3 4998 5023 5022
3 4997 4998 5022
3 5025 5024 4999
3 5025 4999 5022
3 5022 4999 4997
3 4999 5024 5000
3 5002 5027 5026
3 5001 5002 5026
3 5026 4998 5001
3 5023 4998 5026
3 5025 5028 5024
3 5024 5028 5029
3 5024 5029 5000
3 5000 5029 5003
3 5005 5031 5030
3 5004 5005 5030
3 5030 5002 5004
3 5027 5002 5030
3 5029 5032 5003
3 5032 5007 5003
3 5033 5034 5031
3 5033 5031 5008
3 5008 5031 5005
3 5034 5033 5035
3 5032 5009 5007
3 5036 5009 5032
3 5009 5036 5037
3 5010 5009 5037
3 5033 5008 5011
3 5011 5035 5033
3 5011 5012 5035
3 5012 5038 5035
3 5037 5039 5010
3 5039 5013 5010
3 5040 5041 5038
3 5040 5038 5014
3 5014 5038 5012
3 5041 5040 5042
3 5045 5043 5044
3 5044 5043 5015
3 5044 5015 5039
3 5039 5015 5013
3 5040 5014 5016
3 5016 5017 5046
3 5040 5016 5046
3 5040 5046 5047
3 5040 5047 5042
3 5047 5048 5049
3 5046 5048 5047
3 5043 5019 5018
3 5045 5019 5043
3 5045 5048 5019
3 5045 5049 5048
3 5043 5018 5015
3 5046 5017 5020
3 5048 5046 5020
3 5021 5048 5020
3 5048 5021 5019
3 5023 5051 5050
3 5022 5023 5050
3 5022 5050 5052
3 5025 5022 5052
3 5027 5054 5053
3 5026 5027 5053
3 5053 5023 5026
3 5051 5023 5053
3 5052 5028 5025
3 5055 5028 5052
3 5028 5055 5056
3 5029 5028 5056
3 5030 5031 5057
3 5057 5027 5030
3 5057 5058 5027
3 5058 5054 5027
3 5056 5059 5029
3 5059 5032 5029
3 5057 5031 5034
3 5034 5058 5057
3 5034 5035 5058
3 5035 5060 5058
3 5059 5036 5032
3 5061 5036 5059
3 5036 5061 5062
3 5037 5036 5062
3 5060 5035 5063
3 5063 5035 5038
3 5062 5064 5037
3 5064 5039 5037
3 5063 5038 5041
3 5065 5063 5041
3 5041 5066 5065
3 5042 5066 5041
3 5045 5067 5068
3 5044 5067 5045
3 5067 5044 5039
3 5064 5067 5039
3 5066 5042 5047
3 5069 5066 5047
3 5069 5047 5070
3 5047 5049 5070
3 5070 5049 5045
3 5068 5070 5045
3 5051 5072 5071
3 5050 5051 5071
3 5050 5071 5073
3 5052 5050 5073
3 5054 5075 5074
3 5053 5054 5074
3 5074 5051 5053
3 5072 5051 5074
3 5073 5055 5052
3 5076 5055 5073
3 5055 5076 5077
3 5056 5055 5077
3 5075 5054 5078
3 5078 5054 5058
3 5077 5079 5056
3 5079 5059 5056
3 5078 5058 5080
3 5080 5058 5060
3 5079 5061 5059
3 5081 5061 5079
3 5061 5081 5082
3 5062 5061 5082
3 5080 5060 5083
3 5083 5060 5063
3 5082 5084 5062
3 5084 5064 5062
3 5083 5063 5065
3 5085 5083 5065
3 5065 5086 5085
3 5066 5086 5065
3 5068 5087 5088
3 5067 5087 5068
3 5087 5067 5064
3 5084 5087 5064
3 5086 5066 5069
3 5089 5086 5069
3 5089 5069 5090
3 5069 5070 5090
3 5090 5070 5068
3 5088 5090 5068
3 5071 5072 5091
3 5071 5091 5073
3 5075 5093 5092
3 5074 5075 5092
3 5072 5094 5091
3 5072 5074 5094
3 5074 5092 5094
3 5091 5076 5073
3 5091 5094 5076
3 5094 5095 5076
3 5076 5095 5096
3 5077 5076 5096
3 5093 5075 5097
3 5097 5075 5078
3 5096 5098 5077
3 5098 5079 5077
3 5097 5078 5099
3 5099 5078 5080
3 5098 5081 5079
3 5100 5081 5098
3 5081 5100 5101
3 5082 5081 5101
3 5099 5080 5102
3 5102 5080 5083
3 5101 5103 5082
3 5103 5084 5082
3 5102 5083 5085
3 5104 5102 5085
3 5085 5105 5104
3 5086 5105 5085
3 5088 5106 5107
3 5087 5106 5088
3 5106 5087 5084
3 5103 5106 5084
3 5105 5086 5089
3 5108 5105 5089
3 5108 5089 5109
3 5089 5090 5109
3 5109 5090 5088
3 5107 5109 5088
3 5093 5111 5110
3 5092 5093 5110
3 5110 5112 5092
3 5092 5112 5094
3 5114 5113 5095
3 5114 5095 5112
3 5112 5095 5094
3 5095 5113 5096
3 5111 5093 5115
3 5115 5093 5097
3 5114 5116 5113
3 5113 5116 5117
3 5113 5117 5096
3 5096 5117 5098
3 5115 5097 5118
3 5118 5097 5099
3 5100 5120 5119
3 5100 5098 5120
3 5098 5117 5120
3 5100 5119 5101
3 5121 5122 5118
3 5121 5118 5102
3 5102 5118 5099
3 5122 5121 5123
3 5125 5119 5120
3 5124 5119 5125
3 5119 5124 5103
3 5101 5119 5103
3 5121 5102 5104
3 5104 5105 5126
3 5121 5104 5126
3 5121 5126 5127
3 5121 5127 5123
3 5127 5126 5128
3 5124 5107 5106
3 5124 5125 5107
3 5125 5129 5107
3 5124 5106 5103
3 5126 5105 5108
3 5128 5126 5108
3 5128 5108 5130
3 5130 5108 5109
3 5130 5109 5107
3 5129 5130 5107
3 5110 5111 5131
3 5131 5133 5132
3 5131 5132 5110
3 5110 5132 5112
3 5112 5132 5134
3 5114 5112 5134
3 5135 5131 5111
3 5135 5111 5136
3 5136 5111 5115
3 5131 5135 5133
3 5134 5116 5114
3 5137 5116 5134
3 5116 5137 5138
3 5117 5116 5138
3 5136 5115 5139
3 5139 5115 5118
3 5138 5140 5117
3 5140 5120 5117
3 5139 5118 5122
3 5141 5139 5122
3 5122 5142 5141
3 5123 5142 5122
3 5140 5143 5120
3 5143 5125 5120
3 5142 5123 5127
3 5144 5142 5127
3 5145 5127 5128
3 5145 5146 5127
3 5146 5144 5127
3 5146 5145 5129
3 5146 5129 5143
3 5143 5129 5125
3 5145 5128 5130
3 5145 5130 5129
3 5132 5133 5147
3 5132 5147 5134
3 5136 5149 5148
3 5135 5136 5148
3 5133 5150 5147
3 5133 5135 5150
3 5135 5148 5150
3 5147 5137 5134
3 5147 5150 5137
3 5150 5151 5137
3 5137 5151 5152
3 5138 5137 5152
3 5153 5154 5149
3 5153 5149 5139
3 5139 5149 5136
3 5154 5153 5155
3 5152 5156 5138
3 5156 5140 5138
3 5153 5139 5141
3 5141 5155 5153
3 5141 5142 5155
3 5142 5157 5155
3 5156 5158 5140
3 5158 5143 5140
3 5157 5142 5144
3 5159 5157 5144
3 5159 5144 5160
3 5144 5146 5160
3 5160 5146 5143
3 5158 5160 5143
3 5148 5149 5161
3 5161 5163 5162
3 5161 5162 5148
3 5148 5162 5150
3 5165 5164 5151
3 5165 5151 5162
3 5162 5151 5150
3 5151 5164 5152
3 5161 5149 5154
3 5154 5163 5161
3 5154 5155 5163
3 5155 5166 5163
3 5165 5167 5164
3 5164 5167 5168
3 5164 5168 5152
3 5152 5168 5156
3 5169 5170 5166
3 5169 5166 5157
3 5157 5166 5155
3 5170 5169 5171
3 5168 5172 5156
3 5172 5158 5156
3 5169 5157 5159
3 5171 5169 5159
3 5171 5159 5173
3 5173 5159 5160
3 5173 5160 5158
3 5172 5173 5158
3 5162 5163 5174
3 5162 5174 5165
3 5175 5174 5163
3 5166 5175 5163
3 5167 5165 5174
3 5167 5174 5176
3 5176 5174 5175
3 5167 5176 5168
3 5175 5166 5170
3 5170 5171 5177
3 5170 5177 5175
3 5175 5177 5176
3 5176 5177 5172
3 5168 5176 5172
3 5177 5171 5173
3 5177 5173 5172