OFF
11764 23524 0
-0.4986654762 -0.0773437500 0.0171875000
-0.4984375000 -0.0782379665 0.0171875000
-0.4984375000 -0.0773437500 0.0107311746
-0.4987547762 -0.0773437500 0.0257812500
-0.4984375000 -0.0785307157 0.0257812500
-0.4984793598 -0.0773437500 0.0343750000
-0.4984375000 -0.0774947189 0.0343750000
-0.4984375000 -0.0773437500 0.0351995460
-0.4987882578 -0.0687500000 -0.0257812500
-0.4984375000 -0.0702759878 -0.0257812500
-0.4984375000 -0.0687500000 -0.0288622941
-0.4993119986 -0.0687500000 -0.0171875000
-0.4984375000 -0.0727005622 -0.0171875000
-0.4996314632 -0.0687500000 -0.0085937500
-0.4984375000 -0.0745243983 -0.0085937500
-0.4998246579 -0.0687500000 0.0000000000
-0.4984375000 -0.0756126101 0.0000000000
-0.5000362553 -0.0687500000 0.0085937500
-0.4984375000 -0.0769715574 0.0085937500
-0.5001155385 -0.0687500000 0.0171875000
-0.5000537305 -0.0687500000 0.0257812500
-0.4998109641 -0.0687500000 0.0343750000
-0.4993798434 -0.0687500000 0.0429687500
-0.4984375000 -0.0747997200 0.0429687500
-0.4984375000 -0.0687500000 0.0514760562
-0.4986071214 -0.0601562500 -0.0343750000
-0.4984375000 -0.0620603305 -0.0343750000
-0.4984375000 -0.0601562500 -0.0357100711
-0.4996630464 -0.0601562500 -0.0257812500
-0.5002282955 -0.0601562500 -0.0171875000
-0.5004859920 -0.0601562500 -0.0085937500
-0.5007922336 -0.0601562500 0.0000000000
-0.5010180129 -0.0601562500 0.0085937500
-0.5008577164 -0.0601562500 0.0171875000
-0.5006736221 -0.0601562500 0.0257812500
-0.5004211652 -0.0601562500 0.0343750000
-0.5000141582 -0.0601562500 0.0429687500
-0.4991333932 -0.0601562500 0.0515625000
-0.4984375000 -0.0686225828 0.0515625000
-0.4984375000 -0.0601562500 0.0557697599
-0.4994663392 -0.0515625000 -0.0343750000
-0.4984375000 -0.0515625000 -0.0425265656
-0.5002379264 -0.0515625000 -0.0257812500
-0.5006014515 -0.0515625000 -0.0171875000
-0.5008234395 -0.0515625000 -0.0085937500
-0.5011078841 -0.0515625000 0.0000000000
-0.5013464476 -0.0515625000 0.0085937500
-0.5011886717 -0.0515625000 0.0171875000
-0.5009397732 -0.0515625000 0.0257812500
-0.5005490712 -0.0515625000 0.0343750000
-0.5001671937 -0.0515625000 0.0429687500
-0.4995892805 -0.0515625000 0.0515625000
-0.4984375000 -0.0515625000 0.0586756140
-0.4986586363 -0.0429687500 -0.0429687500
-0.4984375000 -0.0497735377 -0.0429687500
-0.4984375000 -0.0429687500 -0.0448365350
-0.4996606458 -0.0429687500 -0.0343750000
-0.5004625522 -0.0429687500 -0.0257812500
-0.5007134190 -0.0429687500 -0.0171875000
-0.5008669993 -0.0429687500 -0.0085937500
-0.5010191176 -0.0429687500 0.0000000000
-0.5011754509 -0.0429687500 0.0085937500
-0.5009644088 -0.0429687500 0.0171875000
-0.5007057427 -0.0429687500 0.0257812500
-0.5002309563 -0.0429687500 0.0343750000
-0.4998690463 -0.0429687500 0.0429687500
-0.4992434870 -0.0429687500 0.0515625000
-0.4984375000 -0.0429687500 0.0580072862
-0.4985189544 -0.0343750000 -0.0429687500
-0.4984375000 -0.0343750000 -0.0439477014
-0.4993274859 -0.0343750000 -0.0343750000
-0.5001173953 -0.0343750000 -0.0257812500
-0.5003713119 -0.0343750000 -0.0171875000
-0.5005056286 -0.0343750000 -0.0085937500
-0.5007028238 -0.0343750000 0.0000000000
-0.5009153923 -0.0343750000 0.0085937500
-0.5006832687 -0.0343750000 0.0171875000
-0.5002810930 -0.0343750000 0.0257812500
-0.4997443135 -0.0343750000 0.0343750000
-0.4992128697 -0.0343750000 0.0429687500
-0.4984375000 -0.0371606380 0.0515625000
-0.4984375000 -0.0343750000 0.0487389448
-0.4984375000 -0.0324673671 -0.0429687500
-0.4989182174 -0.0257812500 -0.0343750000
-0.4984375000 -0.0257812500 -0.0396437206
-0.4997292669 -0.0257812500 -0.0257812500
-0.4999600898 -0.0257812500 -0.0171875000
-0.5000898870 -0.0257812500 -0.0085937500
-0.5001914728 -0.0257812500 0.0000000000
-0.5003063202 -0.0257812500 0.0085937500
-0.4998704544 -0.0257812500 0.0171875000
-0.4994378438 -0.0257812500 0.0257812500
-0.4991093122 -0.0257812500 0.0343750000
-0.4984375000 -0.0259733151 0.0429687500
-0.4984375000 -0.0257812500 0.0427488073
-0.4984375000 -0.0211866990 -0.0343750000
-0.4987997204 -0.0171875000 -0.0257812500
-0.4984375000 -0.0171875000 -0.0295975911
-0.4990471793 -0.0171875000 -0.0171875000
-0.4991564164 -0.0171875000 -0.0085937500
-0.4991574035 -0.0171875000 0.0000000000
-0.4992141212 -0.0171875000 0.0085937500
-0.4987148755 -0.0171875000 0.0171875000
-0.4984375000 -0.0175023705 0.0257812500
-0.4984375000 -0.0171875000 0.0247093737
-0.4984375000 -0.0198566144 0.0343750000
-0.4984375000 -0.0147505241 -0.0257812500
-0.4984375000 -0.0133252570 -0.0171875000
-0.4984375000 -0.0123936174 -0.0085937500
-0.4984375000 -0.0121735098 0.0000000000
-0.4984375000 -0.0115572432 0.0085937500
-0.4984375000 -0.0148824950 0.0171875000
-0.4916585036 -0.0859375000 -0.0085937500
-0.4898437500 -0.0876904711 -0.0085937500
-0.4898437500 -0.0859375000 -0.0159104652
-0.4927731106 -0.0859375000 0.0000000000
-0.4898437500 -0.0887242534 0.0000000000
-0.4933368699 -0.0859375000 0.0085937500
-0.4898437500 -0.0891391371 0.0085937500
-0.4937233483 -0.0859375000 0.0171875000
-0.4898437500 -0.0894511381 0.0171875000
-0.4934527704 -0.0859375000 0.0257812500
-0.4898437500 -0.0890831414 0.0257812500
-0.4919915748 -0.0859375000 0.0343750000
-0.4898437500 -0.0878265599 0.0343750000
-0.4898437500 -0.0859375000 0.0412409144
-0.4905499796 -0.0773437500 -0.0429687500
-0.4898437500 -0.0781061019 -0.0429687500
-0.4898437500 -0.0773437500 -0.0459034802
-0.4929056644 -0.0773437500 -0.0343750000
-0.4898437500 -0.0809702633 -0.0343750000
-0.4950008394 -0.0773437500 -0.0257812500
-0.4898437500 -0.0833695460 -0.0257812500
-0.4963024166 -0.0773437500 -0.0171875000
-0.4898437500 -0.0855851265 -0.0171875000
-0.4972364458 -0.0773437500 -0.0085937500
-0.4977260846 -0.0773437500 0.0000000000
-0.4982917745 -0.0773437500 0.0085937500
-0.4972270586 -0.0773437500 0.0429687500
-0.4898437500 -0.0852892150 0.0429687500
-0.4928468059 -0.0773437500 0.0515625000
-0.4898437500 -0.0799084929 0.0515625000
-0.4898437500 -0.0773437500 0.0546708391
-0.4914621709 -0.0687500000 -0.0601562500
-0.4898437500 -0.0712624934 -0.0601562500
-0.4898437500 -0.0687500000 -0.0635586648
-0.4937063592 -0.0687500000 -0.0515625000
-0.4898437500 -0.0754726983 -0.0515625000
-0.4951394404 -0.0687500000 -0.0429687500
-0.4972377905 -0.0687500000 -0.0343750000
-0.4984029542 -0.0687500000 0.0515625000
-0.4916088379 -0.0687500000 0.0601562500
-0.4898437500 -0.0705208377 0.0601562500
-0.4898437500 -0.0687500000 0.0616569328
-0.4934687931 -0.0601562500 -0.0601562500
-0.4898437500 -0.0601562500 -0.0684795787
-0.4954180022 -0.0601562500 -0.0515625000
-0.4968491884 -0.0601562500 -0.0429687500
-0.4956893390 -0.0601562500 0.0601562500
-0.4898437500 -0.0601562500 0.0663825182
-0.4907683862 -0.0515625000 -0.0687500000
-0.4898437500 -0.0590574118 -0.0687500000
-0.4898437500 -0.0515625000 -0.0702236817
-0.4943549680 -0.0515625000 -0.0601562500
-0.4966017495 -0.0515625000 -0.0515625000
-0.4983399210 -0.0515625000 -0.0429687500
-0.4976216015 -0.0515625000 0.0601562500
-0.4914486761 -0.0515625000 0.0687500000
-0.4898437500 -0.0548610385 0.0687500000
-0.4898437500 -0.0515625000 0.0702720488
-0.4919191528 -0.0429687500 -0.0687500000
-0.4898437500 -0.0429687500 -0.0721420382
-0.4950307805 -0.0429687500 -0.0601562500
-0.4970952029 -0.0429687500 -0.0515625000
-0.4976394229 -0.0429687500 0.0601562500
-0.4931413860 -0.0429687500 0.0687500000
-0.4898437500 -0.0429687500 0.0722494577
-0.4922512122 -0.0343750000 -0.0687500000
-0.4898437500 -0.0343750000 -0.0726898563
-0.4951454131 -0.0343750000 -0.0601562500
-0.4973028456 -0.0343750000 -0.0515625000
-0.4976568657 -0.0343750000 0.0515625000
-0.4956125872 -0.0343750000 0.0601562500
-0.4915066338 -0.0343750000 0.0687500000
-0.4898437500 -0.0343750000 0.0707767225
-0.4915313619 -0.0257812500 -0.0687500000
-0.4898437500 -0.0257812500 -0.0716384097
-0.4945121278 -0.0257812500 -0.0601562500
-0.4966179905 -0.0257812500 -0.0515625000
-0.4979537817 -0.0257812500 -0.0429687500
-0.4984014168 -0.0257812500 0.0429687500
-0.4958805172 -0.0257812500 0.0515625000
-0.4934225644 -0.0257812500 0.0601562500
-0.4898437500 -0.0286348587 0.0687500000
-0.4898437500 -0.0257812500 0.0675998091
-0.4898437500 -0.0196643778 -0.0687500000
-0.4925526654 -0.0171875000 -0.0601562500
-0.4898437500 -0.0171875000 -0.0672238104
-0.4950072252 -0.0171875000 -0.0515625000
-0.4966086630 -0.0171875000 -0.0429687500
-0.4977927138 -0.0171875000 -0.0343750000
-0.4983798056 -0.0171875000 0.0257812500
-0.4978988815 -0.0171875000 0.0343750000
-0.4964777013 -0.0171875000 0.0429687500
-0.4943063875 -0.0171875000 0.0515625000
-0.4916296016 -0.0171875000 0.0601562500
-0.4898437500 -0.0171875000 0.0640803436
-0.4898437500 -0.0088486841 -0.0601562500
-0.4927985704 -0.0085937500 -0.0515625000
-0.4898437500 -0.0085937500 -0.0599647135
-0.4948044012 -0.0085937500 -0.0429687500
-0.4960832674 -0.0085937500 -0.0343750000
-0.4970910972 -0.0085937500 -0.0257812500
-0.4974172896 -0.0085937500 -0.0171875000
-0.4976770392 -0.0085937500 -0.0085937500
-0.4977559659 -0.0085937500 0.0000000000
-0.4978850088 -0.0085937500 0.0085937500
-0.4973800707 -0.0085937500 0.0171875000
-0.4969357955 -0.0085937500 0.0257812500
-0.4961778520 -0.0085937500 0.0343750000
-0.4946769096 -0.0085937500 0.0429687500
-0.4925798839 -0.0085937500 0.0515625000
-0.4898437500 -0.0101050155 0.0601562500
-0.4898437500 -0.0085937500 0.0591389631
-0.4905563258 0.0000000000 -0.0515625000
-0.4898437500 0.0000000000 -0.0537426528
-0.4928150436 0.0000000000 -0.0429687500
-0.4941213211 0.0000000000 -0.0343750000
-0.4952816359 0.0000000000 -0.0257812500
-0.4955861413 0.0000000000 -0.0171875000
-0.4958033337 0.0000000000 -0.0085937500
-0.4961602285 0.0000000000 0.0000000000
-0.4963981334 0.0000000000 0.0085937500
-0.4958258052 0.0000000000 0.0171875000
-0.4949424408 0.0000000000 0.0257812500
-0.4939499301 0.0000000000 0.0343750000
-0.4921899429 0.0000000000 0.0429687500
-0.4898437500 -0.0004018304 0.0515625000
-0.4898437500 0.0000000000 0.0511404245
-0.4898437500 0.0031207701 -0.0515625000
-0.4909036405 0.0085937500 -0.0429687500
-0.4898437500 0.0085937500 -0.0469895760
-0.4922167183 0.0085937500 -0.0343750000
-0.4933030084 0.0085937500 -0.0257812500
-0.4936392749 0.0085937500 -0.0171875000
-0.4939205649 0.0085937500 -0.0085937500
-0.4942185761 0.0085937500 0.0000000000
-0.4943588305 0.0085937500 0.0085937500
-0.4937303166 0.0085937500 0.0171875000
-0.4921877939 0.0085937500 0.0257812500
-0.4908795215 0.0085937500 0.0343750000
-0.4898437500 0.0066853726 0.0429687500
-0.4898437500 0.0085937500 0.0395131461
-0.4898437500 0.0127177924 -0.0429687500
-0.4900485945 0.0171875000 -0.0343750000
-0.4898437500 0.0171875000 -0.0356063338
-0.4910826069 0.0171875000 -0.0257812500
-0.4915707364 0.0171875000 -0.0171875000
-0.4918943004 0.0171875000 -0.0085937500
-0.4921060506 0.0171875000 0.0000000000
-0.4921218576 0.0171875000 0.0085937500
-0.4911195403 0.0171875000 0.0171875000
-0.4898437500 0.0155113414 0.0257812500
-0.4898437500 0.0171875000 0.0233432101
-0.4898437500 0.0114900610 0.0343750000
-0.4898437500 0.0179659769 -0.0343750000
-0.4898437500 0.0216151026 -0.0257812500
-0.4898437500 0.0233634496 -0.0171875000
-0.4898437500 0.0244272612 -0.0085937500
-0.4898437500 0.0251819687 0.0000000000
-0.4898437500 0.0253111355 0.0085937500
-0.4898437500 0.0212732199 0.0171875000
-0.4819580915 -0.0945312500 0.0000000000
-0.4812500000 -0.0950792295 0.0000000000
-0.4812500000 -0.0945312500 -0.0039950030
-0.4824812959 -0.0945312500 0.0085937500
-0.4812500000 -0.0955653886 0.0085937500
-0.4828191768 -0.0945312500 0.0171875000
-0.4812500000 -0.0957793192 0.0171875000
-0.4815814261 -0.0945312500 0.0257812500
-0.4812500000 -0.0947813339 0.0257812500
-0.4812500000 -0.0945312500 0.0268723812
-0.4857870606 -0.0859375000 -0.0257812500
-0.4812500000 -0.0888121230 -0.0257812500
-0.4812500000 -0.0859375000 -0.0343485962
-0.4893774829 -0.0859375000 -0.0171875000
-0.4812500000 -0.0916703530 -0.0171875000
-0.4812500000 -0.0938767771 -0.0085937500
-0.4812500000 -0.0926802616 0.0343750000
-0.4887788839 -0.0859375000 0.0429687500
-0.4812500000 -0.0897631211 0.0429687500
-0.4812500000 -0.0859375000 0.0498020223
-0.4868073800 -0.0773437500 -0.0515625000
-0.4812500000 -0.0796698143 -0.0515625000
-0.4812500000 -0.0773437500 -0.0582851078
-0.4812500000 -0.0825011189 -0.0429687500
-0.4812500000 -0.0859292347 -0.0343750000
-0.4812500000 -0.0846997720 0.0515625000
-0.4813290055 -0.0773437500 0.0601562500
-0.4812500000 -0.0773801384 0.0601562500
-0.4812500000 -0.0773437500 0.0601954916
-0.4849260376 -0.0687500000 -0.0687500000
-0.4812500000 -0.0711629439 -0.0687500000
-0.4812500000 -0.0687500000 -0.0712545198
-0.4812500000 -0.0765004901 -0.0601562500
-0.4812500000 -0.0687500000 0.0673156704
-0.4896155263 -0.0601562500 -0.0687500000
-0.4812500000 -0.0601562500 -0.0755607954
-0.4863095707 -0.0601562500 0.0687500000
-0.4812500000 -0.0659614050 0.0687500000
-0.4812500000 -0.0601562500 0.0715160538
-0.4812500000 -0.0515625000 -0.0772330169
-0.4812500000 -0.0515625000 0.0755759376
-0.4838245374 -0.0429687500 -0.0773437500
-0.4812500000 -0.0510667094 -0.0773437500
-0.4812500000 -0.0429687500 -0.0794970689
-0.4826211878 -0.0429687500 0.0773437500
-0.4812500000 -0.0456250225 0.0773437500
-0.4812500000 -0.0429687500 0.0782262119
-0.4851825877 -0.0343750000 -0.0773437500
-0.4812500000 -0.0343750000 -0.0807686385
-0.4824194758 -0.0343750000 0.0773437500
-0.4812500000 -0.0343750000 0.0782903897
-0.4840584636 -0.0257812500 -0.0773437500
-0.4812500000 -0.0257812500 -0.0795787516
-0.4888313247 -0.0257812500 0.0687500000
-0.4812500000 -0.0284566268 0.0773437500
-0.4812500000 -0.0257812500 0.0768422078
-0.4812500000 -0.0195146753 -0.0773437500
-0.4887765117 -0.0171875000 -0.0687500000
-0.4812500000 -0.0171875000 -0.0763909428
-0.4863947054 -0.0171875000 0.0687500000
-0.4812500000 -0.0171875000 0.0746445913
-0.4842648679 -0.0085937500 -0.0687500000
-0.4812500000 -0.0085937500 -0.0719095468
-0.4897118982 -0.0085937500 -0.0601562500
-0.4892243368 -0.0085937500 0.0601562500
-0.4834418361 -0.0085937500 0.0687500000
-0.4812500000 -0.0085937500 0.0713109809
-0.4812500000 -0.0031734479 -0.0687500000
-0.4855067213 0.0000000000 -0.0601562500
-0.4812500000 0.0000000000 -0.0664000480
-0.4896432242 0.0000000000 0.0515625000
-0.4851951727 0.0000000000 0.0601562500
-0.4812500000 -0.0039645462 0.0687500000
-0.4812500000 0.0000000000 0.0660525625
-0.4812500000 0.0080641050 -0.0601562500
-0.4875147144 0.0085937500 -0.0515625000
-0.4812500000 0.0085937500 -0.0598241227
-0.4886464420 0.0085937500 0.0429687500
-0.4851406292 0.0085937500 0.0515625000
-0.4812500000 0.0072156307 0.0601562500
-0.4812500000 0.0085937500 0.0589084563
-0.4836056878 0.0171875000 -0.0515625000
-0.4812500000 0.0171875000 -0.0548446727
-0.4875268597 0.0171875000 -0.0429687500
-0.4888101597 0.0171875000 0.0257812500
-0.4863181175 0.0171875000 0.0343750000
-0.4831341678 0.0171875000 0.0429687500
-0.4812500000 0.0156065534 0.0515625000
-0.4812500000 0.0171875000 0.0485632240
-0.4812500000 0.0217399490 -0.0515625000
-0.4826854030 0.0257812500 -0.0429687500
-0.4812500000 0.0257812500 -0.0462184953
-0.4852928927 0.0257812500 -0.0343750000
-0.4871470314 0.0257812500 -0.0257812500
-0.4881022228 0.0257812500 -0.0171875000
-0.4887277702 0.0257812500 -0.0085937500
-0.4893163831 0.0257812500 0.0000000000
-0.4894251770 0.0257812500 0.0085937500
-0.4863424235 0.0257812500 0.0171875000
-0.4826077370 0.0257812500 0.0257812500
-0.4812500000 0.0236181105 0.0343750000
-0.4812500000 0.0257812500 0.0294314204
-0.4812500000 0.0196355672 0.0429687500
-0.4812500000 0.0277963453 -0.0429687500
-0.4812500000 0.0306737918 -0.0343750000
-0.4812500000 0.0311399651 -0.0257812500
-0.4812500000 0.0312479878 -0.0171875000
-0.4812500000 0.0310414802 -0.0085937500
-0.4812500000 0.0308341592 0.0000000000
-0.4812500000 0.0306303373 0.0085937500
-0.4812500000 0.0295152643 0.0171875000
-0.4812500000 0.0271113338 0.0257812500
-0.4750437466 -0.0945312500 -0.0171875000
-0.4726562500 -0.0955511314 -0.0171875000
-0.4726562500 -0.0945312500 -0.0201324817
-0.4798016312 -0.0945312500 -0.0085937500
-0.4726562500 -0.0976255318 -0.0085937500
-0.4726562500 -0.0991265531 0.0000000000
-0.4726562500 -0.0998672136 0.0085937500
-0.4726562500 -0.0996440662 0.0171875000
-0.4726562500 -0.0989025638 0.0257812500
-0.4772988705 -0.0945312500 0.0343750000
-0.4726562500 -0.0965468817 0.0343750000
-0.4726562500 -0.0945312500 0.0397341239
-0.4812273094 -0.0859375000 -0.0343750000
-0.4726562500 -0.0891133101 -0.0343750000
-0.4726562500 -0.0859375000 -0.0412038135
-0.4726562500 -0.0924528176 -0.0257812500
-0.4726562500 -0.0931165623 0.0429687500
-0.4782561773 -0.0859375000 0.0515625000
-0.4726562500 -0.0876080544 0.0515625000
-0.4726562500 -0.0859375000 0.0540520645
-0.4786612385 -0.0773437500 -0.0601562500
-0.4726562500 -0.0786949224 -0.0601562500
-0.4726562500 -0.0773437500 -0.0629011691
-0.4726562500 -0.0817400989 -0.0515625000
-0.4726562500 -0.0851580976 -0.0429687500
-0.4726562500 -0.0812089699 0.0601562500
-0.4726562500 -0.0773437500 0.0643293204
-0.4726562500 -0.0739496432 -0.0687500000
-0.4726562500 -0.0687500000 -0.0749706029
-0.4783153269 -0.0687500000 0.0687500000
-0.4726562500 -0.0716095893 0.0687500000
-0.4726562500 -0.0687500000 0.0708020718
-0.4769069811 -0.0601562500 -0.0773437500
-0.4726562500 -0.0638649504 -0.0773437500
-0.4726562500 -0.0601562500 -0.0790406254
-0.4726562500 -0.0601562500 0.0758719742
-0.4810317676 -0.0515625000 -0.0773437500
-0.4726562500 -0.0515625000 -0.0816029869
-0.4783412533 -0.0515625000 0.0773437500
-0.4726562500 -0.0574160930 0.0773437500
-0.4726562500 -0.0515625000 0.0808864459
-0.4726562500 -0.0429687500 -0.0839839894
-0.4726562500 -0.0429687500 0.0846842939
-0.4726562500 -0.0343750000 -0.0848130646
-0.4726562500 -0.0343750000 0.0851477747
-0.4726562500 -0.0257812500 -0.0839033121
-0.4807495341 -0.0257812500 0.0773437500
-0.4726562500 -0.0257812500 0.0846907530
-0.4799512833 -0.0171875000 -0.0773437500
-0.4726562500 -0.0171875000 -0.0821640360
-0.4785743668 -0.0171875000 0.0773437500
-0.4726562500 -0.0171875000 0.0829060680
-0.4748209650 -0.0085937500 -0.0773437500
-0.4726562500 -0.0085937500 -0.0790608826
-0.4756324167 -0.0085937500 0.0773437500
-0.4726562500 -0.0085937500 0.0804226401
-0.4726562500 -0.0054499660 -0.0773437500
-0.4789981909 0.0000000000 -0.0687500000
-0.4726562500 0.0000000000 -0.0740915561
-0.4792510917 0.0000000000 0.0687500000
-0.4726562500 -0.0011577604 0.0773437500
-0.4726562500 0.0000000000 0.0767907849
-0.4727134870 0.0085937500 -0.0687500000
-0.4726562500 0.0085937500 -0.0688001882
-0.4808740429 0.0085937500 -0.0601562500
-0.4804442635 0.0085937500 0.0601562500
-0.4742812822 0.0085937500 0.0687500000
-0.4726562500 0.0085937500 0.0710276927
-0.4726562500 0.0086742830 -0.0687500000
-0.4752852607 0.0171875000 -0.0601562500
-0.4726562500 0.0171875000 -0.0627595828
-0.4800257442 0.0171875000 0.0515625000
-0.4743470944 0.0171875000 0.0601562500
-0.4726562500 0.0107678430 0.0687500000
-0.4726562500 0.0171875000 0.0623668393
-0.4726562500 0.0211627771 -0.0601562500
-0.4778097090 0.0257812500 -0.0515625000
-0.4726562500 0.0257812500 -0.0568568879
-0.4787568415 0.0257812500 0.0343750000
-0.4747492119 0.0257812500 0.0429687500
-0.4726562500 0.0243086469 0.0515625000
-0.4726562500 0.0257812500 0.0476758779
-0.4726562500 0.0188807788 0.0601562500
-0.4726562500 0.0306936064 -0.0515625000
-0.4736140762 0.0343750000 -0.0429687500
-0.4726562500 0.0343750000 -0.0445290011
-0.4758439030 0.0343750000 -0.0343750000
-0.4747957717 0.0343750000 -0.0257812500
-0.4732580916 0.0343750000 -0.0171875000
-0.4726562500 0.0342660451 -0.0085937500
-0.4726562500 0.0343750000 -0.0116158198
-0.4726562500 0.0337462230 0.0000000000
-0.4726562500 0.0332459378 0.0085937500
-0.4726562500 0.0323186204 0.0171875000
-0.4726562500 0.0312784483 0.0257812500
-0.4726562500 0.0295826706 0.0343750000
-0.4726562500 0.0272761054 0.0429687500
-0.4726562500 0.0349814431 -0.0429687500
-0.4726562500 0.0358975260 -0.0343750000
-0.4726562500 0.0352666454 -0.0257812500
-0.4726562500 0.0345740977 -0.0171875000
-0.4640625000 -0.0969986570 -0.0171875000
-0.4640625000 -0.0945312500 -0.0245974788
-0.4640625000 -0.0990543625 -0.0085937500
-0.4640625000 -0.1008360125 0.0000000000
-0.4640625000 -0.1015878186 0.0085937500
-0.4640625000 -0.1011897766 0.0171875000
-0.4640625000 -0.1005154084 0.0257812500
-0.4640625000 -0.0986555251 0.0343750000
-0.4677605397 -0.0945312500 0.0429687500
-0.4640625000 -0.0954293064 0.0429687500
-0.4640625000 -0.0945312500 0.0443598780
-0.4701214059 -0.0859375000 -0.0429687500
-0.4640625000 -0.0876306777 -0.0429687500
-0.4640625000 -0.0859375000 -0.0466174848
-0.4640625000 -0.0909435550 -0.0343750000
-0.4640625000 -0.0941200512 -0.0257812500
-0.4640625000 -0.0897059712 0.0515625000
-0.4640625000 -0.0859375000 0.0571600594
-0.4640625000 -0.0803077898 -0.0601562500
-0.4640625000 -0.0773437500 -0.0658466139
-0.4640625000 -0.0836518389 -0.0515625000
-0.4640625000 -0.0837590061 0.0601562500
-0.4640625000 -0.0773437500 0.0676664048
-0.4640625000 -0.0754826768 -0.0687500000
-0.4640625000 -0.0687500000 -0.0771131548
-0.4640625000 -0.0759997580 0.0687500000
-0.4640625000 -0.0687500000 0.0739761684
-0.4640625000 -0.0683713325 -0.0773437500
-0.4640625000 -0.0601562500 -0.0819451966
-0.4697103346 -0.0601562500 0.0773437500
-0.4640625000 -0.0637000500 0.0773437500
-0.4640625000 -0.0601562500 0.0803918264
-0.4640625000 -0.0515625000 -0.0848763105
-0.4647968600 -0.0515625000 0.0859375000
-0.4640625000 -0.0522107555 0.0859375000
-0.4640625000 -0.0515625000 0.0863925321
-0.4678093191 -0.0429687500 -0.0859375000
-0.4640625000 -0.0478789686 -0.0859375000
-0.4640625000 -0.0429687500 -0.0874665755
-0.4709210120 -0.0429687500 0.0859375000
-0.4640625000 -0.0429687500 0.0908780984
-0.4697469670 -0.0343750000 -0.0859375000
-0.4640625000 -0.0343750000 -0.0881251833
-0.4716391701 -0.0343750000 0.0859375000
-0.4640625000 -0.0343750000 0.0918909385
-0.4677085693 -0.0257812500 -0.0859375000
-0.4640625000 -0.0257812500 -0.0875068701
-0.4711428311 -0.0257812500 0.0859375000
-0.4640625000 -0.0257812500 0.0917744016
-0.4647908195 -0.0171875000 -0.0859375000
-0.4640625000 -0.0171875000 -0.0862903470
-0.4690889527 -0.0171875000 0.0859375000
-0.4640625000 -0.0171875000 0.0904774984
-0.4640625000 -0.0154349431 -0.0859375000
-0.4640625000 -0.0085937500 -0.0844553281
-0.4669086926 -0.0085937500 0.0859375000
-0.4640625000 -0.0085937500 0.0886425929
-0.4684680016 0.0000000000 -0.0773437500
-0.4640625000 0.0000000000 -0.0804691321
-0.4721709192 0.0000000000 0.0773437500
-0.4640697633 0.0000000000 0.0859375000
-0.4640625000 0.0000000000 0.0859448715
-0.4640625000 0.0063281415 -0.0773437500
-0.4640625000 0.0085937500 -0.0759315530
-0.4677878367 0.0085937500 0.0773437500
-0.4640625000 0.0000188836 0.0859375000
-0.4640625000 0.0085937500 0.0817429756
-0.4663179888 0.0171875000 -0.0687500000
-0.4640625000 0.0171875000 -0.0707818827
-0.4675201856 0.0171875000 0.0687500000
-0.4640625000 0.0134803156 0.0773437500
-0.4640625000 0.0171875000 0.0734984385
-0.4640625000 0.0200525306 -0.0687500000
-0.4688874325 0.0257812500 -0.0601562500
-0.4640625000 0.0257812500 -0.0642469504
-0.4703368037 0.0257812500 0.0515625000
-0.4640625000 0.0256706401 0.0601562500
-0.4640625000 0.0257812500 0.0599020613
-0.4640625000 0.0202063797 0.0687500000
-0.4640625000 0.0300886298 -0.0601562500
-0.4655898639 0.0343750000 -0.0515625000
-0.4640625000 0.0343750000 -0.0530187523
-0.4722629571 0.0343750000 -0.0085937500
-0.4702432915 0.0343750000 0.0000000000
-0.4671841810 0.0343750000 0.0085937500
-0.4640625000 0.0339747369 0.0171875000
-0.4640625000 0.0343750000 0.0137295587
-0.4640625000 0.0338511820 0.0257812500
-0.4640625000 0.0332193239 0.0343750000
-0.4640625000 0.0313481915 0.0429687500
-0.4640625000 0.0290587559 0.0515625000
-0.4640625000 0.0350007142 -0.0515625000
-0.4640625000 0.0375475513 -0.0429687500
-0.4640625000 0.0381603958 -0.0343750000
-0.4640625000 0.0377062095 -0.0257812500
-0.4640625000 0.0371343475 -0.0171875000
-0.4640625000 0.0366601483 -0.0085937500
-0.4640625000 0.0360564137 0.0000000000
-0.4640625000 0.0350888260 0.0085937500
-0.4607524600 -0.0945312500 -0.0257812500
-0.4554687500 -0.0951071162 -0.0257812500
-0.4554687500 -0.0945312500 -0.0275637293
-0.4554687500 -0.0978420879 -0.0171875000
-0.4554687500 -0.0997582566 -0.0085937500
-0.4554687500 -0.1017006473 0.0000000000
-0.4554687500 -0.1025337482 0.0085937500
-0.4554687500 -0.1022425574 0.0171875000
-0.4554687500 -0.1017036977 0.0257812500
-0.4554687500 -0.1002034210 0.0343750000
-0.4554687500 -0.0966303103 0.0429687500
-0.4554687500 -0.0945312500 0.0465350738
-0.4554687500 -0.0889992502 -0.0429687500
-0.4554687500 -0.0859375000 -0.0502628863
-0.4554687500 -0.0922579390 -0.0343750000
-0.4554687500 -0.0914632685 0.0515625000
-0.4554687500 -0.0859375000 0.0597295582
-0.4554687500 -0.0815760004 -0.0601562500
-0.4554687500 -0.0773437500 -0.0681231930
-0.4554687500 -0.0853764530 -0.0515625000
-0.4554687500 -0.0856472532 0.0601562500
-0.4603096242 -0.0773437500 0.0687500000
-0.4554687500 -0.0786122289 0.0687500000
-0.4554687500 -0.0773437500 0.0698595610
-0.4631638970 -0.0687500000 -0.0773437500
-0.4554687500 -0.0703708958 -0.0773437500
-0.4554687500 -0.0687500000 -0.0791074453
-0.4554687500 -0.0769385522 -0.0687500000
-0.4554687500 -0.0687500000 0.0762556843
-0.4554687500 -0.0601562500 -0.0845210903
-0.4554687500 -0.0672030124 0.0773437500
-0.4554687500 -0.0601562500 0.0840242468
-0.4610457574 -0.0515625000 -0.0859375000
-0.4554687500 -0.0564497471 -0.0859375000
-0.4554687500 -0.0515625000 -0.0878776854
-0.4554687500 -0.0575136831 0.0859375000
-0.4554687500 -0.0515625000 0.0904843639
-0.4554687500 -0.0429687500 -0.0899085976
-0.4566976879 -0.0429687500 0.0945312500
-0.4554687500 -0.0440306397 0.0945312500
-0.4554687500 -0.0429687500 0.0951604254
-0.4554687500 -0.0343750000 -0.0902251154
-0.4592439130 -0.0343750000 0.0945312500
-0.4554687500 -0.0343750000 0.0967169935
-0.4554687500 -0.0257812500 -0.0902487227
-0.4587442676 -0.0257812500 0.0945312500
-0.4554687500 -0.0257812500 0.0963494367
-0.4554687500 -0.0171875000 -0.0895366954
-0.4571695954 -0.0171875000 0.0945312500
-0.4554687500 -0.0171875000 0.0955482312
-0.4607907188 -0.0085937500 -0.0859375000
-0.4554687500 -0.0085937500 -0.0882253493
-0.4554687500 -0.0127089200 0.0945312500
-0.4554687500 -0.0085937500 0.0936362769
-0.4554687500 -0.0022911612 -0.0859375000
-0.4554687500 0.0000000000 -0.0850660663
-0.4554687500 0.0000000000 0.0914346388
-0.4620965879 0.0085937500 -0.0773437500
-0.4554687500 0.0085937500 -0.0810261239
-0.4585017674 0.0085937500 0.0859375000
-0.4554687500 0.0085937500 0.0878616950
-0.4554687500 0.0159880386 -0.0773437500
-0.4554687500 0.0171875000 -0.0765614092
-0.4607515211 0.0171875000 0.0773437500
-0.4554687500 0.0116975858 0.0859375000
-0.4554687500 0.0171875000 0.0822267724
-0.4571192638 0.0257812500 -0.0687500000
-0.4554687500 0.0257812500 -0.0697299243
-0.4638803956 0.0257812500 0.0601562500
-0.4561306498 0.0257812500 0.0687500000
-0.4554687500 0.0211833425 0.0773437500
-0.4554687500 0.0257812500 0.0695570866
-0.4554687500 0.0268104507 -0.0687500000
-0.4554687500 0.0339948248 -0.0601562500
-0.4554687500 0.0343750000 -0.0593243031
-0.4627600401 0.0343750000 0.0171875000
-0.4624746860 0.0343750000 0.0257812500
-0.4606348304 0.0343750000 0.0343750000
-0.4560606420 0.0343750000 0.0429687500
-0.4554687500 0.0326984289 0.0515625000
-0.4554687500 0.0343750000 0.0439122753
-0.4554687500 0.0299874820 0.0601562500
-0.4554687500 0.0261410532 0.0687500000
-0.4554687500 0.0371010733 -0.0515625000
-0.4554687500 0.0393120896 -0.0429687500
-0.4554687500 0.0401325402 -0.0343750000
-0.4554687500 0.0399340818 -0.0257812500
-0.4554687500 0.0398855758 -0.0171875000
-0.4554687500 0.0395051640 -0.0085937500
-0.4554687500 0.0388918564 0.0000000000
-0.4554687500 0.0381860306 0.0085937500
-0.4554687500 0.0371013159 0.0171875000
-0.4554687500 0.0366853988 0.0257812500
-0.4554687500 0.0358472102 0.0343750000
-0.4554687500 0.0345573424 0.0429687500
-0.4498590487 -0.1031250000 0.0085937500
-0.4468750000 -0.1033938625 0.0085937500
-0.4468750000 -0.1031250000 0.0057610804
-0.4468750000 -0.1031250000 0.0152742960
-0.4468750000 -0.0959365076 -0.0257812500
-0.4468750000 -0.0945312500 -0.0301910290
-0.4468750000 -0.0984847400 -0.0171875000
-0.4468750000 -0.1005592241 -0.0085937500
-0.4468750000 -0.1025081882 0.0000000000
-0.4468750000 -0.1030399127 0.0171875000
-0.4468750000 -0.1026620715 0.0257812500
-0.4468750000 -0.1013306762 0.0343750000
-0.4468750000 -0.0980446515 0.0429687500
-0.4468750000 -0.0945312500 0.0492705421
-0.4523841591 -0.0859375000 -0.0515625000
-0.4468750000 -0.0868754864 -0.0515625000
-0.4468750000 -0.0859375000 -0.0534998451
-0.4468750000 -0.0901505889 -0.0429687500
-0.4468750000 -0.0931935031 -0.0343750000
-0.4468750000 -0.0931795984 0.0515625000
-0.4542700778 -0.0859375000 0.0601562500
-0.4468750000 -0.0876732947 0.0601562500
-0.4468750000 -0.0859375000 0.0625691041
-0.4533553139 -0.0773437500 -0.0687500000
-0.4468750000 -0.0782896614 -0.0687500000
-0.4468750000 -0.0773437500 -0.0703096759
-0.4468750000 -0.0828354774 -0.0601562500
-0.4468750000 -0.0812346585 0.0687500000
-0.4468750000 -0.0773437500 0.0723549073
-0.4468750000 -0.0719081625 -0.0773437500
-0.4468750000 -0.0687500000 -0.0811549227
-0.4499714405 -0.0687500000 0.0773437500
-0.4468750000 -0.0695925765 0.0773437500
-0.4468750000 -0.0687500000 0.0779786485
-0.4506741398 -0.0601562500 -0.0859375000
-0.4468750000 -0.0617911439 -0.0859375000
-0.4468750000 -0.0601562500 -0.0869627479
-0.4468750000 -0.0601562500 0.0849632356
-0.4468750000 -0.0515625000 -0.0909129773
-0.4468750000 -0.0586942851 0.0859375000
-0.4468750000 -0.0515625000 0.0913721401
-0.4468750000 -0.0429687500 -0.0922437824
-0.4468750000 -0.0459104694 0.0945312500
-0.4468750000 -0.0429687500 0.0963781912
-0.4468750000 -0.0343750000 -0.0924869753
-0.4468750000 -0.0343750000 0.0993154540
-0.4468750000 -0.0257812500 -0.0928109433
-0.4468750000 -0.0257812500 0.0993744153
-0.4468750000 -0.0171875000 -0.0924806985
-0.4468750000 -0.0171875000 0.0987728470
-0.4468750000 -0.0085937500 -0.0912558670
-0.4530940950 -0.0085937500 0.0945312500
-0.4468750000 -0.0085937500 0.0971265554
-0.4536020709 0.0000000000 -0.0859375000
-0.4468750000 0.0000000000 -0.0889876496
-0.4475266865 0.0000000000 0.0945312500
-0.4468750000 0.0000000000 0.0947821960
-0.4468750000 0.0084515361 -0.0859375000
-0.4468750000 0.0085937500 -0.0858819448
-0.4468750000 0.0006136032 0.0945312500
-0.4468750000 0.0085937500 0.0913717942
-0.4542550106 0.0171875000 -0.0773437500
-0.4468750000 0.0171875000 -0.0812297307
-0.4473171278 0.0171875000 0.0859375000
-0.4468750000 0.0171875000 0.0861156753
-0.4468750000 0.0226306661 -0.0773437500
-0.4468750000 0.0257812500 -0.0743614723
-0.4468750000 0.0243782627 0.0773437500
-0.4468750000 0.0257812500 0.0751435095
-0.4468750000 0.0173433069 0.0859375000
-0.4468750000 0.0307110322 -0.0687500000
-0.4537311295 0.0343750000 -0.0601562500
-0.4468750000 0.0343750000 -0.0627247012
-0.4468750000 0.0343620159 0.0515625000
-0.4468750000 0.0343750000 0.0515067415
-0.4468750000 0.0319297302 0.0601562500
-0.4468750000 0.0287006014 0.0687500000
-0.4468750000 0.0354909747 -0.0601562500
-0.4468750000 0.0379776297 -0.0515625000
-0.4468750000 0.0403294678 -0.0429687500
-0.4468750000 0.0413559639 -0.0343750000
-0.4468750000 0.0415483157 -0.0257812500
-0.4468750000 0.0416827441 -0.0171875000
-0.4468750000 0.0416946161 -0.0085937500
-0.4468750000 0.0410606933 0.0000000000
-0.4468750000 0.0403811771 0.0085937500
-0.4468750000 0.0394978939 0.0171875000
-0.4468750000 0.0387302440 0.0257812500
-0.4468750000 0.0377735915 0.0343750000
-0.4468750000 0.0361437679 0.0429687500
-0.4399476586 -0.1031250000 0.0000000000
-0.4382812500 -0.1032566106 0.0000000000
-0.4382812500 -0.1031250000 -0.0005660051
-0.4382812500 -0.1039852042 0.0085937500
-0.4461501248 -0.1031250000 0.0171875000
-0.4382812500 -0.1040000165 0.0171875000
-0.4433697984 -0.1031250000 0.0257812500
-0.4382812500 -0.1036945510 0.0257812500
-0.4382812500 -0.1031250000 0.0294257054
-0.4382812500 -0.0966485204 -0.0257812500
-0.4382812500 -0.0945312500 -0.0325541878
-0.4382812500 -0.0991676663 -0.0171875000
-0.4382812500 -0.1012565318 -0.0085937500
-0.4382812500 -0.1022328829 0.0343750000
-0.4382812500 -0.0995239155 0.0429687500
-0.4408920614 -0.0945312500 0.0515625000
-0.4382812500 -0.0950689650 0.0515625000
-0.4382812500 -0.0945312500 0.0523593654
-0.4382812500 -0.0878516545 -0.0515625000
-0.4382812500 -0.0859375000 -0.0558958509
-0.4382812500 -0.0910556724 -0.0429687500
-0.4382812500 -0.0939549796 -0.0343750000
-0.4382812500 -0.0892152324 0.0601562500
-0.4382812500 -0.0859375000 0.0648649491
-0.4382812500 -0.0795300612 -0.0687500000
-0.4382812500 -0.0773437500 -0.0723249746
-0.4382812500 -0.0841385344 -0.0601562500
-0.4382812500 -0.0830309601 0.0687500000
-0.4382812500 -0.0773437500 0.0740929752
-0.4382812500 -0.0736121153 -0.0773437500
-0.4382812500 -0.0687500000 -0.0834815588
-0.4382812500 -0.0726073667 0.0773437500
-0.4382812500 -0.0687500000 0.0803761320
-0.4382812500 -0.0653429846 -0.0859375000
-0.4382812500 -0.0601562500 -0.0894046016
-0.4413703200 -0.0601562500 0.0859375000
-0.4382812500 -0.0608299772 0.0859375000
-0.4382812500 -0.0601562500 0.0864483510
-0.4382812500 -0.0515625000 -0.0936500950
-0.4382812500 -0.0515625000 0.0923895258
-0.4384278137 -0.0429687500 -0.0945312500
-0.4382812500 -0.0433379091 -0.0945312500
-0.4382812500 -0.0429687500 -0.0945823310
-0.4382812500 -0.0476848347 0.0945312500
-0.4382812500 -0.0429687500 0.0977017583
-0.4394209769 -0.0343750000 -0.0945312500
-0.4382812500 -0.0343750000 -0.0949488884
-0.4382812500 -0.0343750000 0.1011253801
-0.4407593805 -0.0257812500 -0.0945312500
-0.4382812500 -0.0257812500 -0.0953753770
-0.4382812500 -0.0257812500 0.1020729542
-0.4409796950 -0.0171875000 -0.0945312500
-0.4382812500 -0.0171875000 -0.0955378262
-0.4382812500 -0.0171875000 0.1014632734
-0.4382812500 -0.0109233509 -0.0945312500
-0.4382812500 -0.0085937500 -0.0941923008
-0.4382812500 -0.0085937500 0.0995479824
-0.4382812500 0.0000000000 -0.0923065137
-0.4382812500 0.0000000000 0.0971990994
-0.4467795152 0.0085937500 -0.0859375000
-0.4382812500 0.0085937500 -0.0901151107
-0.4382812500 0.0067858387 0.0945312500
-0.4382812500 0.0085937500 0.0938187746
-0.4388084830 0.0171875000 -0.0859375000
-0.4382812500 0.0171875000 -0.0862251613
-0.4382812500 0.0171875000 0.0878391300
-0.4382812500 0.0176134075 -0.0859375000
-0.4415742604 0.0257812500 -0.0773437500
-0.4382812500 0.0257812500 -0.0789890982
-0.4401107808 0.0257812500 0.0773437500
-0.4382812500 0.0186994940 0.0859375000
-0.4382812500 0.0257812500 0.0777521771
-0.4382812500 0.0273876756 -0.0773437500
-0.4382812500 0.0337139155 -0.0687500000
-0.4382812500 0.0343750000 -0.0673238437
-0.4468085697 0.0343750000 0.0515625000
-0.4382812500 0.0334842501 0.0601562500
-0.4382812500 0.0343750000 0.0571746957
-0.4382812500 0.0300860804 0.0687500000
-0.4382812500 0.0260269069 0.0773437500
-0.4382812500 0.0368783208 -0.0601562500
-0.4382812500 0.0392673178 -0.0515625000
-0.4382812500 0.0415102968 -0.0429687500
-0.4382812500 0.0425777175 -0.0343750000
-0.4382812500 0.0427968267 -0.0257812500
-0.4382812500 0.0428953813 -0.0171875000
-0.4382812500 0.0427867435 -0.0085937500
-0.4382812500 0.0423062665 0.0000000000
-0.4382812500 0.0417775771 0.0085937500
-0.4382812500 0.0409699231 0.0171875000
-0.4382812500 0.0401583597 0.0257812500
-0.4382812500 0.0393129115 0.0343750000
-0.4382812500 0.0373792156 0.0429687500
-0.4382812500 0.0357888695 0.0515625000
-0.4296875000 -0.1039574101 0.0000000000
-0.4296875000 -0.1031250000 -0.0039379144
-0.4296875000 -0.1046115811 0.0085937500
-0.4296875000 -0.1047251885 0.0171875000
-0.4296875000 -0.1044903567 0.0257812500
-0.4296875000 -0.1031250000 0.0336188838
-0.4305673038 -0.0945312500 -0.0343750000
-0.4296875000 -0.0945959896 -0.0343750000
-0.4296875000 -0.0945312500 -0.0345741240
-0.4296875000 -0.0973940118 -0.0257812500
-0.4296875000 -0.0998924211 -0.0171875000
-0.4296875000 -0.1021491009 -0.0085937500
-0.4296875000 -0.1029746123 0.0343750000
-0.4296875000 -0.1006694288 0.0429687500
-0.4296875000 -0.0964679217 0.0515625000
-0.4296875000 -0.0945312500 0.0544318666
-0.4296875000 -0.0888190069 -0.0515625000
-0.4296875000 -0.0859375000 -0.0583976226
-0.4296875000 -0.0917916458 -0.0429687500
-0.4296875000 -0.0906764995 0.0601562500
-0.4296875000 -0.0859375000 0.0669948269
-0.4296875000 -0.0806663647 -0.0687500000
-0.4296875000 -0.0773437500 -0.0742927135
-0.4296875000 -0.0852319933 -0.0601562500
-0.4296875000 -0.0846758540 0.0687500000
-0.4296875000 -0.0773437500 0.0759528539
-0.4299537296 -0.0687500000 -0.0859375000
-0.4296875000 -0.0688095484 -0.0859375000
-0.4296875000 -0.0687500000 -0.0860036866
-0.4296875000 -0.0752448290 -0.0773437500
-0.4296875000 -0.0753984753 0.0773437500
-0.4296875000 -0.0687500000 0.0828975331
-0.4296875000 -0.0601562500 -0.0918901239
-0.4296875000 -0.0641484263 0.0859375000
-0.4296875000 -0.0601562500 0.0884780635
-0.4352778148 -0.0515625000 -0.0945312500
-0.4296875000 -0.0546406099 -0.0945312500
-0.4296875000 -0.0515625000 -0.0962595898
-0.4296875000 -0.0515625000 0.0932902997
-0.4296875000 -0.0429687500 -0.0977156645
-0.4296875000 -0.0489372484 0.0945312500
-0.4296875000 -0.0429687500 0.0985449859
-0.4296875000 -0.0343750000 -0.0981991433
-0.4296875000 -0.0343750000 0.1023798821
-0.4296875000 -0.0257812500 -0.0982866967
-0.4342466760 -0.0257812500 0.1031250000
-0.4296875000 -0.0308063453 0.1031250000
-0.4296875000 -0.0257812500 0.1040349456
-0.4296875000 -0.0171875000 -0.0981132056
-0.4307855144 -0.0171875000 0.1031250000
-0.4296875000 -0.0171875000 0.1033503536
-0.4372434344 -0.0085937500 -0.0945312500
-0.4296875000 -0.0085937500 -0.0972913521
-0.4296875000 -0.0159599215 0.1031250000
-0.4296875000 -0.0085937500 0.1016157938
-0.4320688742 0.0000000000 -0.0945312500
-0.4296875000 0.0000000000 -0.0955196714
-0.4296875000 0.0000000000 0.0989145466
-0.4296875000 0.0041309156 -0.0945312500
-0.4296875000 0.0085937500 -0.0935984685
-0.4340676963 0.0085937500 0.0945312500
-0.4296875000 0.0085937500 0.0953178085
-0.4296875000 0.0171875000 -0.0904961327
-0.4296875000 0.0096664587 0.0945312500
-0.4296875000 0.0171875000 0.0891790793
-0.4296875000 0.0238045231 -0.0859375000
-0.4296875000 0.0257812500 -0.0840415061
-0.4296875000 0.0198551857 0.0859375000
-0.4296875000 0.0257812500 0.0789354952
-0.4296875000 0.0313349251 -0.0773437500
-0.4361956542 0.0343750000 -0.0687500000
-0.4296875000 0.0343750000 -0.0722520175
-0.4336336424 0.0343750000 0.0601562500
-0.4296875000 0.0314800543 0.0687500000
-0.4296875000 0.0343750000 0.0618663116
-0.4296875000 0.0267625874 0.0773437500
-0.4296875000 0.0359374264 -0.0687500000
-0.4296875000 0.0383404133 -0.0601562500
-0.4296875000 0.0405589657 -0.0515625000
-0.4296875000 0.0425955351 -0.0429687500
-0.4348061454 0.0429687500 -0.0343750000
-0.4296875000 0.0429687500 -0.0395842913
-0.4366850024 0.0429687500 -0.0257812500
-0.4375491087 0.0429687500 -0.0171875000
-0.4359533255 0.0429687500 -0.0085937500
-0.4300959403 0.0429687500 0.0000000000
-0.4296875000 0.0427484651 0.0085937500
-0.4296875000 0.0429687500 0.0010593740
-0.4296875000 0.0423249567 0.0171875000
-0.4296875000 0.0416747550 0.0257812500
-0.4296875000 0.0406685483 0.0343750000
-0.4296875000 0.0387529134 0.0429687500
-0.4296875000 0.0371049940 0.0515625000
-0.4296875000 0.0349470084 0.0601562500
-0.4296875000 0.0435842277 -0.0343750000
-0.4296875000 0.0437454965 -0.0257812500
-0.4296875000 0.0438094597 -0.0171875000
-0.4296875000 0.0435097585 -0.0085937500
-0.4296875000 0.0430066577 0.0000000000
-0.4210937500 -0.1046983866 0.0000000000
-0.4210937500 -0.1031250000 -0.0076854279
-0.4210937500 -0.1052970170 0.0085937500
-0.4210937500 -0.1053450220 0.0171875000
-0.4210937500 -0.1050559399 0.0257812500
-0.4282136620 -0.1031250000 0.0343750000
-0.4210937500 -0.1037464166 0.0343750000
-0.4210937500 -0.1031250000 0.0370172520
-0.4210937500 -0.0953421196 -0.0343750000
-0.4210937500 -0.0945312500 -0.0368531802
-0.4210937500 -0.0982395094 -0.0257812500
-0.4210937500 -0.1007421316 -0.0171875000
-0.4210937500 -0.1029383007 -0.0085937500
-0.4210937500 -0.1015202882 0.0429687500
-0.4210937500 -0.0976012635 0.0515625000
-0.4210937500 -0.0945312500 0.0570999395
-0.4240468519 -0.0859375000 -0.0601562500
-0.4210937500 -0.0863152391 -0.0601562500
-0.4210937500 -0.0859375000 -0.0607781270
-0.4210937500 -0.0898897108 -0.0515625000
-0.4210937500 -0.0925785996 -0.0429687500
-0.4210937500 -0.0927928849 0.0601562500
-0.4223247578 -0.0859375000 0.0687500000
-0.4210937500 -0.0861349650 0.0687500000
-0.4210937500 -0.0859375000 0.0689752108
-0.4210937500 -0.0816991239 -0.0687500000
-0.4210937500 -0.0773437500 -0.0762702426
-0.4230495197 -0.0773437500 0.0773437500
-0.4210937500 -0.0777780048 0.0773437500
-0.4210937500 -0.0773437500 0.0777632116
-0.4210937500 -0.0706614750 -0.0859375000
-0.4210937500 -0.0687500000 -0.0882113438
-0.4210937500 -0.0766440278 -0.0773437500
-0.4210937500 -0.0687500000 0.0852634051
-0.4210937500 -0.0601562500 -0.0941903731
-0.4210937500 -0.0676888127 0.0859375000
-0.4210937500 -0.0601562500 0.0905232554
-0.4210937500 -0.0594210164 -0.0945312500
-0.4210937500 -0.0515625000 -0.0989675140
-0.4235241604 -0.0515625000 0.0945312500
-0.4210937500 -0.0524066125 0.0945312500
-0.4210937500 -0.0515625000 0.0950298773
-0.4210937500 -0.0429687500 -0.1002284003
-0.4210937500 -0.0429687500 0.0994099432
-0.4210937500 -0.0343750000 -0.1012636478
-0.4210937500 -0.0343750000 0.1026641719
-0.4210937500 -0.0257812500 -0.1015504784
-0.4210937500 -0.0323136764 0.1031250000
-0.4210937500 -0.0257812500 0.1044785896
-0.4210937500 -0.0171875000 -0.1012048927
-0.4210937500 -0.0171875000 0.1047494293
-0.4210937500 -0.0085937500 -0.1008713914
-0.4210937500 -0.0092763697 0.1031250000
-0.4210937500 -0.0085937500 0.1029560699
-0.4210937500 0.0000000000 -0.0993224178
-0.4210937500 0.0000000000 0.1001659741
-0.4275449529 0.0085937500 -0.0945312500
-0.4210937500 0.0085937500 -0.0976508129
-0.4210937500 0.0085937500 0.0968567195
-0.4210937500 0.0169281064 -0.0945312500
-0.4210937500 0.0171875000 -0.0944372815
-0.4210937500 0.0117580012 0.0945312500
-0.4210937500 0.0171875000 0.0901602018
-0.4261366953 0.0257812500 -0.0859375000
-0.4210937500 0.0257812500 -0.0884263376
-0.4210937500 0.0207309851 0.0859375000
-0.4210937500 0.0257812500 0.0803052047
-0.4210937500 0.0280107690 -0.0859375000
-0.4210960887 0.0343750000 -0.0773437500
-0.4210937500 0.0343750000 -0.0773448657
-0.4210937500 0.0329962992 0.0687500000
-0.4210937500 0.0343750000 0.0653851672
-0.4210937500 0.0276810046 0.0773437500
-0.4210937500 0.0343756947 -0.0773437500
-0.4210937500 0.0376187468 -0.0687500000
-0.4210937500 0.0398461513 -0.0601562500
-0.4210937500 0.0418647625 -0.0515625000
-0.4258709358 0.0429687500 -0.0429687500
-0.4210937500 0.0429687500 -0.0453040556
-0.4280465538 0.0429687500 0.0085937500
-0.4251250243 0.0429687500 0.0171875000
-0.4210937500 0.0428144531 0.0257812500
-0.4210937500 0.0429687500 0.0239354572
-0.4210937500 0.0416903363 0.0343750000
-0.4210937500 0.0399080586 0.0429687500
-0.4210937500 0.0381649487 0.0515625000
-0.4210937500 0.0359632667 0.0601562500
-0.4210937500 0.0434590764 -0.0429687500
-0.4210937500 0.0442671023 -0.0343750000
-0.4210937500 0.0443283484 -0.0257812500
-0.4210937500 0.0444237795 -0.0171875000
-0.4210937500 0.0444536370 -0.0085937500
-0.4210937500 0.0441562676 0.0000000000
-0.4210937500 0.0440138791 0.0085937500
-0.4210937500 0.0436020292 0.0171875000
-0.4191158639 -0.1031250000 -0.0085937500
-0.4125000000 -0.1037309511 -0.0085937500
-0.4125000000 -0.1031250000 -0.0110735172
-0.4125000000 -0.1053099204 0.0000000000
-0.4125000000 -0.1057712089 0.0085937500
-0.4125000000 -0.1057057310 0.0171875000
-0.4125000000 -0.1054718364 0.0257812500
-0.4125000000 -0.1040860815 0.0343750000
-0.4125000000 -0.1031250000 0.0383646965
-0.4125000000 -0.0964873330 -0.0343750000
-0.4125000000 -0.0945312500 -0.0399089654
-0.4125000000 -0.0993191387 -0.0257812500
-0.4125000000 -0.1016389494 -0.0171875000
-0.4125000000 -0.1018829112 0.0429687500
-0.4125000000 -0.0982351747 0.0515625000
-0.4125000000 -0.0945312500 0.0594231256
-0.4125000000 -0.0874682395 -0.0601562500
-0.4125000000 -0.0859375000 -0.0627632260
-0.4125000000 -0.0908997987 -0.0515625000
-0.4125000000 -0.0935023205 -0.0429687500
-0.4125000000 -0.0941657779 0.0601562500
-0.4125000000 -0.0875845082 0.0687500000
-0.4125000000 -0.0859375000 0.0705218337
-0.4165863052 -0.0773437500 -0.0773437500
-0.4125000000 -0.0778812946 -0.0773437500
-0.4125000000 -0.0773437500 -0.0783706123
-0.4125000000 -0.0828603374 -0.0687500000
-0.4125000000 -0.0793320658 0.0773437500
-0.4125000000 -0.0773437500 0.0793637599
-0.4125000000 -0.0725720385 -0.0859375000
-0.4125000000 -0.0687500000 -0.0907698886
-0.4179391340 -0.0687500000 0.0859375000
-0.4125000000 -0.0698906887 0.0859375000
-0.4125000000 -0.0687500000 0.0870219270
-0.4197369369 -0.0601562500 -0.0945312500
-0.4125000000 -0.0632465753 -0.0945312500
-0.4125000000 -0.0601562500 -0.0968502754
-0.4125000000 -0.0601562500 0.0928222969
-0.4125000000 -0.0515625000 -0.1012645282
-0.4125000000 -0.0568653584 0.0945312500
-0.4125000000 -0.0515625000 0.0975136060
-0.4125000000 -0.0429687500 -0.1026090381
-0.4125000000 -0.0429687500 0.1008470863
-0.4158003020 -0.0343750000 -0.1031250000
-0.4125000000 -0.0400199092 -0.1031250000
-0.4125000000 -0.0343750000 -0.1041286869
-0.4160986327 -0.0343750000 0.1031250000
-0.4125000000 -0.0352724584 0.1031250000
-0.4125000000 -0.0343750000 0.1033801779
-0.4169334793 -0.0257812500 -0.1031250000
-0.4125000000 -0.0257812500 -0.1046502263
-0.4125000000 -0.0257812500 0.1049990006
-0.4164654587 -0.0171875000 -0.1031250000
-0.4125000000 -0.0171875000 -0.1046938214
-0.4125000000 -0.0171875000 0.1054978367
-0.4157326774 -0.0085937500 -0.1031250000
-0.4125000000 -0.0085937500 -0.1044408191
-0.4195203626 -0.0085937500 0.1031250000
-0.4125000000 -0.0085937500 0.1038290623
-0.4128076476 0.0000000000 -0.1031250000
-0.4125000000 0.0000000000 -0.1032663195
-0.4125000000 -0.0062345637 0.1031250000
-0.4125000000 0.0000000000 0.1012561478
-0.4125000000 0.0006564165 -0.1031250000
-0.4125000000 0.0085937500 -0.1011996391
-0.4125000000 0.0085937500 0.0979047842
-0.4208489372 0.0171875000 -0.0945312500
-0.4125000000 0.0171875000 -0.0979718406
-0.4125000000 0.0133065403 0.0945312500
-0.4125000000 0.0171875000 0.0914827166
-0.4125000000 0.0222069388 -0.0945312500
-0.4125000000 0.0257812500 -0.0917178365
-0.4125000000 0.0219526291 0.0859375000
-0.4125000000 0.0257812500 0.0819054999
-0.4125000000 0.0311496884 -0.0859375000
-0.4125000000 0.0343750000 -0.0813142971
-0.4127460181 0.0343750000 0.0687500000
-0.4125000000 0.0289397982 0.0773437500
-0.4125000000 0.0343750000 0.0688107479
-0.4125000000 0.0365677847 -0.0773437500
-0.4125000000 0.0393295802 -0.0687500000
-0.4125000000 0.0415425742 -0.0601562500
-0.4145517409 0.0429687500 -0.0515625000
-0.4125000000 0.0429687500 -0.0532789049
-0.4200109276 0.0429687500 0.0257812500
-0.4125000000 0.0429132385 0.0343750000
-0.4125000000 0.0429687500 0.0339648485
-0.4125000000 0.0411818533 0.0429687500
-0.4125000000 0.0394069609 0.0515625000
-0.4125000000 0.0371102711 0.0601562500
-0.4125000000 0.0344054463 0.0687500000
-0.4125000000 0.0433400842 -0.0515625000
-0.4125000000 0.0446106186 -0.0429687500
-0.4125000000 0.0452047867 -0.0343750000
-0.4125000000 0.0450927438 -0.0257812500
-0.4125000000 0.0453523885 -0.0171875000
-0.4125000000 0.0454722451 -0.0085937500
-0.4125000000 0.0453980881 0.0000000000
-0.4125000000 0.0452866395 0.0085937500
-0.4125000000 0.0448715854 0.0171875000
-0.4125000000 0.0441062062 0.0257812500
-0.4039062500 -0.1044014617 -0.0085937500
-0.4039062500 -0.1031250000 -0.0140433803
-0.4039062500 -0.1057714528 0.0000000000
-0.4039062500 -0.1061047712 0.0085937500
-0.4039062500 -0.1059537727 0.0171875000
-0.4039062500 -0.1056870223 0.0257812500
-0.4039062500 -0.1041808191 0.0343750000
-0.4039062500 -0.1031250000 0.0389110553
-0.4041519823 -0.0945312500 -0.0429687500
-0.4039062500 -0.0945628870 -0.0429687500
-0.4039062500 -0.0945312500 -0.0430722630
-0.4039062500 -0.0976154232 -0.0343750000
-0.4039062500 -0.1002146092 -0.0257812500
-0.4039062500 -0.1023769014 -0.0171875000
-0.4039062500 -0.1020708216 0.0429687500
-0.4039062500 -0.0986939755 0.0515625000
-0.4087570681 -0.0945312500 0.0601562500
-0.4039062500 -0.0949532185 0.0601562500
-0.4039062500 -0.0945312500 0.0607447064
-0.4039062500 -0.0886142478 -0.0601562500
-0.4039062500 -0.0859375000 -0.0652985560
-0.4039062500 -0.0919219604 -0.0515625000
-0.4039062500 -0.0884638527 0.0687500000
-0.4039062500 -0.0859375000 0.0713765048
-0.4039062500 -0.0792084861 -0.0773437500
-0.4039062500 -0.0773437500 -0.0809842055
-0.4039062500 -0.0842899918 -0.0687500000
-0.4039062500 -0.0802840058 0.0773437500
-0.4039062500 -0.0773437500 0.0803435632
-0.4039062500 -0.0744338951 -0.0859375000
-0.4039062500 -0.0687500000 -0.0931291301
-0.4039062500 -0.0712375474 0.0859375000
-0.4039062500 -0.0687500000 0.0883526411
-0.4039062500 -0.0663866838 -0.0945312500
-0.4039062500 -0.0601562500 -0.0986256531
-0.4039062500 -0.0601562500 0.0944608741
-0.4039062500 -0.0515625000 -0.1026730387
-0.4039062500 -0.0600275598 0.0945312500
-0.4039062500 -0.0515625000 0.0992995331
-0.4097248336 -0.0429687500 -0.1031250000
-0.4039062500 -0.0489420674 -0.1031250000
-0.4039062500 -0.0429687500 -0.1041717824
-0.4039062500 -0.0429687500 0.1018983044
-0.4039062500 -0.0343750000 -0.1058449390
-0.4039062500 -0.0379558265 0.1031250000
-0.4039062500 -0.0343750000 0.1039730908
-0.4039062500 -0.0257812500 -0.1067571771
-0.4039062500 -0.0257812500 0.1052823928
-0.4039062500 -0.0171875000 -0.1071678988
-0.4039062500 -0.0171875000 0.1059161250
-0.4039062500 -0.0085937500 -0.1070324614
-0.4039062500 -0.0085937500 0.1045548347
-0.4039062500 0.0000000000 -0.1061527084
-0.4039062500 -0.0032470714 0.1031250000
-0.4039062500 0.0000000000 0.1021731784
-0.4052633319 0.0085937500 -0.1031250000
-0.4039062500 0.0085937500 -0.1034708134
-0.4039062500 0.0085937500 0.0990848606
-0.4039062500 0.0097588107 -0.1031250000
-0.4039062500 0.0171875000 -0.1007877911
-0.4039062500 0.0148184565 0.0945312500
-0.4039062500 0.0171875000 0.0926800902
-0.4050233034 0.0257812500 -0.0945312500
-0.4039062500 0.0257812500 -0.0949391666
-0.4039062500 0.0233717563 0.0859375000
-0.4039062500 0.0257812500 0.0834625660
-0.4039062500 0.0261983413 -0.0945312500
-0.4039062500 0.0342160181 -0.0859375000
-0.4039062500 0.0343750000 -0.0856725016
-0.4039062500 0.0301986364 0.0773437500
-0.4039062500 0.0343750000 0.0709065081
-0.4039062500 0.0385301774 -0.0773437500
-0.4039062500 0.0414621293 -0.0687500000
-0.4059253377 0.0429687500 -0.0601562500
-0.4039062500 0.0429687500 -0.0622739251
-0.4121279072 0.0429687500 0.0343750000
-0.4039062500 0.0426143202 0.0429687500
-0.4039062500 0.0429687500 0.0410902430
-0.4039062500 0.0407745690 0.0515625000
-0.4039062500 0.0383962819 0.0601562500
-0.4039062500 0.0354941669 0.0687500000
-0.4039062500 0.0434064452 -0.0601562500
-0.4039062500 0.0449829830 -0.0515625000
-0.4039062500 0.0460603098 -0.0429687500
-0.4039062500 0.0465075482 -0.0343750000
-0.4039062500 0.0463493927 -0.0257812500
-0.4039062500 0.0465856054 -0.0171875000
-0.4039062500 0.0467859605 -0.0085937500
-0.4039062500 0.0468107782 0.0000000000
-0.4039062500 0.0467659555 0.0085937500
-0.4039062500 0.0463763466 0.0171875000
-0.4039062500 0.0454014029 0.0257812500
-0.4039062500 0.0442070684 0.0343750000
-0.3953125000 -0.1048282649 -0.0085937500
-0.3953125000 -0.1031250000 -0.0160144860
-0.3953125000 -0.1060528931 0.0000000000
-0.3953125000 -0.1063017062 0.0085937500
-0.3953125000 -0.1061349418 0.0171875000
-0.3953125000 -0.1057977151 0.0257812500
-0.3953125000 -0.1045260899 0.0343750000
-0.3953125000 -0.1031250000 0.0407705676
-0.3953125000 -0.0958412055 -0.0429687500
-0.3953125000 -0.0945312500 -0.0469795237
-0.3953125000 -0.0986671937 -0.0343750000
-0.3953125000 -0.1010603311 -0.0257812500
-0.3953125000 -0.1028604261 -0.0171875000
-0.3953125000 -0.1025950441 0.0429687500
-0.3953125000 -0.0993564781 0.0515625000
-0.3953125000 -0.0960074226 0.0601562500
-0.3953125000 -0.0945312500 0.0622214679
-0.3953125000 -0.0897112865 -0.0601562500
-0.3953125000 -0.0859375000 -0.0678418152
-0.3953125000 -0.0930553477 -0.0515625000
-0.3953125000 -0.0895862641 0.0687500000
-0.3953125000 -0.0859375000 0.0725453995
-0.3953125000 -0.0805408730 -0.0773437500
-0.3953125000 -0.0773437500 -0.0836167896
-0.3953125000 -0.0855140791 -0.0687500000
-0.3953125000 -0.0813633708 0.0773437500
-0.3953125000 -0.0773437500 0.0814352063
-0.3974908008 -0.0687500000 -0.0945312500
-0.3953125000 -0.0692273722 -0.0945312500
-0.3953125000 -0.0687500000 -0.0949869086
-0.3953125000 -0.0759940327 -0.0859375000
-0.3953125000 -0.0724967988 0.0859375000
-0.3953125000 -0.0687500000 0.0894695182
-0.3953125000 -0.0601562500 -0.1001281207
-0.4035041895 -0.0601562500 0.0945312500
-0.3953125000 -0.0620149971 0.0945312500
-0.3953125000 -0.0601562500 0.0958706852
-0.3997607142 -0.0515625000 -0.1031250000
-0.3953125000 -0.0527675517 -0.1031250000
-0.3953125000 -0.0515625000 -0.1035670921
-0.3953125000 -0.0515625000 0.1003342744
-0.3953125000 -0.0429687500 -0.1052015162
-0.3953125000 -0.0429687500 0.1022943681
-0.3953125000 -0.0343750000 -0.1069904768
-0.3953125000 -0.0393307008 0.1031250000
-0.3953125000 -0.0343750000 0.1042760171
-0.3953125000 -0.0257812500 -0.1082688968
-0.3953125000 -0.0257812500 0.1054136642
-0.3953125000 -0.0171875000 -0.1086545630
-0.3953125000 -0.0171875000 0.1058616147
-0.3953125000 -0.0085937500 -0.1086406028
-0.3953125000 -0.0085937500 0.1049821255
-0.3953125000 0.0000000000 -0.1079602404
-0.3953125000 -0.0001826446 0.1031250000
-0.3953125000 0.0000000000 0.1030776664
-0.3953125000 0.0085937500 -0.1058728520
-0.3953125000 0.0085937500 0.1000802030
-0.3961137476 0.0171875000 -0.1031250000
-0.3953125000 0.0171875000 -0.1033345149
-0.3953125000 0.0162134622 0.0945312500
-0.3953125000 0.0171875000 0.0937722138
-0.3953125000 0.0175906213 -0.1031250000
-0.3953125000 0.0257812500 -0.0979560654
-0.3953125000 0.0247046155 0.0859375000
-0.3953125000 0.0257812500 0.0849093779
-0.3953125000 0.0292603696 -0.0945312500
-0.4034314485 0.0343750000 -0.0859375000
-0.3953125000 0.0343750000 -0.0889656897
-0.3953125000 0.0314924615 0.0773437500
-0.3953125000 0.0343750000 0.0729338756
-0.3953125000 0.0365898643 -0.0859375000
-0.3953125000 0.0406361217 -0.0773437500
-0.3973878305 0.0429687500 -0.0687500000
-0.3953125000 0.0429687500 -0.0702472247
-0.4019916141 0.0429687500 0.0429687500
-0.3953125000 0.0422757553 0.0515625000
-0.3953125000 0.0429687500 0.0485402987
-0.3953125000 0.0396540318 0.0601562500
-0.3953125000 0.0365730327 0.0687500000
-0.3953125000 0.0434182872 -0.0687500000
-0.3953125000 0.0450698382 -0.0601562500
-0.3953125000 0.0467889992 -0.0515625000
-0.3953125000 0.0474357076 -0.0429687500
-0.3953125000 0.0476671843 -0.0343750000
-0.3953125000 0.0476149388 -0.0257812500
-0.3953125000 0.0478567408 -0.0171875000
-0.3953125000 0.0480214600 -0.0085937500
-0.3953125000 0.0481008574 0.0000000000
-0.3953125000 0.0481469220 0.0085937500
-0.3953125000 0.0478363702 0.0171875000
-0.3953125000 0.0468953539 0.0257812500
-0.3953125000 0.0458288494 0.0343750000
-0.3953125000 0.0441699365 0.0429687500
-0.3918077522 -0.1031250000 -0.0171875000
-0.3867187500 -0.1035182618 -0.0171875000
-0.3867187500 -0.1031250000 -0.0191551415
-0.3867187500 -0.1054090990 -0.0085937500
-0.3867187500 -0.1063849562 0.0000000000
-0.3867187500 -0.1066663836 0.0085937500
-0.3867187500 -0.1065733149 0.0171875000
-0.3867187500 -0.1061491369 0.0257812500
-0.3867187500 -0.1049750855 0.0343750000
-0.3874609994 -0.1031250000 0.0429687500
-0.3867187500 -0.1031716955 0.0429687500
-0.3867187500 -0.1031250000 0.0431055121
-0.3867187500 -0.0970687176 -0.0429687500
-0.3867187500 -0.0945312500 -0.0506808339
-0.3867187500 -0.0997189120 -0.0343750000
-0.3867187500 -0.1019054146 -0.0257812500
-0.3867187500 -0.1001360684 0.0515625000
-0.3867187500 -0.0969334938 0.0601562500
-0.3867187500 -0.0945312500 0.0635928969
-0.3921308259 -0.0859375000 -0.0687500000
-0.3867187500 -0.0866081432 -0.0687500000
-0.3867187500 -0.0859375000 -0.0699526327
-0.3867187500 -0.0908927367 -0.0601562500
-0.3867187500 -0.0942496953 -0.0515625000
-0.3867187500 -0.0906774426 0.0687500000
-0.3867187500 -0.0859375000 0.0738119469
-0.3867187500 -0.0818999689 -0.0773437500
-0.3867187500 -0.0773437500 -0.0858312136
-0.3867187500 -0.0825576764 0.0773437500
-0.3867187500 -0.0773437500 0.0826261327
-0.3867187500 -0.0708147665 -0.0945312500
-0.3867187500 -0.0687500000 -0.0964599778
-0.3867187500 -0.0772780610 -0.0859375000
-0.3867187500 -0.0738216490 0.0859375000
-0.3867187500 -0.0687500000 0.0905527316
-0.3867187500 -0.0601562500 -0.1012008765
-0.3867187500 -0.0634620276 0.0945312500
-0.3867187500 -0.0601562500 0.0968202584
-0.3867187500 -0.0547734020 -0.1031250000
-0.3867187500 -0.0515625000 -0.1042692623
-0.3867187500 -0.0515625000 0.1009544534
-0.3867187500 -0.0429687500 -0.1062465216
-0.3867187500 -0.0429687500 0.1027530395
-0.3867187500 -0.0343750000 -0.1080854257
-0.3867187500 -0.0411309981 0.1031250000
-0.3867187500 -0.0343750000 0.1046097265
-0.3867187500 -0.0257812500 -0.1094218804
-0.3867187500 -0.0257812500 0.1056656789
-0.3867187500 -0.0171875000 -0.1100686126
-0.3867187500 -0.0171875000 0.1061432455
-0.3867187500 -0.0085937500 -0.1102018651
-0.3867187500 -0.0085937500 0.1051634137
-0.3867187500 0.0000000000 -0.1094492631
-0.3947585269 0.0000000000 0.1031250000
-0.3867187500 0.0000000000 0.1036892081
-0.3867187500 0.0085937500 -0.1078090396
-0.3867187500 0.0023031273 0.1031250000
-0.3867187500 0.0085937500 0.1012141648
-0.3867187500 0.0171875000 -0.1052963129
-0.3873380483 0.0171875000 0.0945312500
-0.3867187500 0.0171875000 0.0945867253
-0.3867187500 0.0212425068 -0.1031250000
-0.3867187500 0.0257812500 -0.1003136047
-0.3886633372 0.0257812500 0.0859375000
-0.3867187500 0.0172453813 0.0945312500
-0.3867187500 0.0257812500 0.0862501215
-0.3867187500 0.0318747806 -0.0945312500
-0.3867187500 0.0343750000 -0.0917185195
-0.3867187500 0.0329981250 0.0773437500
-0.3867187500 0.0343750000 0.0752973443
-0.3867187500 0.0260200228 0.0859375000
-0.3867187500 0.0387772807 -0.0859375000
-0.3867187500 0.0427824908 -0.0773437500
-0.3867187500 0.0429687500 -0.0767843978
-0.3917349963 0.0429687500 0.0515625000
-0.3867187500 0.0411339767 0.0601562500
-0.3867187500 0.0429687500 0.0544680735
-0.3867187500 0.0378486486 0.0687500000
-0.3867187500 0.0454133026 -0.0687500000
-0.3867187500 0.0469636244 -0.0601562500
-0.3867187500 0.0484421572 -0.0515625000
-0.3867187500 0.0490186404 -0.0429687500
-0.3867187500 0.0491001409 -0.0343750000
-0.3867187500 0.0490687235 -0.0257812500
-0.3867187500 0.0493915292 -0.0171875000
-0.3867187500 0.0495295879 -0.0085937500
-0.3867187500 0.0495492061 0.0000000000
-0.3867187500 0.0495173440 0.0085937500
-0.3867187500 0.0491903214 0.0171875000
-0.3867187500 0.0483397445 0.0257812500
-0.3867187500 0.0473485537 0.0343750000
-0.3867187500 0.0455529346 0.0429687500
-0.3867187500 0.0438088150 0.0515625000
-0.3781250000 -0.1045549405 -0.0171875000
-0.3781250000 -0.1031250000 -0.0252103587
-0.3781250000 -0.1062134172 -0.0085937500
-0.3781250000 -0.1072380783 0.0000000000
-0.3781250000 -0.1074716500 0.0085937500
-0.3781250000 -0.1072013788 0.0171875000
-0.3781250000 -0.1065816141 0.0257812500
-0.3781250000 -0.1054015179 0.0343750000
-0.3781250000 -0.1037098305 0.0429687500
-0.3781250000 -0.1031250000 0.0448894269
-0.3845803623 -0.0945312500 -0.0515625000
-0.3781250000 -0.0954485558 -0.0515625000
-0.3781250000 -0.0945312500 -0.0537614882
-0.3781250000 -0.0983108317 -0.0429687500
-0.3781250000 -0.1008926172 -0.0343750000
-0.3781250000 -0.1030273676 -0.0257812500
-0.3781250000 -0.1009996185 0.0515625000
-0.3781250000 -0.0977323304 0.0601562500
-0.3781250000 -0.0945312500 0.0646770708
-0.3781250000 -0.0877076392 -0.0687500000
-0.3781250000 -0.0859375000 -0.0720822106
-0.3781250000 -0.0920375548 -0.0601562500
-0.3781250000 -0.0915786737 0.0687500000
-0.3781250000 -0.0859375000 0.0750480961
-0.3862480979 -0.0773437500 -0.0859375000
-0.3781250000 -0.0783092319 -0.0859375000
-0.3781250000 -0.0773437500 -0.0875775881
-0.3781250000 -0.0831796901 -0.0773437500
-0.3781250000 -0.0838592571 0.0773437500
-0.3781250000 -0.0773437500 0.0837704209
-0.3781250000 -0.0715567800 -0.0945312500
-0.3781250000 -0.0687500000 -0.0971921652
-0.3781250000 -0.0749568788 0.0859375000
-0.3781250000 -0.0687500000 0.0915956910
-0.3781250000 -0.0601562500 -0.1019034479
-0.3781250000 -0.0647242745 0.0945312500
-0.3781250000 -0.0601562500 0.0974775262
-0.3781250000 -0.0566551908 -0.1031250000
-0.3781250000 -0.0515625000 -0.1049661547
-0.3781250000 -0.0515625000 0.1012188197
-0.3781250000 -0.0429687500 -0.1071057391
-0.3806384381 -0.0429687500 0.1031250000
-0.3781250000 -0.0435597917 0.1031250000
-0.3781250000 -0.0429687500 0.1032778966
-0.3781250000 -0.0343750000 -0.1089714052
-0.3781250000 -0.0343750000 0.1051044155
-0.3781250000 -0.0257812500 -0.1104708821
-0.3781250000 -0.0257812500 0.1060082845
-0.3781250000 -0.0171875000 -0.1114259222
-0.3781250000 -0.0171875000 0.1062466467
-0.3781250000 -0.0085937500 -0.1115162555
-0.3781250000 -0.0085937500 0.1053787354
-0.3781250000 0.0000000000 -0.1108531881
-0.3781250000 0.0000000000 0.1040809369
-0.3781250000 0.0085937500 -0.1095400035
-0.3781250000 0.0047222743 0.1031250000
-0.3781250000 0.0085937500 0.1020935697
-0.3781250000 0.0171875000 -0.1068834314
-0.3781250000 0.0171875000 0.0952061499
-0.3781250000 0.0240412841 -0.1031250000
-0.3781250000 0.0257812500 -0.1020678739
-0.3781250000 0.0178636715 0.0945312500
-0.3781250000 0.0257812500 0.0874442657
-0.3781250000 0.0341228665 -0.0945312500
-0.3781250000 0.0343750000 -0.0942593114
-0.3794161086 0.0343750000 0.0773437500
-0.3781250000 0.0270003344 0.0859375000
-0.3781250000 0.0343750000 0.0776236828
-0.3781250000 0.0409826107 -0.0859375000
-0.3860318310 0.0429687500 -0.0773437500
-0.3781250000 0.0429687500 -0.0817516788
-0.3781250000 0.0426833201 0.0601562500
-0.3781250000 0.0429687500 0.0592227776
-0.3781250000 0.0391525658 0.0687500000
-0.3781250000 0.0345610712 0.0773437500
-0.3781250000 0.0450864959 -0.0773437500
-0.3781250000 0.0474296626 -0.0687500000
-0.3781250000 0.0487228509 -0.0601562500
-0.3781250000 0.0501285859 -0.0515625000
-0.3781250000 0.0509204702 -0.0429687500
-0.3781250000 0.0508920613 -0.0343750000
-0.3781250000 0.0507344337 -0.0257812500
-0.3781250000 0.0508805603 -0.0171875000
-0.3781250000 0.0511037514 -0.0085937500
-0.3781250000 0.0511615412 0.0000000000
-0.3781250000 0.0511828086 0.0085937500
-0.3781250000 0.0506957588 0.0171875000
-0.3781250000 0.0498110236 0.0257812500
-0.3781250000 0.0488087507 0.0343750000
-0.3781250000 0.0469409129 0.0429687500
-0.3781250000 0.0450178337 0.0515625000
-0.3774201266 -0.1031250000 -0.0257812500
-0.3695312500 -0.1042191871 -0.0257812500
-0.3695312500 -0.1031250000 -0.0302623653
-0.3695312500 -0.1057766411 -0.0171875000
-0.3695312500 -0.1073706272 -0.0085937500
-0.3695312500 -0.1082467148 0.0000000000
-0.3695312500 -0.1082280425 0.0085937500
-0.3695312500 -0.1078594980 0.0171875000
-0.3695312500 -0.1071511428 0.0257812500
-0.3695312500 -0.1059306849 0.0343750000
-0.3695312500 -0.1042865398 0.0429687500
-0.3695312500 -0.1031250000 0.0472413096
-0.3695312500 -0.0968256587 -0.0515625000
-0.3695312500 -0.0945312500 -0.0571191561
-0.3695312500 -0.0996177403 -0.0429687500
-0.3695312500 -0.1021307566 -0.0343750000
-0.3695312500 -0.1018910678 0.0515625000
-0.3695312500 -0.0986154782 0.0601562500
-0.3695312500 -0.0945312500 0.0661226237
-0.3695312500 -0.0887468606 -0.0687500000
-0.3695312500 -0.0859375000 -0.0742304829
-0.3695312500 -0.0933648007 -0.0601562500
-0.3695312500 -0.0926875218 0.0687500000
-0.3695312500 -0.0859375000 0.0766543563
-0.3695312500 -0.0792559111 -0.0859375000
-0.3695312500 -0.0773437500 -0.0887864566
-0.3695312500 -0.0843326779 -0.0773437500
-0.3695312500 -0.0853474242 0.0773437500
-0.3695312500 -0.0773437500 0.0851275708
-0.3695312500 -0.0721487320 -0.0945312500
-0.3695312500 -0.0687500000 -0.0977406259
-0.3695312500 -0.0763967304 0.0859375000
-0.3695312500 -0.0687500000 0.0926614249
-0.3695312500 -0.0601562500 -0.1021323075
-0.3695312500 -0.0661284539 0.0945312500
-0.3695312500 -0.0601562500 0.0980578043
-0.3695312500 -0.0572826551 -0.1031250000
-0.3695312500 -0.0515625000 -0.1052779880
-0.3695312500 -0.0515625000 0.1014528361
-0.3695312500 -0.0429687500 -0.1076311604
-0.3695312500 -0.0446880308 0.1031250000
-0.3695312500 -0.0429687500 0.1035974954
-0.3695312500 -0.0343750000 -0.1097327651
-0.3695312500 -0.0343750000 0.1052990681
-0.3695312500 -0.0257812500 -0.1113566473
-0.3695312500 -0.0257812500 0.1060849492
-0.3760337207 -0.0171875000 -0.1117187500
-0.3695312500 -0.0232101291 -0.1117187500
-0.3695312500 -0.0171875000 -0.1125228158
-0.3695312500 -0.0171875000 0.1062852613
-0.3767549309 -0.0085937500 -0.1117187500
-0.3695312500 -0.0085937500 -0.1127204338
-0.3695312500 -0.0085937500 0.1054506446
-0.3730608553 0.0000000000 -0.1117187500
-0.3695312500 0.0000000000 -0.1123400683
-0.3695312500 0.0000000000 0.1044348186
-0.3695312500 0.0043017167 -0.1117187500
-0.3695312500 0.0085937500 -0.1110614437
-0.3695312500 0.0076875119 0.1031250000
-0.3695312500 0.0085937500 0.1028941702
-0.3695312500 0.0171875000 -0.1084288676
-0.3695312500 0.0171875000 0.0960994990
-0.3715493031 0.0257812500 -0.1031250000
-0.3695312500 0.0257812500 -0.1034422849
-0.3695312500 0.0188322900 0.0945312500
-0.3695312500 0.0257812500 0.0886699236
-0.3695312500 0.0261732539 -0.1031250000
-0.3769416205 0.0343750000 -0.0945312500
-0.3695312500 0.0343750000 -0.0960236362
-0.3695312500 0.0280920215 0.0859375000
-0.3695312500 0.0343750000 0.0793556185
-0.3695312500 0.0356811557 -0.0945312500
-0.3715107907 0.0429687500 -0.0859375000
-0.3695312500 0.0429687500 -0.0865651793
-0.3765423979 0.0429687500 0.0601562500
-0.3695312500 0.0403806460 0.0687500000
-0.3695312500 0.0429687500 0.0629464335
-0.3695312500 0.0358081704 0.0773437500
-0.3695312500 0.0435288835 -0.0859375000
-0.3695312500 0.0472846519 -0.0773437500
-0.3695312500 0.0491494219 -0.0687500000
-0.3695312500 0.0508006937 -0.0601562500
-0.3723343502 0.0515625000 -0.0515625000
-0.3695312500 0.0515625000 -0.0556724180
-0.3753997569 0.0515625000 -0.0429687500
-0.3751761280 0.0515625000 -0.0343750000
-0.3743564366 0.0515625000 -0.0257812500
-0.3748188724 0.0515625000 -0.0171875000
-0.3758387903 0.0515625000 -0.0085937500
-0.3761314567 0.0515625000 0.0000000000
-0.3762739829 0.0515625000 0.0085937500
-0.3731020798 0.0515625000 0.0171875000
-0.3695312500 0.0512492331 0.0257812500
-0.3695312500 0.0515625000 0.0228843892
-0.3695312500 0.0502832506 0.0343750000
-0.3695312500 0.0483459064 0.0429687500
-0.3695312500 0.0462948029 0.0515625000
-0.3695312500 0.0440228418 0.0601562500
-0.3695312500 0.0522655758 -0.0515625000
-0.3695312500 0.0528835572 -0.0429687500
-0.3695312500 0.0528301564 -0.0343750000
-0.3695312500 0.0526721922 -0.0257812500
-0.3695312500 0.0527325490 -0.0171875000
-0.3695312500 0.0529117190 -0.0085937500
-0.3695312500 0.0529510745 0.0000000000
-0.3695312500 0.0529514979 0.0085937500
-0.3695312500 0.0521894972 0.0171875000
-0.3633586032 -0.1031250000 -0.0343750000
-0.3609375000 -0.1035336318 -0.0343750000
-0.3609375000 -0.1031250000 -0.0357989386
-0.3609375000 -0.1055574583 -0.0257812500
-0.3609375000 -0.1070392932 -0.0171875000
-0.3609375000 -0.1083375718 -0.0085937500
-0.3609375000 -0.1090628102 0.0000000000
-0.3609375000 -0.1089939446 0.0085937500
-0.3609375000 -0.1084228972 0.0171875000
-0.3609375000 -0.1076432649 0.0257812500
-0.3609375000 -0.1064250669 0.0343750000
-0.3609375000 -0.1050695501 0.0429687500
-0.3609375000 -0.1031250000 0.0507610615
-0.3615624357 -0.0945312500 -0.0601562500
-0.3609375000 -0.0946234906 -0.0601562500
-0.3609375000 -0.0945312500 -0.0602917961
-0.3609375000 -0.0981472162 -0.0515625000
-0.3609375000 -0.1010064193 -0.0429687500
-0.3609375000 -0.1029057190 0.0515625000
-0.3609375000 -0.0996683722 0.0601562500
-0.3609375000 -0.0945312500 0.0680542477
-0.3609375000 -0.0897446967 -0.0687500000
-0.3609375000 -0.0859375000 -0.0762927752
-0.3609375000 -0.0940626462 0.0687500000
-0.3662033362 -0.0859375000 0.0773437500
-0.3609375000 -0.0868742306 0.0773437500
-0.3609375000 -0.0859375000 0.0782166226
-0.3609375000 -0.0800006148 -0.0859375000
-0.3609375000 -0.0773437500 -0.0896244235
-0.3609375000 -0.0853992086 -0.0773437500
-0.3641015510 -0.0773437500 0.0859375000
-0.3609375000 -0.0778207046 0.0859375000
-0.3609375000 -0.0773437500 0.0863366881
-0.3609375000 -0.0729043536 -0.0945312500
-0.3609375000 -0.0687500000 -0.0983898930
-0.3609375000 -0.0687500000 0.0932114016
-0.3609375000 -0.0601562500 -0.1021999026
-0.3609375000 -0.0669299106 0.0945312500
-0.3609375000 -0.0601562500 0.0986043410
-0.3609375000 -0.0573962704 -0.1031250000
-0.3609375000 -0.0515625000 -0.1053931793
-0.3609375000 -0.0515625000 0.1017362897
-0.3609375000 -0.0429687500 -0.1082128505
-0.3609375000 -0.0456682309 0.1031250000
-0.3609375000 -0.0429687500 0.1038568780
-0.3609375000 -0.0343750000 -0.1104950397
-0.3609375000 -0.0343750000 0.1054238912
-0.3660785923 -0.0257812500 -0.1117187500
-0.3609375000 -0.0283828360 -0.1117187500
-0.3609375000 -0.0257812500 -0.1122517987
-0.3609375000 -0.0257812500 0.1062341220
-0.3609375000 -0.0171875000 -0.1133309958
-0.3609375000 -0.0171875000 0.1061669184
-0.3609375000 -0.0085937500 -0.1137551827
-0.3609375000 -0.0085937500 0.1054919288
-0.3609375000 0.0000000000 -0.1136241133
-0.3609375000 0.0000000000 0.1043263632
-0.3653262949 0.0085937500 -0.1117187500
-0.3609375000 0.0085937500 -0.1124130668
-0.3609375000 0.0073791087 0.1031250000
-0.3609375000 0.0085937500 0.1028339259
-0.3609375000 0.0111360658 -0.1117187500
-0.3609375000 0.0171875000 -0.1099909581
-0.3609375000 0.0171875000 0.0970649184
-0.3609375000 0.0257812500 -0.1046696615
-0.3609375000 0.0200173712 0.0945312500
-0.3609375000 0.0257812500 0.0899341844
-0.3609375000 0.0277073708 -0.1031250000
-0.3609375000 0.0343750000 -0.0974133472
-0.3609375000 0.0292767484 0.0859375000
-0.3609375000 0.0343750000 0.0807303046
-0.3609375000 0.0369871874 -0.0945312500
-0.3609375000 0.0429687500 -0.0883710142
-0.3609375000 0.0416086506 0.0687500000
-0.3609375000 0.0429687500 0.0660831128
-0.3609375000 0.0370025205 0.0773437500
-0.3609375000 0.0451466532 -0.0859375000
-0.3609375000 0.0492283169 -0.0773437500
-0.3609375000 0.0510084918 -0.0687500000
-0.3661026087 0.0515625000 -0.0601562500
-0.3609375000 0.0515625000 -0.0660260087
-0.3677764294 0.0515625000 0.0257812500
-0.3618950030 0.0515625000 0.0343750000
-0.3609375000 0.0497532037 0.0429687500
-0.3609375000 0.0515625000 0.0350696944
-0.3609375000 0.0477727893 0.0515625000
-0.3609375000 0.0454546933 0.0601562500
-0.3609375000 0.0526529542 -0.0601562500
-0.3609375000 0.0540354977 -0.0515625000
-0.3609375000 0.0545041162 -0.0429687500
-0.3609375000 0.0544202615 -0.0343750000
-0.3609375000 0.0543025319 -0.0257812500
-0.3609375000 0.0543973402 -0.0171875000
-0.3609375000 0.0545887916 -0.0085937500
-0.3609375000 0.0546741856 0.0000000000
-0.3609375000 0.0545028742 0.0085937500
-0.3609375000 0.0537611300 0.0171875000
-0.3609375000 0.0527467371 0.0257812500
-0.3609375000 0.0517185648 0.0343750000
-0.3523437500 -0.1049989792 -0.0343750000
-0.3523437500 -0.1031250000 -0.0409055291
-0.3523437500 -0.1067947069 -0.0257812500
-0.3523437500 -0.1081601020 -0.0171875000
-0.3523437500 -0.1092561644 -0.0085937500
-0.3523437500 -0.1098786221 0.0000000000
-0.3523437500 -0.1096822316 0.0085937500
-0.3523437500 -0.1090059237 0.0171875000
-0.3523437500 -0.1080200203 0.0257812500
-0.3523437500 -0.1067553131 0.0343750000
-0.3523437500 -0.1056063880 0.0429687500
-0.3586219352 -0.1031250000 0.0515625000
-0.3523437500 -0.1036938776 0.0515625000
-0.3523437500 -0.1031250000 0.0531219859
-0.3523437500 -0.0957988981 -0.0601562500
-0.3523437500 -0.0945312500 -0.0621067719
-0.3523437500 -0.0995351314 -0.0515625000
-0.3523437500 -0.1025100582 -0.0429687500
-0.3523437500 -0.1005364633 0.0601562500
-0.3580034090 -0.0945312500 0.0687500000
-0.3523437500 -0.0953714185 0.0687500000
-0.3523437500 -0.0945312500 0.0698368122
-0.3557906474 -0.0859375000 -0.0773437500
-0.3523437500 -0.0862870120 -0.0773437500
-0.3523437500 -0.0859375000 -0.0779686619
-0.3523437500 -0.0908928437 -0.0687500000
-0.3523437500 -0.0885153587 0.0773437500
-0.3523437500 -0.0859375000 0.0797535626
-0.3523437500 -0.0808974452 -0.0859375000
-0.3523437500 -0.0773437500 -0.0905289435
-0.3523437500 -0.0790901776 0.0859375000
-0.3523437500 -0.0773437500 0.0873389434
-0.3523437500 -0.0735589910 -0.0945312500
-0.3523437500 -0.0687500000 -0.0988912586
-0.3523437500 -0.0687500000 0.0938000531
-0.3523437500 -0.0601562500 -0.1022026235
-0.3523437500 -0.0677273362 0.0945312500
-0.3523437500 -0.0601562500 0.0993820691
-0.3523437500 -0.0574686448 -0.1031250000
-0.3523437500 -0.0515625000 -0.1055745246
-0.3523437500 -0.0515625000 0.1021851767
-0.3523437500 -0.0429687500 -0.1088089051
-0.3523437500 -0.0470395933 0.1031250000
-0.3523437500 -0.0429687500 0.1040669357
-0.3523437500 -0.0343750000 -0.1112170926
-0.3523437500 -0.0343750000 0.1053983791
-0.3523437500 -0.0320941881 -0.1117187500
-0.3523437500 -0.0257812500 -0.1130620573
-0.3523437500 -0.0257812500 0.1061425730
-0.3523437500 -0.0171875000 -0.1141557567
-0.3523437500 -0.0171875000 0.1060705991
-0.3523437500 -0.0085937500 -0.1148075106
-0.3523437500 -0.0085937500 0.1052471434
-0.3523437500 0.0000000000 -0.1146694650
-0.3523437500 0.0000000000 0.1040886793
-0.3523437500 0.0085937500 -0.1135613071
-0.3523437500 0.0058350613 0.1031250000
-0.3523437500 0.0085937500 0.1024800971
-0.3523437500 0.0159791146 -0.1117187500
-0.3523437500 0.0171875000 -0.1114146215
-0.3523437500 0.0171875000 0.0980172232
-0.3523437500 0.0257812500 -0.1060119116
-0.3523437500 0.0213961186 0.0945312500
-0.3523437500 0.0257812500 0.0912158861
-0.3523437500 0.0293894525 -0.1031250000
-0.3523437500 0.0343750000 -0.0987446712
-0.3523437500 0.0307102682 0.0859375000
-0.3523437500 0.0343750000 0.0823707160
-0.3523437500 0.0381918711 -0.0945312500
-0.3523437500 0.0429687500 -0.0896486146
-0.3555145457 0.0429687500 0.0687500000
-0.3523437500 0.0385754955 0.0773437500
-0.3523437500 0.0429687500 0.0701071771
-0.3523437500 0.0463345877 -0.0859375000
-0.3523437500 0.0507898254 -0.0773437500
-0.3581215202 0.0515625000 -0.0687500000
-0.3523437500 0.0515625000 -0.0741351415
-0.3529187772 0.0515625000 0.0429687500
-0.3523437500 0.0495651700 0.0515625000
-0.3523437500 0.0515625000 0.0435252943
-0.3523437500 0.0471833027 0.0601562500
-0.3523437500 0.0436285014 0.0687500000
-0.3523437500 0.0526190477 -0.0687500000
-0.3523437500 0.0541485399 -0.0601562500
-0.3523437500 0.0554206440 -0.0515625000
-0.3523437500 0.0557402191 -0.0429687500
-0.3523437500 0.0558283092 -0.0343750000
-0.3523437500 0.0558000905 -0.0257812500
-0.3523437500 0.0559524480 -0.0171875000
-0.3523437500 0.0561577814 -0.0085937500
-0.3523437500 0.0562449108 0.0000000000
-0.3523437500 0.0560159500 0.0085937500
-0.3523437500 0.0553382416 0.0171875000
-0.3523437500 0.0544525755 0.0257812500
-0.3523437500 0.0534383013 0.0343750000
-0.3523437500 0.0516916080 0.0429687500
-0.3486957796 -0.1031250000 -0.0429687500
-0.3437500000 -0.1039363742 -0.0429687500
-0.3437500000 -0.1031250000 -0.0452715510
-0.3437500000 -0.1062749199 -0.0343750000
-0.3437500000 -0.1078542731 -0.0257812500
-0.3437500000 -0.1091877355 -0.0171875000
-0.3437500000 -0.1101947664 -0.0085937500
-0.3437500000 -0.1107400778 0.0000000000
-0.3437500000 -0.1103851608 0.0085937500
-0.3437500000 -0.1095406995 0.0171875000
-0.3437500000 -0.1084984369 0.0257812500
-0.3437500000 -0.1070857683 0.0343750000
-0.3437500000 -0.1061100405 0.0429687500
-0.3437500000 -0.1042864508 0.0515625000
-0.3437500000 -0.1031250000 0.0547498598
-0.3437500000 -0.0970770636 -0.0601562500
-0.3437500000 -0.0945312500 -0.0642762761
-0.3437500000 -0.1008131416 -0.0515625000
-0.3437500000 -0.1011440098 0.0601562500
-0.3437500000 -0.0962416112 0.0687500000
-0.3437500000 -0.0945312500 0.0710129402
-0.3437500000 -0.0872148594 -0.0773437500
-0.3437500000 -0.0859375000 -0.0796417137
-0.3437500000 -0.0921191193 -0.0687500000
-0.3437500000 -0.0898633032 0.0773437500
-0.3437500000 -0.0859375000 0.0811833742
-0.3437500000 -0.0819092653 -0.0859375000
-0.3437500000 -0.0773437500 -0.0914995628
-0.3437500000 -0.0806692721 0.0859375000
-0.3437500000 -0.0773437500 0.0885912167
-0.3437500000 -0.0742488861 -0.0945312500
-0.3437500000 -0.0687500000 -0.0991193612
-0.3463304390 -0.0687500000 0.0945312500
-0.3437500000 -0.0691344013 0.0945312500
-0.3437500000 -0.0687500000 0.0948157634
-0.3437500000 -0.0601562500 -0.1022084776
-0.3437500000 -0.0601562500 0.0999584311
-0.3437500000 -0.0576030678 -0.1031250000
-0.3437500000 -0.0515625000 -0.1058067891
-0.3437500000 -0.0515625000 0.1025008913
-0.3437500000 -0.0429687500 -0.1092491510
-0.3437500000 -0.0480535321 0.1031250000
-0.3437500000 -0.0429687500 0.1041369873
-0.3458589829 -0.0343750000 -0.1117187500
-0.3437500000 -0.0348963699 -0.1117187500
-0.3437500000 -0.0343750000 -0.1118796813
-0.3437500000 -0.0343750000 0.1052455671
-0.3437500000 -0.0257812500 -0.1136196092
-0.3437500000 -0.0257812500 0.1060074566
-0.3437500000 -0.0171875000 -0.1149041037
-0.3437500000 -0.0171875000 0.1059457526
-0.3437500000 -0.0085937500 -0.1157802717
-0.3437500000 -0.0085937500 0.1051061003
-0.3437500000 0.0000000000 -0.1154962707
-0.3437500000 0.0000000000 0.1040424241
-0.3437500000 0.0085937500 -0.1147248824
-0.3437500000 0.0052668463 0.1031250000
-0.3437500000 0.0085937500 0.1023274142
-0.3506054958 0.0171875000 -0.1117187500
-0.3437500000 0.0171875000 -0.1129003004
-0.3437500000 0.0171875000 0.0987604243
-0.3437500000 0.0190652289 -0.1117187500
-0.3437500000 0.0257812500 -0.1073870748
-0.3437500000 0.0230088414 0.0945312500
-0.3437500000 0.0257812500 0.0926220071
-0.3437500000 0.0310918241 -0.1031250000
-0.3437500000 0.0343750000 -0.1000752466
-0.3437500000 0.0323956101 0.0859375000
-0.3437500000 0.0343750000 0.0839945454
-0.3437500000 0.0393412182 -0.0945312500
-0.3437500000 0.0429687500 -0.0907435046
-0.3437500000 0.0402479531 0.0773437500
-0.3437500000 0.0429687500 0.0732418774
-0.3437500000 0.0473322030 -0.0859375000
-0.3482105606 0.0515625000 -0.0773437500
-0.3437500000 0.0515625000 -0.0786892095
-0.3437500000 0.0515379245 0.0515625000
-0.3437500000 0.0515625000 0.0514703875
-0.3437500000 0.0489915424 0.0601562500
-0.3437500000 0.0452185913 0.0687500000
-0.3437500000 0.0522194440 -0.0773437500
-0.3437500000 0.0539291760 -0.0687500000
-0.3437500000 0.0557148744 -0.0601562500
-0.3437500000 0.0569008345 -0.0515625000
-0.3437500000 0.0570881349 -0.0429687500
-0.3437500000 0.0572323636 -0.0343750000
-0.3437500000 0.0572953954 -0.0257812500
-0.3437500000 0.0575844096 -0.0171875000
-0.3437500000 0.0578283993 -0.0085937500
-0.3437500000 0.0579764828 0.0000000000
-0.3437500000 0.0576735836 0.0085937500
-0.3437500000 0.0570656342 0.0171875000
-0.3437500000 0.0562865524 0.0257812500
-0.3437500000 0.0552167485 0.0343750000
-0.3437500000 0.0535241279 0.0429687500
-0.3351562500 -0.1050452312 -0.0429687500
-0.3351562500 -0.1031250000 -0.0487526214
-0.3351562500 -0.1073030056 -0.0343750000
-0.3351562500 -0.1088916039 -0.0257812500
-0.3351562500 -0.1101693610 -0.0171875000
-0.3351562500 -0.1110887854 -0.0085937500
-0.3351562500 -0.1117094562 0.0000000000
-0.3351562500 -0.1113632717 0.0085937500
-0.3351562500 -0.1102055474 0.0171875000
-0.3351562500 -0.1089939831 0.0257812500
-0.3351562500 -0.1076211828 0.0343750000
-0.3351562500 -0.1066108376 0.0429687500
-0.3351562500 -0.1049488575 0.0515625000
-0.3351562500 -0.1031250000 0.0566763938
-0.3351562500 -0.0982932047 -0.0601562500
-0.3351562500 -0.0945312500 -0.0666069907
-0.3351562500 -0.1021346029 -0.0515625000
-0.3351562500 -0.1018755330 0.0601562500
-0.3351562500 -0.0971470393 0.0687500000
-0.3351562500 -0.0945312500 0.0722261338
-0.3351562500 -0.0883340457 -0.0773437500
-0.3351562500 -0.0859375000 -0.0814036906
-0.3351562500 -0.0933881005 -0.0687500000
-0.3351562500 -0.0909746587 0.0773437500
-0.3351562500 -0.0859375000 0.0825817973
-0.3351562500 -0.0828872557 -0.0859375000
-0.3351562500 -0.0773437500 -0.0924235482
-0.3351562500 -0.0820668495 0.0859375000
-0.3351562500 -0.0773437500 0.0896836178
-0.3351562500 -0.0749142298 -0.0945312500
-0.3351562500 -0.0687500000 -0.0991922996
-0.3351562500 -0.0704429757 0.0945312500
-0.3351562500 -0.0687500000 0.0957392357
-0.3351562500 -0.0601562500 -0.1023306821
-0.3351562500 -0.0601562500 0.1003669260
-0.3351562500 -0.0579990720 -0.1031250000
-0.3351562500 -0.0515625000 -0.1059983375
-0.3351562500 -0.0515625000 0.1027844095
-0.3351562500 -0.0429687500 -0.1094235203
-0.3351562500 -0.0493149333 0.1031250000
-0.3351562500 -0.0429687500 0.1041646130
-0.3351562500 -0.0359772169 -0.1117187500
-0.3351562500 -0.0343750000 -0.1122268149
-0.3351562500 -0.0343750000 0.1051987299
-0.3351562500 -0.0257812500 -0.1141603558
-0.3351562500 -0.0257812500 0.1057602283
-0.3351562500 -0.0171875000 -0.1155196517
-0.3351562500 -0.0171875000 0.1058369758
-0.3351562500 -0.0085937500 -0.1163971817
-0.3351562500 -0.0085937500 0.1048794359
-0.3351562500 0.0000000000 -0.1161683430
-0.3351562500 0.0000000000 0.1042708437
-0.3351562500 0.0085937500 -0.1157196098
-0.3351562500 0.0057516210 0.1031250000
-0.3351562500 0.0085937500 0.1023663426
-0.3351562500 0.0171875000 -0.1141386293
-0.3351562500 0.0171875000 0.0992566528
-0.3351562500 0.0211230367 -0.1117187500
-0.3351562500 0.0257812500 -0.1086088620
-0.3351562500 0.0246840581 0.0945312500
-0.3351562500 0.0257812500 0.0938092144
-0.3351562500 0.0325339381 -0.1031250000
-0.3351562500 0.0343750000 -0.1013499869
-0.3351562500 0.0338248252 0.0859375000
-0.3351562500 0.0343750000 0.0854024238
-0.3351562500 0.0402796508 -0.0945312500
-0.3351562500 0.0429687500 -0.0916052927
-0.3351562500 0.0423184428 0.0773437500
-0.3351562500 0.0429687500 0.0764440034
-0.3351562500 0.0482771738 -0.0859375000
-0.3351562500 0.0515625000 -0.0808237781
-0.3436421274 0.0515625000 0.0515625000
-0.3351562500 0.0509750843 0.0601562500
-0.3351562500 0.0515625000 0.0581781214
-0.3351562500 0.0468918223 0.0687500000
-0.3351562500 0.0534286197 -0.0773437500
-0.3351562500 0.0555262166 -0.0687500000
-0.3351562500 0.0575713372 -0.0601562500
-0.3351562500 0.0588306130 -0.0515625000
-0.3351562500 0.0589354496 -0.0429687500
-0.3351562500 0.0588825434 -0.0343750000
-0.3351562500 0.0589534443 -0.0257812500
-0.3351562500 0.0592390799 -0.0171875000
-0.3351562500 0.0595262256 -0.0085937500
-0.3351562500 0.0596603692 0.0000000000
-0.3351562500 0.0592188774 0.0085937500
-0.3351562500 0.0586211436 0.0171875000
-0.3351562500 0.0579478230 0.0257812500
-0.3351562500 0.0569764900 0.0343750000
-0.3351562500 0.0553112474 0.0429687500
-0.3351562500 0.0533100095 0.0515625000
-0.3283298171 -0.1117187500 -0.0085937500
-0.3265625000 -0.1118754518 -0.0085937500
-0.3265625000 -0.1117187500 -0.0105658294
-0.3350568384 -0.1117187500 0.0000000000
-0.3265625000 -0.1124254832 0.0000000000
-0.3318856738 -0.1117187500 0.0085937500
-0.3265625000 -0.1122230685 0.0085937500
-0.3265625000 -0.1117187500 0.0120813894
-0.3287115439 -0.1031250000 -0.0515625000
-0.3265625000 -0.1034113572 -0.0515625000
-0.3265625000 -0.1031250000 -0.0521814191
-0.3265625000 -0.1059815607 -0.0429687500
-0.3265625000 -0.1082560355 -0.0343750000
-0.3265625000 -0.1098461635 -0.0257812500
-0.3265625000 -0.1111597236 -0.0171875000
-0.3265625000 -0.1109463755 0.0171875000
-0.3265625000 -0.1096212651 0.0257812500
-0.3265625000 -0.1082610658 0.0343750000
-0.3265625000 -0.1071287839 0.0429687500
-0.3265625000 -0.1056225963 0.0515625000
-0.3265625000 -0.1031250000 0.0586381560
-0.3274717180 -0.0945312500 -0.0687500000
-0.3265625000 -0.0946744555 -0.0687500000
-0.3265625000 -0.0945312500 -0.0689605196
-0.3265625000 -0.0993969177 -0.0601562500
-0.3265625000 -0.1025748647 0.0601562500
-0.3265625000 -0.0981455108 0.0687500000
-0.3265625000 -0.0945312500 0.0735915137
-0.3265625000 -0.0894910121 -0.0773437500
-0.3265625000 -0.0859375000 -0.0831106238
-0.3265625000 -0.0919925339 0.0773437500
-0.3265625000 -0.0859375000 0.0836118158
-0.3265625000 -0.0839208177 -0.0859375000
-0.3265625000 -0.0773437500 -0.0934207150
-0.3265625000 -0.0830490305 0.0859375000
-0.3265625000 -0.0773437500 0.0904570065
-0.3265625000 -0.0758822709 -0.0945312500
-0.3265625000 -0.0687500000 -0.0991767758
-0.3265625000 -0.0715698420 0.0945312500
-0.3265625000 -0.0687500000 0.0964968131
-0.3265625000 -0.0601562500 -0.1020728513
-0.3265625000 -0.0601562500 0.1005645710
-0.3265625000 -0.0573026664 -0.1031250000
-0.3265625000 -0.0515625000 -0.1057126012
-0.3265625000 -0.0515625000 0.1026888556
-0.3265625000 -0.0429687500 -0.1093223532
-0.3265625000 -0.0488061161 0.1031250000
-0.3265625000 -0.0429687500 0.1041007726
-0.3265625000 -0.0359682656 -0.1117187500
-0.3265625000 -0.0343750000 -0.1122426326
-0.3265625000 -0.0343750000 0.1052929851
-0.3265625000 -0.0257812500 -0.1144864755
-0.3265625000 -0.0257812500 0.1056307936
-0.3265625000 -0.0171875000 -0.1159881082
-0.3265625000 -0.0171875000 0.1056646088
-0.3265625000 -0.0085937500 -0.1168715991
-0.3265625000 -0.0085937500 0.1048918622
-0.3265625000 0.0000000000 -0.1167345286
-0.3265625000 0.0000000000 0.1042629086
-0.3265625000 0.0085937500 -0.1163668538
-0.3265625000 0.0069744688 0.1031250000
-0.3265625000 0.0085937500 0.1027775451
-0.3265625000 0.0171875000 -0.1148304216
-0.3265625000 0.0171875000 0.0996818432
-0.3265625000 0.0225417428 -0.1117187500
-0.3265625000 0.0257812500 -0.1096051145
-0.3297522669 0.0257812500 0.0945312500
-0.3265625000 0.0257812500 0.0949182404
-0.3265625000 0.0337442959 -0.1031250000
-0.3265625000 0.0343750000 -0.1025203856
-0.3325226644 0.0343750000 0.0859375000
-0.3265625000 0.0261932913 0.0945312500
-0.3265625000 0.0343750000 0.0870191488
-0.3265625000 0.0411575592 -0.0945312500
-0.3265625000 0.0429687500 -0.0925212304
-0.3321929296 0.0429687500 0.0773437500
-0.3265625000 0.0354815109 0.0859375000
-0.3265625000 0.0429687500 0.0784840091
-0.3265625000 0.0492203016 -0.0859375000
-0.3265625000 0.0515625000 -0.0824609723
-0.3323082002 0.0515625000 0.0601562500
-0.3265625000 0.0485820232 0.0687500000
-0.3265625000 0.0515625000 0.0626846949
-0.3265625000 0.0438181874 0.0773437500
-0.3265625000 0.0546368517 -0.0773437500
-0.3265625000 0.0571718349 -0.0687500000
-0.3265625000 0.0596356412 -0.0601562500
-0.3293361732 0.0601562500 -0.0515625000
-0.3265625000 0.0601562500 -0.0563120484
-0.3295695536 0.0601562500 -0.0429687500
-0.3296789973 0.0601562500 -0.0343750000
-0.3299214842 0.0601562500 -0.0257812500
-0.3310715138 0.0601562500 -0.0171875000
-0.3322480815 0.0601562500 -0.0085937500
-0.3327682743 0.0601562500 0.0000000000
-0.3304614837 0.0601562500 0.0085937500
-0.3274811718 0.0601562500 0.0171875000
-0.3265625000 0.0597187265 0.0257812500
-0.3265625000 0.0601562500 0.0198082128
-0.3265625000 0.0587601839 0.0343750000
-0.3265625000 0.0570495737 0.0429687500
-0.3265625000 0.0550127148 0.0515625000
-0.3265625000 0.0525905882 0.0601562500
-0.3265625000 0.0607461623 -0.0515625000
-0.3265625000 0.0607843077 -0.0429687500
-0.3265625000 0.0608867221 -0.0343750000
-0.3265625000 0.0609232668 -0.0257812500
-0.3265625000 0.0611440224 -0.0171875000
-0.3265625000 0.0613628221 -0.0085937500
-0.3265625000 0.0614113063 0.0000000000
-0.3265625000 0.0609492095 0.0085937500
-0.3265625000 0.0603491827 0.0171875000
-0.3182380136 -0.1117187500 -0.0171875000
-0.3179687500 -0.1117357895 -0.0171875000
-0.3179687500 -0.1117187500 -0.0173081934
-0.3179687500 -0.1124696065 -0.0085937500
-0.3179687500 -0.1131136934 0.0000000000
-0.3179687500 -0.1129542950 0.0085937500
-0.3181704533 -0.1117187500 0.0171875000
-0.3179687500 -0.1117361211 0.0171875000
-0.3179687500 -0.1117187500 0.0172962470
-0.3179687500 -0.1042806763 -0.0515625000
-0.3179687500 -0.1031250000 -0.0541750444
-0.3179687500 -0.1066798818 -0.0429687500
-0.3179687500 -0.1089754740 -0.0343750000
-0.3179687500 -0.1104706203 -0.0257812500
-0.3179687500 -0.1103427598 0.0257812500
-0.3179687500 -0.1088717366 0.0343750000
-0.3179687500 -0.1077071808 0.0429687500
-0.3179687500 -0.1062416145 0.0515625000
-0.3202812945 -0.1031250000 0.0601562500
-0.3179687500 -0.1033167895 0.0601562500
-0.3179687500 -0.1031250000 0.0605411115
-0.3179687500 -0.0959701466 -0.0687500000
-0.3179687500 -0.0945312500 -0.0709005977
-0.3179687500 -0.1003864637 -0.0601562500
-0.3179687500 -0.0989953813 0.0687500000
-0.3179687500 -0.0945312500 0.0747618437
-0.3179687500 -0.0906579320 -0.0773437500
-0.3179687500 -0.0859375000 -0.0848691193
-0.3179687500 -0.0927625483 0.0773437500
-0.3179687500 -0.0859375000 0.0842660636
-0.3179687500 -0.0851128709 -0.0859375000
-0.3179687500 -0.0773437500 -0.0936796258
-0.3179687500 -0.0838483526 0.0859375000
-0.3179687500 -0.0773437500 0.0910878241
-0.3179687500 -0.0761048452 -0.0945312500
-0.3179687500 -0.0687500000 -0.0991840976
-0.3179687500 -0.0724303095 0.0945312500
-0.3179687500 -0.0687500000 0.0969793568
-0.3179687500 -0.0601562500 -0.1020370717
-0.3179687500 -0.0601562500 0.1004698042
-0.3179687500 -0.0571425756 -0.1031250000
-0.3179687500 -0.0515625000 -0.1055054320
-0.3179687500 -0.0515625000 0.1022623128
-0.3179687500 -0.0429687500 -0.1091671027
-0.3179687500 -0.0466474706 0.1031250000
-0.3179687500 -0.0429687500 0.1038003226
-0.3179687500 -0.0360012968 -0.1117187500
-0.3179687500 -0.0343750000 -0.1122946097
-0.3179687500 -0.0343750000 0.1051174266
-0.3179687500 -0.0257812500 -0.1147026444
-0.3179687500 -0.0257812500 0.1052599527
-0.3179687500 -0.0171875000 -0.1163701667
-0.3179687500 -0.0171875000 0.1053017709
-0.3179687500 -0.0085937500 -0.1172345065
-0.3179687500 -0.0085937500 0.1046027636
-0.3179687500 0.0000000000 -0.1172426557
-0.3179687500 0.0000000000 0.1042842476
-0.3179687500 0.0085937500 -0.1168121694
-0.3179687500 0.0076307197 0.1031250000
-0.3179687500 0.0085937500 0.1029461157
-0.3179687500 0.0171875000 -0.1151040687
-0.3179687500 0.0171875000 0.0999925665
-0.3179687500 0.0240828536 -0.1117187500
-0.3179687500 0.0257812500 -0.1107449873
-0.3179687500 0.0257812500 0.0955449856
-0.3217095432 0.0343750000 -0.1031250000
-0.3179687500 0.0343750000 -0.1035560079
-0.3179687500 0.0269788705 0.0945312500
-0.3179687500 0.0343750000 0.0882272045
-0.3179687500 0.0347828483 -0.1031250000
-0.3179687500 0.0419326713 -0.0945312500
-0.3179687500 0.0429687500 -0.0933846855
-0.3179687500 0.0366817132 0.0859375000
-0.3179687500 0.0429687500 0.0792370508
-0.3179687500 0.0500066963 -0.0859375000
-0.3179687500 0.0515625000 -0.0836674445
-0.3179687500 0.0502017071 0.0687500000
-0.3179687500 0.0515625000 0.0662392411
-0.3179687500 0.0444821952 0.0773437500
-0.3179687500 0.0557650172 -0.0773437500
-0.3179687500 0.0587335773 -0.0687500000
-0.3243730248 0.0601562500 -0.0601562500
-0.3179687500 0.0601562500 -0.0647074533
-0.3244990331 0.0601562500 0.0257812500
-0.3202257092 0.0601562500 0.0343750000
-0.3179687500 0.0589685858 0.0429687500
-0.3179687500 0.0601562500 0.0370581445
-0.3179687500 0.0567939989 0.0515625000
-0.3179687500 0.0542475014 0.0601562500
-0.3179687500 0.0615516346 -0.0601562500
-0.3179687500 0.0625123217 -0.0515625000
-0.3179687500 0.0626747719 -0.0429687500
-0.3179687500 0.0628552834 -0.0343750000
-0.3179687500 0.0629336137 -0.0257812500
-0.3179687500 0.0631082272 -0.0171875000
-0.3179687500 0.0632306875 -0.0085937500
-0.3179687500 0.0632162140 0.0000000000
-0.3179687500 0.0628038225 0.0085937500
-0.3179687500 0.0622202690 0.0171875000
-0.3179687500 0.0615666750 0.0257812500
-0.3179687500 0.0606453456 0.0343750000
-0.3093750000 -0.1122270357 -0.0171875000
-0.3093750000 -0.1117187500 -0.0203844857
-0.3093750000 -0.1131070139 -0.0085937500
-0.3093750000 -0.1137214737 0.0000000000
-0.3093750000 -0.1135792318 0.0085937500
-0.3093750000 -0.1125614452 0.0171875000
-0.3093750000 -0.1117187500 0.0220556213
-0.3093750000 -0.1047425017 -0.0515625000
-0.3093750000 -0.1031250000 -0.0554599773
-0.3093750000 -0.1070799633 -0.0429687500
-0.3093750000 -0.1093598603 -0.0343750000
-0.3093750000 -0.1108581180 -0.0257812500
-0.3093750000 -0.1110429609 0.0257812500
-0.3093750000 -0.1094417211 0.0343750000
-0.3093750000 -0.1082992893 0.0429687500
-0.3093750000 -0.1068173736 0.0515625000
-0.3093750000 -0.1040226606 0.0601562500
-0.3093750000 -0.1031250000 0.0619473103
-0.3093750000 -0.0970227181 -0.0687500000
-0.3093750000 -0.0945312500 -0.0726651155
-0.3093750000 -0.1010887862 -0.0601562500
-0.3093750000 -0.0996665042 0.0687500000
-0.3093750000 -0.0945312500 0.0757505201
-0.3103643893 -0.0859375000 -0.0859375000
-0.3093750000 -0.0860359702 -0.0859375000
-0.3093750000 -0.0859375000 -0.0860467237
-0.3093750000 -0.0917332645 -0.0773437500
-0.3093750000 -0.0933753646 0.0773437500
-0.3093750000 -0.0859375000 0.0844817958
-0.3093750000 -0.0773437500 -0.0938959768
-0.3093750000 -0.0841637166 0.0859375000
-0.3093750000 -0.0773437500 0.0915344021
-0.3093750000 -0.0763487335 -0.0945312500
-0.3093750000 -0.0687500000 -0.0990674065
-0.3093750000 -0.0727434543 0.0945312500
-0.3093750000 -0.0687500000 0.0969728809
-0.3093750000 -0.0601562500 -0.1021403170
-0.3093750000 -0.0601562500 0.1000940374
-0.3093750000 -0.0573829199 -0.1031250000
-0.3093750000 -0.0515625000 -0.1054516251
-0.3093750000 -0.0515625000 0.1017909859
-0.3093750000 -0.0429687500 -0.1091302674
-0.3093750000 -0.0446516563 0.1031250000
-0.3093750000 -0.0429687500 0.1034665644
-0.3093750000 -0.0363409296 -0.1117187500
-0.3093750000 -0.0343750000 -0.1124715968
-0.3093750000 -0.0343750000 0.1050073893
-0.3093750000 -0.0257812500 -0.1150151876
-0.3093750000 -0.0257812500 0.1053331301
-0.3093750000 -0.0171875000 -0.1165667499
-0.3093750000 -0.0171875000 0.1054928644
-0.3093750000 -0.0085937500 -0.1174547999
-0.3093750000 -0.0085937500 0.1049434599
-0.3093750000 0.0000000000 -0.1175485674
-0.3093750000 0.0000000000 0.1044143797
-0.3093750000 0.0085937500 -0.1171135934
-0.3101531468 0.0085937500 0.1031250000
-0.3093750000 0.0085937500 0.1031411843
-0.3093750000 0.0171875000 -0.1155119580
-0.3093750000 0.0086473334 0.1031250000
-0.3093750000 0.0171875000 0.1001613026
-0.3093750000 0.0256988923 -0.1117187500
-0.3093750000 0.0257812500 -0.1116758041
-0.3093750000 0.0257812500 0.0958286050
-0.3093750000 0.0343750000 -0.1042872117
-0.3093750000 0.0274460620 0.0945312500
-0.3093750000 0.0343750000 0.0888484506
-0.3093750000 0.0354591986 -0.1031250000
-0.3093750000 0.0427564688 -0.0945312500
-0.3093750000 0.0429687500 -0.0942929421
-0.3093750000 0.0373253773 0.0859375000
-0.3093750000 0.0429687500 0.0799335207
-0.3093750000 0.0508362310 -0.0859375000
-0.3093750000 0.0515625000 -0.0848936987
-0.3109756510 0.0515625000 0.0687500000
-0.3093750000 0.0451662315 0.0773437500
-0.3093750000 0.0515625000 0.0691472146
-0.3093750000 0.0569259893 -0.0773437500
-0.3108425916 0.0601562500 -0.0687500000
-0.3093750000 0.0601562500 -0.0695861265
-0.3133505402 0.0601562500 0.0429687500
-0.3093750000 0.0590198635 0.0515625000
-0.3093750000 0.0601562500 0.0473474284
-0.3093750000 0.0560430371 0.0601562500
-0.3093750000 0.0518321915 0.0687500000
-0.3093750000 0.0604378247 -0.0687500000
-0.3093750000 0.0633450476 -0.0601562500
-0.3093750000 0.0644304342 -0.0515625000
-0.3093750000 0.0645933178 -0.0429687500
-0.3093750000 0.0647806467 -0.0343750000
-0.3093750000 0.0648979637 -0.0257812500
-0.3093750000 0.0650441883 -0.0171875000
-0.3093750000 0.0650820467 -0.0085937500
-0.3093750000 0.0649946036 0.0000000000
-0.3093750000 0.0645258939 0.0085937500
-0.3093750000 0.0640189192 0.0171875000
-0.3093750000 0.0633691555 0.0257812500
-0.3093750000 0.0625030465 0.0343750000
-0.3093750000 0.0611012059 0.0429687500
-0.3007812500 -0.1125679886 -0.0171875000
-0.3007812500 -0.1117187500 -0.0220519249
-0.3007812500 -0.1135295483 -0.0085937500
-0.3007812500 -0.1141598140 0.0000000000
-0.3007812500 -0.1140854803 0.0085937500
-0.3007812500 -0.1132565137 0.0171875000
-0.3007812500 -0.1117187500 0.0247484862
-0.3007812500 -0.1050512980 -0.0515625000
-0.3007812500 -0.1031250000 -0.0565056346
-0.3007812500 -0.1072932850 -0.0429687500
-0.3007812500 -0.1095727105 -0.0343750000
-0.3007812500 -0.1110872425 -0.0257812500
-0.3007812500 -0.1115036080 0.0257812500
-0.3007812500 -0.1100305385 0.0343750000
-0.3007812500 -0.1088571670 0.0429687500
-0.3007812500 -0.1074330276 0.0515625000
-0.3007812500 -0.1046723067 0.0601562500
-0.3007812500 -0.1031250000 0.0632094790
-0.3007812500 -0.0976658528 -0.0687500000
-0.3007812500 -0.0945312500 -0.0742884830
-0.3007812500 -0.1015936273 -0.0601562500
-0.3007812500 -0.1001731264 0.0687500000
-0.3007812500 -0.0945312500 0.0762078216
-0.3007812500 -0.0866217803 -0.0859375000
-0.3007812500 -0.0859375000 -0.0866724127
-0.3007812500 -0.0927904808 -0.0773437500
-0.3007812500 -0.0936769173 0.0773437500
-0.3007812500 -0.0859375000 0.0845806326
-0.3007812500 -0.0773437500 -0.0940522473
-0.3007812500 -0.0842451919 0.0859375000
-0.3007812500 -0.0773437500 0.0916007439
-0.3007812500 -0.0765350702 -0.0945312500
-0.3007812500 -0.0687500000 -0.0988871106
-0.3007812500 -0.0724174986 0.0945312500
-0.3007812500 -0.0687500000 0.0965622091
-0.3007812500 -0.0601562500 -0.1020630401
-0.3007812500 -0.0601562500 0.0995063058
-0.3007812500 -0.0571885351 -0.1031250000
-0.3007812500 -0.0515625000 -0.1054592311
-0.3007812500 -0.0515625000 0.1014178200
-0.3007812500 -0.0429687500 -0.1092045530
-0.3007812500 -0.0448022152 0.1031250000
-0.3007812500 -0.0429687500 0.1035974749
-0.3007812500 -0.0367903451 -0.1117187500
-0.3007812500 -0.0343750000 -0.1127127196
-0.3007812500 -0.0343750000 0.1051943220
-0.3007812500 -0.0257812500 -0.1152576387
-0.3007812500 -0.0257812500 0.1056106017
-0.3007812500 -0.0171875000 -0.1167173159
-0.3007812500 -0.0171875000 0.1059051601
-0.3007812500 -0.0085937500 -0.1177729464
-0.3007812500 -0.0085937500 0.1053686364
-0.3007812500 0.0000000000 -0.1179770415
-0.3007812500 0.0000000000 0.1047242470
-0.3007812500 0.0085937500 -0.1174447902
-0.3007812500 0.0085937500 0.1033331514
-0.3007812500 0.0171875000 -0.1159607525
-0.3007812500 0.0092226483 0.1031250000
-0.3007812500 0.0171875000 0.1002195511
-0.3087979834 0.0257812500 -0.1117187500
-0.3007812500 0.0257812500 -0.1122523764
-0.3007812500 0.0257812500 0.0957032280
-0.3007812500 0.0265181958 -0.1117187500
-0.3007812500 0.0343750000 -0.1047978361
-0.3007812500 0.0273742199 0.0945312500
-0.3007812500 0.0343750000 0.0891735630
-0.3007812500 0.0360026924 -0.1031250000
-0.3071202472 0.0429687500 -0.0945312500
-0.3007812500 0.0429687500 -0.0952374474
-0.3007812500 0.0377887776 0.0859375000
-0.3007812500 0.0429687500 0.0805027673
-0.3007812500 0.0436133746 -0.0945312500
-0.3007812500 0.0513240385 -0.0859375000
-0.3007812500 0.0515625000 -0.0856087694
-0.3007812500 0.0458902636 0.0773437500
-0.3007812500 0.0515625000 0.0711241022
-0.3007812500 0.0581719103 -0.0773437500
-0.3007812500 0.0601562500 -0.0734240550
-0.3047499875 0.0601562500 0.0515625000
-0.3007812500 0.0581218735 0.0601562500
-0.3007812500 0.0601562500 0.0542965751
-0.3007812500 0.0534370438 0.0687500000
-0.3007812500 0.0619670201 -0.0687500000
-0.3007812500 0.0650861774 -0.0601562500
-0.3007812500 0.0663890294 -0.0515625000
-0.3007812500 0.0665472496 -0.0429687500
-0.3007812500 0.0667024146 -0.0343750000
-0.3007812500 0.0667453428 -0.0257812500
-0.3007812500 0.0668235748 -0.0171875000
-0.3007812500 0.0667993003 -0.0085937500
-0.3007812500 0.0666985481 0.0000000000
-0.3007812500 0.0661916705 0.0085937500
-0.3007812500 0.0656878438 0.0171875000
-0.3007812500 0.0650805631 0.0257812500
-0.3007812500 0.0642457002 0.0343750000
-0.3007812500 0.0629954562 0.0429687500
-0.3007812500 0.0609516374 0.0515625000
-0.2921875000 -0.1126735300 -0.0171875000
-0.2921875000 -0.1117187500 -0.0229079392
-0.2921875000 -0.1137333827 -0.0085937500
-0.2921875000 -0.1145133102 0.0000000000
-0.2921875000 -0.1144707272 0.0085937500
-0.2921875000 -0.1138176420 0.0171875000
-0.2975576475 -0.1117187500 0.0257812500
-0.2921875000 -0.1120688449 0.0257812500
-0.2921875000 -0.1117187500 0.0279187973
-0.2921875000 -0.1052660208 -0.0515625000
-0.2921875000 -0.1031250000 -0.0574551221
-0.2921875000 -0.1074749089 -0.0429687500
-0.2921875000 -0.1097423441 -0.0343750000
-0.2921875000 -0.1112594371 -0.0257812500
-0.2921875000 -0.1106639137 0.0343750000
-0.2921875000 -0.1094677558 0.0429687500
-0.2921875000 -0.1081498145 0.0515625000
-0.2921875000 -0.1053478185 0.0601562500
-0.2921875000 -0.1031250000 0.0644404291
-0.2921875000 -0.0981185032 -0.0687500000
-0.2921875000 -0.0945312500 -0.0755067781
-0.2921875000 -0.1020293933 -0.0601562500
-0.2921875000 -0.1006970591 0.0687500000
-0.2921875000 -0.0945312500 0.0769909813
-0.2921875000 -0.0871407695 -0.0859375000
-0.2921875000 -0.0859375000 -0.0871471953
-0.2921875000 -0.0935298676 -0.0773437500
-0.2921875000 -0.0942649783 0.0773437500
-0.2921875000 -0.0859375000 0.0848975827
-0.2921875000 -0.0773437500 -0.0939478862
-0.2921875000 -0.0846050326 0.0859375000
-0.2921875000 -0.0773437500 0.0915775591
-0.2921875000 -0.0763262298 -0.0945312500
-0.2921875000 -0.0687500000 -0.0987936400
-0.2921875000 -0.0716916500 0.0945312500
-0.2921875000 -0.0687500000 0.0960160778
-0.2921875000 -0.0601562500 -0.1021048770
-0.2921875000 -0.0601562500 0.0989427639
-0.2921875000 -0.0573883473 -0.1031250000
-0.2921875000 -0.0515625000 -0.1056062173
-0.2921875000 -0.0515625000 0.1012966977
-0.2921875000 -0.0429687500 -0.1093049352
-0.2921875000 -0.0456002336 0.1031250000
-0.2921875000 -0.0429687500 0.1039193493
-0.2921875000 -0.0371064766 -0.1117187500
-0.2921875000 -0.0343750000 -0.1128760697
-0.2921875000 -0.0343750000 0.1053427652
-0.2921875000 -0.0257812500 -0.1155178413
-0.2921875000 -0.0257812500 0.1057884754
-0.2921875000 -0.0171875000 -0.1171660366
-0.2921875000 -0.0171875000 0.1060529757
-0.2921875000 -0.0085937500 -0.1181782955
-0.2921875000 -0.0085937500 0.1057192119
-0.2921875000 0.0000000000 -0.1183078184
-0.2921875000 0.0000000000 0.1049733465
-0.2921875000 0.0085937500 -0.1178310874
-0.2921875000 0.0085937500 0.1034178390
-0.2921875000 0.0171875000 -0.1162972821
-0.2921875000 0.0094761530 0.1031250000
-0.2921875000 0.0171875000 0.1002883451
-0.2921875000 0.0257812500 -0.1125381867
-0.2921875000 0.0257812500 0.0955845975
-0.2921875000 0.0268936618 -0.1117187500
-0.2921875000 0.0343750000 -0.1054115496
-0.2921875000 0.0272924732 0.0945312500
-0.2921875000 0.0343750000 0.0894825804
-0.2921875000 0.0367424684 -0.1031250000
-0.2921875000 0.0429687500 -0.0961202553
-0.2921875000 0.0384581995 0.0859375000
-0.2921875000 0.0429687500 0.0815035435
-0.2921875000 0.0444299896 -0.0945312500
-0.2975731599 0.0515625000 -0.0859375000
-0.2921875000 0.0515625000 -0.0864089453
-0.2921875000 0.0471908522 0.0773437500
-0.2921875000 0.0515625000 0.0731939636
-0.2921875000 0.0520461663 -0.0859375000
-0.2921875000 0.0593367655 -0.0773437500
-0.2921875000 0.0601562500 -0.0759690719
-0.2938272383 0.0601562500 0.0601562500
-0.2921875000 0.0555497588 0.0687500000
-0.2921875000 0.0601562500 0.0610161801
-0.2921875000 0.0635846933 -0.0687500000
-0.2921875000 0.0670479815 -0.0601562500
-0.2921875000 0.0684818203 -0.0515625000
-0.2921875000 0.0686413965 -0.0429687500
-0.2921875000 0.0687275384 -0.0343750000
-0.2921875000 0.0685753041 -0.0257812500
-0.2921875000 0.0685708130 -0.0171875000
-0.2921875000 0.0685367016 -0.0085937500
-0.2921875000 0.0684988989 0.0000000000
-0.2921875000 0.0679254288 0.0085937500
-0.2921875000 0.0673631949 0.0171875000
-0.2921875000 0.0667908528 0.0257812500
-0.2921875000 0.0659280279 0.0343750000
-0.2921875000 0.0646791042 0.0429687500
-0.2921875000 0.0628204444 0.0515625000
-0.2921875000 0.0605704870 0.0601562500
-0.2835937500 -0.1126427846 -0.0171875000
-0.2835937500 -0.1117187500 -0.0229700506
-0.2835937500 -0.1137775328 -0.0085937500
-0.2835937500 -0.1146843118 0.0000000000
-0.2835937500 -0.1148192526 0.0085937500
-0.2835937500 -0.1144416942 0.0171875000
-0.2835937500 -0.1127988609 0.0257812500
-0.2835937500 -0.1117187500 0.0330127907
-0.2835937500 -0.1053412878 -0.0515625000
-0.2835937500 -0.1031250000 -0.0580681441
-0.2835937500 -0.1075567555 -0.0429687500
-0.2835937500 -0.1097707216 -0.0343750000
-0.2835937500 -0.1112884744 -0.0257812500
-0.2835937500 -0.1115092375 0.0343750000
-0.2835937500 -0.1102680442 0.0429687500
-0.2835937500 -0.1091170479 0.0515625000
-0.2835937500 -0.1062882576 0.0601562500
-0.2835937500 -0.1031250000 0.0661434633
-0.2835937500 -0.0984464438 -0.0687500000
-0.2835937500 -0.0945312500 -0.0762010428
-0.2835937500 -0.1022964961 -0.0601562500
-0.2835937500 -0.1015930772 0.0687500000
-0.2891332443 -0.0945312500 0.0773437500
-0.2835937500 -0.0949784261 0.0773437500
-0.2835937500 -0.0945312500 0.0777977632
-0.2835937500 -0.0872760089 -0.0859375000
-0.2835937500 -0.0859375000 -0.0872582942
-0.2835937500 -0.0938995238 -0.0773437500
-0.2835937500 -0.0859375000 0.0853443281
-0.2835937500 -0.0773437500 -0.0937385929
-0.2835937500 -0.0851606859 0.0859375000
-0.2835937500 -0.0773437500 0.0915848996
-0.2835937500 -0.0759260271 -0.0945312500
-0.2835937500 -0.0687500000 -0.0986237530
-0.2835937500 -0.0709735132 0.0945312500
-0.2835937500 -0.0687500000 0.0955503439
-0.2835937500 -0.0601562500 -0.1020570039
-0.2835937500 -0.0601562500 0.0984043376
-0.2835937500 -0.0573069678 -0.1031250000
-0.2835937500 -0.0515625000 -0.1056555360
-0.2835937500 -0.0515625000 0.1010526731
-0.2835937500 -0.0429687500 -0.1094249193
-0.2835937500 -0.0454867040 0.1031250000
-0.2835937500 -0.0429687500 0.1039587229
-0.2835937500 -0.0376737170 -0.1117187500
-0.2835937500 -0.0343750000 -0.1131756240
-0.2835937500 -0.0343750000 0.1055106544
-0.2835937500 -0.0257812500 -0.1159926782
-0.2835937500 -0.0257812500 0.1060686815
-0.2835937500 -0.0171875000 -0.1177296811
-0.2835937500 -0.0171875000 0.1061395269
-0.2835937500 -0.0085937500 -0.1186662939
-0.2835937500 -0.0085937500 0.1058114293
-0.2835937500 0.0000000000 -0.1186013330
-0.2835937500 0.0000000000 0.1049448142
-0.2835937500 0.0085937500 -0.1180231955
-0.2835937500 0.0085937500 0.1034260096
-0.2835937500 0.0171875000 -0.1165033591
-0.2835937500 0.0095301370 0.1031250000
-0.2835937500 0.0171875000 0.1003984997
-0.2835937500 0.0257812500 -0.1125263908
-0.2835937500 0.0257812500 0.0959002655
-0.2835937500 0.0269238533 -0.1117187500
-0.2835937500 0.0343750000 -0.1056736125
-0.2835937500 0.0279660977 0.0945312500
-0.2835937500 0.0343750000 0.0901884111
-0.2835937500 0.0372434112 -0.1031250000
-0.2835937500 0.0429687500 -0.0971878650
-0.2835937500 0.0394744663 0.0859375000
-0.2835937500 0.0429687500 0.0826161808
-0.2835937500 0.0454751224 -0.0945312500
-0.2835937500 0.0515625000 -0.0874483517
-0.2835937500 0.0489291242 0.0773437500
-0.2835937500 0.0515625000 0.0748966344
-0.2835937500 0.0530417525 -0.0859375000
-0.2863002717 0.0601562500 -0.0773437500
-0.2835937500 0.0601562500 -0.0778009885
-0.2835937500 0.0573933575 0.0687500000
-0.2835937500 0.0601562500 0.0649203186
-0.2835937500 0.0605109003 -0.0773437500
-0.2835937500 0.0653733584 -0.0687500000
-0.2854728356 0.0687500000 -0.0601562500
-0.2835937500 0.0687500000 -0.0613842887
-0.2911908439 0.0687500000 -0.0515625000
-0.2917950515 0.0687500000 -0.0429687500
-0.2921002790 0.0687500000 -0.0343750000
-0.2914927090 0.0687500000 -0.0257812500
-0.2914765235 0.0687500000 -0.0171875000
-0.2913451075 0.0687500000 -0.0085937500
-0.2911859768 0.0687500000 0.0000000000
-0.2888560674 0.0687500000 0.0085937500
-0.2863536437 0.0687500000 0.0171875000
-0.2835937500 0.0687034955 0.0257812500
-0.2835937500 0.0687500000 0.0252589158
-0.2835937500 0.0678022938 0.0343750000
-0.2835937500 0.0665272160 0.0429687500
-0.2835937500 0.0648493773 0.0515625000
-0.2835937500 0.0628204034 0.0601562500
-0.2835937500 0.0691866607 -0.0601562500
-0.2835937500 0.0705422350 -0.0515625000
-0.2835937500 0.0707433015 -0.0429687500
-0.2835937500 0.0707259867 -0.0343750000
-0.2835937500 0.0706550210 -0.0257812500
-0.2835937500 0.0706478847 -0.0171875000
-0.2835937500 0.0706519546 -0.0085937500
-0.2835937500 0.0705959506 0.0000000000
-0.2835937500 0.0700629183 0.0085937500
-0.2835937500 0.0694355561 0.0171875000
-0.2750000000 -0.1125551276 -0.0171875000
-0.2750000000 -0.1117187500 -0.0223130146
-0.2750000000 -0.1138161094 -0.0085937500
-0.2750000000 -0.1148626479 0.0000000000
-0.2750000000 -0.1150221925 0.0085937500
-0.2750000000 -0.1148112855 0.0171875000
-0.2750000000 -0.1134849259 0.0257812500
-0.2811646045 -0.1117187500 0.0343750000
-0.2750000000 -0.1121795722 0.0343750000
-0.2750000000 -0.1117187500 0.0381111211
-0.2750000000 -0.1053492005 -0.0515625000
-0.2750000000 -0.1031250000 -0.0585727735
-0.2750000000 -0.1075609365 -0.0429687500
-0.2750000000 -0.1096494404 -0.0343750000
-0.2750000000 -0.1111821972 -0.0257812500
-0.2750000000 -0.1110517655 0.0429687500
-0.2750000000 -0.1098849406 0.0515625000
-0.2750000000 -0.1070648531 0.0601562500
-0.2750000000 -0.1031250000 0.0675639552
-0.2750000000 -0.0987041557 -0.0687500000
-0.2750000000 -0.0945312500 -0.0767606957
-0.2750000000 -0.1025169745 -0.0601562500
-0.2750000000 -0.1024170994 0.0687500000
-0.2750000000 -0.0956880523 0.0773437500
-0.2750000000 -0.0945312500 0.0785377985
-0.2750000000 -0.0873866449 -0.0859375000
-0.2750000000 -0.0859375000 -0.0873388716
-0.2750000000 -0.0942117620 -0.0773437500
-0.2759468715 -0.0859375000 0.0859375000
-0.2750000000 -0.0860246669 0.0859375000
-0.2750000000 -0.0859375000 0.0860004625
-0.2750000000 -0.0773437500 -0.0934664887
-0.2750000000 -0.0773437500 0.0918576827
-0.2750000000 -0.0753735084 -0.0945312500
-0.2750000000 -0.0687500000 -0.0984040842
-0.2750000000 -0.0706569315 0.0945312500
-0.2750000000 -0.0687500000 0.0952874254
-0.2750000000 -0.0601562500 -0.1020623400
-0.2750000000 -0.0601562500 0.0980910470
-0.2750000000 -0.0573440809 -0.1031250000
-0.2750000000 -0.0515625000 -0.1057401677
-0.2750000000 -0.0515625000 0.1007910511
-0.2750000000 -0.0429687500 -0.1097763249
-0.2750000000 -0.0444967368 0.1031250000
-0.2750000000 -0.0429687500 0.1036344771
-0.2750000000 -0.0386313312 -0.1117187500
-0.2750000000 -0.0343750000 -0.1136137046
-0.2750000000 -0.0343750000 0.1056323454
-0.2750000000 -0.0257812500 -0.1163734387
-0.2750000000 -0.0257812500 0.1064407144
-0.2750000000 -0.0171875000 -0.1182207041
-0.2750000000 -0.0171875000 0.1064066713
-0.2750000000 -0.0085937500 -0.1190003044
-0.2750000000 -0.0085937500 0.1058639888
-0.2750000000 0.0000000000 -0.1189501234
-0.2750000000 0.0000000000 0.1046645727
-0.2750000000 0.0085937500 -0.1180803570
-0.2763957289 0.0085937500 0.1031250000
-0.2750000000 0.0082912425 0.1031250000
-0.2750000000 0.0085937500 0.1030673153
-0.2750000000 0.0171875000 -0.1166469410
-0.2750000000 0.0171875000 0.1003697425
-0.2750000000 0.0257812500 -0.1125046480
-0.2750000000 0.0257812500 0.0963740647
-0.2750000000 0.0270212306 -0.1117187500
-0.2750000000 0.0343750000 -0.1061785380
-0.2750000000 0.0289840106 0.0945312500
-0.2750000000 0.0343750000 0.0909140626
-0.2750000000 0.0377519959 -0.1031250000
-0.2750000000 0.0429687500 -0.0979747198
-0.2750000000 0.0402678313 0.0859375000
-0.2750000000 0.0429687500 0.0834123012
-0.2750000000 0.0464390073 -0.0945312500
-0.2750000000 0.0515625000 -0.0886765742
-0.2750000000 0.0505389390 0.0773437500
-0.2750000000 0.0515625000 0.0764381411
-0.2750000000 0.0542903043 -0.0859375000
-0.2750000000 0.0601562500 -0.0795763962
-0.2750000000 0.0594927120 0.0687500000
-0.2750000000 0.0601562500 0.0679182432
-0.2750000000 0.0620844168 -0.0773437500
-0.2750000000 0.0674289278 -0.0687500000
-0.2750000000 0.0687500000 -0.0662588295
-0.2833779250 0.0687500000 0.0257812500
-0.2790611609 0.0687500000 0.0343750000
-0.2750000000 0.0684597949 0.0429687500
-0.2750000000 0.0687500000 0.0408056384
-0.2750000000 0.0670494521 0.0515625000
-0.2750000000 0.0650571899 0.0601562500
-0.2750000000 0.0712378100 -0.0601562500
-0.2750000000 0.0725204736 -0.0515625000
-0.2750000000 0.0726958777 -0.0429687500
-0.2750000000 0.0726983534 -0.0343750000
-0.2750000000 0.0727425339 -0.0257812500
-0.2750000000 0.0727802562 -0.0171875000
-0.2750000000 0.0728088167 -0.0085937500
-0.2750000000 0.0727172889 0.0000000000
-0.2750000000 0.0721925429 0.0085937500
-0.2750000000 0.0715407037 0.0171875000
-0.2750000000 0.0706169603 0.0257812500
-0.2750000000 0.0696539128 0.0343750000
-0.2664062500 -0.1126880632 -0.0171875000
-0.2664062500 -0.1117187500 -0.0231460419
-0.2664062500 -0.1139943413 -0.0085937500
-0.2664062500 -0.1151007255 0.0000000000
-0.2664062500 -0.1153490348 0.0085937500
-0.2664062500 -0.1151936035 0.0171875000
-0.2664062500 -0.1139884825 0.0257812500
-0.2664062500 -0.1126145495 0.0343750000
-0.2664062500 -0.1117187500 0.0424598299
-0.2664062500 -0.1053841753 -0.0515625000
-0.2664062500 -0.1031250000 -0.0589448732
-0.2664062500 -0.1076157778 -0.0429687500
-0.2664062500 -0.1096635459 -0.0343750000
-0.2664062500 -0.1113079380 -0.0257812500
-0.2664062500 -0.1116575098 0.0429687500
-0.2664062500 -0.1105148893 0.0515625000
-0.2664062500 -0.1075189094 0.0601562500
-0.2664062500 -0.1031250000 0.0686988013
-0.2664062500 -0.0989545469 -0.0687500000
-0.2664062500 -0.0945312500 -0.0773219926
-0.2664062500 -0.1026744383 -0.0601562500
-0.2664062500 -0.1030960433 0.0687500000
-0.2664062500 -0.0963401504 0.0773437500
-0.2664062500 -0.0945312500 0.0792440404
-0.2664062500 -0.0875432195 -0.0859375000
-0.2664062500 -0.0859375000 -0.0874357527
-0.2664062500 -0.0945192774 -0.0773437500
-0.2664062500 -0.0865678890 0.0859375000
-0.2664062500 -0.0859375000 0.0863773620
-0.2664062500 -0.0773437500 -0.0933320410
-0.2664062500 -0.0773437500 0.0917689174
-0.2664062500 -0.0750484639 -0.0945312500
-0.2664062500 -0.0687500000 -0.0981934978
-0.2664062500 -0.0707576141 0.0945312500
-0.2664062500 -0.0687500000 0.0953615306
-0.2664062500 -0.0601562500 -0.1020383110
-0.2664062500 -0.0601562500 0.0979987905
-0.2664062500 -0.0574320946 -0.1031250000
-0.2664062500 -0.0515625000 -0.1058829243
-0.2664062500 -0.0515625000 0.1007895454
-0.2664062500 -0.0429687500 -0.1101271211
-0.2664062500 -0.0440984450 0.1031250000
-0.2664062500 -0.0429687500 0.1034918912
-0.2664062500 -0.0394469701 -0.1117187500
-0.2664062500 -0.0343750000 -0.1139604426
-0.2664062500 -0.0343750000 0.1057468826
-0.2664062500 -0.0257812500 -0.1167447345
-0.2664062500 -0.0257812500 0.1068038321
-0.2664062500 -0.0171875000 -0.1186182711
-0.2664062500 -0.0171875000 0.1067107311
-0.2664062500 -0.0085937500 -0.1193111689
-0.2664062500 -0.0085937500 0.1060399446
-0.2664062500 0.0000000000 -0.1192451037
-0.2664062500 0.0000000000 0.1045303489
-0.2664062500 0.0085937500 -0.1181117396
-0.2664062500 0.0065387924 0.1031250000
-0.2664062500 0.0085937500 0.1026760009
-0.2664062500 0.0171875000 -0.1164753115
-0.2664062500 0.0171875000 0.1002806126
-0.2664062500 0.0257812500 -0.1127513465
-0.2664062500 0.0257812500 0.0966228782
-0.2664062500 0.0275060180 -0.1117187500
-0.2664062500 0.0343750000 -0.1067946742
-0.2664062500 0.0295755177 0.0945312500
-0.2664062500 0.0343750000 0.0913513535
-0.2664062500 0.0385002885 -0.1031250000
-0.2664062500 0.0429687500 -0.0989453744
-0.2664062500 0.0408812134 0.0859375000
-0.2664062500 0.0429687500 0.0840040436
-0.2664062500 0.0476249321 -0.0945312500
-0.2664062500 0.0515625000 -0.0901285587
-0.2683123811 0.0515625000 0.0773437500
-0.2664062500 0.0515625000 0.0775300984
-0.2664062500 0.0558918531 -0.0859375000
-0.2664062500 0.0601562500 -0.0814078162
-0.2725348617 0.0601562500 0.0687500000
-0.2664062500 0.0518071024 0.0773437500
-0.2664062500 0.0601562500 0.0700702682
-0.2664062500 0.0637868151 -0.0773437500
-0.2703291117 0.0687500000 -0.0687500000
-0.2664062500 0.0687500000 -0.0704516787
-0.2738545958 0.0687500000 0.0429687500
-0.2680332471 0.0687500000 0.0515625000
-0.2664062500 0.0671702232 0.0601562500
-0.2664062500 0.0687500000 0.0534527107
-0.2664062500 0.0614335304 0.0687500000
-0.2664062500 0.0697112187 -0.0687500000
-0.2664062500 0.0735329001 -0.0601562500
-0.2664062500 0.0748984382 -0.0515625000
-0.2664062500 0.0749549597 -0.0429687500
-0.2664062500 0.0749071626 -0.0343750000
-0.2664062500 0.0748973175 -0.0257812500
-0.2664062500 0.0749328605 -0.0171875000
-0.2664062500 0.0750625116 -0.0085937500
-0.2664062500 0.0749338403 0.0000000000
-0.2664062500 0.0743861494 0.0085937500
-0.2664062500 0.0737520700 0.0171875000
-0.2664062500 0.0728993739 0.0257812500
-0.2664062500 0.0719032966 0.0343750000
-0.2664062500 0.0707233835 0.0429687500
-0.2664062500 0.0691214654 0.0515625000
-0.2578125000 -0.1129543134 -0.0171875000
-0.2578125000 -0.1117187500 -0.0248234429
-0.2578125000 -0.1142906091 -0.0085937500
-0.2578125000 -0.1154448323 0.0000000000
-0.2578125000 -0.1156926170 0.0085937500
-0.2578125000 -0.1154965634 0.0171875000
-0.2578125000 -0.1144422932 0.0257812500
-0.2578125000 -0.1129996059 0.0343750000
-0.2650130426 -0.1117187500 0.0429687500
-0.2578125000 -0.1119981687 0.0429687500
-0.2578125000 -0.1117187500 0.0450798236
-0.2578125000 -0.1053705125 -0.0515625000
-0.2578125000 -0.1031250000 -0.0591325006
-0.2578125000 -0.1076543034 -0.0429687500
-0.2578125000 -0.1097255816 -0.0343750000
-0.2578125000 -0.1115645590 -0.0257812500
-0.2578125000 -0.1107778903 0.0515625000
-0.2578125000 -0.1077404654 0.0601562500
-0.2658928064 -0.1031250000 0.0687500000
-0.2578125000 -0.1035301915 0.0687500000
-0.2578125000 -0.1031250000 0.0692682394
-0.2659719659 -0.0945312500 -0.0773437500
-0.2578125000 -0.0947383363 -0.0773437500
-0.2578125000 -0.0945312500 -0.0776490367
-0.2578125000 -0.0991426665 -0.0687500000
-0.2578125000 -0.1027616922 -0.0601562500
-0.2578125000 -0.0965708353 0.0773437500
-0.2578125000 -0.0945312500 0.0794630397
-0.2578125000 -0.0876399909 -0.0859375000
-0.2578125000 -0.0859375000 -0.0874968170
-0.2578125000 -0.0868700025 0.0859375000
-0.2578125000 -0.0859375000 0.0866035586
-0.2578125000 -0.0773437500 -0.0933119727
-0.2578125000 -0.0773437500 0.0916946848
-0.2578125000 -0.0750067310 -0.0945312500
-0.2578125000 -0.0687500000 -0.0980159008
-0.2578125000 -0.0707976378 0.0945312500
-0.2578125000 -0.0687500000 0.0953793498
-0.2578125000 -0.0601562500 -0.1023502411
-0.2578125000 -0.0601562500 0.0979277990
-0.2578125000 -0.0583161479 -0.1031250000
-0.2578125000 -0.0515625000 -0.1062920811
-0.2578125000 -0.0515625000 0.1008370083
-0.2578125000 -0.0429687500 -0.1104945386
-0.2578125000 -0.0442063750 0.1031250000
-0.2578125000 -0.0429687500 0.1035326157
-0.2578125000 -0.0401975680 -0.1117187500
-0.2578125000 -0.0343750000 -0.1142182209
-0.2578125000 -0.0343750000 0.1059054098
-0.2578125000 -0.0257812500 -0.1170320387
-0.2578125000 -0.0257812500 0.1069271031
-0.2578125000 -0.0171875000 -0.1188482090
-0.2578125000 -0.0171875000 0.1068852412
-0.2578125000 -0.0085937500 -0.1195375095
-0.2578125000 -0.0085937500 0.1061222489
-0.2578125000 0.0000000000 -0.1193336825
-0.2578125000 0.0000000000 0.1045392733
-0.2578125000 0.0085937500 -0.1180061387
-0.2578125000 0.0058445767 0.1031250000
-0.2578125000 0.0085937500 0.1024694335
-0.2578125000 0.0171875000 -0.1162448762
-0.2578125000 0.0171875000 0.1002247132
-0.2578125000 0.0257812500 -0.1129453453
-0.2578125000 0.0257812500 0.0965700416
-0.2578125000 0.0279551810 -0.1117187500
-0.2578125000 0.0343750000 -0.1074505937
-0.2578125000 0.0298842881 0.0945312500
-0.2578125000 0.0343750000 0.0918117847
-0.2578125000 0.0394308952 -0.1031250000
-0.2578125000 0.0429687500 -0.0998880376
-0.2578125000 0.0415405750 0.0859375000
-0.2578125000 0.0429687500 0.0846566940
-0.2578125000 0.0487177465 -0.0945312500
-0.2578125000 0.0515625000 -0.0914696707
-0.2578125000 0.0515625000 0.0782631162
-0.2578125000 0.0574598256 -0.0859375000
-0.2578125000 0.0601562500 -0.0831131076
-0.2578125000 0.0528048041 0.0773437500
-0.2578125000 0.0601562500 0.0714087732
-0.2578125000 0.0654604055 -0.0773437500
-0.2578125000 0.0687500000 -0.0730342267
-0.2584691635 0.0687500000 0.0601562500
-0.2578125000 0.0628968170 0.0687500000
-0.2578125000 0.0687500000 0.0603349157
-0.2578125000 0.0715502593 -0.0687500000
-0.2578125000 0.0757060289 -0.0601562500
-0.2578125000 0.0772283250 -0.0515625000
-0.2578125000 0.0771704187 -0.0429687500
-0.2578125000 0.0771443150 -0.0343750000
-0.2578125000 0.0770463416 -0.0257812500
-0.2578125000 0.0770839482 -0.0171875000
-0.2578125000 0.0770925435 -0.0085937500
-0.2578125000 0.0769262249 0.0000000000
-0.2578125000 0.0763902471 0.0085937500
-0.2578125000 0.0756853169 0.0171875000
-0.2578125000 0.0748272134 0.0257812500
-0.2578125000 0.0739879173 0.0343750000
-0.2578125000 0.0728323000 0.0429687500
-0.2578125000 0.0709640647 0.0515625000
-0.2578125000 0.0688546425 0.0601562500
-0.2530136531 -0.1117187500 -0.0257812500
-0.2492187500 -0.1118317189 -0.0257812500
-0.2492187500 -0.1117187500 -0.0262642662
-0.2492187500 -0.1133065472 -0.0171875000
-0.2492187500 -0.1146925901 -0.0085937500
-0.2492187500 -0.1158841598 0.0000000000
-0.2492187500 -0.1160914853 0.0085937500
-0.2492187500 -0.1158212549 0.0171875000
-0.2492187500 -0.1149421637 0.0257812500
-0.2492187500 -0.1135204756 0.0343750000
-0.2492187500 -0.1122988787 0.0429687500
-0.2492187500 -0.1117187500 0.0467384768
-0.2492187500 -0.1054088909 -0.0515625000
-0.2492187500 -0.1031250000 -0.0591180559
-0.2492187500 -0.1076842894 -0.0429687500
-0.2492187500 -0.1098496944 -0.0343750000
-0.2492187500 -0.1109315117 0.0515625000
-0.2492187500 -0.1079852660 0.0601562500
-0.2492187500 -0.1040426016 0.0687500000
-0.2492187500 -0.1031250000 0.0699334957
-0.2492187500 -0.0948694176 -0.0773437500
-0.2492187500 -0.0945312500 -0.0778300344
-0.2492187500 -0.0992910895 -0.0687500000
-0.2492187500 -0.1027565358 -0.0601562500
-0.2492187500 -0.0968443893 0.0773437500
-0.2492187500 -0.0945312500 0.0796661954
-0.2492187500 -0.0875891072 -0.0859375000
-0.2492187500 -0.0859375000 -0.0874728826
-0.2492187500 -0.0869063801 0.0859375000
-0.2492187500 -0.0859375000 0.0866238971
-0.2492187500 -0.0773437500 -0.0932012233
-0.2492187500 -0.0773437500 0.0918872173
-0.2492187500 -0.0749161225 -0.0945312500
-0.2492187500 -0.0687500000 -0.0980368511
-0.2492187500 -0.0709223505 0.0945312500
-0.2492187500 -0.0687500000 0.0953696205
-0.2492187500 -0.0601562500 -0.1026553348
-0.2492187500 -0.0601562500 0.0978900453
-0.2492187500 -0.0590783260 -0.1031250000
-0.2492187500 -0.0515625000 -0.1066254823
-0.2492187500 -0.0515625000 0.1008287630
-0.2492187500 -0.0429687500 -0.1109689849
-0.2492187500 -0.0441214333 0.1031250000
-0.2492187500 -0.0429687500 0.1035186275
-0.2492187500 -0.0412188887 -0.1117187500
-0.2492187500 -0.0343750000 -0.1145462529
-0.2492187500 -0.0343750000 0.1059876002
-0.2492187500 -0.0257812500 -0.1173183036
-0.2492187500 -0.0257812500 0.1069596471
-0.2492187500 -0.0171875000 -0.1189279363
-0.2492187500 -0.0171875000 0.1068449894
-0.2492187500 -0.0085937500 -0.1195478613
-0.2492187500 -0.0085937500 0.1061129517
-0.2492187500 0.0000000000 -0.1190954090
-0.2492187500 0.0000000000 0.1045848554
-0.2492187500 0.0085937500 -0.1177123373
-0.2492187500 0.0062778579 0.1031250000
-0.2492187500 0.0085937500 0.1025932128
-0.2492187500 0.0171875000 -0.1159932403
-0.2492187500 0.0171875000 0.1003385258
-0.2492187500 0.0257812500 -0.1129916498
-0.2492187500 0.0257812500 0.0966251230
-0.2492187500 0.0281936988 -0.1117187500
-0.2492187500 0.0343750000 -0.1079588005
-0.2492187500 0.0301906800 0.0945312500
-0.2492187500 0.0343750000 0.0921410617
-0.2492187500 0.0404164452 -0.1031250000
-0.2492187500 0.0429687500 -0.1008530536
-0.2492187500 0.0424815689 0.0859375000
-0.2492187500 0.0429687500 0.0855221067
-0.2492187500 0.0496736231 -0.0945312500
-0.2492187500 0.0515625000 -0.0925959268
-0.2492187500 0.0515625000 0.0791659070
-0.2492187500 0.0590099186 -0.0859375000
-0.2492187500 0.0601562500 -0.0847850021
-0.2492187500 0.0540858530 0.0773437500
-0.2492187500 0.0601562500 0.0726452427
-0.2492187500 0.0674097647 -0.0773437500
-0.2492187500 0.0687500000 -0.0756745359
-0.2492187500 0.0643197241 0.0687500000
-0.2492187500 0.0687500000 0.0628259767
-0.2492187500 0.0735536243 -0.0687500000
-0.2514095277 0.0773437500 -0.0601562500
-0.2492187500 0.0773437500 -0.0613392727
-0.2573719469 0.0773437500 -0.0515625000
-0.2571282290 0.0773437500 -0.0429687500
-0.2569636011 0.0773437500 -0.0343750000
-0.2566105395 0.0773437500 -0.0257812500
-0.2568622471 0.0773437500 -0.0171875000
-0.2569169942 0.0773437500 -0.0085937500
-0.2563185236 0.0773437500 0.0000000000
-0.2543102038 0.0773437500 0.0085937500
-0.2513760446 0.0773437500 0.0171875000
-0.2492187500 0.0769854256 0.0257812500
-0.2492187500 0.0773437500 0.0224502303
-0.2492187500 0.0760109733 0.0343750000
-0.2492187500 0.0747368122 0.0429687500
-0.2492187500 0.0727562176 0.0515625000
-0.2492187500 0.0704262039 0.0601562500
-0.2492187500 0.0777845645 -0.0601562500
-0.2492187500 0.0791072772 -0.0515625000
-0.2492187500 0.0791325379 -0.0429687500
-0.2492187500 0.0789633996 -0.0343750000
-0.2492187500 0.0789622608 -0.0257812500
-0.2492187500 0.0791906474 -0.0171875000
-0.2492187500 0.0792817927 -0.0085937500
-0.2492187500 0.0791533053 0.0000000000
-0.2492187500 0.0786042657 0.0085937500
-0.2492187500 0.0778699968 0.0171875000
-0.2406250000 -0.1120196590 -0.0257812500
-0.2406250000 -0.1117187500 -0.0270846684
-0.2406250000 -0.1135748854 -0.0171875000
-0.2406250000 -0.1150526935 -0.0085937500
-0.2406250000 -0.1162855523 0.0000000000
-0.2406250000 -0.1165198213 0.0085937500
-0.2406250000 -0.1162008244 0.0171875000
-0.2406250000 -0.1154743907 0.0257812500
-0.2406250000 -0.1140767359 0.0343750000
-0.2406250000 -0.1126469099 0.0429687500
-0.2406250000 -0.1117187500 0.0489443268
-0.2406250000 -0.1054803125 -0.0515625000
-0.2406250000 -0.1031250000 -0.0592685502
-0.2406250000 -0.1077985507 -0.0429687500
-0.2406250000 -0.1100424605 -0.0343750000
-0.2406250000 -0.1112937373 0.0515625000
-0.2406250000 -0.1082690220 0.0601562500
-0.2406250000 -0.1043792022 0.0687500000
-0.2406250000 -0.1031250000 0.0703871196
-0.2406250000 -0.0947390898 -0.0773437500
-0.2406250000 -0.0945312500 -0.0776372028
-0.2406250000 -0.0994330463 -0.0687500000
-0.2406250000 -0.1028155322 -0.0601562500
-0.2406250000 -0.0970279338 0.0773437500
-0.2406250000 -0.0945312500 0.0797624058
-0.2406250000 -0.0875478931 -0.0859375000
-0.2406250000 -0.0859375000 -0.0875163272
-0.2406250000 -0.0866525531 0.0859375000
-0.2406250000 -0.0859375000 0.0864346513
-0.2406250000 -0.0773437500 -0.0932451644
-0.2406250000 -0.0773437500 0.0918733066
-0.2406250000 -0.0750316841 -0.0945312500
-0.2406250000 -0.0687500000 -0.0982260546
-0.2406250000 -0.0708819203 0.0945312500
-0.2406250000 -0.0687500000 0.0953198741
-0.2406250000 -0.0601562500 -0.1029704578
-0.2406250000 -0.0601562500 0.0979273718
-0.2406250000 -0.0598151895 -0.1031250000
-0.2406250000 -0.0515625000 -0.1069159843
-0.2406250000 -0.0515625000 0.1008022928
-0.2406250000 -0.0429687500 -0.1113152405
-0.2406250000 -0.0443063478 0.1031250000
-0.2406250000 -0.0429687500 0.1036034164
-0.2406250000 -0.0420346543 -0.1117187500
-0.2406250000 -0.0343750000 -0.1149067157
-0.2406250000 -0.0343750000 0.1060347997
-0.2406250000 -0.0257812500 -0.1175122702
-0.2406250000 -0.0257812500 0.1070217423
-0.2406250000 -0.0171875000 -0.1189772949
-0.2406250000 -0.0171875000 0.1067961112
-0.2406250000 -0.0085937500 -0.1196271520
-0.2406250000 -0.0085937500 0.1059531582
-0.2406250000 0.0000000000 -0.1189385349
-0.2406250000 0.0000000000 0.1048377062
-0.2406250000 0.0085937500 -0.1175441017
-0.2406250000 0.0077728629 0.1031250000
-0.2406250000 0.0085937500 0.1029398132
-0.2406250000 0.0171875000 -0.1158405626
-0.2406250000 0.0171875000 0.1005694343
-0.2406250000 0.0257812500 -0.1129925096
-0.2406250000 0.0257812500 0.0969206810
-0.2406250000 0.0284629333 -0.1117187500
-0.2406250000 0.0343750000 -0.1084604276
-0.2406250000 0.0308299218 0.0945312500
-0.2406250000 0.0343750000 0.0926053146
-0.2406250000 0.0412465547 -0.1031250000
-0.2406250000 0.0429687500 -0.1016500531
-0.2461326993 0.0429687500 0.0859375000
-0.2406250000 0.0429687500 0.0866312192
-0.2406250000 0.0508317351 -0.0945312500
-0.2406250000 0.0515625000 -0.0938475309
-0.2406250000 0.0439071401 0.0859375000
-0.2406250000 0.0515625000 0.0801181483
-0.2445365654 0.0601562500 -0.0859375000
-0.2406250000 0.0601562500 -0.0867903372
-0.2406250000 0.0555596253 0.0773437500
-0.2406250000 0.0601562500 0.0740153976
-0.2406250000 0.0611430576 -0.0859375000
-0.2441935179 0.0687500000 -0.0773437500
-0.2406250000 0.0687500000 -0.0783428282
-0.2406250000 0.0663213526 0.0687500000
-0.2406250000 0.0687500000 0.0656829694
-0.2406250000 0.0695165365 -0.0773437500
-0.2406250000 0.0759224869 -0.0687500000
-0.2406250000 0.0773437500 -0.0661283440
-0.2479272054 0.0773437500 0.0257812500
-0.2440106652 0.0773437500 0.0343750000
-0.2406250000 0.0768937822 0.0429687500
-0.2406250000 0.0773437500 0.0401977488
-0.2406250000 0.0747315234 0.0515625000
-0.2406250000 0.0722949612 0.0601562500
-0.2406250000 0.0796389838 -0.0601562500
-0.2406250000 0.0809107367 -0.0515625000
-0.2406250000 0.0811173463 -0.0429687500
-0.2406250000 0.0810191002 -0.0343750000
-0.2406250000 0.0809020941 -0.0257812500
-0.2406250000 0.0810519036 -0.0171875000
-0.2406250000 0.0811968855 -0.0085937500
-0.2406250000 0.0812073149 0.0000000000
-0.2406250000 0.0807535692 0.0085937500
-0.2406250000 0.0801677164 0.0171875000
-0.2406250000 0.0792329696 0.0257812500
-0.2406250000 0.0781905201 0.0343750000
-0.2320312500 -0.1122240210 -0.0257812500
-0.2320312500 -0.1117187500 -0.0280360398
-0.2320312500 -0.1138403148 -0.0171875000
-0.2320312500 -0.1152860565 -0.0085937500
-0.2320312500 -0.1165695769 0.0000000000
-0.2320312500 -0.1168704883 0.0085937500
-0.2320312500 -0.1166096070 0.0171875000
-0.2320312500 -0.1159675566 0.0257812500
-0.2320312500 -0.1146214092 0.0343750000
-0.2320312500 -0.1130602393 0.0429687500
-0.2320312500 -0.1117187500 0.0511257369
-0.2320312500 -0.1055932656 -0.0515625000
-0.2320312500 -0.1031250000 -0.0596179070
-0.2320312500 -0.1079134298 -0.0429687500
-0.2320312500 -0.1102869015 -0.0343750000
-0.2320312500 -0.1116446609 0.0515625000
-0.2320312500 -0.1084986603 0.0601562500
-0.2320312500 -0.1045615746 0.0687500000
-0.2320312500 -0.1031250000 0.0706006988
-0.2339541889 -0.0945312500 -0.0773437500
-0.2320312500 -0.0996034716 -0.0687500000
-0.2320312500 -0.0945312500 -0.0772419564
-0.2320312500 -0.1029412077 -0.0601562500
-0.2320312500 -0.0970616385 0.0773437500
-0.2320312500 -0.0945312500 0.0797621246
-0.2320312500 -0.0873859096 -0.0859375000
-0.2320312500 -0.0859375000 -0.0873831374
-0.2320312500 -0.0944663271 -0.0773437500
-0.2320312500 -0.0863457666 0.0859375000
-0.2320312500 -0.0859375000 0.0862173113
-0.2320312500 -0.0773437500 -0.0934639736
-0.2320312500 -0.0773437500 0.0917280981
-0.2320312500 -0.0754671667 -0.0945312500
-0.2320312500 -0.0687500000 -0.0986522017
-0.2320312500 -0.0707295189 0.0945312500
-0.2320312500 -0.0687500000 0.0952521951
-0.2384910523 -0.0601562500 -0.1031250000
-0.2320312500 -0.0608924860 -0.1031250000
-0.2320312500 -0.0601562500 -0.1035646652
-0.2320312500 -0.0601562500 0.0978666725
-0.2320312500 -0.0515625000 -0.1073791117
-0.2320312500 -0.0515625000 0.1007230200
-0.2334846553 -0.0429687500 -0.1117187500
-0.2320312500 -0.0431069482 -0.1117187500
-0.2320312500 -0.0429687500 -0.1117897190
-0.2320312500 -0.0444497802 0.1031250000
-0.2320312500 -0.0429687500 0.1036657612
-0.2320312500 -0.0343750000 -0.1151627600
-0.2320312500 -0.0343750000 0.1060600752
-0.2320312500 -0.0257812500 -0.1175637148
-0.2320312500 -0.0257812500 0.1069977087
-0.2320312500 -0.0171875000 -0.1190852708
-0.2320312500 -0.0171875000 0.1068528157
-0.2320312500 -0.0085937500 -0.1197484193
-0.2320312500 -0.0085937500 0.1060095041
-0.2320312500 0.0000000000 -0.1189893915
-0.2320312500 0.0000000000 0.1048230250
-0.2320312500 0.0085937500 -0.1176640054
-0.2361364292 0.0085937500 0.1031250000
-0.2320312500 0.0085937500 0.1032992755
-0.2320312500 0.0171875000 -0.1159296741
-0.2320312500 0.0092422498 0.1031250000
-0.2320312500 0.0171875000 0.1008765109
-0.2320312500 0.0257812500 -0.1130870546
-0.2320312500 0.0257812500 0.0972326337
-0.2320312500 0.0288392176 -0.1117187500
-0.2320312500 0.0343750000 -0.1088955864
-0.2320312500 0.0314541996 0.0945312500
-0.2320312500 0.0343750000 0.0930573852
-0.2320312500 0.0422706640 -0.1031250000
-0.2320312500 0.0429687500 -0.1025387367
-0.2320312500 0.0429687500 0.0878653758
-0.2364198950 0.0515625000 -0.0945312500
-0.2320312500 0.0515625000 -0.0952064846
-0.2320312500 0.0458524834 0.0859375000
-0.2320312500 0.0515625000 0.0814862967
-0.2320312500 0.0524762357 -0.0945312500
-0.2320312500 0.0601562500 -0.0886283894
-0.2320312500 0.0575884455 0.0773437500
-0.2320312500 0.0601562500 0.0755381362
-0.2320312500 0.0633210737 -0.0859375000
-0.2320312500 0.0687500000 -0.0806074501
-0.2320312500 0.0685305741 0.0687500000
-0.2320312500 0.0687500000 0.0684958206
-0.2320312500 0.0713830727 -0.0773437500
-0.2353009081 0.0773437500 -0.0687500000
-0.2320312500 0.0773437500 -0.0697152201
-0.2391966160 0.0773437500 0.0429687500
-0.2320312500 0.0772801305 0.0515625000
-0.2320312500 0.0773437500 0.0513498730
-0.2320312500 0.0745046237 0.0601562500
-0.2320312500 0.0779160973 -0.0687500000
-0.2320312500 0.0811671830 -0.0601562500
-0.2320312500 0.0825102660 -0.0515625000
-0.2320312500 0.0829641605 -0.0429687500
-0.2320312500 0.0830327607 -0.0343750000
-0.2320312500 0.0828722255 -0.0257812500
-0.2320312500 0.0830626365 -0.0171875000
-0.2320312500 0.0832263730 -0.0085937500
-0.2320312500 0.0832416328 0.0000000000
-0.2320312500 0.0827860170 0.0085937500
-0.2320312500 0.0822140641 0.0171875000
-0.2320312500 0.0815624386 0.0257812500
-0.2320312500 0.0807089337 0.0343750000
-0.2320312500 0.0793874833 0.0429687500
-0.2234375000 -0.1124796501 -0.0257812500
-0.2234375000 -0.1117187500 -0.0291696320
-0.2234375000 -0.1140567882 -0.0171875000
-0.2234375000 -0.1154130463 -0.0085937500
-0.2234375000 -0.1167333922 0.0000000000
-0.2234375000 -0.1171113364 0.0085937500
-0.2234375000 -0.1169951370 0.0171875000
-0.2234375000 -0.1164151018 0.0257812500
-0.2234375000 -0.1150471213 0.0343750000
-0.2234375000 -0.1133959802 0.0429687500
-0.2298048827 -0.1117187500 0.0515625000
-0.2234375000 -0.1119059833 0.0515625000
-0.2234375000 -0.1117187500 0.0520802482
-0.2234375000 -0.1057414059 -0.0515625000
-0.2234375000 -0.1031250000 -0.0599201074
-0.2234375000 -0.1080552249 -0.0429687500
-0.2234375000 -0.1105406211 -0.0343750000
-0.2234375000 -0.1087244917 0.0601562500
-0.2234375000 -0.1046947877 0.0687500000
-0.2234375000 -0.1031250000 0.0707140232
-0.2234375000 -0.0997984437 -0.0687500000
-0.2234375000 -0.0945312500 -0.0770667495
-0.2234375000 -0.1030447845 -0.0601562500
-0.2234375000 -0.0969102794 0.0773437500
-0.2234375000 -0.0945312500 0.0795976547
-0.2234375000 -0.0872593065 -0.0859375000
-0.2234375000 -0.0859375000 -0.0872629337
-0.2234375000 -0.0943416522 -0.0773437500
-0.2239734776 -0.0859375000 0.0859375000
-0.2234375000 -0.0859375000 0.0859182057
-0.2234375000 -0.0773437500 -0.0935945996
-0.2234375000 -0.0859078154 0.0859375000
-0.2234375000 -0.0773437500 0.0913626608
-0.2234375000 -0.0757300257 -0.0945312500
-0.2234375000 -0.0687500000 -0.0990184767
-0.2234375000 -0.0702578958 0.0945312500
-0.2234375000 -0.0687500000 0.0950981129
-0.2234375000 -0.0616579889 -0.1031250000
-0.2234375000 -0.0601562500 -0.1040274368
-0.2234375000 -0.0601562500 0.0977937523
-0.2234375000 -0.0515625000 -0.1079535622
-0.2234375000 -0.0515625000 0.1005714807
-0.2234375000 -0.0441741474 -0.1117187500
-0.2234375000 -0.0429687500 -0.1122949079
-0.2234375000 -0.0440657045 0.1031250000
-0.2234375000 -0.0429687500 0.1035190218
-0.2234375000 -0.0343750000 -0.1152773875
-0.2234375000 -0.0343750000 0.1060183839
-0.2234375000 -0.0257812500 -0.1175427706
-0.2234375000 -0.0257812500 0.1070486582
-0.2234375000 -0.0171875000 -0.1191596866
-0.2234375000 -0.0171875000 0.1070637192
-0.2234375000 -0.0085937500 -0.1198594619
-0.2234375000 -0.0085937500 0.1061223988
-0.2234375000 0.0000000000 -0.1191545908
-0.2234375000 0.0000000000 0.1049863688
-0.2234375000 0.0085937500 -0.1179332807
-0.2234375000 0.0085937500 0.1037340331
-0.2234375000 0.0171875000 -0.1161819153
-0.2234375000 0.0109522071 0.1031250000
-0.2234375000 0.0171875000 0.1013798449
-0.2234375000 0.0257812500 -0.1132787361
-0.2234375000 0.0257812500 0.0977099450
-0.2234375000 0.0293786922 -0.1117187500
-0.2234375000 0.0343750000 -0.1093066189
-0.2234375000 0.0325516144 0.0945312500
-0.2234375000 0.0343750000 0.0936425108
-0.2244279329 0.0429687500 -0.1031250000
-0.2234375000 0.0429687500 -0.1031976855
-0.2234375000 0.0429687500 0.0891878408
-0.2234375000 0.0430595190 -0.1031250000
-0.2234375000 0.0515625000 -0.0963205667
-0.2234375000 0.0480859932 0.0859375000
-0.2234375000 0.0515625000 0.0833233863
-0.2234375000 0.0540819500 -0.0945312500
-0.2234375000 0.0601562500 -0.0900589732
-0.2234375000 0.0600643732 0.0773437500
-0.2234375000 0.0601562500 0.0772754292
-0.2234375000 0.0651527293 -0.0859375000
-0.2234375000 0.0687500000 -0.0825726632
-0.2312310776 0.0687500000 0.0687500000
-0.2234375000 0.0687500000 0.0702902756
-0.2234375000 0.0731025587 -0.0773437500
-0.2234375000 0.0773437500 -0.0719725280
-0.2318339077 0.0773437500 0.0515625000
-0.2234375000 0.0768551913 0.0601562500
-0.2234375000 0.0773437500 0.0588527984
-0.2234375000 0.0704177942 0.0687500000
-0.2234375000 0.0792977348 -0.0687500000
-0.2234375000 0.0825742766 -0.0601562500
-0.2234375000 0.0839506842 -0.0515625000
-0.2234375000 0.0845038960 -0.0429687500
-0.2234375000 0.0848132707 -0.0343750000
-0.2234375000 0.0846970761 -0.0257812500
-0.2234375000 0.0850801938 -0.0171875000
-0.2234375000 0.0855780707 -0.0085937500
-0.2234375000 0.0855597997 0.0000000000
-0.2234375000 0.0850969997 0.0085937500
-0.2234375000 0.0843902871 0.0171875000
-0.2234375000 0.0837584795 0.0257812500
-0.2234375000 0.0830977770 0.0343750000
-0.2234375000 0.0818264804 0.0429687500
-0.2234375000 0.0795408522 0.0515625000
-0.2148437500 -0.1127239484 -0.0257812500
-0.2148437500 -0.1117187500 -0.0303633421
-0.2148437500 -0.1142306994 -0.0171875000
-0.2148437500 -0.1155770836 -0.0085937500
-0.2148437500 -0.1168948965 0.0000000000
-0.2148437500 -0.1173011033 0.0085937500
-0.2148437500 -0.1171875919 0.0171875000
-0.2148437500 -0.1166284992 0.0257812500
-0.2148437500 -0.1152542677 0.0343750000
-0.2148437500 -0.1136898445 0.0429687500
-0.2148437500 -0.1120162255 0.0515625000
-0.2148437500 -0.1117187500 0.0523950639
-0.2193960635 -0.1031250000 -0.0601562500
-0.2148437500 -0.1032071586 -0.0601562500
-0.2148437500 -0.1031250000 -0.0603826337
-0.2148437500 -0.1060020552 -0.0515625000
-0.2148437500 -0.1082388858 -0.0429687500
-0.2148437500 -0.1108127526 -0.0343750000
-0.2148437500 -0.1088269858 0.0601562500
-0.2148437500 -0.1046915035 0.0687500000
-0.2148437500 -0.1031250000 0.0706690503
-0.2148437500 -0.1000169090 -0.0687500000
-0.2148437500 -0.0945312500 -0.0769764439
-0.2148437500 -0.0966364736 0.0773437500
-0.2148437500 -0.0945312500 0.0793045867
-0.2148437500 -0.0872632126 -0.0859375000
-0.2148437500 -0.0859375000 -0.0872866723
-0.2148437500 -0.0942685663 -0.0773437500
-0.2148437500 -0.0859375000 0.0854682009
-0.2148437500 -0.0773437500 -0.0938278365
-0.2148437500 -0.0851752379 0.0859375000
-0.2148437500 -0.0773437500 0.0907756351
-0.2148437500 -0.0760973111 -0.0945312500
-0.2148437500 -0.0687500000 -0.0992158401
-0.2148437500 -0.0693295145 0.0945312500
-0.2148437500 -0.0687500000 0.0947572799
-0.2148437500 -0.0619892496 -0.1031250000
-0.2148437500 -0.0601562500 -0.1042242669
-0.2148437500 -0.0601562500 0.0977170299
-0.2148437500 -0.0515625000 -0.1082593790
-0.2148437500 -0.0515625000 0.1005303379
-0.2148437500 -0.0445113948 -0.1117187500
-0.2148437500 -0.0429687500 -0.1124218400
-0.2148437500 -0.0434086288 0.1031250000
-0.2148437500 -0.0429687500 0.1032764613
-0.2148437500 -0.0343750000 -0.1154053204
-0.2148437500 -0.0343750000 0.1059225715
-0.2148437500 -0.0257812500 -0.1175621409
-0.2148437500 -0.0257812500 0.1070021700
-0.2148437500 -0.0171875000 -0.1191456712
-0.2148437500 -0.0171875000 0.1071978283
-0.2148437500 -0.0085937500 -0.1199935924
-0.2148437500 -0.0085937500 0.1062847802
-0.2148437500 0.0000000000 -0.1192851039
-0.2148437500 0.0000000000 0.1055778822
-0.2148437500 0.0085937500 -0.1181325428
-0.2148437500 0.0085937500 0.1044847714
-0.2148437500 0.0171875000 -0.1164525585
-0.2148437500 0.0132923582 0.1031250000
-0.2148437500 0.0171875000 0.1018868526
-0.2148437500 0.0257812500 -0.1135991944
-0.2148437500 0.0257812500 0.0982527840
-0.2148437500 0.0301131077 -0.1117187500
-0.2148437500 0.0343750000 -0.1096572357
-0.2148437500 0.0337983257 0.0945312500
-0.2148437500 0.0343750000 0.0942580440
-0.2148437500 0.0429687500 -0.1036941576
-0.2148437500 0.0429687500 0.0900374739
-0.2148437500 0.0437297749 -0.1031250000
-0.2148437500 0.0515625000 -0.0973532738
-0.2148437500 0.0499539094 0.0859375000
-0.2148437500 0.0515625000 0.0848576604
-0.2148437500 0.0557210148 -0.0945312500
-0.2148437500 0.0601562500 -0.0913726203
-0.2229676721 0.0601562500 0.0773437500
-0.2148437500 0.0601562500 0.0783654150
-0.2148437500 0.0669873880 -0.0859375000
-0.2148437500 0.0687500000 -0.0843436396
-0.2148437500 0.0615376302 0.0773437500
-0.2148437500 0.0687500000 0.0718797500
-0.2148437500 0.0747697097 -0.0773437500
-0.2148437500 0.0773437500 -0.0741466017
-0.2217464225 0.0773437500 0.0601562500
-0.2148437500 0.0723572757 0.0687500000
-0.2148437500 0.0773437500 0.0626213408
-0.2148437500 0.0806526659 -0.0687500000
-0.2148437500 0.0840970652 -0.0601562500
-0.2148437500 0.0854512771 -0.0515625000
-0.2160087942 0.0859375000 -0.0429687500
-0.2148437500 0.0859375000 -0.0456388228
-0.2188182062 0.0859375000 -0.0343750000
-0.2189214467 0.0859375000 -0.0257812500
-0.2204198163 0.0859375000 -0.0171875000
-0.2222365444 0.0859375000 -0.0085937500
-0.2222452299 0.0859375000 0.0000000000
-0.2207027776 0.0859375000 0.0085937500
-0.2181408921 0.0859375000 0.0171875000
-0.2153339370 0.0859375000 0.0257812500
-0.2148437500 0.0853045940 0.0343750000
-0.2148437500 0.0859375000 0.0272993007
-0.2148437500 0.0840089923 0.0429687500
-0.2148437500 0.0815231080 0.0515625000
-0.2148437500 0.0788901234 0.0601562500
-0.2148437500 0.0861327855 -0.0429687500
-0.2148437500 0.0867063124 -0.0343750000
-0.2148437500 0.0868663713 -0.0257812500
-0.2148437500 0.0872237183 -0.0171875000
-0.2148437500 0.0876835005 -0.0085937500
-0.2148437500 0.0878229365 0.0000000000
-0.2148437500 0.0874288640 0.0085937500
-0.2148437500 0.0867484893 0.0171875000
-0.2148437500 0.0860503209 0.0257812500
-0.2062500000 -0.1129160181 -0.0257812500
-0.2062500000 -0.1117187500 -0.0313529387
-0.2062500000 -0.1143346325 -0.0171875000
-0.2062500000 -0.1156299681 -0.0085937500
-0.2062500000 -0.1170070007 0.0000000000
-0.2062500000 -0.1174444744 0.0085937500
-0.2062500000 -0.1172334335 0.0171875000
-0.2062500000 -0.1166684651 0.0257812500
-0.2062500000 -0.1153901535 0.0343750000
-0.2062500000 -0.1138656796 0.0429687500
-0.2062500000 -0.1120670097 0.0515625000
-0.2062500000 -0.1117187500 0.0525607310
-0.2062500000 -0.1033317422 -0.0601562500
-0.2062500000 -0.1031250000 -0.0607130009
-0.2062500000 -0.1061887048 -0.0515625000
-0.2062500000 -0.1084916337 -0.0429687500
-0.2062500000 -0.1110304236 -0.0343750000
-0.2062500000 -0.1089072264 0.0601562500
-0.2062500000 -0.1046126355 0.0687500000
-0.2062500000 -0.1031250000 0.0705677066
-0.2062500000 -0.1001569998 -0.0687500000
-0.2062500000 -0.0945312500 -0.0769341776
-0.2062500000 -0.0963319044 0.0773437500
-0.2062500000 -0.0945312500 0.0789407807
-0.2062500000 -0.0873715658 -0.0859375000
-0.2062500000 -0.0859375000 -0.0874466928
-0.2062500000 -0.0942403126 -0.0773437500
-0.2062500000 -0.0859375000 0.0849974918
-0.2062500000 -0.0773437500 -0.0940689647
-0.2062500000 -0.0843737031 0.0859375000
-0.2062500000 -0.0773437500 0.0903020668
-0.2062500000 -0.0765074748 -0.0945312500
-0.2062500000 -0.0687500000 -0.0994077362
-0.2077761770 -0.0687500000 0.0945312500
-0.2062500000 -0.0687500000 0.0944762307
-0.2062500000 -0.0620623431 -0.1031250000
-0.2062500000 -0.0601562500 -0.1042605497
-0.2062500000 -0.0686280777 0.0945312500
-0.2062500000 -0.0601562500 0.0977235636
-0.2062500000 -0.0515625000 -0.1085158269
-0.2062500000 -0.0515625000 0.1006141117
-0.2062500000 -0.0448233382 -0.1117187500
-0.2062500000 -0.0429687500 -0.1125047285
-0.2062500000 -0.0437590791 0.1031250000
-0.2062500000 -0.0429687500 0.1034025152
-0.2062500000 -0.0343750000 -0.1156149393
-0.2062500000 -0.0343750000 0.1059594086
-0.2062500000 -0.0257812500 -0.1177777709
-0.2062500000 -0.0257812500 0.1071315128
-0.2062500000 -0.0171875000 -0.1194050604
-0.2062500000 -0.0171875000 0.1073857372
-0.2062500000 -0.0085937500 -0.1202828969
-0.2062500000 -0.0085937500 0.1066410650
-0.2062500000 0.0000000000 -0.1194669833
-0.2062500000 0.0000000000 0.1061078955
-0.2062500000 0.0085937500 -0.1182151295
-0.2062500000 0.0085937500 0.1049411212
-0.2062500000 0.0171875000 -0.1166052846
-0.2062500000 0.0149732480 0.1031250000
-0.2062500000 0.0171875000 0.1024310162
-0.2062500000 0.0257812500 -0.1138798815
-0.2062500000 0.0257812500 0.0988073263
-0.2062500000 0.0309778309 -0.1117187500
-0.2062500000 0.0343750000 -0.1101105986
-0.2098078785 0.0343750000 0.0945312500
-0.2062500000 0.0343750000 0.0947207086
-0.2062500000 0.0429687500 -0.1039846048
-0.2062500000 0.0347891690 0.0945312500
-0.2062500000 0.0429687500 0.0907705267
-0.2062500000 0.0442031932 -0.1031250000
-0.2062500000 0.0515625000 -0.0981158734
-0.2062500000 0.0514446249 0.0859375000
-0.2062500000 0.0515625000 0.0858654140
-0.2062500000 0.0571100201 -0.0945312500
-0.2062500000 0.0601562500 -0.0924132135
-0.2062500000 0.0601562500 0.0795283411
-0.2062500000 0.0684810101 -0.0859375000
-0.2062500000 0.0687500000 -0.0857133483
-0.2062500000 0.0633250612 0.0773437500
-0.2062500000 0.0687500000 0.0733176363
-0.2062500000 0.0762437712 -0.0773437500
-0.2062500000 0.0773437500 -0.0760275880
-0.2062500000 0.0745019029 0.0687500000
-0.2062500000 0.0773437500 0.0655745943
-0.2062500000 0.0821141243 -0.0687500000
-0.2062500000 0.0858821910 -0.0601562500
-0.2124339648 0.0859375000 -0.0515625000
-0.2062500000 0.0859375000 -0.0597901682
-0.2123321943 0.0859375000 0.0343750000
-0.2065191814 0.0859375000 0.0429687500
-0.2062500000 0.0834334019 0.0515625000
-0.2062500000 0.0859375000 0.0431762014
-0.2062500000 0.0807180121 0.0601562500
-0.2062500000 0.0869878349 -0.0515625000
-0.2062500000 0.0878608053 -0.0429687500
-0.2062500000 0.0883877961 -0.0343750000
-0.2062500000 0.0886166959 -0.0257812500
-0.2062500000 0.0890529369 -0.0171875000
-0.2062500000 0.0895559741 -0.0085937500
-0.2062500000 0.0896810013 0.0000000000
-0.2062500000 0.0892805513 0.0085937500
-0.2062500000 0.0885793908 0.0171875000
-0.2062500000 0.0878181135 0.0257812500
-0.2062500000 0.0871280610 0.0343750000
-0.2062500000 0.0859843022 0.0429687500
-0.1976562500 -0.1129496290 -0.0257812500
-0.1976562500 -0.1117187500 -0.0320747670
-0.1976562500 -0.1143610949 -0.0171875000
-0.1976562500 -0.1157299796 -0.0085937500
-0.1976562500 -0.1170487345 0.0000000000
-0.1976562500 -0.1175657259 0.0085937500
-0.1976562500 -0.1173179829 0.0171875000
-0.1976562500 -0.1167122615 0.0257812500
-0.1976562500 -0.1155004031 0.0343750000
-0.1976562500 -0.1140582316 0.0429687500
-0.1976562500 -0.1122610103 0.0515625000
-0.1976562500 -0.1117187500 0.0530882958
-0.1976562500 -0.1034244155 -0.0601562500
-0.1976562500 -0.1031250000 -0.0609283923
-0.1976562500 -0.1063071101 -0.0515625000
-0.1976562500 -0.1087601514 -0.0429687500
-0.1976562500 -0.1112423765 -0.0343750000
-0.1976562500 -0.1089945435 0.0601562500
-0.1976562500 -0.1045647353 0.0687500000
-0.1976562500 -0.1031250000 0.0705025081
-0.1976562500 -0.1002499187 -0.0687500000
-0.1976562500 -0.0945312500 -0.0770426750
-0.1976562500 -0.0962263673 0.0773437500
-0.1976562500 -0.0945312500 0.0787540235
-0.1976562500 -0.0875071747 -0.0859375000
-0.1976562500 -0.0859375000 -0.0876323334
-0.1976562500 -0.0943198769 -0.0773437500
-0.1976562500 -0.0859375000 0.0846930760
-0.1976562500 -0.0773437500 -0.0944835142
-0.1976562500 -0.0839657243 0.0859375000
-0.1976562500 -0.0773437500 0.0902557604
-0.1976562500 -0.0772571274 -0.0945312500
-0.1976562500 -0.0687500000 -0.0997690513
-0.1976562500 -0.0687500000 0.0944188568
-0.1976562500 -0.0627213485 -0.1031250000
-0.1976562500 -0.0601562500 -0.1046476103
-0.1976562500 -0.0685113110 0.0945312500
-0.1976562500 -0.0601562500 0.0978498279
-0.1976562500 -0.0515625000 -0.1087656603
-0.1976562500 -0.0515625000 0.1008660860
-0.1976562500 -0.0451688062 -0.1117187500
-0.1976562500 -0.0429687500 -0.1126077522
-0.1976562500 -0.0445640510 0.1031250000
-0.1976562500 -0.0429687500 0.1036824735
-0.1976562500 -0.0343750000 -0.1157582708
-0.1976562500 -0.0343750000 0.1061021604
-0.1976562500 -0.0257812500 -0.1179142434
-0.1976562500 -0.0257812500 0.1073811003
-0.1976562500 -0.0171875000 -0.1196335275
-0.1976562500 -0.0171875000 0.1076775916
-0.2054177097 -0.0085937500 -0.1203125000
-0.1976562500 -0.0110880838 -0.1203125000
-0.1976562500 -0.0085937500 -0.1205608616
-0.1976562500 -0.0085937500 0.1070332693
-0.1976562500 -0.0060643135 -0.1203125000
-0.1976562500 0.0000000000 -0.1196342477
-0.1976562500 0.0000000000 0.1064946162
-0.1976562500 0.0085937500 -0.1182201887
-0.1976562500 0.0085937500 0.1052631192
-0.1976562500 0.0171875000 -0.1167104572
-0.1976562500 0.0164434509 0.1031250000
-0.1976562500 0.0171875000 0.1028839350
-0.1976562500 0.0257812500 -0.1140664774
-0.1976562500 0.0257812500 0.0991933812
-0.1976562500 0.0316156246 -0.1117187500
-0.1976562500 0.0343750000 -0.1104571951
-0.1976562500 0.0343750000 0.0950824972
-0.1976562500 0.0429687500 -0.1044310830
-0.1976562500 0.0356191533 0.0945312500
-0.1976562500 0.0429687500 0.0914294662
-0.1976562500 0.0450281512 -0.1031250000
-0.1976562500 0.0515625000 -0.0988557724
-0.2057001333 0.0515625000 0.0859375000
-0.1976562500 0.0515625000 0.0868358889
-0.1976562500 0.0585587927 -0.0945312500
-0.1976562500 0.0601562500 -0.0934610379
-0.1976562500 0.0529140132 0.0859375000
-0.1976562500 0.0601562500 0.0805751918
-0.2044632991 0.0687500000 -0.0859375000
-0.1976562500 0.0687500000 -0.0866424390
-0.1976562500 0.0650290230 0.0773437500
-0.1976562500 0.0687500000 0.0744888414
-0.1976562500 0.0694679924 -0.0859375000
-0.1976562500 0.0772696938 -0.0773437500
-0.1976562500 0.0773437500 -0.0772577502
-0.1976562500 0.0762913140 0.0687500000
-0.1976562500 0.0773437500 0.0676967020
-0.1976562500 0.0834653403 -0.0687500000
-0.2059877874 0.0859375000 -0.0601562500
-0.1976562500 0.0859375000 -0.0634635539
-0.1976562500 0.0851328777 0.0515625000
-0.1976562500 0.0859375000 0.0488336322
-0.1976562500 0.0822536149 0.0601562500
-0.1976562500 0.0873610226 -0.0601562500
-0.1976562500 0.0884446656 -0.0515625000
-0.1976562500 0.0893144513 -0.0429687500
-0.1976562500 0.0898597636 -0.0343750000
-0.1976562500 0.0902991876 -0.0257812500
-0.1976562500 0.0907844664 -0.0171875000
-0.1976562500 0.0911283206 -0.0085937500
-0.1976562500 0.0911712185 0.0000000000
-0.1976562500 0.0907983585 0.0085937500
-0.1976562500 0.0901817573 0.0171875000
-0.1976562500 0.0893609169 0.0257812500
-0.1976562500 0.0885081056 0.0343750000
-0.1976562500 0.0872141553 0.0429687500
-0.1890625000 -0.1130897668 -0.0257812500
-0.1890625000 -0.1117187500 -0.0332231684
-0.1890625000 -0.1144978128 -0.0171875000
-0.1890625000 -0.1158962990 -0.0085937500
-0.1890625000 -0.1171578630 0.0000000000
-0.1890625000 -0.1177058637 0.0085937500
-0.1890625000 -0.1174228397 0.0171875000
-0.1890625000 -0.1167832179 0.0257812500
-0.1890625000 -0.1156148705 0.0343750000
-0.1890625000 -0.1141587373 0.0429687500
-0.1890625000 -0.1122905940 0.0515625000
-0.1890625000 -0.1117187500 0.0531052280
-0.1890625000 -0.1035361811 -0.0601562500
-0.1890625000 -0.1031250000 -0.0612021552
-0.1890625000 -0.1064720762 -0.0515625000
-0.1890625000 -0.1090756338 -0.0429687500
-0.1890625000 -0.1114960068 -0.0343750000
-0.1890625000 -0.1088940943 0.0601562500
-0.1890625000 -0.1044587718 0.0687500000
-0.1890625000 -0.1031250000 0.0704028602
-0.1890625000 -0.1004673059 -0.0687500000
-0.1890625000 -0.0945312500 -0.0773356851
-0.1890625000 -0.0964365018 0.0773437500
-0.1890625000 -0.0945312500 0.0789170445
-0.1890625000 -0.0876918295 -0.0859375000
-0.1890625000 -0.0859375000 -0.0878627538
-0.1890625000 -0.0945254350 -0.0773437500
-0.1890625000 -0.0859375000 0.0847587655
-0.1966451868 -0.0773437500 -0.0945312500
-0.1890625000 -0.0778075961 -0.0945312500
-0.1890625000 -0.0773437500 -0.0948922531
-0.1890625000 -0.0840713767 0.0859375000
-0.1890625000 -0.0773437500 0.0902533346
-0.1890625000 -0.0687500000 -0.1001970635
-0.1890625000 -0.0687500000 0.0944762622
-0.1890625000 -0.0636193981 -0.1031250000
-0.1890625000 -0.0601562500 -0.1051264586
-0.1890625000 -0.0686386763 0.0945312500
-0.1890625000 -0.0601562500 0.0981050220
-0.1890625000 -0.0515625000 -0.1091111105
-0.1890625000 -0.0515625000 0.1012355133
-0.1890625000 -0.0457685044 -0.1117187500
-0.1890625000 -0.0429687500 -0.1128150445
-0.1890625000 -0.0460607903 0.1031250000
-0.1890625000 -0.0429687500 0.1042446250
-0.1890625000 -0.0343750000 -0.1158257857
-0.1890625000 -0.0343750000 0.1064382882
-0.1890625000 -0.0257812500 -0.1180441803
-0.1890625000 -0.0257812500 0.1076541340
-0.1890625000 -0.0171875000 -0.1196898760
-0.1890625000 -0.0171875000 0.1078741883
-0.1890625000 -0.0116509750 -0.1203125000
-0.1890625000 -0.0085937500 -0.1206135074
-0.1890625000 -0.0085937500 0.1072610455
-0.1890625000 -0.0053507415 -0.1203125000
-0.1890625000 0.0000000000 -0.1197358652
-0.1890625000 0.0000000000 0.1067873943
-0.1890625000 0.0085937500 -0.1182729973
-0.1890625000 0.0085937500 0.1054464481
-0.1890625000 0.0171875000 -0.1167659166
-0.1940373900 0.0171875000 0.1031250000
-0.1890625000 0.0171875000 0.1034129741
-0.1890625000 0.0257812500 -0.1142011269
-0.1890625000 0.0179443711 0.1031250000
-0.1890625000 0.0257812500 0.0995305410
-0.1890625000 0.0317037510 -0.1117187500
-0.1890625000 0.0343750000 -0.1104948466
-0.1890625000 0.0343750000 0.0955797201
-0.1890625000 0.0429687500 -0.1050263104
-0.1890625000 0.0367474994 0.0945312500
-0.1890625000 0.0429687500 0.0919157303
-0.1890625000 0.0461943096 -0.1031250000
-0.1890625000 0.0515625000 -0.0996490073
-0.1890625000 0.0515625000 0.0875108121
-0.1890625000 0.0599154270 -0.0945312500
-0.1890625000 0.0601562500 -0.0943696776
-0.1890625000 0.0539087972 0.0859375000
-0.1890625000 0.0601562500 0.0814344554
-0.1890625000 0.0687500000 -0.0875552778
-0.1890625000 0.0663363746 0.0773437500
-0.1890625000 0.0687500000 0.0753025807
-0.1890625000 0.0704386333 -0.0859375000
-0.1968792935 0.0773437500 -0.0773437500
-0.1890625000 0.0773437500 -0.0781685018
-0.1890625000 0.0772129696 0.0687500000
-0.1890625000 0.0773437500 0.0686299246
-0.1890625000 0.0779467595 -0.0773437500
-0.1890625000 0.0845976418 -0.0687500000
-0.1890625000 0.0859375000 -0.0660688267
-0.1937502517 0.0859375000 0.0515625000
-0.1890625000 0.0833870124 0.0601562500
-0.1890625000 0.0859375000 0.0539027479
-0.1890625000 0.0885569964 -0.0601562500
-0.1890625000 0.0897102528 -0.0515625000
-0.1890625000 0.0904533440 -0.0429687500
-0.1890625000 0.0910933485 -0.0343750000
-0.1890625000 0.0915141717 -0.0257812500
-0.1890625000 0.0919826563 -0.0171875000
-0.1890625000 0.0922288493 -0.0085937500
-0.1890625000 0.0922281765 0.0000000000
-0.1890625000 0.0920458195 0.0085937500
-0.1890625000 0.0915293278 0.0171875000
-0.1890625000 0.0907703941 0.0257812500
-0.1890625000 0.0898744627 0.0343750000
-0.1890625000 0.0884629700 0.0429687500
-0.1890625000 0.0866381789 0.0515625000
-0.1823457000 -0.1117187500 -0.0343750000
-0.1804687500 -0.1117771976 -0.0343750000
-0.1804687500 -0.1117187500 -0.0345999167
-0.1804687500 -0.1132878396 -0.0257812500
-0.1804687500 -0.1147025160 -0.0171875000
-0.1804687500 -0.1160513100 -0.0085937500
-0.1804687500 -0.1172265953 0.0000000000
-0.1804687500 -0.1177163145 0.0085937500
-0.1804687500 -0.1174927967 0.0171875000
-0.1804687500 -0.1169231334 0.0257812500
-0.1804687500 -0.1157970558 0.0343750000
-0.1804687500 -0.1142036031 0.0429687500
-0.1804687500 -0.1122730818 0.0515625000
-0.1804687500 -0.1117187500 0.0529961520
-0.1804687500 -0.1035717832 -0.0601562500
-0.1804687500 -0.1031250000 -0.0613035307
-0.1804687500 -0.1066829353 -0.0515625000
-0.1804687500 -0.1094200229 -0.0429687500
-0.1804687500 -0.1087747799 0.0601562500
-0.1804687500 -0.1044088384 0.0687500000
-0.1804687500 -0.1031250000 0.0703523156
-0.1889692427 -0.0945312500 -0.0773437500
-0.1804687500 -0.0950629354 -0.0773437500
-0.1804687500 -0.0945312500 -0.0780112235
-0.1804687500 -0.1006451453 -0.0687500000
-0.1804687500 -0.0965966926 0.0773437500
-0.1804687500 -0.0945312500 0.0790933271
-0.1804687500 -0.0880854926 -0.0859375000
-0.1804687500 -0.0859375000 -0.0883150226
-0.1804687500 -0.0859375000 0.0850317353
-0.1804687500 -0.0783198037 -0.0945312500
-0.1804687500 -0.0773437500 -0.0953010999
-0.1804687500 -0.0845056717 0.0859375000
-0.1804687500 -0.0773437500 0.0904566185
-0.1804687500 -0.0687500000 -0.1006978231
-0.1881768528 -0.0687500000 0.0945312500
-0.1804687500 -0.0696580899 0.0945312500
-0.1804687500 -0.0687500000 0.0949456400
-0.1804687500 -0.0645937435 -0.1031250000
-0.1804687500 -0.0601562500 -0.1055790613
-0.1804687500 -0.0601562500 0.0985270042
-0.1804687500 -0.0515625000 -0.1094714214
-0.1804687500 -0.0515625000 0.1018382070
-0.1804687500 -0.0460857628 -0.1117187500
-0.1804687500 -0.0429687500 -0.1128305331
-0.1804687500 -0.0478269590 0.1031250000
-0.1804687500 -0.0429687500 0.1048267138
-0.1804687500 -0.0343750000 -0.1155901195
-0.1804687500 -0.0343750000 0.1068937487
-0.1804687500 -0.0257812500 -0.1179726191
-0.1804687500 -0.0257812500 0.1078060164
-0.1804687500 -0.0171875000 -0.1196846772
-0.1804687500 -0.0171875000 0.1078836932
-0.1804687500 -0.0115656145 -0.1203125000
-0.1804687500 -0.0085937500 -0.1206014967
-0.1804687500 -0.0085937500 0.1073749049
-0.1804687500 -0.0049612885 -0.1203125000
-0.1804687500 0.0000000000 -0.1198439179
-0.1804687500 0.0000000000 0.1069718576
-0.1804687500 0.0085937500 -0.1184234339
-0.1804687500 0.0085937500 0.1056795287
-0.1804687500 0.0171875000 -0.1166577665
-0.1804687500 0.0171875000 0.1037396120
-0.1804687500 0.0257812500 -0.1141914679
-0.1804687500 0.0188126963 0.1031250000
-0.1804687500 0.0257812500 0.0999017413
-0.1804687500 0.0314326573 -0.1117187500
-0.1804687500 0.0343750000 -0.1103610680
-0.1804687500 0.0343750000 0.0959317251
-0.1804687500 0.0429687500 -0.1053689780
-0.1804687500 0.0375045530 0.0945312500
-0.1804687500 0.0429687500 0.0923090103
-0.1804687500 0.0470412269 -0.1031250000
-0.1804687500 0.0515625000 -0.1002958229
-0.1804687500 0.0515625000 0.0880355648
-0.1867761991 0.0601562500 -0.0945312500
-0.1804687500 0.0601562500 -0.0949038589
-0.1804687500 0.0546844100 0.0859375000
-0.1804687500 0.0601562500 0.0818873910
-0.1804687500 0.0606443263 -0.0945312500
-0.1804687500 0.0687500000 -0.0883450694
-0.1804687500 0.0668081582 0.0773437500
-0.1804687500 0.0687500000 0.0756960217
-0.1804687500 0.0713326630 -0.0859375000
-0.1804687500 0.0773437500 -0.0793167302
-0.1870789824 0.0773437500 0.0687500000
-0.1804687500 0.0773437500 0.0690405464
-0.1804687500 0.0788049489 -0.0773437500
-0.1804687500 0.0853902915 -0.0687500000
-0.1804687500 0.0859375000 -0.0677317134
-0.1804687500 0.0843152174 0.0601562500
-0.1804687500 0.0859375000 0.0565137016
-0.1804687500 0.0776193144 0.0687500000
-0.1804687500 0.0894644597 -0.0601562500
-0.1804687500 0.0908074064 -0.0515625000
-0.1804687500 0.0916568062 -0.0429687500
-0.1804687500 0.0921979141 -0.0343750000
-0.1804687500 0.0925205373 -0.0257812500
-0.1804687500 0.0928808295 -0.0171875000
-0.1804687500 0.0931250033 -0.0085937500
-0.1804687500 0.0930992763 0.0000000000
-0.1804687500 0.0929378953 0.0085937500
-0.1804687500 0.0925446228 0.0171875000
-0.1804687500 0.0919243770 0.0257812500
-0.1804687500 0.0911069874 0.0343750000
-0.1804687500 0.0896360168 0.0429687500
-0.1804687500 0.0875214455 0.0515625000
-0.1718750000 -0.1121645207 -0.0343750000
-0.1718750000 -0.1117187500 -0.0360455292
-0.1718750000 -0.1135962816 -0.0257812500
-0.1718750000 -0.1148954064 -0.0171875000
-0.1718750000 -0.1161841347 -0.0085937500
-0.1718750000 -0.1172058179 0.0000000000
-0.1718750000 -0.1177730408 0.0085937500
-0.1718750000 -0.1175593736 0.0171875000
-0.1718750000 -0.1169678689 0.0257812500
-0.1718750000 -0.1159572720 0.0343750000
-0.1718750000 -0.1143102395 0.0429687500
-0.1718750000 -0.1121857362 0.0515625000
-0.1718750000 -0.1117187500 0.0527337531
-0.1718750000 -0.1037370391 -0.0601562500
-0.1718750000 -0.1031250000 -0.0617259342
-0.1718750000 -0.1069249212 -0.0515625000
-0.1718750000 -0.1097875383 -0.0429687500
-0.1718750000 -0.1086044756 0.0601562500
-0.1718750000 -0.1042940995 0.0687500000
-0.1718750000 -0.1031250000 0.0702740145
-0.1718750000 -0.0955708022 -0.0773437500
-0.1718750000 -0.0945312500 -0.0786613373
-0.1718750000 -0.1008402613 -0.0687500000
-0.1718750000 -0.0966638626 0.0773437500
-0.1718750000 -0.0945312500 0.0790832816
-0.1718750000 -0.0885496999 -0.0859375000
-0.1718750000 -0.0859375000 -0.0888720414
-0.1718750000 -0.0859375000 0.0853670904
-0.1718750000 -0.0788846689 -0.0945312500
-0.1718750000 -0.0773437500 -0.0957423380
-0.1718750000 -0.0850425543 0.0859375000
-0.1718750000 -0.0773437500 0.0907295505
-0.1718750000 -0.0687500000 -0.1012130328
-0.1718750000 -0.0708361200 0.0945312500
-0.1718750000 -0.0687500000 0.0955572171
-0.1718750000 -0.0653666034 -0.1031250000
-0.1718750000 -0.0601562500 -0.1057617177
-0.1718750000 -0.0601562500 0.0991204504
-0.1718750000 -0.0515625000 -0.1096298506
-0.1718750000 -0.0515625000 0.1025475042
-0.1718750000 -0.0458106603 -0.1117187500
-0.1718750000 -0.0429687500 -0.1126569363
-0.1718750000 -0.0498612232 0.1031250000
-0.1718750000 -0.0429687500 0.1054762320
-0.1718750000 -0.0343750000 -0.1153934174
-0.1718750000 -0.0343750000 0.1074283056
-0.1718750000 -0.0257812500 -0.1178728945
-0.1718750000 -0.0257812500 0.1080535086
-0.1718750000 -0.0171875000 -0.1195417941
-0.1718750000 -0.0171875000 0.1081281418
-0.1718750000 -0.0102771094 -0.1203125000
-0.1718750000 -0.0085937500 -0.1204768995
-0.1718750000 -0.0085937500 0.1076899303
-0.1718750000 -0.0060685528 -0.1203125000
-0.1718750000 0.0000000000 -0.1198417683
-0.1718750000 0.0000000000 0.1072280906
-0.1718750000 0.0085937500 -0.1185317816
-0.1718750000 0.0085937500 0.1058867513
-0.1718750000 0.0171875000 -0.1166353939
-0.1718750000 0.0171875000 0.1038773849
-0.1718750000 0.0257812500 -0.1141389208
-0.1718750000 0.0192333512 0.1031250000
-0.1718750000 0.0257812500 0.1002647442
-0.1718750000 0.0308484209 -0.1117187500
-0.1718750000 0.0343750000 -0.1099965171
-0.1718750000 0.0343750000 0.0962683031
-0.1718750000 0.0429687500 -0.1053634893
-0.1718750000 0.0381588170 0.0945312500
-0.1718750000 0.0429687500 0.0925863043
-0.1718750000 0.0472790744 -0.1031250000
-0.1718750000 0.0515625000 -0.1006091704
-0.1718750000 0.0515625000 0.0885112172
-0.1718750000 0.0601562500 -0.0953555769
-0.1718750000 0.0553216768 0.0859375000
-0.1718750000 0.0601562500 0.0821963335
-0.1718750000 0.0612787436 -0.0945312500
-0.1718750000 0.0687500000 -0.0888734398
-0.1718750000 0.0669942633 0.0773437500
-0.1718750000 0.0687500000 0.0758628001
-0.1718750000 0.0720314003 -0.0859375000
-0.1718750000 0.0773437500 -0.0802739290
-0.1718750000 0.0773437500 0.0695133877
-0.1718750000 0.0795811896 -0.0773437500
-0.1761883462 0.0859375000 -0.0687500000
-0.1718750000 0.0859375000 -0.0694063251
-0.1718750000 0.0851376719 0.0601562500
-0.1718750000 0.0859375000 0.0583572053
-0.1718750000 0.0781251027 0.0687500000
-0.1718750000 0.0863887901 -0.0687500000
-0.1718750000 0.0903429096 -0.0601562500
-0.1718750000 0.0918092674 -0.0515625000
-0.1718750000 0.0928508550 -0.0429687500
-0.1718750000 0.0934367536 -0.0343750000
-0.1718750000 0.0935079408 -0.0257812500
-0.1718750000 0.0938871502 -0.0171875000
-0.1718750000 0.0941297984 -0.0085937500
-0.1718750000 0.0940604118 0.0000000000
-0.1718750000 0.0938571690 0.0085937500
-0.1718750000 0.0934122831 0.0171875000
-0.1718750000 0.0928940638 0.0257812500
-0.1718750000 0.0921484354 0.0343750000
-0.1718750000 0.0905004428 0.0429687500
-0.1718750000 0.0881263381 0.0515625000
-0.1632812500 -0.1125199406 -0.0343750000
-0.1632812500 -0.1117187500 -0.0372646521
-0.1632812500 -0.1138782084 -0.0257812500
-0.1632812500 -0.1151290195 -0.0171875000
-0.1632812500 -0.1163067301 -0.0085937500
-0.1632812500 -0.1172041507 0.0000000000
-0.1632812500 -0.1177543392 0.0085937500
-0.1632812500 -0.1175675017 0.0171875000
-0.1632812500 -0.1169508702 0.0257812500
-0.1632812500 -0.1159706593 0.0343750000
-0.1632812500 -0.1142701421 0.0429687500
-0.1632812500 -0.1119684362 0.0515625000
-0.1632812500 -0.1117187500 0.0521474580
-0.1632812500 -0.1040347853 -0.0601562500
-0.1632812500 -0.1031250000 -0.0625261552
-0.1632812500 -0.1072926302 -0.0515625000
-0.1632812500 -0.1101234813 -0.0429687500
-0.1632812500 -0.1081666167 0.0601562500
-0.1632812500 -0.1040222129 0.0687500000
-0.1632812500 -0.1031250000 0.0700019693
-0.1632812500 -0.0960512297 -0.0773437500
-0.1632812500 -0.0945312500 -0.0792378954
-0.1632812500 -0.1010991110 -0.0687500000
-0.1632812500 -0.0966595608 0.0773437500
-0.1632812500 -0.0945312500 0.0790996396
-0.1632812500 -0.0888950907 -0.0859375000
-0.1632812500 -0.0859375000 -0.0893926514
-0.1632812500 -0.0859375000 0.0856584947
-0.1632812500 -0.0793133507 -0.0945312500
-0.1632812500 -0.0773437500 -0.0960413571
-0.1632812500 -0.0855178829 0.0859375000
-0.1632812500 -0.0773437500 0.0911315453
-0.1632812500 -0.0687500000 -0.1016288900
-0.1632812500 -0.0716980050 0.0945312500
-0.1632812500 -0.0687500000 0.0960495061
-0.1632812500 -0.0659066746 -0.1031250000
-0.1632812500 -0.0601562500 -0.1056759677
-0.1632812500 -0.0601562500 0.0997060573
-0.1632812500 -0.0515625000 -0.1096270073
-0.1639331089 -0.0515625000 0.1031250000
-0.1632812500 -0.0516693372 0.1031250000
-0.1632812500 -0.0515625000 0.1031723578
-0.1632812500 -0.0454667196 -0.1117187500
-0.1632812500 -0.0429687500 -0.1124999858
-0.1632812500 -0.0429687500 0.1059839323
-0.1632812500 -0.0343750000 -0.1151685891
-0.1632812500 -0.0343750000 0.1080681316
-0.1632812500 -0.0257812500 -0.1176803445
-0.1632812500 -0.0257812500 0.1087127767
-0.1632812500 -0.0171875000 -0.1193846930
-0.1632812500 -0.0171875000 0.1087226130
-0.1632812500 -0.0087067068 -0.1203125000
-0.1632812500 -0.0085937500 -0.1203232531
-0.1632812500 -0.0085937500 0.1081708335
-0.1632812500 -0.0083946897 -0.1203125000
-0.1632812500 0.0000000000 -0.1197686754
-0.1632812500 0.0000000000 0.1076959819
-0.1632812500 0.0085937500 -0.1185015566
-0.1632812500 0.0085937500 0.1063316401
-0.1632812500 0.0171875000 -0.1166372957
-0.1632812500 0.0171875000 0.1043297062
-0.1632812500 0.0257812500 -0.1139887285
-0.1632812500 0.0203052883 0.1031250000
-0.1632812500 0.0257812500 0.1007860048
-0.1632812500 0.0302541442 -0.1117187500
-0.1632812500 0.0343750000 -0.1096297601
-0.1632812500 0.0343750000 0.0968337889
-0.1632812500 0.0429687500 -0.1052080185
-0.1632812500 0.0393475104 0.0945312500
-0.1632812500 0.0429687500 0.0930052451
-0.1632812500 0.0469727637 -0.1031250000
-0.1632812500 0.0515625000 -0.1004972069
-0.1632812500 0.0515625000 0.0889468926
-0.1632812500 0.0601562500 -0.0955637465
-0.1632812500 0.0559162058 0.0859375000
-0.1632812500 0.0601562500 0.0826761870
-0.1632812500 0.0616172315 -0.0945312500
-0.1632812500 0.0687500000 -0.0892426910
-0.1632812500 0.0674383548 0.0773437500
-0.1632812500 0.0687500000 0.0762188038
-0.1632812500 0.0727116862 -0.0859375000
-0.1632812500 0.0773437500 -0.0811739117
-0.1632812500 0.0773437500 0.0701777315
-0.1632812500 0.0803848593 -0.0773437500
-0.1632812500 0.0859375000 -0.0705307752
-0.1633878237 0.0859375000 0.0601562500
-0.1632812500 0.0788418828 0.0687500000
-0.1632812500 0.0859375000 0.0601675579
-0.1632812500 0.0871474860 -0.0687500000
-0.1632812500 0.0912222816 -0.0601562500
-0.1632812500 0.0929079416 -0.0515625000
-0.1632812500 0.0940345631 -0.0429687500
-0.1649376953 0.0945312500 -0.0343750000
-0.1632812500 0.0945312500 -0.0374520563
-0.1659164979 0.0945312500 -0.0257812500
-0.1682153166 0.0945312500 -0.0171875000
-0.1694786101 0.0945312500 -0.0085937500
-0.1686509899 0.0945312500 0.0000000000
-0.1661807294 0.0945312500 0.0085937500
-0.1632812500 0.0942858261 0.0171875000
-0.1632812500 0.0945312500 0.0136955131
-0.1632812500 0.0936985243 0.0257812500
-0.1632812500 0.0929186471 0.0343750000
-0.1632812500 0.0913407915 0.0429687500
-0.1632812500 0.0890947978 0.0515625000
-0.1632812500 0.0859449197 0.0601562500
-0.1632812500 0.0947828397 -0.0343750000
-0.1632812500 0.0949901665 -0.0257812500
-0.1632812500 0.0953866080 -0.0171875000
-0.1632812500 0.0955515516 -0.0085937500
-0.1632812500 0.0953044726 0.0000000000
-0.1632812500 0.0948697086 0.0085937500
-0.1546875000 -0.1127002954 -0.0343750000
-0.1546875000 -0.1117187500 -0.0378258298
-0.1546875000 -0.1140827266 -0.0257812500
-0.1546875000 -0.1153163883 -0.0171875000
-0.1546875000 -0.1164909039 -0.0085937500
-0.1546875000 -0.1172665682 0.0000000000
-0.1546875000 -0.1176875500 0.0085937500
-0.1546875000 -0.1174726552 0.0171875000
-0.1546875000 -0.1168013666 0.0257812500
-0.1546875000 -0.1157974132 0.0343750000
-0.1546875000 -0.1140898886 0.0429687500
-0.1546875000 -0.1117193002 0.0515625000
-0.1546875000 -0.1117187500 0.0515637100
-0.1546875000 -0.1044606837 -0.0601562500
-0.1546875000 -0.1031250000 -0.0637971499
-0.1546875000 -0.1077152928 -0.0515625000
-0.1546875000 -0.1102852100 -0.0429687500
-0.1546875000 -0.1078507964 0.0601562500
-0.1546875000 -0.1038146951 0.0687500000
-0.1546875000 -0.1031250000 0.0697648951
-0.1546875000 -0.0964520192 -0.0773437500
-0.1546875000 -0.0945312500 -0.0797199634
-0.1546875000 -0.1015260897 -0.0687500000
-0.1546875000 -0.0969522094 0.0773437500
-0.1546875000 -0.0945312500 0.0794709201
-0.1546875000 -0.0892001925 -0.0859375000
-0.1546875000 -0.0859375000 -0.0899191519
-0.1576117523 -0.0859375000 0.0859375000
-0.1546875000 -0.0861459779 0.0859375000
-0.1546875000 -0.0859375000 0.0860741748
-0.1546875000 -0.0799806598 -0.0945312500
-0.1546875000 -0.0773437500 -0.0964560266
-0.1546875000 -0.0773437500 0.0915934260
-0.1546875000 -0.0687500000 -0.1021269787
-0.1546875000 -0.0723450564 0.0945312500
-0.1546875000 -0.0687500000 0.0964323927
-0.1546875000 -0.0666127836 -0.1031250000
-0.1546875000 -0.0601562500 -0.1055672812
-0.1546875000 -0.0601562500 0.1003896215
-0.1546875000 -0.0515625000 -0.1093474509
-0.1546875000 -0.0534258252 0.1031250000
-0.1546875000 -0.0515625000 0.1039271598
-0.1546875000 -0.0449604390 -0.1117187500
-0.1546875000 -0.0429687500 -0.1123531209
-0.1546875000 -0.0429687500 0.1065665185
-0.1546875000 -0.0343750000 -0.1148821860
-0.1546875000 -0.0343750000 0.1085653643
-0.1546875000 -0.0257812500 -0.1175218222
-0.1546875000 -0.0257812500 0.1092915081
-0.1546875000 -0.0171875000 -0.1193652467
-0.1546875000 -0.0171875000 0.1094174490
-0.1626896692 -0.0085937500 -0.1203125000
-0.1546875000 -0.0085937500 -0.1201471270
-0.1546875000 -0.0085937500 0.1088786331
-0.1546875000 0.0000000000 -0.1197465816
-0.1546875000 0.0000000000 0.1082692140
-0.1546875000 0.0085937500 -0.1184071886
-0.1546875000 0.0085937500 0.1070348014
-0.1546875000 0.0171875000 -0.1166930862
-0.1546875000 0.0171875000 0.1050089549
-0.1546875000 0.0257812500 -0.1140017552
-0.1546875000 0.0219637106 0.1031250000
-0.1546875000 0.0257812500 0.1015637001
-0.1546875000 0.0299779751 -0.1117187500
-0.1546875000 0.0343750000 -0.1093855385
-0.1546875000 0.0343750000 0.0976520410
-0.1546875000 0.0429687500 -0.1051347182
-0.1546875000 0.0412475749 0.0945312500
-0.1546875000 0.0429687500 0.0938040730
-0.1546875000 0.0469882590 -0.1031250000
-0.1546875000 0.0515625000 -0.1004865302
-0.1546875000 0.0515625000 0.0897572325
-0.1546875000 0.0601562500 -0.0955438567
-0.1546875000 0.0571341263 0.0859375000
-0.1546875000 0.0601562500 0.0835642366
-0.1546875000 0.0616356856 -0.0945312500
-0.1546875000 0.0687500000 -0.0892900824
-0.1546875000 0.0686426404 0.0773437500
-0.1546875000 0.0687500000 0.0772505236
-0.1546875000 0.0727887816 -0.0859375000
-0.1546875000 0.0773437500 -0.0815148194
-0.1546875000 0.0773437500 0.0709975727
-0.1546875000 0.0809500131 -0.0773437500
-0.1546875000 0.0859375000 -0.0714233139
-0.1546875000 0.0797132479 0.0687500000
-0.1546875000 0.0859375000 0.0618265826
-0.1546875000 0.0877713580 -0.0687500000
-0.1546875000 0.0919862212 -0.0601562500
-0.1546875000 0.0941098022 -0.0515625000
-0.1599991838 0.0945312500 -0.0429687500
-0.1546875000 0.0945312500 -0.0486451194
-0.1614396901 0.0945312500 0.0171875000
-0.1562495622 0.0945312500 0.0257812500
-0.1546875000 0.0939209740 0.0343750000
-0.1546875000 0.0945312500 0.0278526155
-0.1546875000 0.0923619413 0.0429687500
-0.1546875000 0.0902635960 0.0515625000
-0.1546875000 0.0870983528 0.0601562500
-0.1546875000 0.0952612293 -0.0429687500
-0.1546875000 0.0960720358 -0.0343750000
-0.1546875000 0.0963658114 -0.0257812500
-0.1546875000 0.0966510161 -0.0171875000
-0.1546875000 0.0968474434 -0.0085937500
-0.1546875000 0.0965621893 0.0000000000
-0.1546875000 0.0960657053 0.0085937500
-0.1546875000 0.0953945009 0.0171875000
-0.1546875000 0.0947074087 0.0257812500
-0.1460937500 -0.1128625082 -0.0343750000
-0.1460937500 -0.1117187500 -0.0384124825
-0.1460937500 -0.1141989303 -0.0257812500
-0.1460937500 -0.1154418633 -0.0171875000
-0.1460937500 -0.1166410200 -0.0085937500
-0.1460937500 -0.1172856063 0.0000000000
-0.1460937500 -0.1175732529 0.0085937500
-0.1460937500 -0.1173446821 0.0171875000
-0.1460937500 -0.1166066259 0.0257812500
-0.1460937500 -0.1155693210 0.0343750000
-0.1460937500 -0.1140185123 0.0429687500
-0.1546292678 -0.1117187500 0.0515625000
-0.1460937500 -0.1117187500 0.0512638677
-0.1460937500 -0.1048767457 -0.0601562500
-0.1460937500 -0.1031250000 -0.0652059676
-0.1460937500 -0.1080390715 -0.0515625000
-0.1460937500 -0.1104554381 -0.0429687500
-0.1460937500 -0.1116351630 0.0515625000
-0.1460937500 -0.1078579582 0.0601562500
-0.1460937500 -0.1039155880 0.0687500000
-0.1460937500 -0.1031250000 0.0699881908
-0.1460937500 -0.0967141427 -0.0773437500
-0.1460937500 -0.0945312500 -0.0799819759
-0.1460937500 -0.1019971250 -0.0687500000
-0.1460937500 -0.0973961092 0.0773437500
-0.1460937500 -0.0945312500 0.0799170606
-0.1460937500 -0.0894300663 -0.0859375000
-0.1460937500 -0.0859375000 -0.0903993545
-0.1460937500 -0.0872360748 0.0859375000
-0.1460937500 -0.0859375000 0.0868243226
-0.1460937500 -0.0809359496 -0.0945312500
-0.1460937500 -0.0773437500 -0.0972104321
-0.1460937500 -0.0773437500 0.0921000919
-0.1460937500 -0.0687500000 -0.1028661114
-0.1460937500 -0.0730831776 0.0945312500
-0.1460937500 -0.0687500000 0.0968472051
-0.1460937500 -0.0681952145 -0.1031250000
-0.1460937500 -0.0601562500 -0.1058974664
-0.1460937500 -0.0601562500 0.1009696582
-0.1460937500 -0.0515625000 -0.1093087055
-0.1460937500 -0.0548645465 0.1031250000
-0.1460937500 -0.0515625000 0.1044733786
-0.1460937500 -0.0447761183 -0.1117187500
-0.1460937500 -0.0429687500 -0.1122879687
-0.1460937500 -0.0429687500 0.1071291136
-0.1460937500 -0.0343750000 -0.1146205069
-0.1460937500 -0.0343750000 0.1091079898
-0.1460937500 -0.0257812500 -0.1172333193
-0.1460937500 -0.0257812500 0.1097199079
-0.1460937500 -0.0171875000 -0.1194146773
-0.1460937500 -0.0171875000 0.1100249134
-0.1460937500 -0.0085937500 -0.1200915701
-0.1460937500 -0.0085937500 0.1095422942
-0.1460937500 0.0000000000 -0.1197039812
-0.1460937500 0.0000000000 0.1090459849
-0.1460937500 0.0085937500 -0.1184061150
-0.1460937500 0.0085937500 0.1078759593
-0.1460937500 0.0171875000 -0.1167876963
-0.1460937500 0.0171875000 0.1058925636
-0.1460937500 0.0257812500 -0.1139824501
-0.1460937500 0.0241640854 0.1031250000
-0.1460937500 0.0257812500 0.1024817162
-0.1460937500 0.0298000899 -0.1117187500
-0.1460937500 0.0343750000 -0.1092783349
-0.1460937500 0.0343750000 0.0985328323
-0.1460937500 0.0429687500 -0.1050324459
-0.1479525682 0.0429687500 0.0945312500
-0.1460937500 0.0429687500 0.0947516437
-0.1460937500 0.0467586334 -0.1031250000
-0.1460937500 0.0515625000 -0.1002395786
-0.1460937500 0.0433929112 0.0945312500
-0.1460937500 0.0515625000 0.0905953352
-0.1460937500 0.0601562500 -0.0951339538
-0.1460937500 0.0583223985 0.0859375000
-0.1460937500 0.0601562500 0.0844794593
-0.1460937500 0.0610699563 -0.0945312500
-0.1460937500 0.0687500000 -0.0891691489
-0.1540621929 0.0687500000 0.0773437500
-0.1460937500 0.0687500000 0.0782319367
-0.1460937500 0.0727941597 -0.0859375000
-0.1460937500 0.0773437500 -0.0816785663
-0.1460937500 0.0700874340 0.0773437500
-0.1460937500 0.0773437500 0.0717135178
-0.1460937500 0.0812446677 -0.0773437500
-0.1460937500 0.0859375000 -0.0718767845
-0.1460937500 0.0806308831 0.0687500000
-0.1460937500 0.0859375000 0.0632661917
-0.1460937500 0.0881325197 -0.0687500000
-0.1460937500 0.0926839971 -0.0601562500
-0.1518115642 0.0945312500 -0.0515625000
-0.1460937500 0.0945312500 -0.0541546377
-0.1500096768 0.0945312500 0.0343750000
-0.1460937500 0.0933912307 0.0429687500
-0.1460937500 0.0945312500 0.0370505525
-0.1460937500 0.0913605513 0.0515625000
-0.1460937500 0.0881458041 0.0601562500
-0.1460937500 0.0951898181 -0.0515625000
-0.1460937500 0.0963904016 -0.0429687500
-0.1460937500 0.0971011940 -0.0343750000
-0.1460937500 0.0974864779 -0.0257812500
-0.1460937500 0.0977319925 -0.0171875000
-0.1460937500 0.0979101440 -0.0085937500
-0.1460937500 0.0976541030 0.0000000000
-0.1460937500 0.0972329164 0.0085937500
-0.1460937500 0.0965857330 0.0171875000
-0.1460937500 0.0957442408 0.0257812500
-0.1460937500 0.0949840866 0.0343750000
-0.1375000000 -0.1129705410 -0.0343750000
-0.1375000000 -0.1117187500 -0.0387648107
-0.1375000000 -0.1143349144 -0.0257812500
-0.1375000000 -0.1155150910 -0.0171875000
-0.1375000000 -0.1166326462 -0.0085937500
-0.1375000000 -0.1171719862 0.0000000000
-0.1375000000 -0.1174438092 0.0085937500
-0.1375000000 -0.1172510414 0.0171875000
-0.1375000000 -0.1164720786 0.0257812500
-0.1375000000 -0.1154976155 0.0343750000
-0.1375000000 -0.1140570992 0.0429687500
-0.1375000000 -0.1117187500 0.0512265804
-0.1375000000 -0.1053378092 -0.0601562500
-0.1375000000 -0.1031250000 -0.0667220387
-0.1375000000 -0.1083185537 -0.0515625000
-0.1375000000 -0.1105729982 -0.0429687500
-0.1375000000 -0.1116280944 0.0515625000
-0.1375000000 -0.1080613143 0.0601562500
-0.1375000000 -0.1041564295 0.0687500000
-0.1375000000 -0.1031250000 0.0704171610
-0.1375000000 -0.0969658940 -0.0773437500
-0.1375000000 -0.0945312500 -0.0801958969
-0.1375000000 -0.1024714945 -0.0687500000
-0.1375000000 -0.0979715403 0.0773437500
-0.1375000000 -0.0945312500 0.0805027921
-0.1375000000 -0.0897978176 -0.0859375000
-0.1375000000 -0.0859375000 -0.0911037083
-0.1375000000 -0.0883589468 0.0859375000
-0.1375000000 -0.0859375000 0.0876174733
-0.1375000000 -0.0817706954 -0.0945312500
-0.1375000000 -0.0773437500 -0.0979286705
-0.1375000000 -0.0773437500 0.0926343671
-0.1429352935 -0.0687500000 -0.1031250000
-0.1375000000 -0.0693524771 -0.1031250000
-0.1375000000 -0.0687500000 -0.1034371933
-0.1375000000 -0.0739322735 0.0945312500
-0.1375000000 -0.0687500000 0.0972840444
-0.1375000000 -0.0601562500 -0.1063943631
-0.1375000000 -0.0601562500 0.1015538391
-0.1375000000 -0.0515625000 -0.1095280818
-0.1375000000 -0.0563000464 0.1031250000
-0.1375000000 -0.0515625000 0.1049914020
-0.1375000000 -0.0456599278 -0.1117187500
-0.1375000000 -0.0429687500 -0.1125785350
-0.1375000000 -0.0429687500 0.1075866072
-0.1375000000 -0.0343750000 -0.1147077252
-0.1375000000 -0.0343750000 0.1094570110
-0.1375000000 -0.0257812500 -0.1172967591
-0.1375000000 -0.0257812500 0.1101413941
-0.1375000000 -0.0171875000 -0.1195549710
-0.1375000000 -0.0171875000 0.1105766044
-0.1375000000 -0.0085937500 -0.1202234614
-0.1375000000 -0.0085937500 0.1103211685
-0.1375000000 0.0000000000 -0.1198137977
-0.1375000000 0.0000000000 0.1098723902
-0.1375000000 0.0085937500 -0.1184371037
-0.1375000000 0.0085937500 0.1088277533
-0.1375000000 0.0171875000 -0.1169071566
-0.1375000000 0.0171875000 0.1070733787
-0.1375000000 0.0257812500 -0.1137960573
-0.1408013811 0.0257812500 0.1031250000
-0.1375000000 0.0257812500 0.1035624281
-0.1375000000 0.0293637249 -0.1117187500
-0.1375000000 0.0343750000 -0.1090197026
-0.1375000000 0.0266675984 0.1031250000
-0.1375000000 0.0343750000 0.0995398970
-0.1375000000 0.0429687500 -0.1047424884
-0.1375000000 0.0429687500 0.0956115761
-0.1375000000 0.0461426359 -0.1031250000
-0.1375000000 0.0515625000 -0.0997824658
-0.1375000000 0.0450500297 0.0945312500
-0.1375000000 0.0515625000 0.0914360996
-0.1375000000 0.0601562500 -0.0945502127
-0.1375000000 0.0594640693 0.0859375000
-0.1375000000 0.0601562500 0.0853974369
-0.1375000000 0.0601862973 -0.0945312500
-0.1375000000 0.0687500000 -0.0890275486
-0.1375000000 0.0687500000 0.0790912304
-0.1375000000 0.0725837018 -0.0859375000
-0.1375000000 0.0773437500 -0.0815219664
-0.1375000000 0.0713312411 0.0773437500
-0.1375000000 0.0773437500 0.0724142594
-0.1375000000 0.0813193375 -0.0773437500
-0.1375000000 0.0859375000 -0.0721240892
-0.1375000000 0.0817152454 0.0687500000
-0.1375000000 0.0859375000 0.0644348138
-0.1375000000 0.0884025806 -0.0687500000
-0.1375000000 0.0934517985 -0.0601562500
-0.1375000000 0.0945312500 -0.0567552958
-0.1375000000 0.0942944739 0.0429687500
-0.1375000000 0.0945312500 0.0417450853
-0.1375000000 0.0920636250 0.0515625000
-0.1375000000 0.0888697071 0.0601562500
-0.1375000000 0.0958105307 -0.0515625000
-0.1375000000 0.0971743198 -0.0429687500
-0.1375000000 0.0981048720 -0.0343750000
-0.1375000000 0.0985719051 -0.0257812500
-0.1375000000 0.0987118596 -0.0171875000
-0.1375000000 0.0988575641 -0.0085937500
-0.1375000000 0.0985897554 0.0000000000
-0.1375000000 0.0980959946 0.0085937500
-0.1375000000 0.0973614271 0.0171875000
-0.1375000000 0.0965136138 0.0257812500
-0.1375000000 0.0957831872 0.0343750000
-0.1289062500 -0.1131203901 -0.0343750000
-0.1289062500 -0.1117187500 -0.0396260716
-0.1289062500 -0.1144838794 -0.0257812500
-0.1289062500 -0.1156363712 -0.0171875000
-0.1289062500 -0.1166510700 -0.0085937500
-0.1289062500 -0.1171899778 0.0000000000
-0.1289062500 -0.1175162565 0.0085937500
-0.1289062500 -0.1174852633 0.0171875000
-0.1289062500 -0.1166770249 0.0257812500
-0.1289062500 -0.1157886490 0.0343750000
-0.1289062500 -0.1143012107 0.0429687500
-0.1349933662 -0.1117187500 0.0515625000
-0.1289062500 -0.1119484500 0.0515625000
-0.1289062500 -0.1117187500 0.0520805594
-0.1289062500 -0.1058431302 -0.0601562500
-0.1289062500 -0.1031250000 -0.0678303885
-0.1289062500 -0.1086069888 -0.0515625000
-0.1289062500 -0.1108708790 -0.0429687500
-0.1289062500 -0.1083921468 0.0601562500
-0.1289062500 -0.1044232226 0.0687500000
-0.1289062500 -0.1031250000 0.0709516950
-0.1289062500 -0.0974076649 -0.0773437500
-0.1289062500 -0.0945312500 -0.0807117870
-0.1289062500 -0.1028119682 -0.0687500000
-0.1289062500 -0.0987390734 0.0773437500
-0.1289062500 -0.0945312500 0.0812921618
-0.1289062500 -0.0902974542 -0.0859375000
-0.1289062500 -0.0859375000 -0.0918956921
-0.1289062500 -0.0891382617 0.0859375000
-0.1289062500 -0.0859375000 0.0880834834
-0.1289062500 -0.0826376484 -0.0945312500
-0.1289062500 -0.0773437500 -0.0986605825
-0.1289062500 -0.0773437500 0.0931583790
-0.1289062500 -0.0703861337 -0.1031250000
-0.1289062500 -0.0687500000 -0.1039292428
-0.1289062500 -0.0748148187 0.0945312500
-0.1289062500 -0.0687500000 0.0977133530
-0.1289062500 -0.0601562500 -0.1069523067
-0.1289062500 -0.0601562500 0.1020126305
-0.1289062500 -0.0515625000 -0.1101629446
-0.1289062500 -0.0574021410 0.1031250000
-0.1289062500 -0.0515625000 0.1053428639
-0.1289062500 -0.0469632389 -0.1117187500
-0.1289062500 -0.0429687500 -0.1128680422
-0.1289062500 -0.0429687500 0.1078218097
-0.1289062500 -0.0343750000 -0.1149237960
-0.1289062500 -0.0343750000 0.1095476768
-0.1289062500 -0.0257812500 -0.1174726425
-0.1289062500 -0.0257812500 0.1103396556
-0.1289062500 -0.0171875000 -0.1196996227
-0.1289062500 -0.0171875000 0.1108751561
-0.1338624097 -0.0085937500 -0.1203125000
-0.1289062500 -0.0099898176 -0.1203125000
-0.1289062500 -0.0085937500 -0.1204126668
-0.1289062500 -0.0085937500 0.1108066658
-0.1289062500 -0.0068647527 -0.1203125000
-0.1289062500 0.0000000000 -0.1198085195
-0.1289062500 0.0000000000 0.1103472868
-0.1289062500 0.0085937500 -0.1183943242
-0.1289062500 0.0085937500 0.1094510642
-0.1289062500 0.0171875000 -0.1167711508
-0.1289062500 0.0171875000 0.1078680171
-0.1289062500 0.0257812500 -0.1135026591
-0.1289062500 0.0257812500 0.1045829224
-0.1289062500 0.0289149956 -0.1117187500
-0.1289062500 0.0343750000 -0.1087130249
-0.1289062500 0.0287320955 0.1031250000
-0.1289062500 0.0343750000 0.1004351196
-0.1289062500 0.0429687500 -0.1045562806
-0.1289062500 0.0429687500 0.0963801913
-0.1289062500 0.0456047797 -0.1031250000
-0.1289062500 0.0515625000 -0.0992410668
-0.1289062500 0.0465120095 0.0945312500
-0.1289062500 0.0515625000 0.0921632697
-0.1371277434 0.0601562500 -0.0945312500
-0.1289062500 0.0593842154 -0.0945312500
-0.1289062500 0.0601562500 -0.0940852774
-0.1330191325 0.0601562500 0.0859375000
-0.1289062500 0.0601562500 0.0863663069
-0.1289062500 0.0687500000 -0.0886827062
-0.1289062500 0.0606875532 0.0859375000
-0.1289062500 0.0687500000 0.0795892784
-0.1289062500 0.0721400344 -0.0859375000
-0.1289062500 0.0773437500 -0.0813321908
-0.1289062500 0.0719969176 0.0773437500
-0.1289062500 0.0773437500 0.0729126484
-0.1289062500 0.0812503866 -0.0773437500
-0.1289062500 0.0859375000 -0.0719917220
-0.1289062500 0.0823143944 0.0687500000
-0.1289062500 0.0859375000 0.0649322961
-0.1289062500 0.0883636647 -0.0687500000
-0.1289062500 0.0939151426 -0.0601562500
-0.1289062500 0.0945312500 -0.0582037272
-0.1323450881 0.0945312500 0.0429687500
-0.1289062500 0.0924844081 0.0515625000
-0.1289062500 0.0945312500 0.0435691502
-0.1289062500 0.0892342460 0.0601562500
-0.1289062500 0.0961942008 -0.0515625000
-0.1289062500 0.0978351307 -0.0429687500
-0.1289062500 0.0987848369 -0.0343750000
-0.1289062500 0.0991833098 -0.0257812500
-0.1289062500 0.0993479819 -0.0171875000
-0.1289062500 0.0995006385 -0.0085937500
-0.1289062500 0.0992488089 0.0000000000
-0.1289062500 0.0986379983 0.0085937500
-0.1289062500 0.0977983426 0.0171875000
-0.1289062500 0.0970929722 0.0257812500
-0.1289062500 0.0962324813 0.0343750000
-0.1289062500 0.0946660171 0.0429687500
-0.1203125000 -0.1134108998 -0.0343750000
-0.1203125000 -0.1117187500 -0.0412546541
-0.1203125000 -0.1147451839 -0.0257812500
-0.1203125000 -0.1157831067 -0.0171875000
-0.1203125000 -0.1166463073 -0.0085937500
-0.1203125000 -0.1171808594 0.0000000000
-0.1203125000 -0.1176562243 0.0085937500
-0.1203125000 -0.1176864033 0.0171875000
-0.1203125000 -0.1170845809 0.0257812500
-0.1203125000 -0.1161161321 0.0343750000
-0.1203125000 -0.1147793321 0.0429687500
-0.1203125000 -0.1125216921 0.0515625000
-0.1203125000 -0.1117187500 0.0533591442
-0.1221055703 -0.1031250000 -0.0687500000
-0.1203125000 -0.1032042204 -0.0687500000
-0.1203125000 -0.1031250000 -0.0688879303
-0.1203125000 -0.1063294923 -0.0601562500
-0.1203125000 -0.1090273061 -0.0515625000
-0.1203125000 -0.1113129565 -0.0429687500
-0.1203125000 -0.1087613090 0.0601562500
-0.1203125000 -0.1049143128 0.0687500000
-0.1203125000 -0.1031250000 0.0718487708
-0.1203125000 -0.0979140124 -0.0773437500
-0.1203125000 -0.0945312500 -0.0814629385
-0.1203125000 -0.0994269722 0.0773437500
-0.1203125000 -0.0945312500 0.0817902453
-0.1203125000 -0.0909853256 -0.0859375000
-0.1203125000 -0.0859375000 -0.0926028765
-0.1203125000 -0.0895183064 0.0859375000
-0.1203125000 -0.0859375000 0.0882783060
-0.1203125000 -0.0834571642 -0.0945312500
-0.1203125000 -0.0773437500 -0.0994429732
-0.1203125000 -0.0773437500 0.0934866063
-0.1203125000 -0.0713285067 -0.1031250000
-0.1203125000 -0.0687500000 -0.1043080839
-0.1203125000 -0.0754424587 0.0945312500
-0.1203125000 -0.0687500000 0.0981600277
-0.1203125000 -0.0601562500 -0.1074403249
-0.1203125000 -0.0601562500 0.1024472917
-0.1203125000 -0.0515625000 -0.1106391937
-0.1203125000 -0.0584487827 0.1031250000
-0.1203125000 -0.0515625000 0.1056453323
-0.1203125000 -0.0480964487 -0.1117187500
-0.1203125000 -0.0429687500 -0.1130821922
-0.1203125000 -0.0429687500 0.1080555562
-0.1203125000 -0.0343750000 -0.1150575543
-0.1203125000 -0.0343750000 0.1096832766
-0.1203125000 -0.0257812500 -0.1176122396
-0.1203125000 -0.0257812500 0.1105229646
-0.1203125000 -0.0171875000 -0.1199348882
-0.1203125000 -0.0171875000 0.1111654686
-0.1203125000 -0.0097650830 -0.1203125000
-0.1203125000 -0.0085937500 -0.1203632574
-0.1203125000 -0.0085937500 0.1111740054
-0.1203125000 -0.0078080719 -0.1203125000
-0.1203125000 0.0000000000 -0.1197005853
-0.1203125000 0.0000000000 0.1108903421
-0.1203125000 0.0085937500 -0.1184296531
-0.1203125000 0.0085937500 0.1100325438
-0.1203125000 0.0171875000 -0.1166374015
-0.1203125000 0.0171875000 0.1084985474
-0.1203125000 0.0257812500 -0.1134792283
-0.1203125000 0.0257812500 0.1054967921
-0.1203125000 0.0289476803 -0.1117187500
-0.1203125000 0.0343750000 -0.1086475087
-0.1203125000 0.0304044718 0.1031250000
-0.1203125000 0.0343750000 0.1011240533
-0.1203125000 0.0429687500 -0.1044420733
-0.1203125000 0.0429687500 0.0971862264
-0.1203125000 0.0452782286 -0.1031250000
-0.1203125000 0.0515625000 -0.0988883547
-0.1203125000 0.0479173797 0.0945312500
-0.1203125000 0.0515625000 0.0928288123
-0.1203125000 0.0586775581 -0.0945312500
-0.1203125000 0.0601562500 -0.0937119311
-0.1203125000 0.0601562500 0.0871712423
-0.1203125000 0.0687500000 -0.0884305063
-0.1203125000 0.0617135416 0.0859375000
-0.1203125000 0.0687500000 0.0801014020
-0.1203125000 0.0718823148 -0.0859375000
-0.1203125000 0.0773437500 -0.0812995469
-0.1203125000 0.0724865643 0.0773437500
-0.1203125000 0.0773437500 0.0731792571
-0.1203125000 0.0811786670 -0.0773437500
-0.1203125000 0.0859375000 -0.0718720119
-0.1203125000 0.0827152530 0.0687500000
-0.1203125000 0.0859375000 0.0653558832
-0.1203125000 0.0884424748 -0.0687500000
-0.1203125000 0.0941566700 -0.0601562500
-0.1203125000 0.0945312500 -0.0589896302
-0.1203125000 0.0928995960 0.0515625000
-0.1203125000 0.0945312500 0.0453590706
-0.1203125000 0.0895630467 0.0601562500
-0.1203125000 0.0964976256 -0.0515625000
-0.1203125000 0.0981865764 -0.0429687500
-0.1203125000 0.0991681665 -0.0343750000
-0.1203125000 0.0994530936 -0.0257812500
-0.1203125000 0.0995798863 -0.0171875000
-0.1203125000 0.0996490209 -0.0085937500
-0.1203125000 0.0994035737 0.0000000000
-0.1203125000 0.0988351542 0.0085937500
-0.1203125000 0.0981381898 0.0171875000
-0.1203125000 0.0974550408 0.0257812500
-0.1203125000 0.0966859125 0.0343750000
-0.1203125000 0.0950719855 0.0429687500
-0.1127980754 -0.1117187500 -0.0429687500
-0.1117187500 -0.1117781068 -0.0429687500
-0.1117187500 -0.1117187500 -0.0431724964
-0.1117187500 -0.1136794191 -0.0343750000
-0.1117187500 -0.1149021895 -0.0257812500
-0.1117187500 -0.1159302940 -0.0171875000
-0.1117187500 -0.1166439225 -0.0085937500
-0.1117187500 -0.1171578699 0.0000000000
-0.1117187500 -0.1177268467 0.0085937500
-0.1117187500 -0.1179667700 0.0171875000
-0.1117187500 -0.1175722420 0.0257812500
-0.1117187500 -0.1164684297 0.0343750000
-0.1117187500 -0.1152314619 0.0429687500
-0.1117187500 -0.1128550277 0.0515625000
-0.1117187500 -0.1117187500 0.0543172630
-0.1117187500 -0.1036486974 -0.0687500000
-0.1117187500 -0.1031250000 -0.0696601402
-0.1117187500 -0.1066998885 -0.0601562500
-0.1117187500 -0.1093380443 -0.0515625000
-0.1117187500 -0.1093093867 0.0601562500
-0.1117187500 -0.1057313230 0.0687500000
-0.1117187500 -0.1031250000 0.0733385578
-0.1117187500 -0.0985302795 -0.0773437500
-0.1117187500 -0.0945312500 -0.0826138584
-0.1117187500 -0.1002631693 0.0773437500
-0.1117187500 -0.0945312500 0.0822399310
-0.1117187500 -0.0918902810 -0.0859375000
-0.1117187500 -0.0859375000 -0.0933752828
-0.1117187500 -0.0900219907 0.0859375000
-0.1117187500 -0.0859375000 0.0885626821
-0.1117187500 -0.0843516665 -0.0945312500
-0.1117187500 -0.0773437500 -0.0998475283
-0.1117187500 -0.0773437500 0.0938091109
-0.1117187500 -0.0719363895 -0.1031250000
-0.1117187500 -0.0687500000 -0.1046019008
-0.1117187500 -0.0760434744 0.0945312500
-0.1117187500 -0.0687500000 0.0986463355
-0.1117187500 -0.0601562500 -0.1079402404
-0.1117187500 -0.0601562500 0.1030227966
-0.1117187500 -0.0515625000 -0.1112079426
-0.1117187500 -0.0598907202 0.1031250000
-0.1117187500 -0.0515625000 0.1061402304
-0.1117187500 -0.0498338555 -0.1117187500
-0.1117187500 -0.0429687500 -0.1134077285
-0.1117187500 -0.0429687500 0.1085207020
-0.1117187500 -0.0343750000 -0.1152218994
-0.1117187500 -0.0343750000 0.1099956214
-0.1117187500 -0.0257812500 -0.1176468735
-0.1117187500 -0.0257812500 0.1107838891
-0.1117187500 -0.0171875000 -0.1199918939
-0.1117187500 -0.0171875000 0.1115837265
-0.1117187500 -0.0121388675 -0.1203125000
-0.1117187500 -0.0085937500 -0.1205031992
-0.1117187500 -0.0085937500 0.1116631250
-0.1117187500 -0.0055553337 -0.1203125000
-0.1117187500 0.0000000000 -0.1198864238
-0.1117187500 0.0000000000 0.1114426382
-0.1117187500 0.0085937500 -0.1186718802
-0.1117187500 0.0085937500 0.1108530604
-0.1117187500 0.0171875000 -0.1166987642
-0.1117187500 0.0171875000 0.1093777922
-0.1117187500 0.0257812500 -0.1135479876
-0.1117187500 0.0257812500 0.1064693127
-0.1117187500 0.0292124455 -0.1117187500
-0.1117187500 0.0343750000 -0.1089433332
-0.1117187500 0.0321366455 0.1031250000
-0.1117187500 0.0343750000 0.1019744629
-0.1117187500 0.0429687500 -0.1046488820
-0.1117187500 0.0429687500 0.0979873891
-0.1117187500 0.0456560505 -0.1031250000
-0.1117187500 0.0515625000 -0.0990380892
-0.1117187500 0.0493209114 0.0945312500
-0.1117187500 0.0515625000 0.0934516519
-0.1117187500 0.0588699703 -0.0945312500
-0.1117187500 0.0601562500 -0.0938267699
-0.1117187500 0.0601562500 0.0879216108
-0.1117187500 0.0687500000 -0.0885697474
-0.1117187500 0.0627197941 0.0859375000
-0.1117187500 0.0687500000 0.0807768639
-0.1117187500 0.0721749699 -0.0859375000
-0.1117187500 0.0773437500 -0.0815451768
-0.1117187500 0.0731114054 0.0773437500
-0.1117187500 0.0773437500 0.0736591129
-0.1117187500 0.0813533266 -0.0773437500
-0.1117187500 0.0859375000 -0.0720473433
-0.1117187500 0.0832053329 0.0687500000
-0.1117187500 0.0859375000 0.0657815478
-0.1117187500 0.0885762205 -0.0687500000
-0.1117187500 0.0942080728 -0.0601562500
-0.1117187500 0.0945312500 -0.0592166291
-0.1117187500 0.0933572153 0.0515625000
-0.1117187500 0.0945312500 0.0470161685
-0.1117187500 0.0898459378 0.0601562500
-0.1117187500 0.0967372103 -0.0515625000
-0.1117187500 0.0984587125 -0.0429687500
-0.1117187500 0.0994009277 -0.0343750000
-0.1117187500 0.0995880332 -0.0257812500
-0.1117187500 0.0996870149 -0.0171875000
-0.1117187500 0.0997286568 -0.0085937500
-0.1117187500 0.0994613522 0.0000000000
-0.1117187500 0.0990196809 0.0085937500
-0.1117187500 0.0983698309 0.0171875000
-0.1117187500 0.0977643061 0.0257812500
-0.1117187500 0.0969940372 0.0343750000
-0.1117187500 0.0953982170 0.0429687500
-0.1031250000 -0.1122040680 -0.0429687500
-0.1031250000 -0.1117187500 -0.0446445226
-0.1031250000 -0.1139251864 -0.0343750000
-0.1031250000 -0.1150731291 -0.0257812500
-0.1031250000 -0.1161398405 -0.0171875000
-0.1031250000 -0.1168075408 -0.0085937500
-0.1031250000 -0.1174055125 0.0000000000
-0.1031250000 -0.1179382232 0.0085937500
-0.1031250000 -0.1181050631 0.0171875000
-0.1031250000 -0.1178226652 0.0257812500
-0.1031250000 -0.1167505597 0.0343750000
-0.1031250000 -0.1156436998 0.0429687500
-0.1031250000 -0.1132818169 0.0515625000
-0.1031250000 -0.1117187500 0.0560705480
-0.1031250000 -0.1041045198 -0.0687500000
-0.1031250000 -0.1031250000 -0.0705166896
-0.1031250000 -0.1070110103 -0.0601562500
-0.1031250000 -0.1096863803 -0.0515625000
-0.1031250000 -0.1102556230 0.0601562500
-0.1031250000 -0.1066047522 0.0687500000
-0.1031250000 -0.1031250000 0.0750228875
-0.1031250000 -0.0990528452 -0.0773437500
-0.1031250000 -0.0945312500 -0.0835849084
-0.1031250000 -0.1013884363 0.0773437500
-0.1031250000 -0.0945312500 0.0830239460
-0.1031250000 -0.0927097756 -0.0859375000
-0.1031250000 -0.0859375000 -0.0940832205
-0.1031250000 -0.0908977733 0.0859375000
-0.1031250000 -0.0859375000 0.0890408046
-0.1031250000 -0.0853020220 -0.0945312500
-0.1031250000 -0.0773437500 -0.1005166192
-0.1031250000 -0.0773437500 0.0944801457
-0.1031250000 -0.0730686247 -0.1031250000
-0.1031250000 -0.0687500000 -0.1051818105
-0.1031250000 -0.0772484791 0.0945312500
-0.1031250000 -0.0687500000 0.0992184416
-0.1031250000 -0.0601562500 -0.1083789320
-0.1103928344 -0.0601562500 0.1031250000
-0.1031250000 -0.0612446922 0.1031250000
-0.1031250000 -0.0601562500 0.1036828209
-0.1031250000 -0.0515625000 -0.1116604395
-0.1031250000 -0.0515625000 0.1068285913
-0.1031250000 -0.0513403097 -0.1117187500
-0.1031250000 -0.0429687500 -0.1135240016
-0.1031250000 -0.0429687500 0.1091592703
-0.1031250000 -0.0343750000 -0.1152418417
-0.1031250000 -0.0343750000 0.1105266429
-0.1031250000 -0.0257812500 -0.1176863976
-0.1031250000 -0.0257812500 0.1113000561
-0.1031250000 -0.0171875000 -0.1202325171
-0.1098155303 -0.0171875000 0.1117187500
-0.1031250000 -0.0214004616 0.1117187500
-0.1031250000 -0.0171875000 0.1122440873
-0.1031250000 -0.0160508396 -0.1203125000
-0.1031250000 -0.0085937500 -0.1207318493
-0.1109964979 -0.0085937500 0.1117187500
-0.1031250000 -0.0085937500 0.1123030821
-0.1031250000 -0.0025130718 -0.1203125000
-0.1031250000 0.0000000000 -0.1200995324
-0.1075856113 0.0000000000 0.1117187500
-0.1031250000 0.0000000000 0.1120092385
-0.1031250000 0.0085937500 -0.1186860354
-0.1031250000 0.0062381561 0.1117187500
-0.1031250000 0.0085937500 0.1115937996
-0.1031250000 0.0171875000 -0.1166886888
-0.1031250000 0.0171875000 0.1101438058
-0.1031250000 0.0257812500 -0.1136256415
-0.1031250000 0.0257812500 0.1073393883
-0.1031250000 0.0296574425 -0.1117187500
-0.1031250000 0.0343750000 -0.1092834569
-0.1031250000 0.0340609082 0.1031250000
-0.1031250000 0.0343750000 0.1029655013
-0.1031250000 0.0429687500 -0.1049613335
-0.1031250000 0.0429687500 0.0987144354
-0.1031250000 0.0462673625 -0.1031250000
-0.1031250000 0.0515625000 -0.0995314529
-0.1031250000 0.0507196211 0.0945312500
-0.1031250000 0.0515625000 0.0941333972
-0.1031250000 0.0595210949 -0.0945312500
-0.1031250000 0.0601562500 -0.0941720697
-0.1031250000 0.0601562500 0.0885567307
-0.1031250000 0.0687500000 -0.0887671284
-0.1031250000 0.0635554548 0.0859375000
-0.1031250000 0.0687500000 0.0814150098
-0.1031250000 0.0724657385 -0.0859375000
-0.1031250000 0.0773437500 -0.0817678899
-0.1031250000 0.0737038443 0.0773437500
-0.1031250000 0.0773437500 0.0741480639
-0.1031250000 0.0817430355 -0.0773437500
-0.1031250000 0.0859375000 -0.0725120647
-0.1031250000 0.0834925184 0.0687500000
-0.1031250000 0.0859375000 0.0659464157
-0.1031250000 0.0888672808 -0.0687500000
-0.1031250000 0.0943436419 -0.0601562500
-0.1031250000 0.0945312500 -0.0596418269
-0.1031250000 0.0938354933 0.0515625000
-0.1031250000 0.0945312500 0.0489297049
-0.1031250000 0.0899827672 0.0601562500
-0.1031250000 0.0969551497 -0.0515625000
-0.1031250000 0.0986499279 -0.0429687500
-0.1031250000 0.0995609895 -0.0343750000
-0.1031250000 0.0997062732 -0.0257812500
-0.1031250000 0.0998750811 -0.0171875000
-0.1031250000 0.0998883086 -0.0085937500
-0.1031250000 0.0995995650 0.0000000000
-0.1031250000 0.0992015662 0.0085937500
-0.1031250000 0.0985703559 0.0171875000
-0.1031250000 0.0979800799 0.0257812500
-0.1031250000 0.0973368152 0.0343750000
-0.1031250000 0.0957947358 0.0429687500
-0.0945312500 -0.1124828770 -0.0429687500
-0.0945312500 -0.1117187500 -0.0456159797
-0.0945312500 -0.1142433966 -0.0343750000
-0.0945312500 -0.1153868551 -0.0257812500
-0.0945312500 -0.1165253113 -0.0171875000
-0.0945312500 -0.1171379880 -0.0085937500
-0.0945312500 -0.1176571321 0.0000000000
-0.0945312500 -0.1181805052 0.0085937500
-0.0945312500 -0.1184036618 0.0171875000
-0.0945312500 -0.1180654362 0.0257812500
-0.0945312500 -0.1171031198 0.0343750000
-0.0945312500 -0.1159967090 0.0429687500
-0.0945312500 -0.1138306653 0.0515625000
-0.0945312500 -0.1117187500 0.0587633819
-0.0945312500 -0.1045302008 -0.0687500000
-0.0945312500 -0.1031250000 -0.0714877131
-0.0945312500 -0.1072753133 -0.0601562500
-0.0945312500 -0.1099411438 -0.0515625000
-0.0945312500 -0.1112894093 0.0601562500
-0.0945312500 -0.1075988558 0.0687500000
-0.0945312500 -0.1031250000 0.0767896838
-0.0945312500 -0.0997483102 -0.0773437500
-0.0945312500 -0.0945312500 -0.0844076344
-0.0945312500 -0.1026935237 0.0773437500
-0.0945312500 -0.0945312500 0.0839292666
-0.0952417126 -0.0859375000 -0.0945312500
-0.0945312500 -0.0859722880 -0.0945312500
-0.0945312500 -0.0859375000 -0.0945752090
-0.0945312500 -0.0933319604 -0.0859375000
-0.0945312500 -0.0918106791 0.0859375000
-0.0945312500 -0.0859375000 0.0894871096
-0.0945312500 -0.0773437500 -0.1011286537
-0.1021760650 -0.0773437500 0.0945312500
-0.0945312500 -0.0779821692 0.0945312500
-0.0945312500 -0.0773437500 0.0949608565
-0.0945312500 -0.0740595404 -0.1031250000
-0.0945312500 -0.0687500000 -0.1056367275
-0.0945312500 -0.0687500000 0.0997235713
-0.0945312500 -0.0601562500 -0.1086842255
-0.0945312500 -0.0623138948 0.1031250000
-0.0945312500 -0.0601562500 0.1042245689
-0.0945312500 -0.0515625000 -0.1115972151
-0.0945312500 -0.0515625000 0.1075335985
-0.0945312500 -0.0511351201 -0.1117187500
-0.0945312500 -0.0429687500 -0.1137463398
-0.0945312500 -0.0429687500 0.1098672018
-0.0945312500 -0.0343750000 -0.1153720676
-0.0945312500 -0.0343750000 0.1112743446
-0.0945312500 -0.0257812500 -0.1178428573
-0.0985583138 -0.0257812500 0.1117187500
-0.0945312500 -0.0295722650 0.1117187500
-0.0945312500 -0.0257812500 0.1121798633
-0.0945312500 -0.0171875000 -0.1201563728
-0.0945312500 -0.0171875000 0.1129482380
-0.0945312500 -0.0153825319 -0.1203125000
-0.0945312500 -0.0085937500 -0.1207863017
-0.0945312500 -0.0085937500 0.1130396856
-0.0945312500 -0.0026161064 -0.1203125000
-0.0945312500 0.0000000000 -0.1200620180
-0.0945312500 0.0000000000 0.1126828086
-0.0945312500 0.0085937500 -0.1185114736
-0.1012846252 0.0085937500 0.1117187500
-0.0945312500 0.0085937500 0.1121639973
-0.0945312500 0.0171875000 -0.1165478510
-0.0945312500 0.0116214636 0.1117187500
-0.0945312500 0.0171875000 0.1108083896
-0.0945312500 0.0257812500 -0.1137202701
-0.0945312500 0.0257812500 0.1081688867
-0.0945312500 0.0302602638 -0.1117187500
-0.0945312500 0.0343750000 -0.1097070006
-0.1015039396 0.0343750000 0.1031250000
-0.0945312500 0.0343750000 0.1037741252
-0.0945312500 0.0429687500 -0.1054681950
-0.0945312500 0.0357198128 0.1031250000
-0.0945312500 0.0429687500 0.0995152105
-0.0945312500 0.0471553924 -0.1031250000
-0.0945312500 0.0515625000 -0.1001418381
-0.0964439462 0.0515625000 0.0945312500
-0.0945312500 0.0515625000 0.0946561268
-0.0971844578 0.0601562500 -0.0945312500
-0.0945312500 0.0601562500 -0.0946986869
-0.0945312500 0.0517244667 0.0945312500
-0.0945312500 0.0601562500 0.0890510676
-0.0945312500 0.0604122584 -0.0945312500
-0.0945312500 0.0687500000 -0.0892208257
-0.0945312500 0.0640279951 0.0859375000
-0.0945312500 0.0687500000 0.0817442569
-0.0945312500 0.0729607334 -0.0859375000
-0.0945312500 0.0773437500 -0.0822233434
-0.0945312500 0.0741674222 0.0773437500
-0.0945312500 0.0773437500 0.0745512011
-0.0945312500 0.0823455496 -0.0773437500
-0.0945312500 0.0859375000 -0.0731291852
-0.0945312500 0.0835505126 0.0687500000
-0.0945312500 0.0859375000 0.0659423678
-0.0945312500 0.0892073538 -0.0687500000
-0.0945312500 0.0944605684 -0.0601562500
-0.0945312500 0.0945312500 -0.0599681703
-0.0945312500 0.0940321409 0.0515625000
-0.0945312500 0.0945312500 0.0497778920
-0.0945312500 0.0899738475 0.0601562500
-0.0945312500 0.0970499815 -0.0515625000
-0.0945312500 0.0986537440 -0.0429687500
-0.0945312500 0.0994597322 -0.0343750000
-0.0945312500 0.0996578182 -0.0257812500
-0.0945312500 0.0999130340 -0.0171875000
-0.0945312500 0.0999619461 -0.0085937500
-0.0945312500 0.0997522000 0.0000000000
-0.0945312500 0.0993407212 0.0085937500
-0.0945312500 0.0987727783 0.0171875000
-0.0945312500 0.0981425939 0.0257812500
-0.0945312500 0.0975371938 0.0343750000
-0.0945312500 0.0960563073 0.0429687500
-0.0859375000 -0.1125385473 -0.0429687500
-0.0859375000 -0.1117187500 -0.0459281632
-0.0859375000 -0.1146465420 -0.0343750000
-0.0859375000 -0.1158567681 -0.0257812500
-0.0859375000 -0.1169022170 -0.0171875000
-0.0859375000 -0.1175197552 -0.0085937500
-0.0859375000 -0.1180947463 0.0000000000
-0.0859375000 -0.1186310980 0.0085937500
-0.0859375000 -0.1188345267 0.0171875000
-0.0859375000 -0.1184795251 0.0257812500
-0.0859375000 -0.1175485681 0.0343750000
-0.0859375000 -0.1163036598 0.0429687500
-0.0859375000 -0.1142614251 0.0515625000
-0.0893742272 -0.1117187500 0.0601562500
-0.0859375000 -0.1119689882 0.0601562500
-0.0859375000 -0.1117187500 0.0608443690
-0.0859375000 -0.1048533264 -0.0687500000
-0.0859375000 -0.1031250000 -0.0724962431
-0.0859375000 -0.1074263547 -0.0601562500
-0.0859375000 -0.1100641106 -0.0515625000
-0.0859375000 -0.1086050368 0.0687500000
-0.0918171024 -0.1031250000 0.0773437500
-0.0859375000 -0.1038306780 0.0773437500
-0.0859375000 -0.1031250000 0.0781452613
-0.0859375000 -0.1004857996 -0.0773437500
-0.0859375000 -0.0945312500 -0.0853688399
-0.0859375000 -0.0945312500 0.0846475580
-0.0859375000 -0.0864026749 -0.0945312500
-0.0859375000 -0.0859375000 -0.0951085767
-0.0859375000 -0.0940939002 -0.0859375000
-0.0859375000 -0.0926939215 0.0859375000
-0.0859375000 -0.0859375000 0.0899356216
-0.0859375000 -0.0773437500 -0.1015839266
-0.0859375000 -0.0787935779 0.0945312500
-0.0859375000 -0.0773437500 0.0955125479
-0.0859375000 -0.0748356302 -0.1031250000
-0.0859375000 -0.0687500000 -0.1059127628
-0.0859375000 -0.0687500000 0.1001806315
-0.0859375000 -0.0601562500 -0.1091444423
-0.0859375000 -0.0632638745 0.1031250000
-0.0859375000 -0.0601562500 0.1047536225
-0.0928659625 -0.0515625000 -0.1117187500
-0.0859375000 -0.0528881524 -0.1117187500
-0.0859375000 -0.0515625000 -0.1121509062
-0.0859375000 -0.0515625000 0.1081672068
-0.0859375000 -0.0429687500 -0.1140886501
-0.0859375000 -0.0429687500 0.1105405333
-0.0859375000 -0.0343750000 -0.1155920846
-0.0894185796 -0.0343750000 0.1117187500
-0.0859375000 -0.0360856100 0.1117187500
-0.0859375000 -0.0343750000 0.1120787456
-0.0859375000 -0.0257812500 -0.1178243656
-0.0859375000 -0.0257812500 0.1131506777
-0.0859375000 -0.0171875000 -0.1199935191
-0.0859375000 -0.0171875000 0.1138054441
-0.0859375000 -0.0137911045 -0.1203125000
-0.0859375000 -0.0085937500 -0.1207194030
-0.0859375000 -0.0085937500 0.1138355138
-0.0859375000 -0.0038200447 -0.1203125000
-0.0859375000 0.0000000000 -0.1199308393
-0.0859375000 0.0000000000 0.1134605327
-0.0859375000 0.0085937500 -0.1181862093
-0.0859375000 0.0085937500 0.1128872330
-0.0859375000 0.0171875000 -0.1163925274
-0.0859375000 0.0157955161 0.1117187500
-0.0859375000 0.0171875000 0.1114685537
-0.0859375000 0.0257812500 -0.1138062406
-0.0859375000 0.0257812500 0.1089818351
-0.0859375000 0.0307947054 -0.1117187500
-0.0859375000 0.0343750000 -0.1100543583
-0.0859375000 0.0343750000 0.1044071056
-0.0859375000 0.0429687500 -0.1057864238
-0.0859375000 0.0368610689 0.1031250000
-0.0859375000 0.0429687500 0.1000635306
-0.0859375000 0.0478308593 -0.1031250000
-0.0859375000 0.0515625000 -0.1007312554
-0.0859375000 0.0515625000 0.0951288752
-0.0859375000 0.0601562500 -0.0953156115
-0.0859375000 0.0523329265 0.0945312500
-0.0859375000 0.0601562500 0.0893233898
-0.0859375000 0.0613574085 -0.0945312500
-0.0859375000 0.0687500000 -0.0896145474
-0.0859375000 0.0642506711 0.0859375000
-0.0859375000 0.0687500000 0.0820398938
-0.0859375000 0.0732651671 -0.0859375000
-0.0859375000 0.0773437500 -0.0824076480
-0.0859375000 0.0745382055 0.0773437500
-0.0859375000 0.0773437500 0.0748386113
-0.0859375000 0.0825973711 -0.0773437500
-0.0859375000 0.0859375000 -0.0733338697
-0.0859375000 0.0836043516 0.0687500000
-0.0859375000 0.0859375000 0.0659280649
-0.0859375000 0.0892371664 -0.0687500000
-0.0859375000 0.0943012374 -0.0601562500
-0.0859375000 0.0945312500 -0.0595704583
-0.0859375000 0.0942628120 0.0515625000
-0.0859375000 0.0945312500 0.0505987652
-0.0859375000 0.0898833360 0.0601562500
-0.0859375000 0.0970610538 -0.0515625000
-0.0859375000 0.0986190903 -0.0429687500
-0.0859375000 0.0993751056 -0.0343750000
-0.0859375000 0.0996519873 -0.0257812500
-0.0859375000 0.0999740235 -0.0171875000
-0.0859375000 0.1000285552 -0.0085937500
-0.0859375000 0.0998698556 0.0000000000
-0.0859375000 0.0994996387 0.0085937500
-0.0859375000 0.0990040347 0.0171875000
-0.0859375000 0.0983766382 0.0257812500
-0.0859375000 0.0976970037 0.0343750000
-0.0859375000 0.0961826509 0.0429687500
-0.0773437500 -0.1129117720 -0.0429687500
-0.0773437500 -0.1117187500 -0.0471981461
-0.0773437500 -0.1152030930 -0.0343750000
-0.0773437500 -0.1163987860 -0.0257812500
-0.0773437500 -0.1174918409 -0.0171875000
-0.0773437500 -0.1182056504 -0.0085937500
-0.0773437500 -0.1188905193 0.0000000000
-0.0773437500 -0.1195095362 0.0085937500
-0.0773437500 -0.1196620066 0.0171875000
-0.0773437500 -0.1191335202 0.0257812500
-0.0773437500 -0.1182813302 0.0343750000
-0.0773437500 -0.1170099631 0.0429687500
-0.0773437500 -0.1149398395 0.0515625000
-0.0773437500 -0.1125644357 0.0601562500
-0.0773437500 -0.1117187500 0.0627145015
-0.0773437500 -0.1050214263 -0.0687500000
-0.0773437500 -0.1031250000 -0.0731798256
-0.0773437500 -0.1076648050 -0.0601562500
-0.0773437500 -0.1103678840 -0.0515625000
-0.0773437500 -0.1095081537 0.0687500000
-0.0773437500 -0.1049837022 0.0773437500
-0.0773437500 -0.1031250000 0.0794072095
-0.0807363548 -0.0945312500 -0.0859375000
-0.0773437500 -0.0947608898 -0.0859375000
-0.0773437500 -0.0945312500 -0.0862391539
-0.0773437500 -0.1011040678 -0.0773437500
-0.0773437500 -0.0945312500 0.0855535700
-0.0773437500 -0.0867899951 -0.0945312500
-0.0773437500 -0.0859375000 -0.0956593724
-0.0773437500 -0.0939748276 0.0859375000
-0.0773437500 -0.0859375000 0.0904682315
-0.0773437500 -0.0773437500 -0.1023082627
-0.0773437500 -0.0794491220 0.0945312500
-0.0773437500 -0.0773437500 0.0959751586
-0.0773437500 -0.0760741664 -0.1031250000
-0.0773437500 -0.0687500000 -0.1064991107
-0.0773437500 -0.0687500000 0.1007439211
-0.0773437500 -0.0601562500 -0.1099010396
-0.0773437500 -0.0642707700 0.1031250000
-0.0773437500 -0.0601562500 0.1053158781
-0.0773437500 -0.0553098096 -0.1117187500
-0.0773437500 -0.0515625000 -0.1129661422
-0.0773437500 -0.0515625000 0.1088119970
-0.0773437500 -0.0429687500 -0.1149100514
-0.0773437500 -0.0429687500 0.1111999296
-0.0773437500 -0.0343750000 -0.1160828821
-0.0773437500 -0.0396809100 0.1117187500
-0.0773437500 -0.0343750000 0.1127614512
-0.0773437500 -0.0257812500 -0.1180278855
-0.0773437500 -0.0257812500 0.1138575299
-0.0773437500 -0.0171875000 -0.1200114286
-0.0773437500 -0.0171875000 0.1145172940
-0.0773437500 -0.0137102453 -0.1203125000
-0.0773437500 -0.0085937500 -0.1206850686
-0.0773437500 -0.0085937500 0.1145605109
-0.0773437500 -0.0050775357 -0.1203125000
-0.0773437500 0.0000000000 -0.1196966028
-0.0773437500 0.0000000000 0.1141251289
-0.0773437500 0.0085937500 -0.1179347610
-0.0773437500 0.0085937500 0.1136196493
-0.0773437500 0.0171875000 -0.1162382731
-0.0826651016 0.0171875000 0.1117187500
-0.0773437500 0.0171875000 0.1121228324
-0.0773437500 0.0257812500 -0.1138328393
-0.0773437500 0.0186329505 0.1117187500
-0.0773437500 0.0257812500 0.1096324325
-0.0773437500 0.0310635838 -0.1117187500
-0.0773437500 0.0343750000 -0.1102119236
-0.0773437500 0.0343750000 0.1052177857
-0.0773437500 0.0429687500 -0.1059089139
-0.0773437500 0.0382231893 0.1031250000
-0.0773437500 0.0429687500 0.1006907074
-0.0773437500 0.0480619385 -0.1031250000
-0.0773437500 0.0515625000 -0.1009836271
-0.0773437500 0.0515625000 0.0954915827
-0.0773437500 0.0601562500 -0.0956617946
-0.0773437500 0.0527942623 0.0945312500
-0.0773437500 0.0601562500 0.0896435271
-0.0773437500 0.0618489313 -0.0945312500
-0.0773437500 0.0687500000 -0.0897136759
-0.0773437500 0.0644714250 0.0859375000
-0.0773437500 0.0687500000 0.0822320094
-0.0773437500 0.0734123996 -0.0859375000
-0.0773437500 0.0773437500 -0.0825244795
-0.0773437500 0.0748937326 0.0773437500
-0.0773437500 0.0773437500 0.0751389231
-0.0773437500 0.0826512290 -0.0773437500
-0.0773437500 0.0859375000 -0.0733348864
-0.0773437500 0.0836702150 0.0687500000
-0.0773437500 0.0859375000 0.0659148690
-0.0773437500 0.0891407825 -0.0687500000
-0.0773437500 0.0941733686 -0.0601562500
-0.0773437500 0.0945312500 -0.0592771824
-0.0773437500 0.0944487289 0.0515625000
-0.0773437500 0.0945312500 0.0512710561
-0.0773437500 0.0898538947 0.0601562500
-0.0773437500 0.0970219508 -0.0515625000
-0.0773437500 0.0986624058 -0.0429687500
-0.0773437500 0.0993803144 -0.0343750000
-0.0773437500 0.0996424293 -0.0257812500
-0.0773437500 0.0999896335 -0.0171875000
-0.0773437500 0.1001270849 -0.0085937500
-0.0773437500 0.0999874716 0.0000000000
-0.0773437500 0.0996697704 0.0085937500
-0.0773437500 0.0991708439 0.0171875000
-0.0773437500 0.0986587755 0.0257812500
-0.0773437500 0.0979275429 0.0343750000
-0.0773437500 0.0963427188 0.0429687500
-0.0702279069 -0.1203125000 0.0085937500
-0.0687500000 -0.1204449801 0.0085937500
-0.0687500000 -0.1203125000 0.0058846083
-0.0712877415 -0.1203125000 0.0171875000
-0.0687500000 -0.1205304435 0.0171875000
-0.0687500000 -0.1203125000 0.0207253760
-0.0687500000 -0.1135240353 -0.0429687500
-0.0687500000 -0.1117187500 -0.0492027098
-0.0687500000 -0.1158553054 -0.0343750000
-0.0687500000 -0.1171270891 -0.0257812500
-0.0687500000 -0.1182539292 -0.0171875000
-0.0687500000 -0.1191457554 -0.0085937500
-0.0687500000 -0.1199602372 0.0000000000
-0.0687500000 -0.1199226779 0.0257812500
-0.0687500000 -0.1190157775 0.0343750000
-0.0687500000 -0.1177240360 0.0429687500
-0.0687500000 -0.1157842051 0.0515625000
-0.0687500000 -0.1134267941 0.0601562500
-0.0687500000 -0.1117187500 0.0651711198
-0.0687500000 -0.1053526731 -0.0687500000
-0.0687500000 -0.1031250000 -0.0735971539
-0.0687500000 -0.1081842827 -0.0601562500
-0.0687500000 -0.1109593305 -0.0515625000
-0.0687500000 -0.1103708712 0.0687500000
-0.0687500000 -0.1061231954 0.0773437500
-0.0687500000 -0.1031250000 0.0805324957
-0.0687500000 -0.0954537334 -0.0859375000
-0.0687500000 -0.0945312500 -0.0871015664
-0.0687500000 -0.1013097441 -0.0773437500
-0.0729834420 -0.0945312500 0.0859375000
-0.0687500000 -0.0951125662 0.0859375000
-0.0687500000 -0.0945312500 0.0862620046
-0.0687500000 -0.0875664012 -0.0945312500
-0.0687500000 -0.0859375000 -0.0968258733
-0.0687500000 -0.0859375000 0.0910880021
-0.0713524292 -0.0773437500 -0.1031250000
-0.0687500000 -0.0778329169 -0.1031250000
-0.0687500000 -0.0773437500 -0.1034061934
-0.0687500000 -0.0801219766 0.0945312500
-0.0687500000 -0.0773437500 0.0964343239
-0.0687500000 -0.0687500000 -0.1071765076
-0.0687500000 -0.0687500000 0.1013489835
-0.0687500000 -0.0601562500 -0.1105481670
-0.0687500000 -0.0654161373 0.1031250000
-0.0687500000 -0.0601562500 0.1059868690
-0.0687500000 -0.0570018301 -0.1117187500
-0.0687500000 -0.0515625000 -0.1135341099
-0.0687500000 -0.0515625000 0.1095125230
-0.0687500000 -0.0429687500 -0.1155370723
-0.0701597471 -0.0429687500 0.1117187500
-0.0687500000 -0.0433708310 0.1117187500
-0.0687500000 -0.0429687500 0.1118359439
-0.0687500000 -0.0343750000 -0.1166060628
-0.0687500000 -0.0343750000 0.1134655333
-0.0687500000 -0.0257812500 -0.1182615601
-0.0687500000 -0.0257812500 0.1146566455
-0.0687500000 -0.0171875000 -0.1200550525
-0.0687500000 -0.0171875000 0.1153752310
-0.0687500000 -0.0132928101 -0.1203125000
-0.0687500000 -0.0085937500 -0.1205766534
-0.0687500000 -0.0085937500 0.1153798275
-0.0687500000 -0.0061020826 -0.1203125000
-0.0687500000 0.0000000000 -0.1195890039
-0.0687500000 0.0000000000 0.1149650222
-0.0687500000 0.0085937500 -0.1179587929
-0.0687500000 0.0085937500 0.1144212793
-0.0687500000 0.0171875000 -0.1162663623
-0.0687500000 0.0171875000 0.1127866021
-0.0687500000 0.0257812500 -0.1139374768
-0.0687500000 0.0209632724 0.1117187500
-0.0687500000 0.0257812500 0.1102891492
-0.0687500000 0.0315220433 -0.1117187500
-0.0687500000 0.0343750000 -0.1104392853
-0.0687500000 0.0343750000 0.1060052787
-0.0687500000 0.0429687500 -0.1059447507
-0.0687500000 0.0395251397 0.1031250000
-0.0687500000 0.0429687500 0.1012349703
-0.0687500000 0.0479627981 -0.1031250000
-0.0687500000 0.0515625000 -0.1010160658
-0.0687500000 0.0515625000 0.0957307860
-0.0687500000 0.0601562500 -0.0958570076
-0.0687500000 0.0530647896 0.0945312500
-0.0687500000 0.0601562500 0.0899100587
-0.0687500000 0.0621188955 -0.0945312500
-0.0687500000 0.0687500000 -0.0897505616
-0.0687500000 0.0649049129 0.0859375000
-0.0687500000 0.0687500000 0.0826461389
-0.0687500000 0.0734730667 -0.0859375000
-0.0687500000 0.0773437500 -0.0825498868
-0.0687500000 0.0754376416 0.0773437500
-0.0687500000 0.0773437500 0.0755851523
-0.0687500000 0.0826859349 -0.0773437500
-0.0687500000 0.0859375000 -0.0733300853
-0.0687500000 0.0839382472 0.0687500000
-0.0687500000 0.0859375000 0.0662071392
-0.0687500000 0.0890171944 -0.0687500000
-0.0687500000 0.0940346675 -0.0601562500
-0.0687500000 0.0945312500 -0.0589419947
-0.0756206699 0.0945312500 0.0515625000
-0.0687500000 0.0900269810 0.0601562500
-0.0687500000 0.0945312500 0.0520824670
-0.0687500000 0.0969113708 -0.0515625000
-0.0687500000 0.0986849458 -0.0429687500
-0.0687500000 0.0994322161 -0.0343750000
-0.0687500000 0.0997108657 -0.0257812500
-0.0687500000 0.1000995026 -0.0171875000
-0.0687500000 0.1002608007 -0.0085937500
-0.0687500000 0.1001562944 0.0000000000
-0.0687500000 0.0998840134 0.0085937500
-0.0687500000 0.0993703787 0.0171875000
-0.0687500000 0.0988956010 0.0257812500
-0.0687500000 0.0981712812 0.0343750000
-0.0687500000 0.0966456676 0.0429687500
-0.0687500000 0.0947649547 0.0515625000
-0.0649033835 -0.1203125000 0.0000000000
-0.0601562500 -0.1206724883 0.0000000000
-0.0601562500 -0.1203125000 -0.0045224885
-0.0601562500 -0.1209475226 0.0085937500
-0.0601562500 -0.1210249437 0.0171875000
-0.0607457735 -0.1203125000 0.0257812500
-0.0601562500 -0.1203350948 0.0257812500
-0.0601562500 -0.1203125000 0.0260452435
-0.0601562500 -0.1140725654 -0.0429687500
-0.0601562500 -0.1117187500 -0.0504317982
-0.0601562500 -0.1165052398 -0.0343750000
-0.0601562500 -0.1177908324 -0.0257812500
-0.0601562500 -0.1189274648 -0.0171875000
-0.0601562500 -0.1199359624 -0.0085937500
-0.0601562500 -0.1194205104 0.0343750000
-0.0601562500 -0.1180342467 0.0429687500
-0.0601562500 -0.1160874918 0.0515625000
-0.0601562500 -0.1140449629 0.0601562500
-0.0601562500 -0.1117187500 0.0672646535
-0.0601562500 -0.1055548641 -0.0687500000
-0.0601562500 -0.1031250000 -0.0738161449
-0.0601562500 -0.1085142768 -0.0601562500
-0.0601562500 -0.1113246319 -0.0515625000
-0.0601562500 -0.1111731060 0.0687500000
-0.0601562500 -0.1068271885 0.0773437500
-0.0601562500 -0.1031250000 0.0812028985
-0.0601562500 -0.0958719397 -0.0859375000
-0.0601562500 -0.0945312500 -0.0877141473
-0.0601562500 -0.1014026595 -0.0773437500
-0.0601562500 -0.0961276264 0.0859375000
-0.0601562500 -0.0945312500 0.0868342832
-0.0601562500 -0.0885804711 -0.0945312500
-0.0601562500 -0.0859375000 -0.0981956924
-0.0601562500 -0.0859375000 0.0917658566
-0.0601562500 -0.0795025108 -0.1031250000
-0.0601562500 -0.0773437500 -0.1043699926
-0.0601562500 -0.0810937234 0.0945312500
-0.0601562500 -0.0773437500 0.0970046022
-0.0601562500 -0.0687500000 -0.1076632234
-0.0601562500 -0.0687500000 0.1019280807
-0.0601562500 -0.0601562500 -0.1110292475
-0.0601562500 -0.0664644678 0.1031250000
-0.0601562500 -0.0601562500 0.1066137900
-0.0601562500 -0.0583397304 -0.1117187500
-0.0601562500 -0.0515625000 -0.1140352430
-0.0601562500 -0.0515625000 0.1100866633
-0.0601562500 -0.0429687500 -0.1160018682
-0.0601562500 -0.0456940191 0.1117187500
-0.0601562500 -0.0429687500 0.1125124155
-0.0601562500 -0.0343750000 -0.1170592674
-0.0601562500 -0.0343750000 0.1142525873
-0.0601562500 -0.0257812500 -0.1187068750
-0.0601562500 -0.0257812500 0.1154522124
-0.0620087804 -0.0171875000 -0.1203125000
-0.0601562500 -0.0175298808 -0.1203125000
-0.0601562500 -0.0171875000 -0.1203730158
-0.0601562500 -0.0171875000 0.1161977551
-0.0601562500 -0.0085937500 -0.1206456639
-0.0601562500 -0.0085937500 0.1162355719
-0.0601562500 -0.0055880959 -0.1203125000
-0.0601562500 0.0000000000 -0.1196151025
-0.0601562500 0.0000000000 0.1159442492
-0.0601562500 0.0085937500 -0.1181065433
-0.0601562500 0.0085937500 0.1154389243
-0.0601562500 0.0171875000 -0.1164246120
-0.0601562500 0.0171875000 0.1136466483
-0.0601562500 0.0257812500 -0.1141236069
-0.0601562500 0.0237711238 0.1117187500
-0.0601562500 0.0257812500 0.1111057749
-0.0601562500 0.0323945689 -0.1117187500
-0.0601562500 0.0343750000 -0.1108506651
-0.0601562500 0.0343750000 0.1067366261
-0.0601562500 0.0429687500 -0.1061104321
-0.0601562500 0.0404826630 0.1031250000
-0.0601562500 0.0429687500 0.1016917259
-0.0601562500 0.0480774014 -0.1031250000
-0.0601562500 0.0515625000 -0.1011284452
-0.0601562500 0.0515625000 0.0962599008
-0.0601562500 0.0601562500 -0.0959657418
-0.0601562500 0.0537911979 0.0945312500
-0.0601562500 0.0601562500 0.0903964576
-0.0601562500 0.0622424103 -0.0945312500
-0.0601562500 0.0687500000 -0.0897387663
-0.0601562500 0.0656866163 0.0859375000
-0.0601562500 0.0687500000 0.0834274903
-0.0601562500 0.0734304215 -0.0859375000
-0.0601562500 0.0773437500 -0.0824682057
-0.0601562500 0.0762890500 0.0773437500
-0.0601562500 0.0773437500 0.0763069155
-0.0601562500 0.0825155034 -0.0773437500
-0.0601562500 0.0859375000 -0.0731506825
-0.0601562500 0.0842498414 0.0687500000
-0.0601562500 0.0859375000 0.0665270872
-0.0601562500 0.0888309862 -0.0687500000
-0.0601562500 0.0938476341 -0.0601562500
-0.0601562500 0.0945312500 -0.0584444878
-0.0601562500 0.0901477085 0.0601562500
-0.0601562500 0.0945312500 0.0525457163
-0.0601562500 0.0967293469 -0.0515625000
-0.0601562500 0.0986099366 -0.0429687500
-0.0601562500 0.0994340307 -0.0343750000
-0.0601562500 0.0999035077 -0.0257812500
-0.0601562500 0.1002555639 -0.0171875000
-0.0601562500 0.1003340369 -0.0085937500
-0.0601562500 0.1003173286 0.0000000000
-0.0601562500 0.1000555547 0.0085937500
-0.0601562500 0.0995945242 0.0171875000
-0.0601562500 0.0991267889 0.0257812500
-0.0601562500 0.0984524714 0.0343750000
-0.0601562500 0.0969755385 0.0429687500
-0.0601562500 0.0949732784 0.0515625000
-0.0515625000 -0.1208467918 0.0000000000
-0.0515625000 -0.1203125000 -0.0072344295
-0.0515625000 -0.1212185055 0.0085937500
-0.0515625000 -0.1212589864 0.0171875000
-0.0515625000 -0.1205543923 0.0257812500
-0.0515625000 -0.1203125000 0.0282265777
-0.0515625000 -0.1145592403 -0.0429687500
-0.0515625000 -0.1117187500 -0.0513121764
-0.0515625000 -0.1169901905 -0.0343750000
-0.0515625000 -0.1182441696 -0.0257812500
-0.0515625000 -0.1193154291 -0.0171875000
-0.0515625000 -0.1201978836 -0.0085937500
-0.0515625000 -0.1195814803 0.0343750000
-0.0515625000 -0.1181933394 0.0429687500
-0.0515625000 -0.1162301008 0.0515625000
-0.0515625000 -0.1143253836 0.0601562500
-0.0515625000 -0.1117187500 0.0679538378
-0.0515625000 -0.1057375510 -0.0687500000
-0.0515625000 -0.1031250000 -0.0738938522
-0.0515625000 -0.1087977760 -0.0601562500
-0.0515625000 -0.1116248374 -0.0515625000
-0.0515625000 -0.1114244032 0.0687500000
-0.0515625000 -0.1070664168 0.0773437500
-0.0515625000 -0.1031250000 0.0814918328
-0.0515625000 -0.0962998312 -0.0859375000
-0.0515625000 -0.0945312500 -0.0885162395
-0.0515625000 -0.1014380197 -0.0773437500
-0.0515625000 -0.0968216255 0.0859375000
-0.0515625000 -0.0945312500 0.0872757567
-0.0515625000 -0.0897682762 -0.0945312500
-0.0515625000 -0.0859375000 -0.0995813167
-0.0515625000 -0.0859375000 0.0924087819
-0.0515625000 -0.0807525361 -0.1031250000
-0.0515625000 -0.0773437500 -0.1050078243
-0.0515625000 -0.0822715742 0.0945312500
-0.0515625000 -0.0773437500 0.0976361714
-0.0515625000 -0.0687500000 -0.1081569652
-0.0515625000 -0.0687500000 0.1026271438
-0.0515625000 -0.0601562500 -0.1114899138
-0.0515625000 -0.0678184571 0.1031250000
-0.0515625000 -0.0601562500 0.1073184994
-0.0515625000 -0.0595375999 -0.1117187500
-0.0515625000 -0.0515625000 -0.1143676125
-0.0515625000 -0.0515625000 0.1103776475
-0.0515625000 -0.0429687500 -0.1163769375
-0.0515625000 -0.0470543143 0.1117187500
-0.0515625000 -0.0429687500 0.1130322026
-0.0515625000 -0.0343750000 -0.1174946082
-0.0515625000 -0.0343750000 0.1149025379
-0.0515625000 -0.0257812500 -0.1192121697
-0.0515625000 -0.0257812500 0.1161399779
-0.0515625000 -0.0200127026 -0.1203125000
-0.0515625000 -0.0171875000 -0.1207780979
-0.0515625000 -0.0171875000 0.1169918579
-0.0515625000 -0.0085937500 -0.1208535201
-0.0515625000 -0.0085937500 0.1171272191
-0.0515625000 -0.0033957873 -0.1203125000
-0.0515625000 0.0000000000 -0.1199016848
-0.0515625000 0.0000000000 0.1168210436
-0.0515625000 0.0085937500 -0.1184178924
-0.0515625000 0.0085937500 0.1165072027
-0.0515625000 0.0171875000 -0.1166576410
-0.0515625000 0.0171875000 0.1146510225
-0.0515625000 0.0257812500 -0.1144663612
-0.0545106901 0.0257812500 0.1117187500
-0.0515625000 0.0257812500 0.1120320056
-0.0515625000 0.0331098598 -0.1117187500
-0.0515625000 0.0343750000 -0.1111378606
-0.0515625000 0.0263952477 0.1117187500
-0.0515625000 0.0343750000 0.1073742316
-0.0515625000 0.0429687500 -0.1063729383
-0.0515625000 0.0414486373 0.1031250000
-0.0515625000 0.0429687500 0.1022408684
-0.0515625000 0.0483876394 -0.1031250000
-0.0515625000 0.0515625000 -0.1013311145
-0.0515625000 0.0515625000 0.0969519709
-0.0515625000 0.0601562500 -0.0960451368
-0.0515625000 0.0546745258 0.0945312500
-0.0515625000 0.0601562500 0.0909928362
-0.0515625000 0.0623275081 -0.0945312500
-0.0515625000 0.0687500000 -0.0897175714
-0.0515625000 0.0666728390 0.0859375000
-0.0515625000 0.0687500000 0.0843008327
-0.0515625000 0.0733183008 -0.0859375000
-0.0515625000 0.0773437500 -0.0823122923
-0.0516475347 0.0773437500 0.0773437500
-0.0515625000 0.0773437500 0.0773525899
-0.0515625000 0.0822027341 -0.0773437500
-0.0515625000 0.0859375000 -0.0728884085
-0.0515625000 0.0846963773 0.0687500000
-0.0515625000 0.0859375000 0.0670355494
-0.0515625000 0.0773522495 0.0773437500
-0.0515625000 0.0887425618 -0.0687500000
-0.0515625000 0.0937828029 -0.0601562500
-0.0515625000 0.0945312500 -0.0582761001
-0.0515625000 0.0904293138 0.0601562500
-0.0515625000 0.0945312500 0.0531252089
-0.0515625000 0.0966396798 -0.0515625000
-0.0515625000 0.0985430645 -0.0429687500
-0.0515625000 0.0994736620 -0.0343750000
-0.0515625000 0.1000750292 -0.0257812500
-0.0515625000 0.1004824455 -0.0171875000
-0.0515625000 0.1005108611 -0.0085937500
-0.0515625000 0.1004364216 0.0000000000
-0.0515625000 0.1002370756 0.0085937500
-0.0515625000 0.0998272597 0.0171875000
-0.0515625000 0.0993996588 0.0257812500
-0.0515625000 0.0987253621 0.0343750000
-0.0515625000 0.0972257201 0.0429687500
-0.0515625000 0.0952075698 0.0515625000
-0.0442471283 -0.1203125000 -0.0085937500
-0.0429687500 -0.1203298610 -0.0085937500
-0.0429687500 -0.1203125000 -0.0087707185
-0.0429687500 -0.1208745621 0.0000000000
-0.0429687500 -0.1213052001 0.0085937500
-0.0429687500 -0.1213203308 0.0171875000
-0.0429687500 -0.1206176924 0.0257812500
-0.0429687500 -0.1203125000 0.0289260597
-0.0429687500 -0.1145956606 -0.0429687500
-0.0429687500 -0.1117187500 -0.0514031785
-0.0429687500 -0.1170296403 -0.0343750000
-0.0429687500 -0.1183180662 -0.0257812500
-0.0429687500 -0.1194139029 -0.0171875000
-0.0429687500 -0.1196846205 0.0343750000
-0.0429687500 -0.1180851454 0.0429687500
-0.0429687500 -0.1161055832 0.0515625000
-0.0429687500 -0.1142797716 0.0601562500
-0.0429687500 -0.1117187500 0.0678451123
-0.0429687500 -0.1058177182 -0.0687500000
-0.0429687500 -0.1031250000 -0.0741702171
-0.0429687500 -0.1089546091 -0.0601562500
-0.0429687500 -0.1116592647 -0.0515625000
-0.0429687500 -0.1113971213 0.0687500000
-0.0429687500 -0.1070074227 0.0773437500
-0.0429687500 -0.1031250000 0.0815811448
-0.0429687500 -0.0967856989 -0.0859375000
-0.0429687500 -0.0945312500 -0.0894688960
-0.0429687500 -0.1016790728 -0.0773437500
-0.0429687500 -0.0974885501 0.0859375000
-0.0429687500 -0.0945312500 0.0877227638
-0.0429687500 -0.0908592731 -0.0945312500
-0.0429687500 -0.0859375000 -0.1005058908
-0.0429687500 -0.0859375000 0.0930177928
-0.0429687500 -0.0816542517 -0.1031250000
-0.0429687500 -0.0773437500 -0.1054782943
-0.0429687500 -0.0834071240 0.0945312500
-0.0429687500 -0.0773437500 0.0982259401
-0.0429687500 -0.0687500000 -0.1083335370
-0.0458390187 -0.0687500000 0.1031250000
-0.0429687500 -0.0691646311 0.1031250000
-0.0429687500 -0.0687500000 0.1033837795
-0.0429687500 -0.0601562500 -0.1114320428
-0.0429687500 -0.0601562500 0.1080745758
-0.0429687500 -0.0593559679 -0.1117187500
-0.0429687500 -0.0515625000 -0.1143857444
-0.0429687500 -0.0515625000 0.1110385819
-0.0429687500 -0.0429687500 -0.1165664339
-0.0429687500 -0.0492363115 0.1117187500
-0.0429687500 -0.0429687500 0.1137190782
-0.0429687500 -0.0343750000 -0.1179732715
-0.0429687500 -0.0343750000 0.1156866405
-0.0429687500 -0.0257812500 -0.1196911961
-0.0429687500 -0.0257812500 0.1171004916
-0.0429687500 -0.0224303726 -0.1203125000
-0.0429687500 -0.0171875000 -0.1211285189
-0.0429687500 -0.0171875000 0.1180299609
-0.0429687500 -0.0085937500 -0.1212210775
-0.0429687500 -0.0085937500 0.1180681011
-0.0429687500 -0.0000566353 -0.1203125000
-0.0429687500 0.0000000000 -0.1203053705
-0.0429687500 0.0000000000 0.1177554646
-0.0429687500 0.0085937500 -0.1188638696
-0.0429687500 0.0085937500 0.1173977023
-0.0429687500 0.0171875000 -0.1171627099
-0.0429687500 0.0171875000 0.1156858659
-0.0429687500 0.0257812500 -0.1149029584
-0.0429687500 0.0257812500 0.1129343810
-0.0429687500 0.0338599424 -0.1117187500
-0.0429687500 0.0343750000 -0.1114610663
-0.0429687500 0.0280618307 0.1117187500
-0.0429687500 0.0343750000 0.1081865936
-0.0429687500 0.0429687500 -0.1066190859
-0.0429687500 0.0423994736 0.1031250000
-0.0429687500 0.0429687500 0.1027830660
-0.0429687500 0.0486133939 -0.1031250000
-0.0429687500 0.0515625000 -0.1014554082
-0.0429687500 0.0515625000 0.0975536945
-0.0429687500 0.0601562500 -0.0958334791
-0.0429687500 0.0555189772 0.0945312500
-0.0429687500 0.0601562500 0.0914764304
-0.0429687500 0.0619583080 -0.0945312500
-0.0429687500 0.0687500000 -0.0894037188
-0.0429687500 0.0676215700 0.0859375000
-0.0429687500 0.0687500000 0.0850907168
-0.0429687500 0.0730366876 -0.0859375000
-0.0429687500 0.0773437500 -0.0820935114
-0.0429687500 0.0773437500 0.0781953934
-0.0429687500 0.0819003815 -0.0773437500
-0.0429687500 0.0859375000 -0.0726155681
-0.0429687500 0.0850238182 0.0687500000
-0.0429687500 0.0859375000 0.0674808026
-0.0429687500 0.0781334593 0.0773437500
-0.0429687500 0.0886339048 -0.0687500000
-0.0429687500 0.0937529255 -0.0601562500
-0.0429687500 0.0945312500 -0.0582368713
-0.0429687500 0.0907873870 0.0601562500
-0.0429687500 0.0945312500 0.0536635977
-0.0429687500 0.0966074408 -0.0515625000
-0.0429687500 0.0984776988 -0.0429687500
-0.0429687500 0.0994848527 -0.0343750000
-0.0429687500 0.1001654957 -0.0257812500
-0.0429687500 0.1007053798 -0.0171875000
-0.0429687500 0.1007808904 -0.0085937500
-0.0429687500 0.1006608602 0.0000000000
-0.0429687500 0.1004582568 0.0085937500
-0.0429687500 0.1000441487 0.0171875000
-0.0429687500 0.0995943424 0.0257812500
-0.0429687500 0.0989198734 0.0343750000
-0.0429687500 0.0974259051 0.0429687500
-0.0429687500 0.0954211216 0.0515625000
-0.0343750000 -0.1203806597 -0.0085937500
-0.0343750000 -0.1203125000 -0.0092837754
-0.0343750000 -0.1207792365 0.0000000000
-0.0343750000 -0.1211855799 0.0085937500
-0.0343750000 -0.1212685803 0.0171875000
-0.0343750000 -0.1206567900 0.0257812500
-0.0343750000 -0.1203125000 0.0283892262
-0.0343750000 -0.1144938711 -0.0429687500
-0.0343750000 -0.1117187500 -0.0507131731
-0.0343750000 -0.1169953989 -0.0343750000
-0.0343750000 -0.1183645626 -0.0257812500
-0.0343750000 -0.1194714684 -0.0171875000
-0.0343750000 -0.1193726430 0.0343750000
-0.0343750000 -0.1176443803 0.0429687500
-0.0343750000 -0.1157567089 0.0515625000
-0.0343750000 -0.1139868010 0.0601562500
-0.0343750000 -0.1117187500 0.0673332378
-0.0343750000 -0.1058040665 -0.0687500000
-0.0343750000 -0.1031250000 -0.0743736340
-0.0343750000 -0.1087032081 -0.0601562500
-0.0343750000 -0.1113925935 -0.0515625000
-0.0343750000 -0.1112475604 0.0687500000
-0.0343750000 -0.1069322646 0.0773437500
-0.0343750000 -0.1031250000 0.0814510532
-0.0343750000 -0.0972283440 -0.0859375000
-0.0343750000 -0.0945312500 -0.0905515309
-0.0343750000 -0.1018690190 -0.0773437500
-0.0343750000 -0.0977859393 0.0859375000
-0.0343750000 -0.0945312500 0.0881161868
-0.0343750000 -0.0917474155 -0.0945312500
-0.0343750000 -0.0859375000 -0.1009849127
-0.0343750000 -0.0859375000 0.0935742424
-0.0343750000 -0.0822871270 -0.1031250000
-0.0343750000 -0.0773437500 -0.1057311050
-0.0343750000 -0.0843268342 0.0945312500
-0.0343750000 -0.0773437500 0.0987006710
-0.0343750000 -0.0687500000 -0.1085813101
-0.0343750000 -0.0701213104 0.1031250000
-0.0343750000 -0.0687500000 0.1039841931
-0.0343750000 -0.0601562500 -0.1115880353
-0.0343750000 -0.0601562500 0.1087169720
-0.0343750000 -0.0597671123 -0.1117187500
-0.0343750000 -0.0515625000 -0.1144453539
-0.0355981550 -0.0515625000 0.1117187500
-0.0343750000 -0.0518880816 0.1117187500
-0.0343750000 -0.0515625000 0.1118387845
-0.0343750000 -0.0429687500 -0.1166935691
-0.0343750000 -0.0429687500 0.1145609899
-0.0343750000 -0.0343750000 -0.1184308238
-0.0343750000 -0.0343750000 0.1164772050
-0.0343750000 -0.0257812500 -0.1200800456
-0.0343750000 -0.0257812500 0.1179245255
-0.0343750000 -0.0246252403 -0.1203125000
-0.0343750000 -0.0171875000 -0.1215426893
-0.0343750000 -0.0171875000 0.1189820263
-0.0343750000 -0.0085937500 -0.1215485946
-0.0343750000 -0.0085937500 0.1190087543
-0.0428442825 0.0000000000 -0.1203125000
-0.0343750000 0.0000000000 -0.1207596973
-0.0343750000 0.0000000000 0.1187424966
-0.0343750000 0.0029711826 -0.1203125000
-0.0343750000 0.0085937500 -0.1194033265
-0.0343750000 0.0085937500 0.1182617628
-0.0343750000 0.0171875000 -0.1176610540
-0.0343750000 0.0171875000 0.1163370098
-0.0343750000 0.0257812500 -0.1153634739
-0.0343750000 0.0257812500 0.1140509135
-0.0356856644 0.0343750000 -0.1117187500
-0.0343750000 0.0343750000 -0.1117589511
-0.0343750000 0.0301407625 0.1117187500
-0.0343750000 0.0343750000 0.1092412853
-0.0343750000 0.0344620533 -0.1117187500
-0.0343750000 0.0429687500 -0.1068785406
-0.0395490535 0.0429687500 0.1031250000
-0.0343750000 0.0429687500 0.1037139564
-0.0343750000 0.0487377096 -0.1031250000
-0.0343750000 0.0515625000 -0.1014028760
-0.0343750000 0.0438209996 0.1031250000
-0.0343750000 0.0515625000 0.0982047389
-0.0343750000 0.0601562500 -0.0954466361
-0.0343750000 0.0563420052 0.0945312500
-0.0343750000 0.0601562500 0.0920088493
-0.0343750000 0.0613712581 -0.0945312500
-0.0343750000 0.0687500000 -0.0890220415
-0.0343750000 0.0685892018 0.0859375000
-0.0343750000 0.0687500000 0.0858161715
-0.0343750000 0.0727330133 -0.0859375000
-0.0343750000 0.0773437500 -0.0819977705
-0.0343750000 0.0773437500 0.0788524989
-0.0343750000 0.0818348665 -0.0773437500
-0.0343750000 0.0859375000 -0.0725760582
-0.0343750000 0.0853289413 0.0687500000
-0.0343750000 0.0859375000 0.0679023418
-0.0343750000 0.0787190191 0.0773437500
-0.0343750000 0.0886835857 -0.0687500000
-0.0343750000 0.0938054191 -0.0601562500
-0.0343750000 0.0945312500 -0.0583361800
-0.0343750000 0.0911274179 0.0601562500
-0.0343750000 0.0945312500 0.0543733419
-0.0343750000 0.0965631862 -0.0515625000
-0.0343750000 0.0985487156 -0.0429687500
-0.0343750000 0.0996076963 -0.0343750000
-0.0343750000 0.1003067408 -0.0257812500
-0.0343750000 0.1008373068 -0.0171875000
-0.0343750000 0.1010118605 -0.0085937500
-0.0343750000 0.1009200516 0.0000000000
-0.0343750000 0.1007044974 0.0085937500
-0.0343750000 0.1002252681 0.0171875000
-0.0343750000 0.0996325109 0.0257812500
-0.0343750000 0.0989338012 0.0343750000
-0.0343750000 0.0974936021 0.0429687500
-0.0343750000 0.0957355126 0.0515625000
-0.0257812500 -0.1203561441 -0.0085937500
-0.0257812500 -0.1203125000 -0.0090621942
-0.0257812500 -0.1206254728 0.0000000000
-0.0257812500 -0.1209396523 0.0085937500
-0.0257812500 -0.1210866963 0.0171875000
-0.0257812500 -0.1205596743 0.0257812500
-0.0257812500 -0.1203125000 0.0274803139
-0.0257812500 -0.1142269898 -0.0429687500
-0.0257812500 -0.1117187500 -0.0500370867
-0.0257812500 -0.1168646593 -0.0343750000
-0.0257812500 -0.1183544613 -0.0257812500
-0.0257812500 -0.1194971929 -0.0171875000
-0.0257812500 -0.1191101081 0.0343750000
-0.0257812500 -0.1174369231 0.0429687500
-0.0257812500 -0.1155569207 0.0515625000
-0.0257812500 -0.1137016508 0.0601562500
-0.0257812500 -0.1117187500 0.0664136005
-0.0257812500 -0.1057203583 -0.0687500000
-0.0257812500 -0.1031250000 -0.0746594760
-0.0257812500 -0.1085581884 -0.0601562500
-0.0257812500 -0.1111561009 -0.0515625000
-0.0257812500 -0.1109552670 0.0687500000
-0.0257812500 -0.1066556009 0.0773437500
-0.0257812500 -0.1031250000 0.0810934332
-0.0257812500 -0.0975425104 -0.0859375000
-0.0257812500 -0.0945312500 -0.0913404736
-0.0257812500 -0.1020650121 -0.0773437500
-0.0257812500 -0.0976249341 0.0859375000
-0.0257812500 -0.0945312500 0.0882573898
-0.0257812500 -0.0923779631 -0.0945312500
-0.0257812500 -0.0859375000 -0.1014943149
-0.0257812500 -0.0859375000 0.0938702065
-0.0257812500 -0.0832261764 -0.1031250000
-0.0257812500 -0.0773437500 -0.1062360984
-0.0257812500 -0.0847967561 0.0945312500
-0.0257812500 -0.0773437500 0.0989144381
-0.0257812500 -0.0687500000 -0.1090974489
-0.0257812500 -0.0707226769 0.1031250000
-0.0257812500 -0.0687500000 0.1043788740
-0.0277041001 -0.0601562500 -0.1117187500
-0.0257812500 -0.0602707809 -0.1117187500
-0.0257812500 -0.0601562500 -0.1117569872
-0.0257812500 -0.0601562500 0.1090904977
-0.0257812500 -0.0515625000 -0.1145992992
-0.0257812500 -0.0535175510 0.1117187500
-0.0257812500 -0.0515625000 0.1124998748
-0.0257812500 -0.0429687500 -0.1170892093
-0.0257812500 -0.0429687500 0.1154177558
-0.0257812500 -0.0343750000 -0.1188199643
-0.0257812500 -0.0343750000 0.1174568421
-0.0293882265 -0.0257812500 -0.1203125000
-0.0257812500 -0.0266652472 -0.1203125000
-0.0257812500 -0.0257812500 -0.1204683561
-0.0257812500 -0.0257812500 0.1188724617
-0.0257812500 -0.0171875000 -0.1219380371
-0.0257812500 -0.0171875000 0.1197463166
-0.0257812500 -0.0085937500 -0.1219098581
-0.0257812500 -0.0085937500 0.1197994480
-0.0257812500 0.0000000000 -0.1213275337
-0.0257812500 0.0000000000 0.1193309030
-0.0257812500 0.0067625607 -0.1203125000
-0.0257812500 0.0085937500 -0.1200138699
-0.0257812500 0.0085937500 0.1186477528
-0.0257812500 0.0171875000 -0.1182504461
-0.0257812500 0.0171875000 0.1166314334
-0.0257812500 0.0257812500 -0.1157710335
-0.0257812500 0.0257812500 0.1144678709
-0.0257812500 0.0343750000 -0.1121194481
-0.0257812500 0.0314041144 0.1117187500
-0.0257812500 0.0343750000 0.1101408048
-0.0257812500 0.0352182128 -0.1117187500
-0.0257812500 0.0429687500 -0.1072075960
-0.0257812500 0.0429687500 0.1047673007
-0.0257812500 0.0490949705 -0.1031250000
-0.0257812500 0.0515625000 -0.1015340982
-0.0257812500 0.0453592475 0.1031250000
-0.0257812500 0.0515625000 0.0990379977
-0.0257812500 0.0601562500 -0.0953657145
-0.0257812500 0.0573283209 0.0945312500
-0.0257812500 0.0601562500 0.0926484031
-0.0257812500 0.0611737950 -0.0945312500
-0.0257812500 0.0687500000 -0.0887410997
-0.0329064011 0.0687500000 0.0859375000
-0.0257812500 0.0687500000 0.0864962277
-0.0257812500 0.0724777350 -0.0859375000
-0.0257812500 0.0773437500 -0.0818265900
-0.0257812500 0.0694766921 0.0859375000
-0.0257812500 0.0773437500 0.0791817946
-0.0257812500 0.0817423558 -0.0773437500
-0.0257812500 0.0859375000 -0.0725794710
-0.0257812500 0.0856944350 0.0687500000
-0.0257812500 0.0859375000 0.0684216549
-0.0257812500 0.0790198541 0.0773437500
-0.0257812500 0.0888003753 -0.0687500000
-0.0257812500 0.0939290474 -0.0601562500
-0.0257812500 0.0945312500 -0.0586363714
-0.0257812500 0.0915461930 0.0601562500
-0.0257812500 0.0945312500 0.0549905951
-0.0257812500 0.0966138139 -0.0515625000
-0.0257812500 0.0986723931 -0.0429687500
-0.0257812500 0.0998815468 -0.0343750000
-0.0257812500 0.1006959621 -0.0257812500
-0.0257812500 0.1012028304 -0.0171875000
-0.0257812500 0.1013723372 -0.0085937500
-0.0257812500 0.1012678716 0.0000000000
-0.0257812500 0.1009313406 0.0085937500
-0.0257812500 0.1003189781 0.0171875000
-0.0257812500 0.0995745252 0.0257812500
-0.0257812500 0.0988855044 0.0343750000
-0.0257812500 0.0976459046 0.0429687500
-0.0257812500 0.0959565320 0.0515625000
-0.0243553187 -0.1203125000 -0.0085937500
-0.0171875000 -0.1203910184 0.0000000000
-0.0171875000 -0.1203125000 -0.0021915073
-0.0171875000 -0.1207193538 0.0085937500
-0.0171875000 -0.1207571160 0.0171875000
-0.0171875000 -0.1203326548 0.0257812500
-0.0171875000 -0.1203125000 0.0259084114
-0.0171875000 -0.1140092506 -0.0429687500
-0.0171875000 -0.1117187500 -0.0495777456
-0.0171875000 -0.1166975654 -0.0343750000
-0.0171875000 -0.1181980619 -0.0257812500
-0.0171875000 -0.1193071365 -0.0171875000
-0.0171875000 -0.1200696255 -0.0085937500
-0.0171875000 -0.1187691843 0.0343750000
-0.0171875000 -0.1171979325 0.0429687500
-0.0171875000 -0.1154467238 0.0515625000
-0.0171875000 -0.1135093324 0.0601562500
-0.0171875000 -0.1117187500 0.0656526404
-0.0171875000 -0.1056598498 -0.0687500000
-0.0171875000 -0.1031250000 -0.0751514091
-0.0171875000 -0.1084680629 -0.0601562500
-0.0171875000 -0.1110423225 -0.0515625000
-0.0171875000 -0.1106760192 0.0687500000
-0.0171875000 -0.1064068793 0.0773437500
-0.0171875000 -0.1031250000 0.0808682714
-0.0171875000 -0.0979487897 -0.0859375000
-0.0171875000 -0.0945312500 -0.0922554893
-0.0171875000 -0.1023264767 -0.0773437500
-0.0171875000 -0.0973442523 0.0859375000
-0.0171875000 -0.0945312500 0.0880876937
-0.0171875000 -0.0930280303 -0.0945312500
-0.0171875000 -0.0859375000 -0.1023048391
-0.0171875000 -0.0859375000 0.0938782979
-0.0171875000 -0.0845784657 -0.1031250000
-0.0171875000 -0.0773437500 -0.1067774304
-0.0171875000 -0.0848038449 0.0945312500
-0.0171875000 -0.0773437500 0.0990415437
-0.0171875000 -0.0687500000 -0.1095077396
-0.0171875000 -0.0709476216 0.1031250000
-0.0171875000 -0.0687500000 0.1044712056
-0.0171875000 -0.0609607608 -0.1117187500
-0.0171875000 -0.0601562500 -0.1119735523
-0.0171875000 -0.0601562500 0.1093129690
-0.0171875000 -0.0515625000 -0.1149051377
-0.0171875000 -0.0546078133 0.1117187500
-0.0171875000 -0.0515625000 0.1130300765
-0.0171875000 -0.0429687500 -0.1172963885
-0.0171875000 -0.0429687500 0.1162228594
-0.0171875000 -0.0343750000 -0.1191636632
-0.0171875000 -0.0343750000 0.1184863645
-0.0171875000 -0.0284510818 -0.1203125000
-0.0171875000 -0.0257812500 -0.1207791961
-0.0171875000 -0.0257812500 0.1199625098
-0.0171875000 -0.0171875000 -0.1221972642
-0.0212229822 -0.0171875000 0.1203125000
-0.0171875000 -0.0223065459 0.1203125000
-0.0171875000 -0.0171875000 0.1209288435
-0.0171875000 -0.0085937500 -0.1221855126
-0.0209251823 -0.0085937500 0.1203125000
-0.0171875000 -0.0085937500 0.1208000001
-0.0171875000 0.0000000000 -0.1218061831
-0.0171875000 -0.0006057828 0.1203125000
-0.0171875000 0.0000000000 0.1202790095
-0.0227710344 0.0085937500 -0.1203125000
-0.0171875000 0.0085937500 -0.1208773478
-0.0171875000 0.0085937500 0.1189189839
-0.0171875000 0.0113687770 -0.1203125000
-0.0171875000 0.0171875000 -0.1189970501
-0.0171875000 0.0171875000 0.1168789115
-0.0171875000 0.0257812500 -0.1162778858
-0.0171875000 0.0257812500 0.1146465502
-0.0171875000 0.0343750000 -0.1125615319
-0.0171875000 0.0320421113 0.1117187500
-0.0171875000 0.0343750000 0.1105536773
-0.0171875000 0.0360957802 -0.1117187500
-0.0171875000 0.0429687500 -0.1075801736
-0.0171875000 0.0429687500 0.1056336462
-0.0171875000 0.0493888913 -0.1031250000
-0.0171875000 0.0515625000 -0.1016868734
-0.0171875000 0.0467950709 0.1031250000
-0.0171875000 0.0515625000 0.0999756625
-0.0171875000 0.0601562500 -0.0954050051
-0.0171875000 0.0583475607 0.0945312500
-0.0171875000 0.0601562500 0.0933237751
-0.0171875000 0.0611756787 -0.0945312500
-0.0171875000 0.0687500000 -0.0887750515
-0.0171875000 0.0687500000 0.0871541762
-0.0171875000 0.0724813804 -0.0859375000
-0.0171875000 0.0773437500 -0.0816463352
-0.0171875000 0.0702923573 0.0859375000
-0.0171875000 0.0773437500 0.0795902859
-0.0171875000 0.0816271243 -0.0773437500
-0.0171875000 0.0859375000 -0.0725125773
-0.0216588142 0.0859375000 0.0687500000
-0.0171875000 0.0793610625 0.0773437500
-0.0171875000 0.0859375000 0.0690675416
-0.0171875000 0.0887582109 -0.0687500000
-0.0171875000 0.0940463661 -0.0601562500
-0.0171875000 0.0945312500 -0.0590035150
-0.0171875000 0.0920259516 0.0601562500
-0.0171875000 0.0945312500 0.0556825614
-0.0171875000 0.0861611039 0.0687500000
-0.0171875000 0.0967978513 -0.0515625000
-0.0171875000 0.0988450315 -0.0429687500
-0.0171875000 0.1001057550 -0.0343750000
-0.0171875000 0.1011166164 -0.0257812500
-0.0171875000 0.1015661188 -0.0171875000
-0.0171875000 0.1016896845 -0.0085937500
-0.0171875000 0.1015135331 0.0000000000
-0.0171875000 0.1010197989 0.0085937500
-0.0171875000 0.1003310730 0.0171875000
-0.0171875000 0.0995825533 0.0257812500
-0.0171875000 0.0989565824 0.0343750000
-0.0171875000 0.0977761121 0.0429687500
-0.0171875000 0.0961523688 0.0515625000
-0.0147033564 -0.1203125000 0.0000000000
-0.0085937500 -0.1203658916 0.0085937500
-0.0085937500 -0.1203125000 0.0067289235
-0.0085937500 -0.1205383981 0.0171875000
-0.0166730365 -0.1203125000 0.0257812500
-0.0085937500 -0.1203125000 0.0207358361
-0.0085937500 -0.1138226668 -0.0429687500
-0.0085937500 -0.1117187500 -0.0490419828
-0.0085937500 -0.1163743922 -0.0343750000
-0.0085937500 -0.1178891324 -0.0257812500
-0.0085937500 -0.1189918152 -0.0171875000
-0.0085937500 -0.1197111486 -0.0085937500
-0.0085937500 -0.1201031819 0.0000000000
-0.0085937500 -0.1199286693 0.0257812500
-0.0085937500 -0.1183646137 0.0343750000
-0.0085937500 -0.1169745038 0.0429687500
-0.0085937500 -0.1153256995 0.0515625000
-0.0085937500 -0.1134749813 0.0601562500
-0.0085937500 -0.1117187500 0.0652290031
-0.0085937500 -0.1056083506 -0.0687500000
-0.0085937500 -0.1031250000 -0.0754193644
-0.0085937500 -0.1083532209 -0.0601562500
-0.0085937500 -0.1109000097 -0.0515625000
-0.0085937500 -0.1104201083 0.0687500000
-0.0085937500 -0.1060459200 0.0773437500
-0.0085937500 -0.1031250000 0.0806629427
-0.0085937500 -0.0981945232 -0.0859375000
-0.0085937500 -0.0945312500 -0.0929841778
-0.0085937500 -0.1024528910 -0.0773437500
-0.0085937500 -0.0974722469 0.0859375000
-0.0085937500 -0.0945312500 0.0882004815
-0.0099819144 -0.0859375000 -0.1031250000
-0.0085937500 -0.0861218481 -0.1031250000
-0.0085937500 -0.0859375000 -0.1032750919
-0.0085937500 -0.0935837929 -0.0945312500
-0.0085937500 -0.0859375000 0.0937007485
-0.0085937500 -0.0773437500 -0.1074031322
-0.0085937500 -0.0845147740 0.0945312500
-0.0085937500 -0.0773437500 0.0988685060
-0.0085937500 -0.0687500000 -0.1097801297
-0.0085937500 -0.0709528825 0.1031250000
-0.0085937500 -0.0687500000 0.1045428906
-0.0085937500 -0.0617786841 -0.1117187500
-0.0085937500 -0.0601562500 -0.1122275433
-0.0085937500 -0.0601562500 0.1094711925
-0.0085937500 -0.0515625000 -0.1151572547
-0.0085937500 -0.0552977159 0.1117187500
-0.0085937500 -0.0515625000 0.1134670321
-0.0085937500 -0.0429687500 -0.1174061502
-0.0085937500 -0.0429687500 0.1168218220
-0.0085937500 -0.0343750000 -0.1193295272
-0.0085937500 -0.0343750000 0.1194285718
-0.0085937500 -0.0289481809 -0.1203125000
-0.0085937500 -0.0257812500 -0.1208484547
-0.0140670035 -0.0257812500 0.1203125000
-0.0085937500 -0.0292242426 0.1203125000
-0.0085937500 -0.0257812500 0.1210026163
-0.0085937500 -0.0171875000 -0.1222968796
-0.0085937500 -0.0171875000 0.1219458944
-0.0085937500 -0.0085937500 -0.1223166482
-0.0085937500 -0.0085937500 0.1219182808
-0.0085937500 0.0000000000 -0.1221144497
-0.0168775281 0.0000000000 0.1203125000
-0.0085937500 0.0000000000 0.1212928605
-0.0085937500 0.0085937500 -0.1215479559
-0.0085937500 0.0048205760 0.1203125000
-0.0085937500 0.0085937500 0.1195895718
-0.0085937500 0.0146170792 -0.1203125000
-0.0085937500 0.0171875000 -0.1196938148
-0.0085937500 0.0171875000 0.1173694353
-0.0085937500 0.0257812500 -0.1167040354
-0.0085937500 0.0257812500 0.1149151984
-0.0085937500 0.0343750000 -0.1131176626
-0.0085937500 0.0327095224 0.1117187500
-0.0085937500 0.0343750000 0.1108829584
-0.0085937500 0.0369988628 -0.1117187500
-0.0085937500 0.0429687500 -0.1078275723
-0.0085937500 0.0429687500 0.1062562081
-0.0085937500 0.0497603510 -0.1031250000
-0.0085937500 0.0515625000 -0.1019238850
-0.0085937500 0.0482058178 0.1031250000
-0.0085937500 0.0515625000 0.1010054205
-0.0085937500 0.0601562500 -0.0955249139
-0.0085937500 0.0594544785 0.0945312500
-0.0085937500 0.0601562500 0.0940603775
-0.0085937500 0.0612789517 -0.0945312500
-0.0085937500 0.0687500000 -0.0888606931
-0.0085937500 0.0687500000 0.0878867415
-0.0085937500 0.0726502222 -0.0859375000
-0.0085937500 0.0773437500 -0.0816953917
-0.0085937500 0.0710731651 0.0859375000
-0.0085937500 0.0773437500 0.0800754643
-0.0085937500 0.0815114298 -0.0773437500
-0.0085937500 0.0859375000 -0.0722651939
-0.0085937500 0.0797768981 0.0773437500
-0.0085937500 0.0859375000 0.0698141368
-0.0085937500 0.0887122391 -0.0687500000
-0.0085937500 0.0940631578 -0.0601562500
-0.0085937500 0.0945312500 -0.0590733157
-0.0085937500 0.0924665138 0.0601562500
-0.0085937500 0.0945312500 0.0563204696
-0.0085937500 0.0866875559 0.0687500000
-0.0085937500 0.0969109136 -0.0515625000
-0.0085937500 0.0990099084 -0.0429687500
-0.0085937500 0.1002350314 -0.0343750000
-0.0085937500 0.1012902495 -0.0257812500
-0.0085937500 0.1017925452 -0.0171875000
-0.0085937500 0.1019364444 -0.0085937500
-0.0085937500 0.1015725548 0.0000000000
-0.0085937500 0.1010495415 0.0085937500
-0.0085937500 0.1004306176 0.0171875000
-0.0085937500 0.0997595076 0.0257812500
-0.0085937500 0.0990974992 0.0343750000
-0.0085937500 0.0978477932 0.0429687500
-0.0085937500 0.0963006338 0.0515625000
-0.0073864475 -0.1203125000 0.0085937500
-0.0025398890 -0.1203125000 0.0171875000
0.0000000000 -0.1136324825 -0.0429687500
0.0000000000 -0.1117187500 -0.0487942869
0.0000000000 -0.1159589512 -0.0343750000
0.0000000000 -0.1173444505 -0.0257812500
0.0000000000 -0.1184783834 -0.0171875000
0.0000000000 -0.1192793951 -0.0085937500
0.0000000000 -0.1197137639 0.0000000000
0.0000000000 -0.1199594774 0.0085937500
0.0000000000 -0.1202012496 0.0171875000
0.0000000000 -0.1194427034 0.0257812500
0.0000000000 -0.1179946689 0.0343750000
0.0000000000 -0.1166156155 0.0429687500
0.0000000000 -0.1150753392 0.0515625000
0.0000000000 -0.1133264947 0.0601562500
0.0000000000 -0.1117187500 0.0647996351
0.0000000000 -0.1055917698 -0.0687500000
0.0000000000 -0.1031250000 -0.0752516606
0.0000000000 -0.1083424758 -0.0601562500
0.0000000000 -0.1108646659 -0.0515625000
0.0000000000 -0.1102128515 0.0687500000
0.0000000000 -0.1056286863 0.0773437500
0.0000000000 -0.1031250000 0.0802644658
0.0000000000 -0.0982655752 -0.0859375000
0.0000000000 -0.0945312500 -0.0934900416
0.0000000000 -0.1023843653 -0.0773437500
0.0000000000 -0.0972402948 0.0859375000
0.0000000000 -0.0945312500 0.0881102516
0.0000000000 -0.0868752421 -0.1031250000
0.0000000000 -0.0859375000 -0.1038891138
0.0000000000 -0.0939258703 -0.0945312500
0.0000000000 -0.0859375000 0.0935253044
0.0000000000 -0.0773437500 -0.1079021772
0.0000000000 -0.0842667875 0.0945312500
0.0000000000 -0.0773437500 0.0988384889
0.0000000000 -0.0687500000 -0.1103580247
0.0000000000 -0.0710959695 0.1031250000
0.0000000000 -0.0687500000 0.1046526414
0.0000000000 -0.0635852272 -0.1117187500
0.0000000000 -0.0601562500 -0.1126637312
0.0000000000 -0.0601562500 0.1094820165
0.0000000000 -0.0515625000 -0.1153679392
0.0000000000 -0.0557568721 0.1117187500
0.0000000000 -0.0515625000 0.1139296253
0.0000000000 -0.0429687500 -0.1174352941
0.0000000000 -0.0429687500 0.1173839914
0.0000000000 -0.0343750000 -0.1192226928
0.0000000000 -0.0343750000 0.1202355408
0.0000000000 -0.0280551433 -0.1203125000
0.0000000000 -0.0257812500 -0.1207020801
0.0000000000 -0.0339295990 0.1203125000
0.0000000000 -0.0257812500 0.1218629998
0.0000000000 -0.0171875000 -0.1221950377
0.0000000000 -0.0171875000 0.1228728734
0.0000000000 -0.0085937500 -0.1223032520
0.0000000000 -0.0085937500 0.1227601173
0.0000000000 0.0000000000 -0.1222403495
0.0000000000 0.0000000000 0.1219954165
0.0000000000 0.0085937500 -0.1219613695
-0.0008921470 0.0085937500 0.1203125000
0.0000000000 0.0085937500 0.1204013355
-0.0002833681 0.0171875000 -0.1203125000
0.0000000000 0.0171875000 -0.1203318062
0.0000000000 0.0088848512 0.1203125000
0.0000000000 0.0171875000 0.1179279787
0.0000000000 0.0172497743 -0.1203125000
0.0000000000 0.0257812500 -0.1171932515
0.0000000000 0.0257812500 0.1152705035
0.0000000000 0.0343750000 -0.1134988631
0.0000000000 0.0333284648 0.1117187500
0.0000000000 0.0343750000 0.1111736013
0.0000000000 0.0375547665 -0.1117187500
0.0000000000 0.0429687500 -0.1081530103
0.0000000000 0.0429687500 0.1066799846
0.0000000000 0.0503654178 -0.1031250000
0.0000000000 0.0515625000 -0.1023170404
0.0000000000 0.0491136878 0.1031250000
0.0000000000 0.0515625000 0.1016234872
0.0000000000 0.0601562500 -0.0957067365
-0.0043983371 0.0601562500 0.0945312500
0.0000000000 0.0601562500 0.0951068409
0.0000000000 0.0614736231 -0.0945312500
0.0000000000 0.0687500000 -0.0889163166
0.0000000000 0.0608440127 0.0945312500
0.0000000000 0.0687500000 0.0887592162
0.0000000000 0.0727259187 -0.0859375000
0.0000000000 0.0773437500 -0.0817422495
0.0000000000 0.0719376823 0.0859375000
0.0000000000 0.0773437500 0.0807736323
0.0000000000 0.0815984995 -0.0773437500
0.0000000000 0.0859375000 -0.0723461293
0.0000000000 0.0803504408 0.0773437500
0.0000000000 0.0859375000 0.0705480493
0.0000000000 0.0887872430 -0.0687500000
0.0000000000 0.0942546416 -0.0601562500
0.0000000000 0.0945312500 -0.0595240095
0.0000000000 0.0926837850 0.0601562500
0.0000000000 0.0945312500 0.0564561550
0.0000000000 0.0871717003 0.0687500000
0.0000000000 0.0970004238 -0.0515625000
0.0000000000 0.0991176879 -0.0429687500
0.0000000000 0.1003386628 -0.0343750000
0.0000000000 0.1014666917 -0.0257812500
0.0000000000 0.1019671630 -0.0171875000
0.0000000000 0.1019231639 -0.0085937500
0.0000000000 0.1014042346 0.0000000000
0.0000000000 0.1009519669 0.0085937500
0.0000000000 0.1004708343 0.0171875000
0.0000000000 0.0998081154 0.0257812500
0.0000000000 0.0991311206 0.0343750000
0.0000000000 0.0978377899 0.0429687500
0.0000000000 0.0962387331 0.0515625000
0.0085937500 -0.1133803308 -0.0429687500
0.0085937500 -0.1117187500 -0.0483759998
0.0085937500 -0.1155250423 -0.0343750000
0.0085937500 -0.1169014181 -0.0257812500
0.0085937500 -0.1179266917 -0.0171875000
0.0085937500 -0.1187125495 -0.0085937500
0.0085937500 -0.1192050534 0.0000000000
0.0085937500 -0.1193480181 0.0085937500
0.0085937500 -0.1194216934 0.0171875000
0.0085937500 -0.1187221899 0.0257812500
0.0085937500 -0.1174547507 0.0343750000
0.0085937500 -0.1161945496 0.0429687500
0.0085937500 -0.1147701487 0.0515625000
0.0085937500 -0.1130303423 0.0601562500
0.0085937500 -0.1117187500 0.0636090238
0.0085937500 -0.1055905542 -0.0687500000
0.0085937500 -0.1031250000 -0.0752197911
0.0085937500 -0.1082370749 -0.0601562500
0.0085937500 -0.1107471790 -0.0515625000
0.0085937500 -0.1096418408 0.0687500000
0.0085937500 -0.1052959924 0.0773437500
0.0085937500 -0.1031250000 0.0799287484
0.0085937500 -0.0983401319 -0.0859375000
0.0085937500 -0.0945312500 -0.0938991501
0.0085937500 -0.1024001284 -0.0773437500
0.0085937500 -0.0968025955 0.0859375000
0.0085937500 -0.0945312500 0.0877788416
0.0085937500 -0.0870961463 -0.1031250000
0.0085937500 -0.0859375000 -0.1040791601
0.0085937500 -0.0941705188 -0.0945312500
0.0085937500 -0.0859375000 0.0932563067
0.0085937500 -0.0773437500 -0.1081213049
0.0085937500 -0.0838322673 0.0945312500
0.0085937500 -0.0773437500 0.0986615842
0.0085937500 -0.0687500000 -0.1107172008
0.0085937500 -0.0712338521 0.1031250000
0.0085937500 -0.0687500000 0.1048648123
0.0085937500 -0.0650484099 -0.1117187500
0.0085937500 -0.0601562500 -0.1130736843
0.0085937500 -0.0601562500 0.1096047300
0.0085937500 -0.0515625000 -0.1158110474
0.0085937500 -0.0562041636 0.1117187500
0.0085937500 -0.0515625000 0.1141972727
0.0085937500 -0.0429687500 -0.1176886231
0.0085937500 -0.0429687500 0.1179658493
0.0085937500 -0.0343750000 -0.1193384867
0.0009583865 -0.0343750000 0.1203125000
0.0085937500 -0.0360746982 0.1203125000
0.0085937500 -0.0343750000 0.1209421134
0.0085937500 -0.0286536901 -0.1203125000
0.0085937500 -0.0257812500 -0.1208033350
0.0085937500 -0.0257812500 0.1226364642
0.0085937500 -0.0171875000 -0.1221127241
0.0085937500 -0.0171875000 0.1235503973
0.0085937500 -0.0085937500 -0.1223112612
0.0085937500 -0.0085937500 0.1233605779
0.0085937500 0.0000000000 -0.1224232947
0.0085937500 0.0000000000 0.1225853431
0.0085937500 0.0085937500 -0.1223827029
0.0085937500 0.0085937500 0.1208748599
0.0085937500 0.0171875000 -0.1208339973
0.0085937500 0.0103692026 0.1203125000
0.0085937500 0.0171875000 0.1182885064
0.0085937500 0.0188052097 -0.1203125000
0.0085937500 0.0257812500 -0.1175999462
0.0085937500 0.0257812500 0.1156029620
0.0085937500 0.0343750000 -0.1137999353
0.0085937500 0.0339571425 0.1117187500
0.0085937500 0.0343750000 0.1114923935
0.0085937500 0.0381459621 -0.1117187500
0.0085937500 0.0429687500 -0.1086281416
0.0085937500 0.0429687500 0.1069874090
0.0085937500 0.0510347995 -0.1031250000
0.0085937500 0.0515625000 -0.1027547769
0.0085937500 0.0501279945 0.1031250000
0.0085937500 0.0515625000 0.1023170993
0.0085937500 0.0601562500 -0.0959776048
0.0085937500 0.0601562500 0.0959935019
0.0085937500 0.0617986866 -0.0945312500
0.0085937500 0.0687500000 -0.0891821205
0.0085937500 0.0619566936 0.0945312500
0.0085937500 0.0687500000 0.0893091247
0.0085937500 0.0728049355 -0.0859375000
0.0085937500 0.0773437500 -0.0817708102
0.0085937500 0.0723812430 0.0859375000
0.0085937500 0.0773437500 0.0812943121
0.0085937500 0.0818001070 -0.0773437500
0.0085937500 0.0859375000 -0.0725300964
0.0085937500 0.0807306854 0.0773437500
0.0085937500 0.0859375000 0.0709453619
0.0085937500 0.0888851191 -0.0687500000
0.0085937500 0.0943827332 -0.0601562500
0.0085937500 0.0945312500 -0.0598161819
0.0085937500 0.0925038157 0.0601562500
0.0085937500 0.0945312500 0.0559348358
0.0085937500 0.0874209581 0.0687500000
0.0085937500 0.0970687841 -0.0515625000
0.0085937500 0.0991181766 -0.0429687500
0.0085937500 0.1004088521 -0.0343750000
0.0085937500 0.1014550852 -0.0257812500
0.0085937500 0.1016894642 -0.0171875000
0.0085937500 0.1015263790 -0.0085937500
0.0085937500 0.1011028873 0.0000000000
0.0085937500 0.1008027406 0.0085937500
0.0085937500 0.1002920253 0.0171875000
0.0085937500 0.0996227827 0.0257812500
0.0085937500 0.0989087385 0.0343750000
0.0085937500 0.0975457900 0.0429687500
0.0085937500 0.0960526108 0.0515625000
0.0171875000 -0.1130506233 -0.0429687500
0.0171875000 -0.1117187500 -0.0475608101
0.0171875000 -0.1151526148 -0.0343750000
0.0171875000 -0.1165324933 -0.0257812500
0.0171875000 -0.1174607247 -0.0171875000
0.0171875000 -0.1182368778 -0.0085937500
0.0171875000 -0.1186694491 0.0000000000
0.0171875000 -0.1188184571 0.0085937500
0.0171875000 -0.1188560256 0.0171875000
0.0171875000 -0.1181774578 0.0257812500
0.0171875000 -0.1170270446 0.0343750000
0.0171875000 -0.1158723289 0.0429687500
0.0171875000 -0.1143994968 0.0515625000
0.0171875000 -0.1126027896 0.0601562500
0.0171875000 -0.1117187500 0.0623511825
0.0171875000 -0.1055288897 -0.0687500000
0.0171875000 -0.1031250000 -0.0750628363
0.0171875000 -0.1079602529 -0.0601562500
0.0171875000 -0.1105463560 -0.0515625000
0.0171875000 -0.1090189955 0.0687500000
0.0171875000 -0.1048093240 0.0773437500
0.0171875000 -0.1031250000 0.0795273509
0.0171875000 -0.0984249199 -0.0859375000
0.0171875000 -0.0945312500 -0.0944263643
0.0171875000 -0.1023498803 -0.0773437500
0.0171875000 -0.0962391464 0.0859375000
0.0171875000 -0.0945312500 0.0872854085
0.0171875000 -0.0873041153 -0.1031250000
0.0171875000 -0.0859375000 -0.1042795417
0.0171875000 -0.0944726799 -0.0945312500
0.0171875000 -0.0859375000 0.0929031215
0.0171875000 -0.0773437500 -0.1082669356
0.0171875000 -0.0832053369 0.0945312500
0.0171875000 -0.0773437500 0.0982366083
0.0171875000 -0.0687500000 -0.1109304248
0.0171875000 -0.0708567276 0.1031250000
0.0171875000 -0.0687500000 0.1046876523
0.0171875000 -0.0660594120 -0.1117187500
0.0171875000 -0.0601562500 -0.1134534363
0.0171875000 -0.0601562500 0.1096453452
0.0171875000 -0.0515625000 -0.1162124030
0.0171875000 -0.0565675434 0.1117187500
0.0171875000 -0.0515625000 0.1145346366
0.0171875000 -0.0429687500 -0.1181566089
0.0171875000 -0.0429687500 0.1185579162
0.0171875000 -0.0343750000 -0.1196894876
0.0171875000 -0.0379473831 0.1203125000
0.0171875000 -0.0343750000 0.1216282037
0.0171875000 -0.0310596623 -0.1203125000
0.0171875000 -0.0257812500 -0.1212909275
0.0171875000 -0.0257812500 0.1232552959
0.0171875000 -0.0171875000 -0.1224442996
0.0171875000 -0.0171875000 0.1240454836
0.0171875000 -0.0085937500 -0.1227349487
0.0171875000 -0.0085937500 0.1238082436
0.0171875000 0.0000000000 -0.1228879259
0.0171875000 0.0000000000 0.1229070431
0.0171875000 0.0085937500 -0.1229199915
0.0171875000 0.0085937500 0.1211894724
0.0171875000 0.0171875000 -0.1212562482
0.0171875000 0.0112931949 0.1203125000
0.0171875000 0.0171875000 0.1184353823
0.0171875000 0.0200547785 -0.1203125000
0.0171875000 0.0257812500 -0.1180200020
0.0171875000 0.0257812500 0.1156537463
0.0171875000 0.0343750000 -0.1141994585
0.0171875000 0.0342190798 0.1117187500
0.0171875000 0.0343750000 0.1116332676
0.0171875000 0.0387262634 -0.1117187500
0.0171875000 0.0429687500 -0.1089783908
0.0171875000 0.0429687500 0.1073365444
0.0171875000 0.0512521051 -0.1031250000
0.0171875000 0.0515625000 -0.1028972398
0.0171875000 0.0507826722 0.1031250000
0.0171875000 0.0515625000 0.1026851538
0.0171875000 0.0601562500 -0.0964180994
0.0171875000 0.0601562500 0.0967303207
0.0171875000 0.0622608773 -0.0945312500
0.0171875000 0.0687500000 -0.0894361319
0.0171875000 0.0628905754 0.0945312500
0.0171875000 0.0687500000 0.0896314312
0.0171875000 0.0730285561 -0.0859375000
0.0171875000 0.0773437500 -0.0818587689
0.0171875000 0.0726905533 0.0859375000
0.0171875000 0.0773437500 0.0815560856
0.0171875000 0.0819519775 -0.0773437500
0.0171875000 0.0859375000 -0.0726267445
0.0171875000 0.0808193693 0.0773437500
0.0171875000 0.0859375000 0.0712836214
0.0171875000 0.0889908597 -0.0687500000
0.0171875000 0.0943854178 -0.0601562500
0.0171875000 0.0945312500 -0.0598068957
0.0171875000 0.0921182514 0.0601562500
0.0171875000 0.0945312500 0.0549587657
0.0171875000 0.0875783380 0.0687500000
0.0171875000 0.0969366369 -0.0515625000
0.0171875000 0.0989029301 -0.0429687500
0.0171875000 0.1003082128 -0.0343750000
0.0171875000 0.1011459958 -0.0257812500
0.0171875000 0.1011407401 -0.0171875000
0.0171875000 0.1009039358 -0.0085937500
0.0171875000 0.1006915744 0.0000000000
0.0171875000 0.1004551356 0.0085937500
0.0171875000 0.0999393100 0.0171875000
0.0171875000 0.0992719344 0.0257812500
0.0171875000 0.0985331663 0.0343750000
0.0171875000 0.0971371355 0.0429687500
0.0171875000 0.0956892232 0.0515625000
0.0257812500 -0.1127476601 -0.0429687500
0.0257812500 -0.1117187500 -0.0466335375
0.0257812500 -0.1148329324 -0.0343750000
0.0257812500 -0.1162256925 -0.0257812500
0.0257812500 -0.1172335432 -0.0171875000
0.0257812500 -0.1179125584 -0.0085937500
0.0257812500 -0.1183178910 0.0000000000
0.0257812500 -0.1185067757 0.0085937500
0.0257812500 -0.1185551898 0.0171875000
0.0257812500 -0.1179015891 0.0257812500
0.0257812500 -0.1168513448 0.0343750000
0.0257812500 -0.1156544010 0.0429687500
0.0257812500 -0.1142145182 0.0515625000
0.0257812500 -0.1123365108 0.0601562500
0.0257812500 -0.1117187500 0.0615908572
0.0257812500 -0.1051760250 -0.0687500000
0.0257812500 -0.1031250000 -0.0745444304
0.0257812500 -0.1076720649 -0.0601562500
0.0257812500 -0.1103363339 -0.0515625000
0.0257812500 -0.1085897006 0.0687500000
0.0257812500 -0.1043770134 0.0773437500
0.0257812500 -0.1031250000 0.0790247374
0.0197702328 -0.0945312500 -0.0945312500
0.0257812500 -0.0946443845 -0.0945312500
0.0257812500 -0.0945312500 -0.0947189329
0.0257812500 -0.0984498654 -0.0859375000
0.0257812500 -0.1022260382 -0.0773437500
0.0257812500 -0.0959084330 0.0859375000
0.0257812500 -0.0945312500 0.0870260528
0.0257812500 -0.0873143220 -0.1031250000
0.0257812500 -0.0859375000 -0.1042604872
0.0257812500 -0.0859375000 0.0924083949
0.0257812500 -0.0773437500 -0.1081031166
0.0257812500 -0.0822925059 0.0945312500
0.0257812500 -0.0773437500 0.0976426688
0.0257812500 -0.0687500000 -0.1108560503
0.0257812500 -0.0702810403 0.1031250000
0.0257812500 -0.0687500000 0.1043492096
0.0257812500 -0.0657996046 -0.1117187500
0.0257812500 -0.0601562500 -0.1133944811
0.0257812500 -0.0601562500 0.1097920359
0.0257812500 -0.0515625000 -0.1164238059
0.0257812500 -0.0570365111 0.1117187500
0.0257812500 -0.0515625000 0.1148320639
0.0257812500 -0.0429687500 -0.1185537630
0.0257812500 -0.0429687500 0.1191231171
0.0257812500 -0.0343750000 -0.1201856534
0.0257812500 -0.0397512270 0.1203125000
0.0257812500 -0.0343750000 0.1222777465
0.0257812500 -0.0337640362 -0.1203125000
0.0257812500 -0.0257812500 -0.1218802653
0.0257812500 -0.0257812500 0.1238790257
0.0257812500 -0.0171875000 -0.1228927074
0.0257812500 -0.0171875000 0.1244563403
0.0257812500 -0.0085937500 -0.1232896634
0.0257812500 -0.0085937500 0.1241408063
0.0257812500 0.0000000000 -0.1235134845
0.0257812500 0.0000000000 0.1230552229
0.0257812500 0.0085937500 -0.1235142228
0.0257812500 0.0085937500 0.1212555706
0.0257812500 0.0171875000 -0.1217427527
0.0257812500 0.0116094947 0.1203125000
0.0257812500 0.0171875000 0.1185094720
0.0257812500 0.0217657248 -0.1203125000
0.0257812500 0.0257812500 -0.1187259017
0.0257812500 0.0257812500 0.1154920144
0.0257812500 0.0343750000 -0.1147297634
0.0257812500 0.0342959671 0.1117187500
0.0257812500 0.0343750000 0.1116772758
0.0257812500 0.0394468493 -0.1117187500
0.0257812500 0.0429687500 -0.1095421634
0.0257812500 0.0429687500 0.1073834826
0.0203050107 0.0515625000 -0.1031250000
0.0257812500 0.0515625000 -0.1035109103
0.0257812500 0.0506437201 0.1031250000
0.0257812500 0.0515625000 0.1026282216
0.0257812500 0.0520378941 -0.1031250000
0.0257812500 0.0601562500 -0.0971884059
0.0257812500 0.0601562500 0.0970195215
0.0257812500 0.0632563487 -0.0945312500
0.0257812500 0.0687500000 -0.0900210509
0.0257812500 0.0632528535 0.0945312500
0.0257812500 0.0687500000 0.0897898374
0.0257812500 0.0736042463 -0.0859375000
0.0257812500 0.0773437500 -0.0822427117
0.0257812500 0.0727421614 0.0859375000
0.0257812500 0.0773437500 0.0814306958
0.0257812500 0.0822945994 -0.0773437500
0.0257812500 0.0859375000 -0.0728001941
0.0257812500 0.0805996712 0.0773437500
0.0257812500 0.0859375000 0.0711530184
0.0257812500 0.0889858144 -0.0687500000
0.0257812500 0.0943902465 -0.0601562500
0.0257812500 0.0945312500 -0.0597782741
0.0257812500 0.0915763963 0.0601562500
0.0257812500 0.0945312500 0.0533808441
0.0257812500 0.0874557132 0.0687500000
0.0257812500 0.0966629426 -0.0515625000
0.0257812500 0.0986510694 -0.0429687500
0.0257812500 0.0999308700 -0.0343750000
0.0257812500 0.1006118465 -0.0257812500
0.0257812500 0.1006761769 -0.0171875000
0.0257812500 0.1005571776 -0.0085937500
0.0257812500 0.1002567063 0.0000000000
0.0257812500 0.0999256444 0.0085937500
0.0257812500 0.0993934536 0.0171875000
0.0257812500 0.0987637313 0.0257812500
0.0257812500 0.0979821528 0.0343750000
0.0257812500 0.0966473505 0.0429687500
0.0257812500 0.0951433323 0.0515625000
0.0343750000 -0.1126057094 -0.0429687500
0.0343750000 -0.1117187500 -0.0462845119
0.0343750000 -0.1146826796 -0.0343750000
0.0343750000 -0.1161204236 -0.0257812500
0.0343750000 -0.1171198658 -0.0171875000
0.0343750000 -0.1177555297 -0.0085937500
0.0343750000 -0.1181949583 0.0000000000
0.0343750000 -0.1183590633 0.0085937500
0.0343750000 -0.1184299458 0.0171875000
0.0343750000 -0.1177499110 0.0257812500
0.0343750000 -0.1166587636 0.0343750000
0.0343750000 -0.1154789071 0.0429687500
0.0343750000 -0.1140565864 0.0515625000
0.0343750000 -0.1120353566 0.0601562500
0.0343750000 -0.1117187500 0.0608769704
0.0343750000 -0.1050892235 -0.0687500000
0.0343750000 -0.1031250000 -0.0740101310
0.0343750000 -0.1074637087 -0.0601562500
0.0343750000 -0.1103230406 -0.0515625000
0.0343750000 -0.1082903044 0.0687500000
0.0343750000 -0.1039500902 0.0773437500
0.0343750000 -0.1031250000 0.0784432977
0.0301695137 -0.0945312500 -0.0945312500
0.0343750000 -0.0983948953 -0.0859375000
0.0343750000 -0.0945312500 -0.0942812065
0.0343750000 -0.1019893053 -0.0773437500
0.0343750000 -0.0955720553 0.0859375000
0.0343750000 -0.0945312500 0.0868030196
0.0343750000 -0.0872008840 -0.1031250000
0.0343750000 -0.0859375000 -0.1041275482
0.0343750000 -0.0943937599 -0.0945312500
0.0343750000 -0.0859375000 0.0921156390
0.0343750000 -0.0773437500 -0.1078194904
0.0343750000 -0.0817897989 0.0945312500
0.0343750000 -0.0773437500 0.0973915401
0.0343750000 -0.0687500000 -0.1106651237
0.0343750000 -0.0697701977 0.1031250000
0.0343750000 -0.0687500000 0.1039338558
0.0343750000 -0.0651934114 -0.1117187500
0.0343750000 -0.0601562500 -0.1132706297
0.0343750000 -0.0601562500 0.1096839722
0.0343750000 -0.0515625000 -0.1164715349
0.0343750000 -0.0570127826 0.1117187500
0.0343750000 -0.0515625000 0.1149126240
0.0343750000 -0.0429687500 -0.1189649514
0.0343750000 -0.0429687500 0.1193829970
0.0287002563 -0.0343750000 -0.1203125000
0.0343750000 -0.0357521865 -0.1203125000
0.0343750000 -0.0343750000 -0.1205625061
0.0343750000 -0.0404812547 0.1203125000
0.0343750000 -0.0343750000 0.1225296721
0.0343750000 -0.0257812500 -0.1224366130
0.0343750000 -0.0257812500 0.1240438618
0.0343750000 -0.0171875000 -0.1234169816
0.0343750000 -0.0171875000 0.1246648957
0.0343750000 -0.0085937500 -0.1238836130
0.0343750000 -0.0085937500 0.1244964923
0.0343750000 0.0000000000 -0.1243255378
0.0343750000 0.0000000000 0.1231432561
0.0343750000 0.0085937500 -0.1242839993
0.0343750000 0.0085937500 0.1213375690
0.0343750000 0.0171875000 -0.1224251246
0.0343750000 0.0121181524 0.1203125000
0.0343750000 0.0171875000 0.1186858092
0.0343750000 0.0238128477 -0.1203125000
0.0343750000 0.0257812500 -0.1194860412
0.0343750000 0.0257812500 0.1154958359
0.0343750000 0.0343750000 -0.1154149023
0.0343750000 0.0343351154 0.1117187500
0.0343750000 0.0343750000 0.1116979113
0.0343750000 0.0401161483 -0.1117187500
0.0343750000 0.0429687500 -0.1100865208
0.0343750000 0.0429687500 0.1071720046
0.0343750000 0.0515625000 -0.1042260138
0.0343750000 0.0499580391 0.1031250000
0.0343750000 0.0515625000 0.1022390722
0.0343750000 0.0529612431 -0.1031250000
0.0343750000 0.0601562500 -0.0979549219
0.0343750000 0.0601562500 0.0965290774
0.0343750000 0.0643873022 -0.0945312500
0.0343750000 0.0687500000 -0.0909904170
0.0343750000 0.0628227133 0.0945312500
0.0343750000 0.0687500000 0.0895045216
0.0343750000 0.0745539145 -0.0859375000
0.0343750000 0.0773437500 -0.0829508320
0.0343750000 0.0723134422 0.0859375000
0.0343750000 0.0773437500 0.0809590736
0.0343750000 0.0829345760 -0.0773437500
0.0343750000 0.0859375000 -0.0734627892
0.0343750000 0.0801072502 0.0773437500
0.0343750000 0.0859375000 0.0705339929
0.0343750000 0.0891668116 -0.0687500000
0.0343750000 0.0940698637 -0.0601562500
0.0343750000 0.0945312500 -0.0589354396
0.0340154651 0.0945312500 0.0515625000
0.0343750000 0.0944935748 0.0515625000
0.0343750000 0.0945312500 0.0514029437
0.0343750000 0.0910034814 0.0601562500
0.0343750000 0.0870659314 0.0687500000
0.0343750000 0.0963901411 -0.0515625000
0.0343750000 0.0982022976 -0.0429687500
0.0343750000 0.0994743287 -0.0343750000
0.0343750000 0.1001269574 -0.0257812500
0.0343750000 0.1001712319 -0.0171875000
0.0343750000 0.0999558667 -0.0085937500
0.0343750000 0.0996260176 0.0000000000
0.0343750000 0.0992845770 0.0085937500
0.0343750000 0.0988134509 0.0171875000
0.0343750000 0.0981800430 0.0257812500
0.0343750000 0.0973718453 0.0343750000
0.0343750000 0.0960988420 0.0429687500
0.0429687500 -0.1124526707 -0.0429687500
0.0429687500 -0.1117187500 -0.0454519932
0.0429687500 -0.1147843466 -0.0343750000
0.0429687500 -0.1161051101 -0.0257812500
0.0429687500 -0.1169519210 -0.0171875000
0.0429687500 -0.1176260141 -0.0085937500
0.0429687500 -0.1181272722 0.0000000000
0.0429687500 -0.1182442132 0.0085937500
0.0429687500 -0.1182966526 0.0171875000
0.0429687500 -0.1175494999 0.0257812500
0.0429687500 -0.1164378265 0.0343750000
0.0429687500 -0.1152686971 0.0429687500
0.0429687500 -0.1138183881 0.0515625000
0.0418015509 -0.1117187500 0.0601562500
0.0429687500 -0.1117187500 0.0599474488
0.0429687500 -0.1048741751 -0.0687500000
0.0429687500 -0.1031250000 -0.0736120163
0.0429687500 -0.1072689316 -0.0601562500
0.0429687500 -0.1099817740 -0.0515625000
0.0429687500 -0.1116610745 0.0601562500
0.0429687500 -0.1079744261 0.0687500000
0.0429687500 -0.1035978975 0.0773437500
0.0429687500 -0.1031250000 0.0779572685
0.0429687500 -0.0981695124 -0.0859375000
0.0429687500 -0.0945312500 -0.0932749052
0.0429687500 -0.1018998600 -0.0773437500
0.0429687500 -0.0951009150 0.0859375000
0.0429687500 -0.0945312500 0.0864292779
0.0429687500 -0.0867176124 -0.1031250000
0.0429687500 -0.0859375000 -0.1037519971
0.0429687500 -0.0938030585 -0.0945312500
0.0429687500 -0.0859375000 0.0917366098
0.0429687500 -0.0773437500 -0.1074248196
0.0429687500 -0.0813131947 0.0945312500
0.0429687500 -0.0773437500 0.0972490053
0.0429687500 -0.0687500000 -0.1105506896
0.0429687500 -0.0695444576 0.1031250000
0.0429687500 -0.0687500000 0.1037348711
0.0429687500 -0.0652239405 -0.1117187500
0.0429687500 -0.0601562500 -0.1134649784
0.0429687500 -0.0601562500 0.1092874254
0.0429687500 -0.0515625000 -0.1166125470
0.0429687500 -0.0564339609 0.1117187500
0.0429687500 -0.0515625000 0.1146113147
0.0429687500 -0.0429687500 -0.1194104414
0.0429687500 -0.0429687500 0.1190828505
0.0429687500 -0.0384131832 -0.1203125000
0.0429687500 -0.0343750000 -0.1210783124
0.0429687500 -0.0397450386 0.1203125000
0.0429687500 -0.0343750000 0.1223356713
0.0429687500 -0.0257812500 -0.1227530606
0.0429687500 -0.0257812500 0.1240237736
0.0429687500 -0.0171875000 -0.1240371099
0.0429687500 -0.0171875000 0.1246085906
0.0429687500 -0.0085937500 -0.1246209639
0.0429687500 -0.0085937500 0.1245344157
0.0429687500 0.0000000000 -0.1250719931
0.0429687500 0.0000000000 0.1229099525
0.0429687500 0.0085937500 -0.1247252607
0.0429687500 0.0085937500 0.1210434495
0.0429687500 0.0171875000 -0.1229281785
0.0429687500 0.0112870926 0.1203125000
0.0429687500 0.0171875000 0.1185367540
0.0429687500 0.0253219896 -0.1203125000
0.0429687500 0.0257812500 -0.1201118928
0.0429687500 0.0257812500 0.1151512526
0.0429687500 0.0343750000 -0.1160108416
0.0429687500 0.0336729218 0.1117187500
0.0429687500 0.0343750000 0.1113618083
0.0429687500 0.0409213526 -0.1117187500
0.0429687500 0.0429687500 -0.1106255441
0.0429687500 0.0429687500 0.1069412010
0.0429687500 0.0515625000 -0.1048475968
0.0429687500 0.0489879763 0.1031250000
0.0429687500 0.0515625000 0.1015673863
0.0429687500 0.0538910282 -0.1031250000
0.0429687500 0.0601562500 -0.0986396443
0.0429687500 0.0601562500 0.0956510410
0.0429687500 0.0655253008 -0.0945312500
0.0429687500 0.0687500000 -0.0918968297
0.0429687500 0.0617108039 0.0945312500
0.0429687500 0.0687500000 0.0888144826
0.0429687500 0.0752825426 -0.0859375000
0.0429687500 0.0773437500 -0.0836976529
0.0429687500 0.0713979567 0.0859375000
0.0429687500 0.0773437500 0.0797321882
0.0429687500 0.0837280271 -0.0773437500
0.0429687500 0.0859375000 -0.0743045909
0.0429687500 0.0791709174 0.0773437500
0.0429687500 0.0859375000 0.0691663380
0.0429687500 0.0891678777 -0.0687500000
0.0429687500 0.0933468535 -0.0601562500
0.0429687500 0.0945312500 -0.0567968088
0.0429687500 0.0935017919 0.0515625000
0.0429687500 0.0945312500 0.0470602446
0.0429687500 0.0902252056 0.0601562500
0.0429687500 0.0861982545 0.0687500000
0.0429687500 0.0958251810 -0.0515625000
0.0429687500 0.0976800234 -0.0429687500
0.0429687500 0.0988363394 -0.0343750000
0.0429687500 0.0995069385 -0.0257812500
0.0429687500 0.0995685435 -0.0171875000
0.0429687500 0.0993659641 -0.0085937500
0.0429687500 0.0990071649 0.0000000000
0.0429687500 0.0983769216 0.0085937500
0.0429687500 0.0978281089 0.0171875000
0.0429687500 0.0973375812 0.0257812500
0.0429687500 0.0966010918 0.0343750000
0.0429687500 0.0953102874 0.0429687500
0.0515625000 -0.1124718361 -0.0429687500
0.0515625000 -0.1117187500 -0.0453050327
0.0515625000 -0.1149856173 -0.0343750000
0.0515625000 -0.1161078106 -0.0257812500
0.0515625000 -0.1168503433 -0.0171875000
0.0515625000 -0.1174934365 -0.0085937500
0.0515625000 -0.1179911670 0.0000000000
0.0515625000 -0.1181206892 0.0085937500
0.0515625000 -0.1181312824 0.0171875000
0.0515625000 -0.1173310933 0.0257812500
0.0515625000 -0.1162465218 0.0343750000
0.0515625000 -0.1150537448 0.0429687500
0.0515625000 -0.1137867571 0.0515625000
0.0515625000 -0.1117187500 0.0593208012
0.0515625000 -0.1046637771 -0.0687500000
0.0515625000 -0.1031250000 -0.0728999207
0.0515625000 -0.1070346429 -0.0601562500
0.0515625000 -0.1097562514 -0.0515625000
0.0515625000 -0.1114744128 0.0601562500
0.0515625000 -0.1077621369 0.0687500000
0.0515625000 -0.1033753673 0.0773437500
0.0515625000 -0.1031250000 0.0776611791
0.0515625000 -0.0981577197 -0.0859375000
0.0515625000 -0.0945312500 -0.0926746902
0.0515625000 -0.1016778470 -0.0773437500
0.0515625000 -0.0945697499 0.0859375000
0.0515625000 -0.0945312500 0.0859709545
0.0515625000 -0.0863196204 -0.1031250000
0.0515625000 -0.0859375000 -0.1034339582
0.0515625000 -0.0933686335 -0.0945312500
0.0515625000 -0.0859375000 0.0912523534
0.0515625000 -0.0773437500 -0.1072595118
0.0515625000 -0.0809580109 0.0945312500
0.0515625000 -0.0773437500 0.0972080875
0.0515625000 -0.0687500000 -0.1105539673
0.0515625000 -0.0693310301 0.1031250000
0.0515625000 -0.0687500000 0.1035613247
0.0515625000 -0.0651873862 -0.1117187500
0.0515625000 -0.0601562500 -0.1134585494
0.0515625000 -0.0601562500 0.1089172022
0.0515625000 -0.0515625000 -0.1167289484
0.0515625000 -0.0556781973 0.1117187500
0.0515625000 -0.0515625000 0.1141874290
0.0515625000 -0.0429687500 -0.1197874832
0.0515625000 -0.0429687500 0.1185772789
0.0515625000 -0.0407205010 -0.1203125000
0.0515625000 -0.0343750000 -0.1216890146
0.0515625000 -0.0386701366 0.1203125000
0.0515625000 -0.0343750000 0.1220849594
0.0515625000 -0.0257812500 -0.1233574944
0.0515625000 -0.0257812500 0.1239229043
0.0515625000 -0.0171875000 -0.1245628822
0.0515625000 -0.0171875000 0.1244736820
0.0515625000 -0.0085937500 -0.1250947200
0.0515625000 -0.0085937500 0.1242560979
0.0515625000 0.0000000000 -0.1255738670
0.0515625000 0.0000000000 0.1226131942
0.0515625000 0.0085937500 -0.1250238931
0.0515625000 0.0085937500 0.1206541972
0.0515625000 0.0171875000 -0.1231551635
0.0515625000 0.0098817966 0.1203125000
0.0515625000 0.0171875000 0.1182223513
0.0455103569 0.0257812500 -0.1203125000
0.0515625000 0.0257812500 -0.1207002062
0.0515625000 0.0257812500 0.1148994762
0.0515625000 0.0268274561 -0.1203125000
0.0515625000 0.0343750000 -0.1164581575
0.0515625000 0.0329958434 0.1117187500
0.0515625000 0.0343750000 0.1109899197
0.0515625000 0.0416008853 -0.1117187500
0.0515625000 0.0429687500 -0.1110062572
0.0515625000 0.0429687500 0.1063444817
0.0515625000 0.0515625000 -0.1053322796
0.0515625000 0.0477511396 0.1031250000
0.0515625000 0.0515625000 0.1005508766
0.0515625000 0.0546044237 -0.1031250000
0.0515625000 0.0601562500 -0.0989944429
0.0515625000 0.0601562500 0.0945871519
0.0515625000 0.0659428954 -0.0945312500
0.0515625000 0.0687500000 -0.0922073953
0.0515625000 0.0602293218 0.0945312500
0.0515625000 0.0687500000 0.0877824316
0.0515625000 0.0758958651 -0.0859375000
0.0515625000 0.0773437500 -0.0843528499
0.0515625000 0.0704389038 0.0859375000
0.0515625000 0.0773437500 0.0781340013
0.0515625000 0.0838863270 -0.0773437500
0.0515625000 0.0859375000 -0.0743950609
0.0451914449 0.0859375000 0.0687500000
0.0515625000 0.0847681392 0.0687500000
0.0515625000 0.0859375000 0.0670813534
0.0515625000 0.0779354985 0.0773437500
0.0515625000 0.0889610279 -0.0687500000
0.0515625000 0.0927429583 -0.0601562500
0.0515625000 0.0945312500 -0.0547522405
0.0515625000 0.0924934553 0.0515625000
0.0515625000 0.0945312500 0.0430577299
0.0515625000 0.0891141986 0.0601562500
0.0515625000 0.0952687635 -0.0515625000
0.0515625000 0.0970137612 -0.0429687500
0.0515625000 0.0981373223 -0.0343750000
0.0515625000 0.0986710919 -0.0257812500
0.0515625000 0.0987334483 -0.0171875000
0.0515625000 0.0985310962 -0.0085937500
0.0515625000 0.0981195037 0.0000000000
0.0515625000 0.0974189326 0.0085937500
0.0515625000 0.0968836711 0.0171875000
0.0515625000 0.0964853647 0.0257812500
0.0515625000 0.0958049562 0.0343750000
0.0515625000 0.0945492936 0.0429687500
0.0601562500 -0.1123470673 -0.0429687500
0.0601562500 -0.1117187500 -0.0447770325
0.0601562500 -0.1150008304 -0.0343750000
0.0601562500 -0.1161095591 -0.0257812500
0.0601562500 -0.1167883162 -0.0171875000
0.0601562500 -0.1174495728 -0.0085937500
0.0601562500 -0.1178421644 0.0000000000
0.0601562500 -0.1180183901 0.0085937500
0.0601562500 -0.1180329793 0.0171875000
0.0601562500 -0.1171658883 0.0257812500
0.0601562500 -0.1161131535 0.0343750000
0.0601562500 -0.1149694349 0.0429687500
0.0601562500 -0.1137106264 0.0515625000
0.0601562500 -0.1117187500 0.0589575542
0.0601562500 -0.1044909048 -0.0687500000
0.0601562500 -0.1031250000 -0.0727183808
0.0601562500 -0.1069041041 -0.0601562500
0.0601562500 -0.1095120632 -0.0515625000
0.0601562500 -0.1113681208 0.0601562500
0.0601562500 -0.1076563529 0.0687500000
0.0570810693 -0.1031250000 0.0773437500
0.0601562500 -0.1031250000 0.0770707810
0.0601562500 -0.0982498956 -0.0859375000
0.0601562500 -0.0945312500 -0.0925635582
0.0601562500 -0.1017453073 -0.0773437500
0.0601562500 -0.1029157867 0.0773437500
0.0522806512 -0.0945312500 0.0859375000
0.0601562500 -0.0945312500 0.0854693281
0.0601562500 -0.0860487752 -0.1031250000
0.0601562500 -0.0859375000 -0.1032099503
0.0601562500 -0.0932613544 -0.0945312500
0.0601562500 -0.0938633216 0.0859375000
0.0601562500 -0.0859375000 0.0908306919
0.0601562500 -0.0773437500 -0.1072698749
0.0601562500 -0.0804912516 0.0945312500
0.0601562500 -0.0773437500 0.0970175905
0.0601562500 -0.0687500000 -0.1104989150
0.0601562500 -0.0693104908 0.1031250000
0.0601562500 -0.0687500000 0.1035446770
0.0601562500 -0.0647366217 -0.1117187500
0.0601562500 -0.0601562500 -0.1132091578
0.0601562500 -0.0601562500 0.1087171044
0.0601562500 -0.0515625000 -0.1166894025
0.0601562500 -0.0554167514 0.1117187500
0.0601562500 -0.0515625000 0.1140242167
0.0601562500 -0.0429687500 -0.1199067288
0.0601562500 -0.0429687500 0.1182596447
0.0601562500 -0.0414200976 -0.1203125000
0.0601562500 -0.0343750000 -0.1220326511
0.0601562500 -0.0378546754 0.1203125000
0.0601562500 -0.0343750000 0.1217924678
0.0601562500 -0.0257812500 -0.1238215931
0.0601562500 -0.0257812500 0.1236908708
0.0601562500 -0.0171875000 -0.1249158697
0.0601562500 -0.0171875000 0.1244255839
0.0601562500 -0.0085937500 -0.1253619156
0.0601562500 -0.0085937500 0.1239285065
0.0601562500 0.0000000000 -0.1259388015
0.0601562500 0.0000000000 0.1220899693
0.0601562500 0.0085937500 -0.1251304624
0.0569287441 0.0085937500 0.1203125000
0.0601562500 0.0076572100 0.1203125000
0.0601562500 0.0085937500 0.1200973616
0.0601562500 0.0171875000 -0.1230422361
0.0601562500 0.0171875000 0.1177176795
0.0601562500 0.0257812500 -0.1206723333
0.0601562500 0.0257812500 0.1145031223
0.0601562500 0.0267255216 -0.1203125000
0.0601562500 0.0343750000 -0.1166794319
0.0601562500 0.0324383885 0.1117187500
0.0601562500 0.0343750000 0.1107163921
0.0601562500 0.0425893369 -0.1117187500
0.0601562500 0.0429687500 -0.1115144863
0.0601562500 0.0429687500 0.1058316097
0.0601562500 0.0515625000 -0.1056748242
0.0601562500 0.0470600457 0.1031250000
0.0601562500 0.0515625000 0.0998367426
0.0601562500 0.0549177330 -0.1031250000
0.0601562500 0.0601562500 -0.0991303084
0.0520437858 0.0601562500 0.0945312500
0.0601562500 0.0587916507 0.0945312500
0.0601562500 0.0601562500 0.0935042815
0.0601562500 0.0660983592 -0.0945312500
0.0601562500 0.0687500000 -0.0922129786
0.0601562500 0.0687500000 0.0864997138
0.0601562500 0.0758250015 -0.0859375000
0.0601562500 0.0773437500 -0.0842816630
0.0566513753 0.0773437500 0.0773437500
0.0601562500 0.0768067444 0.0773437500
0.0601562500 0.0773437500 0.0766816998
0.0601562500 0.0692647356 0.0859375000
0.0601562500 0.0835326464 -0.0773437500
0.0601562500 0.0859375000 -0.0734509989
0.0601562500 0.0829023844 0.0687500000
0.0601562500 0.0859375000 0.0646313910
0.0601562500 0.0882307777 -0.0687500000
0.0601562500 0.0918631209 -0.0601562500
0.0601562500 0.0945312500 -0.0522109249
0.0518371119 0.0945312500 0.0429687500
0.0601562500 0.0938168963 0.0429687500
0.0601562500 0.0945312500 0.0391415907
0.0601562500 0.0915131574 0.0515625000
0.0601562500 0.0880603840 0.0601562500
0.0601562500 0.0946866593 -0.0515625000
0.0601562500 0.0963742394 -0.0429687500
0.0601562500 0.0974426795 -0.0343750000
0.0601562500 0.0978175954 -0.0257812500
0.0601562500 0.0978190692 -0.0171875000
0.0601562500 0.0974416669 -0.0085937500
0.0601562500 0.0970310830 0.0000000000
0.0601562500 0.0964675267 0.0085937500
0.0601562500 0.0960225712 0.0171875000
0.0601562500 0.0957343139 0.0257812500
0.0601562500 0.0952244008 0.0343750000
0.0687500000 -0.1122090909 -0.0429687500
0.0687500000 -0.1117187500 -0.0442976032
0.0687500000 -0.1148859750 -0.0343750000
0.0687500000 -0.1160627778 -0.0257812500
0.0687500000 -0.1167599103 -0.0171875000
0.0687500000 -0.1173333677 -0.0085937500
0.0687500000 -0.1176726832 0.0000000000
0.0687500000 -0.1178780189 0.0085937500
0.0687500000 -0.1179033090 0.0171875000
0.0687500000 -0.1171346251 0.0257812500
0.0687500000 -0.1161499217 0.0343750000
0.0687500000 -0.1149186149 0.0429687500
0.0687500000 -0.1135632409 0.0515625000
0.0687500000 -0.1117187500 0.0581686938
0.0687500000 -0.1043875656 -0.0687500000
0.0687500000 -0.1031250000 -0.0727289374
0.0687500000 -0.1067850627 -0.0601562500
0.0687500000 -0.1092922323 -0.0515625000
0.0687500000 -0.1111341336 0.0601562500
0.0687500000 -0.1075389162 0.0687500000
0.0687500000 -0.1031250000 0.0765765550
0.0687500000 -0.0982693654 -0.0859375000
0.0687500000 -0.0945312500 -0.0926960481
0.0687500000 -0.1018877064 -0.0773437500
0.0687500000 -0.1025162574 0.0773437500
0.0687500000 -0.0945312500 0.0849733821
0.0622108394 -0.0859375000 -0.1031250000
0.0687500000 -0.0933353418 -0.0945312500
0.0687500000 -0.0859375000 -0.1027885044
0.0687500000 -0.0931363955 0.0859375000
0.0687500000 -0.0859375000 0.0904419616
0.0687500000 -0.0854715187 -0.1031250000
0.0687500000 -0.0773437500 -0.1071905241
0.0687500000 -0.0799448493 0.0945312500
0.0687500000 -0.0773437500 0.0966419889
0.0687500000 -0.0687500000 -0.1101620935
0.0687500000 -0.0692819889 0.1031250000
0.0687500000 -0.0687500000 0.1035410671
0.0687500000 -0.0638290988 -0.1117187500
0.0687500000 -0.0601562500 -0.1129752350
0.0687500000 -0.0601562500 0.1086177484
0.0687500000 -0.0515625000 -0.1166317608
0.0687500000 -0.0551113578 0.1117187500
0.0687500000 -0.0515625000 0.1137421529
0.0687500000 -0.0429687500 -0.1199326746
0.0687500000 -0.0429687500 0.1177541181
0.0687500000 -0.0416930045 -0.1203125000
0.0687500000 -0.0343750000 -0.1223485153
0.0687500000 -0.0369233366 0.1203125000
0.0687500000 -0.0343750000 0.1214759944
0.0687500000 -0.0257812500 -0.1241659798
0.0687500000 -0.0257812500 0.1234301389
0.0687500000 -0.0171875000 -0.1251470049
0.0687500000 -0.0171875000 0.1241915126
0.0687500000 -0.0085937500 -0.1256554711
0.0687500000 -0.0085937500 0.1234969354
0.0687500000 0.0000000000 -0.1262713785
0.0687500000 0.0000000000 0.1213380962
0.0687500000 0.0085937500 -0.1251769850
0.0687500000 0.0042551823 0.1203125000
0.0687500000 0.0085937500 0.1193448988
0.0687500000 0.0171875000 -0.1229483345
0.0687500000 0.0171875000 0.1171353249
0.0687500000 0.0257812500 -0.1205213045
0.0687500000 0.0257812500 0.1139614945
0.0687500000 0.0263242546 -0.1203125000
0.0687500000 0.0343750000 -0.1168127722
0.0687500000 0.0311615269 0.1117187500
0.0687500000 0.0343750000 0.1101131420
0.0633603380 0.0429687500 -0.1117187500
0.0687500000 0.0429687500 -0.1120775449
0.0687500000 0.0429687500 0.1052885998
0.0687500000 0.0434808663 -0.1117187500
0.0687500000 0.0515625000 -0.1060148606
0.0687500000 0.0462708946 0.1031250000
0.0687500000 0.0515625000 0.0990673411
0.0687500000 0.0552689347 -0.1031250000
0.0687500000 0.0601562500 -0.0992733640
0.0687500000 0.0575636827 0.0945312500
0.0687500000 0.0601562500 0.0925786654
0.0687500000 0.0662252142 -0.0945312500
0.0687500000 0.0687500000 -0.0921512145
0.0647276496 0.0687500000 0.0859375000
0.0687500000 0.0681071485 0.0859375000
0.0687500000 0.0687500000 0.0853308612
0.0687500000 0.0749052884 -0.0859375000
0.0687500000 0.0773437500 -0.0832074651
0.0687500000 0.0756624903 0.0773437500
0.0687500000 0.0773437500 0.0753464274
0.0687500000 0.0824803928 -0.0773437500
0.0687500000 0.0859375000 -0.0716178930
0.0687500000 0.0817310882 0.0687500000
0.0687500000 0.0859375000 0.0629406153
0.0687500000 0.0872623146 -0.0687500000
0.0687500000 0.0906194065 -0.0601562500
0.0617467092 0.0945312500 -0.0515625000
0.0687500000 0.0935585726 -0.0515625000
0.0687500000 0.0945312500 -0.0479642163
0.0687500000 0.0929402952 0.0429687500
0.0687500000 0.0945312500 0.0351629131
0.0687500000 0.0906627368 0.0515625000
0.0687500000 0.0872651789 0.0601562500
0.0687500000 0.0955141918 -0.0429687500
0.0687500000 0.0965632016 -0.0343750000
0.0687500000 0.0967680534 -0.0257812500
0.0687500000 0.0966354661 -0.0171875000
0.0687500000 0.0963931557 -0.0085937500
0.0687500000 0.0960436113 0.0000000000
0.0687500000 0.0956263415 0.0085937500
0.0687500000 0.0952749847 0.0171875000
0.0687500000 0.0951137124 0.0257812500
0.0687500000 0.0946565250 0.0343750000
0.0773437500 -0.1119972377 -0.0429687500
0.0773437500 -0.1117187500 -0.0437421051
0.0773437500 -0.1146693223 -0.0343750000
0.0773437500 -0.1159092395 -0.0257812500
0.0773437500 -0.1166476965 -0.0171875000
0.0773437500 -0.1171574059 -0.0085937500
0.0773437500 -0.1174624450 0.0000000000
0.0773437500 -0.1176531373 0.0085937500
0.0773437500 -0.1177990442 0.0171875000
0.0773437500 -0.1171821938 0.0257812500
0.0773437500 -0.1162122259 0.0343750000
0.0773437500 -0.1149298617 0.0429687500
0.0773437500 -0.1134764275 0.0515625000
0.0773437500 -0.1117187500 0.0573876247
0.0773437500 -0.1042784957 -0.0687500000
0.0773437500 -0.1031250000 -0.0725808027
0.0773437500 -0.1067799026 -0.0601562500
0.0773437500 -0.1092031064 -0.0515625000
0.0773437500 -0.1108629357 0.0601562500
0.0773437500 -0.1074622081 0.0687500000
0.0773437500 -0.1031250000 0.0760355458
0.0773437500 -0.0981340449 -0.0859375000
0.0773437500 -0.0945312500 -0.0924897005
0.0773437500 -0.1019476743 -0.0773437500
0.0773437500 -0.1019988133 0.0773437500
0.0773437500 -0.0945312500 0.0842599831
0.0773437500 -0.0931712233 -0.0945312500
0.0773437500 -0.0859375000 -0.1027110508
0.0773437500 -0.0921361998 0.0859375000
0.0773437500 -0.0859375000 0.0900284383
0.0773437500 -0.0853699286 -0.1031250000
0.0773437500 -0.0773437500 -0.1070598898
0.0773437500 -0.0793015516 0.0945312500
0.0773437500 -0.0773437500 0.0961330440
0.0773437500 -0.0687500000 -0.1099525585
0.0773437500 -0.0687562763 0.1031250000
0.0773437500 -0.0687500000 0.1031300315
0.0773437500 -0.0632015172 -0.1117187500
0.0773437500 -0.0601562500 -0.1127892282
0.0773437500 -0.0601562500 0.1082665793
0.0773437500 -0.0515625000 -0.1167133452
0.0773437500 -0.0543973614 0.1117187500
0.0773437500 -0.0515625000 0.1132682616
0.0773437500 -0.0429687500 -0.1201066174
0.0773437500 -0.0429687500 0.1172987717
0.0773437500 -0.0422692143 -0.1203125000
0.0773437500 -0.0343750000 -0.1224739789
0.0773437500 -0.0361270982 0.1203125000
0.0773437500 -0.0343750000 0.1211359848
0.0773437500 -0.0257812500 -0.1243110043
0.0773437500 -0.0257812500 0.1230449278
0.0773437500 -0.0171875000 -0.1253626646
0.0773437500 -0.0171875000 0.1238275627
0.0773437500 -0.0085937500 -0.1260097033
0.0773437500 -0.0085937500 0.1229393899
0.0773437500 0.0000000000 -0.1265303199
0.0773437500 0.0000000000 0.1206141855
0.0773437500 0.0085937500 -0.1251630721
0.0773437500 0.0012884884 0.1203125000
0.0773437500 0.0085937500 0.1187666997
0.0773437500 0.0171875000 -0.1228957992
0.0773437500 0.0171875000 0.1165211635
0.0743518754 0.0257812500 -0.1203125000
0.0773437500 0.0254100991 -0.1203125000
0.0773437500 0.0257812500 -0.1201884778
0.0773437500 0.0257812500 0.1133894463
0.0773437500 0.0343750000 -0.1166812232
0.0773437500 0.0297627562 0.1117187500
0.0773437500 0.0343750000 0.1094646586
0.0773437500 0.0429687500 -0.1120190249
0.0773437500 0.0429687500 0.1045390791
0.0773437500 0.0434230238 -0.1117187500
0.0773437500 0.0515625000 -0.1059857729
0.0773437500 0.0451180744 0.1031250000
0.0773437500 0.0515625000 0.0981527261
0.0773437500 0.0552152709 -0.1031250000
0.0773437500 0.0601562500 -0.0992295611
0.0773437500 0.0563022860 0.0945312500
0.0773437500 0.0601562500 0.0916877238
0.0773437500 0.0657377544 -0.0945312500
0.0773437500 0.0687500000 -0.0914456070
0.0773437500 0.0670243809 0.0859375000
0.0773437500 0.0687500000 0.0841651108
0.0773437500 0.0737788478 -0.0859375000
0.0773437500 0.0773437500 -0.0817328317
0.0773437500 0.0743924722 0.0773437500
0.0773437500 0.0773437500 0.0739306074
0.0773437500 0.0811218414 -0.0773437500
0.0773437500 0.0859375000 -0.0699017015
0.0773437500 0.0806883154 0.0687500000
0.0773437500 0.0859375000 0.0614857797
0.0773437500 0.0864887610 -0.0687500000
0.0773437500 0.0897515210 -0.0601562500
0.0773437500 0.0925355583 -0.0515625000
0.0773437500 0.0945312500 -0.0430721881
0.0704635828 0.0945312500 0.0343750000
0.0773437500 0.0938548513 0.0343750000
0.0773437500 0.0945312500 0.0259111642
0.0773437500 0.0918977914 0.0429687500
0.0773437500 0.0896242577 0.0515625000
0.0773437500 0.0865814699 0.0601562500
0.0773437500 0.0945494328 -0.0429687500
0.0773437500 0.0954384598 -0.0343750000
0.0773437500 0.0958109768 -0.0257812500
0.0773437500 0.0956793695 -0.0171875000
0.0773437500 0.0955624581 -0.0085937500
0.0773437500 0.0952706796 0.0000000000
0.0773437500 0.0948545390 0.0085937500
0.0773437500 0.0945803242 0.0171875000
0.0773437500 0.0945391931 0.0257812500
0.0859375000 -0.1117736613 -0.0429687500
0.0859375000 -0.1117187500 -0.0431418586
0.0859375000 -0.1143106633 -0.0343750000
0.0859375000 -0.1155001828 -0.0257812500
0.0859375000 -0.1162808774 -0.0171875000
0.0859375000 -0.1168547076 -0.0085937500
0.0859375000 -0.1172307767 0.0000000000
0.0859375000 -0.1174449406 0.0085937500
0.0859375000 -0.1176174111 0.0171875000
0.0859375000 -0.1170437392 0.0257812500
0.0859375000 -0.1160842196 0.0343750000
0.0859375000 -0.1147230671 0.0429687500
0.0859375000 -0.1133757105 0.0515625000
0.0859375000 -0.1117187500 0.0569901757
0.0859375000 -0.1043884654 -0.0687500000
0.0859375000 -0.1031250000 -0.0729064737
0.0859375000 -0.1067825523 -0.0601562500
0.0859375000 -0.1092797082 -0.0515625000
0.0859375000 -0.1107242809 0.0601562500
0.0859375000 -0.1072163709 0.0687500000
0.0859375000 -0.1031250000 0.0752385584
0.0859375000 -0.0980308921 -0.0859375000
0.0859375000 -0.0945312500 -0.0922237017
0.0859375000 -0.1019839411 -0.0773437500
0.0859375000 -0.1011673730 0.0773437500
0.0859375000 -0.0945312500 0.0833985338
0.0859375000 -0.0929672182 -0.0945312500
0.0859375000 -0.0859375000 -0.1023671273
0.0859375000 -0.0910731786 0.0859375000
0.0859375000 -0.0859375000 0.0894502840
0.0859375000 -0.0848270917 -0.1031250000
0.0859375000 -0.0773437500 -0.1069715831
0.0859375000 -0.0785195505 0.0945312500
0.0859375000 -0.0773437500 0.0955218178
0.0859375000 -0.0687500000 -0.1098496285
0.0774386904 -0.0687500000 0.1031250000
0.0859375000 -0.0687500000 0.1026423892
0.0859375000 -0.0629120399 -0.1117187500
0.0859375000 -0.0601562500 -0.1126905793
0.0859375000 -0.0679738440 0.1031250000
0.0859375000 -0.0601562500 0.1077955931
0.0859375000 -0.0515625000 -0.1168832678
0.0859375000 -0.0536206221 0.1117187500
0.0859375000 -0.0515625000 0.1128539349
0.0859375000 -0.0429687500 -0.1200653191
0.0859375000 -0.0429687500 0.1169944752
0.0859375000 -0.0421666934 -0.1203125000
0.0859375000 -0.0343750000 -0.1225347076
0.0859375000 -0.0352613655 0.1203125000
0.0859375000 -0.0343750000 0.1207209484
0.0859375000 -0.0257812500 -0.1243458212
0.0859375000 -0.0257812500 0.1227601822
0.0859375000 -0.0171875000 -0.1255956057
0.0859375000 -0.0171875000 0.1233598170
0.0859375000 -0.0085937500 -0.1263805594
0.0859375000 -0.0085937500 0.1222661977
0.0859375000 0.0000000000 -0.1269040130
0.0806515007 0.0000000000 0.1203125000
0.0859375000 -0.0017856425 0.1203125000
0.0859375000 0.0000000000 0.1198760315
0.0859375000 0.0085937500 -0.1251907379
0.0859375000 0.0085937500 0.1181265602
0.0859375000 0.0171875000 -0.1229042344
0.0859375000 0.0171875000 0.1159753755
0.0859375000 0.0246625138 -0.1203125000
0.0859375000 0.0257812500 -0.1199221847
0.0859375000 0.0257812500 0.1130058236
0.0859375000 0.0343750000 -0.1163425768
0.0859375000 0.0289020917 0.1117187500
0.0859375000 0.0343750000 0.1091114953
0.0839236951 0.0429687500 -0.1117187500
0.0859375000 0.0428065297 -0.1117187500
0.0859375000 0.0429687500 -0.1116218783
0.0859375000 0.0429687500 0.1040473454
0.0859375000 0.0515625000 -0.1057270138
0.0859375000 0.0443654800 0.1031250000
0.0859375000 0.0515625000 0.0975712767
0.0859375000 0.0548922981 -0.1031250000
0.0859375000 0.0601562500 -0.0988739808
0.0859375000 0.0553167638 0.0945312500
0.0859375000 0.0601562500 0.0905892106
0.0859375000 0.0650103530 -0.0945312500
0.0859375000 0.0687500000 -0.0905297968
0.0859375000 0.0656711886 0.0859375000
0.0859375000 0.0687500000 0.0829773146
0.0859375000 0.0727020401 -0.0859375000
0.0859375000 0.0773437500 -0.0803570656
0.0859375000 0.0734521098 0.0773437500
0.0859375000 0.0773437500 0.0727419366
0.0859375000 0.0799798542 -0.0773437500
0.0849504213 0.0859375000 -0.0687500000
0.0859375000 0.0858352764 -0.0687500000
0.0859375000 0.0859375000 -0.0685399295
0.0844270020 0.0859375000 0.0601562500
0.0859375000 0.0857207947 0.0601562500
0.0859375000 0.0859375000 0.0596798323
0.0859375000 0.0798606546 0.0687500000
0.0859375000 0.0890259643 -0.0601562500
0.0859375000 0.0916197349 -0.0515625000
0.0775006651 0.0945312500 -0.0429687500
0.0859375000 0.0931905823 -0.0429687500
0.0849252209 0.0945312500 -0.0343750000
0.0859375000 0.0943663447 -0.0343750000
0.0859375000 0.0945312500 -0.0325880226
0.0848602338 0.0945312500 0.0000000000
0.0859375000 0.0944007349 0.0000000000
0.0859375000 0.0945312500 -0.0028591482
0.0810889463 0.0945312500 0.0085937500
0.0859375000 0.0940213762 0.0085937500
0.0779661922 0.0945312500 0.0171875000
0.0859375000 0.0937564592 0.0171875000
0.0774357878 0.0945312500 0.0257812500
0.0859375000 0.0935865966 0.0257812500
0.0859375000 0.0926937216 0.0343750000
0.0859375000 0.0906892500 0.0429687500
0.0859375000 0.0885237013 0.0515625000
0.0859375000 0.0949853207 -0.0257812500
0.0859375000 0.0948932138 -0.0171875000
0.0859375000 0.0947402624 -0.0085937500
0.0945312500 -0.1118060059 -0.0429687500
0.0945312500 -0.1117187500 -0.0432512743
0.0945312500 -0.1141868560 -0.0343750000
0.0945312500 -0.1153247442 -0.0257812500
0.0945312500 -0.1160619695 -0.0171875000
0.0945312500 -0.1165950011 -0.0085937500
0.0945312500 -0.1170927885 0.0000000000
0.0945312500 -0.1173022879 0.0085937500
0.0945312500 -0.1174229810 0.0171875000
0.0945312500 -0.1168126164 0.0257812500
0.0945312500 -0.1158281567 0.0343750000
0.0945312500 -0.1145226422 0.0429687500
0.0945312500 -0.1130857094 0.0515625000
0.0945312500 -0.1117187500 0.0561018549
0.0945312500 -0.1047618939 -0.0687500000
0.0945312500 -0.1031250000 -0.0737423711
0.0945312500 -0.1069362519 -0.0601562500
0.0945312500 -0.1092996020 -0.0515625000
0.0945312500 -0.1104383326 0.0601562500
0.0945312500 -0.1068676954 0.0687500000
0.0945312500 -0.1031250000 0.0742280739
0.0945312500 -0.0980041635 -0.0859375000
0.0945312500 -0.0945312500 -0.0915981914
0.0945312500 -0.1020762048 -0.0773437500
0.0945312500 -0.0999203835 0.0773437500
0.0945312500 -0.0945312500 0.0823126489
0.0945312500 -0.0924611726 -0.0945312500
0.0945312500 -0.0859375000 -0.1020571256
0.0945312500 -0.0899055434 0.0859375000
0.0945312500 -0.0859375000 0.0887425529
0.0945312500 -0.0843179419 -0.1031250000
0.0945312500 -0.0773437500 -0.1067650143
0.0945312500 -0.0776496358 0.0945312500
0.0945312500 -0.0773437500 0.0947922198
0.0945312500 -0.0687500000 -0.1095106832
0.0945312500 -0.0687500000 0.1020226167
0.0945312500 -0.0618932023 -0.1117187500
0.0945312500 -0.0601562500 -0.1123735270
0.0945312500 -0.0670679041 0.1031250000
0.0945312500 -0.0601562500 0.1073759346
0.0945312500 -0.0515625000 -0.1169027581
0.0945312500 -0.0529600876 0.1117187500
0.0945312500 -0.0515625000 0.1125171832
0.0945312500 -0.0429687500 -0.1201318713
0.0945312500 -0.0429687500 0.1167557027
0.0945312500 -0.0424134288 -0.1203125000
0.0945312500 -0.0343750000 -0.1225971220
0.0945312500 -0.0348794932 0.1203125000
0.0945312500 -0.0343750000 0.1205411368
0.0945312500 -0.0257812500 -0.1243985982
0.0945312500 -0.0257812500 0.1223906369
0.0945312500 -0.0171875000 -0.1258453541
0.0945312500 -0.0171875000 0.1228217869
0.0945312500 -0.0085937500 -0.1268095845
0.0945312500 -0.0085937500 0.1216737066
0.0945312500 0.0000000000 -0.1273793650
0.0945312500 -0.0039259238 0.1203125000
0.0945312500 0.0000000000 0.1193336129
0.0945312500 0.0085937500 -0.1255294460
0.0945312500 0.0085937500 0.1176022884
0.0945312500 0.0171875000 -0.1228924182
0.0945312500 0.0171875000 0.1155347835
0.0945312500 0.0239771058 -0.1203125000
0.0945312500 0.0257812500 -0.1196275911
0.0945312500 0.0257812500 0.1127281850
0.0945312500 0.0343750000 -0.1159265683
0.0945312500 0.0284541481 0.1117187500
0.0945312500 0.0343750000 0.1090893042
0.0945312500 0.0422685303 -0.1117187500
0.0945312500 0.0429687500 -0.1113086389
0.0945312500 0.0429687500 0.1038713821
0.0945312500 0.0515625000 -0.1055377896
0.0945312500 0.0440262972 0.1031250000
0.0945312500 0.0515625000 0.0967095156
0.0945312500 0.0543839576 -0.1031250000
0.0945312500 0.0601562500 -0.0982458297
0.0945312500 0.0542238169 0.0945312500
0.0945312500 0.0601562500 0.0893867771
0.0945312500 0.0641512863 -0.0945312500
0.0945312500 0.0687500000 -0.0895311283
0.0945312500 0.0640280274 0.0859375000
0.0945312500 0.0687500000 0.0816033213
0.0945312500 0.0718497794 -0.0859375000
0.0945312500 0.0773437500 -0.0791581471
0.0945312500 0.0724895128 0.0773437500
0.0945312500 0.0773437500 0.0718889295
0.0945312500 0.0788960228 -0.0773437500
0.0945312500 0.0850192175 -0.0687500000
0.0945312500 0.0859375000 -0.0668333374
0.0945312500 0.0843693954 0.0601562500
0.0945312500 0.0859375000 0.0564413327
0.0945312500 0.0792569200 0.0687500000
0.0945312500 0.0882766005 -0.0601562500
0.0945312500 0.0906512335 -0.0515625000
0.0945312500 0.0921852620 -0.0429687500
0.0945312500 0.0932321237 -0.0343750000
0.0907710524 0.0945312500 -0.0257812500
0.0945312500 0.0940360922 -0.0257812500
0.0909514590 0.0945312500 -0.0171875000
0.0945312500 0.0941840333 -0.0171875000
0.0886044136 0.0945312500 -0.0085937500
0.0945312500 0.0939423839 -0.0085937500
0.0945312500 0.0934911443 0.0000000000
0.0945312500 0.0931537362 0.0085937500
0.0945312500 0.0928616741 0.0171875000
0.0945312500 0.0924429325 0.0257812500
0.0945312500 0.0913986797 0.0343750000
0.0945312500 0.0894913573 0.0429687500
0.0945312500 0.0874768920 0.0515625000
0.1031250000 -0.1118803903 -0.0429687500
0.1031250000 -0.1117187500 -0.0434967953
0.1031250000 -0.1142128389 -0.0343750000
0.1031250000 -0.1152174520 -0.0257812500
0.1031250000 -0.1160000593 -0.0171875000
0.1031250000 -0.1164889705 -0.0085937500
0.1031250000 -0.1169455718 0.0000000000
0.1031250000 -0.1172504745 0.0085937500
0.1031250000 -0.1173666764 0.0171875000
0.1031250000 -0.1166955346 0.0257812500
0.1031250000 -0.1156881748 0.0343750000
0.1031250000 -0.1143367745 0.0429687500
0.1031250000 -0.1126501884 0.0515625000
0.1031250000 -0.1117187500 0.0546950763
0.1031250000 -0.1049512940 -0.0687500000
0.1031250000 -0.1031250000 -0.0742304557
0.1031250000 -0.1071757024 -0.0601562500
0.1031250000 -0.1093232305 -0.0515625000
0.1031250000 -0.1100014324 0.0601562500
0.1031250000 -0.1062291441 0.0687500000
0.1031250000 -0.1031250000 0.0728963770
0.1031250000 -0.0977189540 -0.0859375000
0.1031250000 -0.0945312500 -0.0908263919
0.1031250000 -0.1021758306 -0.0773437500
0.1031250000 -0.0981999163 0.0773437500
0.1031250000 -0.0945312500 0.0809529267
0.1031250000 -0.0919285576 -0.0945312500
0.1031250000 -0.0859375000 -0.1016522058
0.1031250000 -0.0887516624 0.0859375000
0.1031250000 -0.0859375000 0.0880734127
0.1031250000 -0.0837047593 -0.1031250000
0.1031250000 -0.0773437500 -0.1065145685
0.0970918575 -0.0773437500 0.0945312500
0.1031250000 -0.0773437500 0.0939810656
0.1031250000 -0.0687500000 -0.1092661142
0.1031250000 -0.0765947631 0.0945312500
0.1031250000 -0.0687500000 0.1012644519
0.1031250000 -0.0613294096 -0.1117187500
0.1031250000 -0.0601562500 -0.1121757540
0.1031250000 -0.0659336517 0.1031250000
0.1031250000 -0.0601562500 0.1068131057
0.1031250000 -0.0515625000 -0.1166785681
0.1031250000 -0.0519550176 0.1117187500
0.1031250000 -0.0515625000 0.1119452660
0.1031250000 -0.0429687500 -0.1199808505
0.1031250000 -0.0429687500 0.1163909781
0.1031250000 -0.0420145727 -0.1203125000
0.1031250000 -0.0343750000 -0.1225844632
0.1031250000 -0.0345889526 0.1203125000
0.1031250000 -0.0343750000 0.1204098682
0.1031250000 -0.0257812500 -0.1243793123
0.1031250000 -0.0257812500 0.1220818267
0.1031250000 -0.0171875000 -0.1259722820
0.1031250000 -0.0171875000 0.1223103052
0.1031250000 -0.0085937500 -0.1272366123
0.1031250000 -0.0085937500 0.1213501383
0.1031250000 0.0000000000 -0.1277346080
0.1031250000 -0.0049245098 0.1203125000
0.1031250000 0.0000000000 0.1190753120
0.1031250000 0.0085937500 -0.1258994014
0.1031250000 0.0085937500 0.1171743517
0.1031250000 0.0171875000 -0.1229861305
0.1031250000 0.0171875000 0.1151870953
0.1031250000 0.0235527732 -0.1203125000
0.1031250000 0.0257812500 -0.1194050930
0.1031250000 0.0257812500 0.1124100246
0.1031250000 0.0343750000 -0.1157280692
0.1031250000 0.0276065214 0.1117187500
0.1031250000 0.0343750000 0.1087739750
0.1031250000 0.0417429990 -0.1117187500
0.1031250000 0.0429687500 -0.1110209668
0.1031250000 0.0429687500 0.1033222777
0.1031250000 0.0515625000 -0.1052620516
0.1031250000 0.0432349573 0.1031250000
0.1031250000 0.0515625000 0.0955919015
0.1031250000 0.0539949137 -0.1031250000
0.1031250000 0.0601562500 -0.0976119542
0.1031250000 0.0528595089 0.0945312500
0.1031250000 0.0601562500 0.0882699295
0.1031250000 0.0631918386 -0.0945312500
0.1031250000 0.0687500000 -0.0884545785
0.1031250000 0.0626116991 0.0859375000
0.1031250000 0.0687500000 0.0804591827
0.1031250000 0.0709747073 -0.0859375000
0.1031250000 0.0773437500 -0.0781037346
0.1031250000 0.0716128803 0.0773437500
0.1031250000 0.0773437500 0.0708309541
0.1031250000 0.0779800924 -0.0773437500
0.1031250000 0.0839855399 -0.0687500000
0.1031250000 0.0859375000 -0.0646156671
0.1031250000 0.0833031443 0.0601562500
0.1031250000 0.0859375000 0.0531099569
0.1031250000 0.0785483113 0.0687500000
0.1031250000 0.0874109583 -0.0601562500
0.1031250000 0.0897210559 -0.0515625000
0.1031250000 0.0912115999 -0.0429687500
0.1031250000 0.0921451503 -0.0343750000
0.1031250000 0.0928826274 -0.0257812500
0.1031250000 0.0931336021 -0.0171875000
0.1031250000 0.0931256414 -0.0085937500
0.1031250000 0.0926335678 0.0000000000
0.1031250000 0.0921944366 0.0085937500
0.1031250000 0.0917606663 0.0171875000
0.1031250000 0.0911704844 0.0257812500
0.1031250000 0.0900216669 0.0343750000
0.1031250000 0.0882805169 0.0429687500
0.1031250000 0.0864040332 0.0515625000
0.1117187500 -0.1119630373 -0.0429687500
0.1117187500 -0.1117187500 -0.0438594881
0.1117187500 -0.1142519849 -0.0343750000
0.1117187500 -0.1152764385 -0.0257812500
0.1117187500 -0.1159496896 -0.0171875000
0.1117187500 -0.1163839609 -0.0085937500
0.1117187500 -0.1168410811 0.0000000000
0.1117187500 -0.1172500065 0.0085937500
0.1117187500 -0.1174588751 0.0171875000
0.1117187500 -0.1166631819 0.0257812500
0.1117187500 -0.1155446372 0.0343750000
0.1117187500 -0.1140945601 0.0429687500
0.1117187500 -0.1121472385 0.0515625000
0.1117187500 -0.1117187500 0.0529527659
0.1117187500 -0.1050712554 -0.0687500000
0.1117187500 -0.1031250000 -0.0746273352
0.1117187500 -0.1073860428 -0.0601562500
0.1117187500 -0.1096091529 -0.0515625000
0.1117187500 -0.1093211656 0.0601562500
0.1117187500 -0.1053467896 0.0687500000
0.1117187500 -0.1031250000 0.0714181437
0.1117187500 -0.0972964936 -0.0859375000
0.1117187500 -0.0945312500 -0.0901395523
0.1117187500 -0.1022634075 -0.0773437500
0.1117187500 -0.0961387205 0.0773437500
0.1117187500 -0.0945312500 0.0790695862
0.1117187500 -0.0914375727 -0.0945312500
0.1117187500 -0.0859375000 -0.1010789758
0.1117187500 -0.0872831057 0.0859375000
0.1117187500 -0.0859375000 0.0870568521
0.1117187500 -0.0828525126 -0.1031250000
0.1117187500 -0.0773437500 -0.1061811481
0.1117187500 -0.0773437500 0.0930769341
0.1117187500 -0.0687500000 -0.1091266241
0.1117187500 -0.0754770335 0.0945312500
0.1117187500 -0.0687500000 0.1004153836
0.1117187500 -0.0609019873 -0.1117187500
0.1117187500 -0.0601562500 -0.1120007278
0.1117187500 -0.0645307583 0.1031250000
0.1117187500 -0.0601562500 0.1059353446
0.1117187500 -0.0515625000 -0.1161041791
0.1053054297 -0.0515625000 0.1117187500
0.1117187500 -0.0515625000 0.1109839635
0.1117187500 -0.0429687500 -0.1195959654
0.1117187500 -0.0503212170 0.1117187500
0.1117187500 -0.0429687500 0.1157918121
0.1117187500 -0.0410332502 -0.1203125000
0.1117187500 -0.0343750000 -0.1224555707
0.1057638157 -0.0343750000 0.1203125000
0.1117187500 -0.0343750000 0.1200697487
0.1117187500 -0.0257812500 -0.1242968072
0.1117187500 -0.0332055733 0.1203125000
0.1117187500 -0.0257812500 0.1218113427
0.1117187500 -0.0171875000 -0.1260699698
0.1117187500 -0.0171875000 0.1219675288
0.1117187500 -0.0085937500 -0.1273473652
0.1117187500 -0.0085937500 0.1211151279
0.1117187500 0.0000000000 -0.1276126516
0.1117187500 -0.0055157839 0.1203125000
0.1117187500 0.0000000000 0.1189428796
0.1117187500 0.0085937500 -0.1260169135
0.1117187500 0.0085937500 0.1168990315
0.1117187500 0.0171875000 -0.1231129037
0.1117187500 0.0171875000 0.1148251725
0.1117187500 0.0239416418 -0.1203125000
0.1117187500 0.0257812500 -0.1195527327
0.1117187500 0.0257812500 0.1120684041
0.1117187500 0.0343750000 -0.1156832432
0.1117187500 0.0266999465 0.1117187500
0.1117187500 0.0343750000 0.1081472280
0.1117187500 0.0414493336 -0.1117187500
0.1117187500 0.0429687500 -0.1108459220
0.1045867550 0.0429687500 0.1031250000
0.1117187500 0.0416309867 0.1031250000
0.1117187500 0.0429687500 0.1019825422
0.1117187500 0.0515625000 -0.1045414813
0.1099925206 0.0515625000 0.0945312500
0.1117187500 0.0512735673 0.0945312500
0.1117187500 0.0515625000 0.0942758553
0.1117187500 0.0530991447 -0.1031250000
0.1117187500 0.0601562500 -0.0964946313
0.1117187500 0.0601562500 0.0869606304
0.1117187500 0.0619980901 -0.0945312500
0.1117187500 0.0687500000 -0.0873723467
0.1117187500 0.0612493948 0.0859375000
0.1117187500 0.0687500000 0.0795470687
0.1117187500 0.0700574476 -0.0859375000
0.1108531154 0.0773437500 -0.0773437500
0.1117187500 0.0772552532 -0.0773437500
0.1117187500 0.0773437500 -0.0772193380
0.1117187500 0.0708531483 0.0773437500
0.1117187500 0.0773437500 0.0694383417
0.1117187500 0.0829938686 -0.0687500000
0.1117187500 0.0859375000 -0.0623320252
0.1068538511 0.0859375000 0.0515625000
0.1117187500 0.0851652580 0.0515625000
0.1117187500 0.0859375000 0.0486884643
0.1117187500 0.0820878760 0.0601562500
0.1117187500 0.0777073802 0.0687500000
0.1117187500 0.0866151416 -0.0601562500
0.1117187500 0.0887550064 -0.0515625000
0.1117187500 0.0901686960 -0.0429687500
0.1117187500 0.0911397114 -0.0343750000
0.1117187500 0.0917733121 -0.0257812500
0.1117187500 0.0920155193 -0.0171875000
0.1117187500 0.0919758537 -0.0085937500
0.1117187500 0.0916898815 0.0000000000
0.1117187500 0.0912737039 0.0085937500
0.1117187500 0.0907161513 0.0171875000
0.1117187500 0.0900111842 0.0257812500
0.1117187500 0.0888428305 0.0343750000
0.1117187500 0.0871759913 0.0429687500
0.1203125000 -0.1121804360 -0.0429687500
0.1203125000 -0.1117187500 -0.0447664775
0.1203125000 -0.1143087804 -0.0343750000
0.1203125000 -0.1152988292 -0.0257812500
0.1203125000 -0.1159283660 -0.0171875000
0.1203125000 -0.1163684042 -0.0085937500
0.1203125000 -0.1168027645 0.0000000000
0.1203125000 -0.1172665789 0.0085937500
0.1203125000 -0.1174770066 0.0171875000
0.1203125000 -0.1167574165 0.0257812500
0.1203125000 -0.1155010372 0.0343750000
0.1203125000 -0.1137260106 0.0429687500
0.1195919783 -0.1117187500 0.0515625000
0.1203125000 -0.1117187500 0.0514038894
0.1203125000 -0.1051984407 -0.0687500000
0.1203125000 -0.1031250000 -0.0746726291
0.1203125000 -0.1076221794 -0.0601562500
0.1203125000 -0.1099118258 -0.0515625000
0.1203125000 -0.1116755369 0.0515625000
0.1203125000 -0.1085878002 0.0601562500
0.1203125000 -0.1037698621 0.0687500000
0.1203125000 -0.1031250000 0.0694525382
0.1203125000 -0.0968636454 -0.0859375000
0.1203125000 -0.0945312500 -0.0893452595
0.1203125000 -0.1021981891 -0.0773437500
0.1187277482 -0.0945312500 0.0773437500
0.1203125000 -0.0945312500 0.0769707157
0.1203125000 -0.0908280383 -0.0945312500
0.1203125000 -0.0859375000 -0.1004341522
0.1203125000 -0.0941129676 0.0773437500
0.1170991614 -0.0859375000 0.0859375000
0.1203125000 -0.0859375000 0.0851573795
0.1203125000 -0.0820377178 -0.1031250000
0.1203125000 -0.0773437500 -0.1058465446
0.1203125000 -0.0848968910 0.0859375000
0.1203125000 -0.0773437500 0.0915235607
0.1203125000 -0.0687500000 -0.1090057240
0.1203125000 -0.0738790797 0.0945312500
0.1203125000 -0.0687500000 0.0992250784
0.1203125000 -0.0612289891 -0.1117187500
0.1203125000 -0.0601562500 -0.1121284760
0.1203125000 -0.0627883079 0.1031250000
0.1203125000 -0.0601562500 0.1048745582
0.1203125000 -0.0515625000 -0.1155507149
0.1203125000 -0.0515625000 0.1099448289
0.1203125000 -0.0429687500 -0.1192078440
0.1203125000 -0.0485978072 0.1117187500
0.1203125000 -0.0429687500 0.1147974423
0.1203125000 -0.0399694770 -0.1203125000
0.1203125000 -0.0343750000 -0.1221092258
0.1203125000 -0.0343750000 0.1192287451
0.1203125000 -0.0257812500 -0.1240966152
0.1203125000 -0.0300334578 0.1203125000
0.1203125000 -0.0257812500 0.1213180415
0.1203125000 -0.0171875000 -0.1260340098
0.1203125000 -0.0171875000 0.1215239430
0.1203125000 -0.0085937500 -0.1273216291
0.1203125000 -0.0085937500 0.1207039647
0.1203125000 0.0000000000 -0.1273816528
0.1203125000 -0.0069371623 0.1203125000
0.1203125000 0.0000000000 0.1186303168
0.1203125000 0.0085937500 -0.1260360482
0.1203125000 0.0085937500 0.1166210902
0.1203125000 0.0171875000 -0.1232933046
0.1203125000 0.0171875000 0.1144093414
0.1203125000 0.0242218154 -0.1203125000
0.1203125000 0.0257812500 -0.1196415027
0.1175442677 0.0257812500 0.1117187500
0.1203125000 0.0252676714 0.1117187500
0.1203125000 0.0257812500 0.1115187647
0.1203125000 0.0343750000 -0.1158324289
0.1203125000 0.0343750000 0.1071467757
0.1203125000 0.0419833649 -0.1117187500
0.1203125000 0.0429687500 -0.1110899961
0.1203125000 0.0397257042 0.1031250000
0.1203125000 0.0429687500 0.1002276756
0.1203125000 0.0515625000 -0.1037711722
0.1203125000 0.0495917978 0.0945312500
0.1203125000 0.0515625000 0.0929021509
0.1203125000 0.0522321457 -0.1031250000
0.1203125000 0.0601562500 -0.0950892162
0.1185572159 0.0601562500 0.0859375000
0.1203125000 0.0598713319 0.0859375000
0.1203125000 0.0601562500 0.0857109903
0.1203125000 0.0606388293 -0.0945312500
0.1203125000 0.0687500000 -0.0859934070
0.1203125000 0.0687500000 0.0785935651
0.1203125000 0.0688022773 -0.0859375000
0.1203125000 0.0762684803 -0.0773437500
0.1203125000 0.0773437500 -0.0758840607
0.1158134605 0.0773437500 0.0687500000
0.1203125000 0.0767269281 0.0687500000
0.1203125000 0.0773437500 0.0678807216
0.1203125000 0.0699706099 0.0773437500
0.1203125000 0.0819601326 -0.0687500000
0.1203125000 0.0859375000 -0.0602082403
0.1203125000 0.0838656394 0.0515625000
0.1203125000 0.0859375000 0.0436425812
0.1203125000 0.0810002470 0.0601562500
0.1203125000 0.0859535131 -0.0601562500
0.1203125000 0.0878837226 -0.0515625000
0.1203125000 0.0891913921 -0.0429687500
0.1203125000 0.0901223344 -0.0343750000
0.1203125000 0.0907041071 -0.0257812500
0.1203125000 0.0908487395 -0.0171875000
0.1203125000 0.0908081349 -0.0085937500
0.1203125000 0.0906098064 0.0000000000
0.1203125000 0.0902327764 0.0085937500
0.1203125000 0.0895845316 0.0171875000
0.1203125000 0.0888043977 0.0257812500
0.1203125000 0.0876499070 0.0343750000
0.1203125000 0.0860872439 0.0429687500
0.1289062500 -0.1124459682 -0.0429687500
0.1289062500 -0.1117187500 -0.0458905390
0.1289062500 -0.1145694076 -0.0343750000
0.1289062500 -0.1154380446 -0.0257812500
0.1289062500 -0.1159878231 -0.0171875000
0.1289062500 -0.1164422306 -0.0085937500
0.1289062500 -0.1168724628 0.0000000000
0.1289062500 -0.1173091691 0.0085937500
0.1289062500 -0.1175350220 0.0171875000
0.1289062500 -0.1168511442 0.0257812500
0.1289062500 -0.1154689019 0.0343750000
0.1289062500 -0.1134617180 0.0429687500
0.1289062500 -0.1117187500 0.0502097112
0.1289062500 -0.1051211398 -0.0687500000
0.1289062500 -0.1031250000 -0.0741470796
0.1289062500 -0.1077849579 -0.0601562500
0.1289062500 -0.1102190548 -0.0515625000
0.1289062500 -0.1113480541 0.0515625000
0.1289062500 -0.1078601518 0.0601562500
0.1232904507 -0.1031250000 0.0687500000
0.1289062500 -0.1031250000 0.0669289000
0.1289062500 -0.0962421829 -0.0859375000
0.1289062500 -0.0945312500 -0.0884358400
0.1289062500 -0.1019311831 -0.0773437500
0.1289062500 -0.1014704040 0.0687500000
0.1289062500 -0.0945312500 0.0752091651
0.1289062500 -0.0900750095 -0.0945312500
0.1289062500 -0.0859375000 -0.0995961180
0.1289062500 -0.0921499848 0.0773437500
0.1289062500 -0.0859375000 0.0832778066
0.1289062500 -0.0810726283 -0.1031250000
0.1289062500 -0.0773437500 -0.1053870749
0.1289062500 -0.0823767311 0.0859375000
0.1289062500 -0.0773437500 0.0899994902
0.1289062500 -0.0687500000 -0.1088535631
0.1289062500 -0.0723938667 0.0945312500
0.1289062500 -0.0687500000 0.0979759849
0.1289062500 -0.0608272784 -0.1117187500
0.1289062500 -0.0601562500 -0.1119538201
0.1289062500 -0.0611105416 0.1031250000
0.1289062500 -0.0601562500 0.1037881173
0.1289062500 -0.0515625000 -0.1150841887
0.1289062500 -0.0515625000 0.1087482720
0.1289062500 -0.0429687500 -0.1189574548
0.1289062500 -0.0466322439 0.1117187500
0.1289062500 -0.0429687500 0.1136779444
0.1289062500 -0.0389936219 -0.1203125000
0.1289062500 -0.0343750000 -0.1216600232
0.1289062500 -0.0343750000 0.1178871222
0.1289062500 -0.0257812500 -0.1236678769
0.1273689596 -0.0257812500 0.1203125000
0.1289062500 -0.0257812500 0.1200540625
0.1289062500 -0.0171875000 -0.1259922150
0.1284905725 -0.0171875000 0.1203125000
0.1289062500 -0.0171875000 0.1202413684
0.1289062500 -0.0085937500 -0.1272650795
0.1228471688 -0.0085937500 0.1203125000
0.1289062500 -0.0085937500 0.1192871373
0.1289062500 0.0000000000 -0.1270958370
0.1289062500 0.0000000000 0.1175185428
0.1289062500 0.0085937500 -0.1258914209
0.1289062500 0.0085937500 0.1159362432
0.1289062500 0.0171875000 -0.1234282384
0.1289062500 0.0171875000 0.1138398391
0.1289062500 0.0242424398 -0.1203125000
0.1289062500 0.0257812500 -0.1196506130
0.1289062500 0.0232483349 0.1117187500
0.1289062500 0.0257812500 0.1107188203
0.1289062500 0.0343750000 -0.1159172328
0.1289062500 0.0343750000 0.1057381830
0.1289062500 0.0423621536 -0.1117187500
0.1289062500 0.0429687500 -0.1112969289
0.1289062500 0.0376536901 0.1031250000
0.1289062500 0.0429687500 0.0982858562
0.1259516200 0.0515625000 -0.1031250000
0.1289062500 0.0511455468 -0.1031250000
0.1289062500 0.0515625000 -0.1027384539
0.1289062500 0.0478016606 0.0945312500
0.1289062500 0.0515625000 0.0916782812
0.1229890768 0.0601562500 -0.0945312500
0.1289062500 0.0589500149 -0.0945312500
0.1289062500 0.0601562500 -0.0932054740
0.1289062500 0.0584699032 0.0859375000
0.1289062500 0.0601562500 0.0846069996
0.1206162438 0.0687500000 -0.0859375000
0.1289062500 0.0670430538 -0.0859375000
0.1289062500 0.0687500000 -0.0839600315
0.1289062500 0.0687500000 0.0775872594
0.1289062500 0.0748230439 -0.0773437500
0.1289062500 0.0773437500 -0.0739267611
0.1289062500 0.0753449766 0.0687500000
0.1289062500 0.0773437500 0.0656073519
0.1289062500 0.0689840126 0.0773437500
0.1289062500 0.0805011513 -0.0687500000
0.1204417330 0.0859375000 -0.0601562500
0.1289062500 0.0842539306 -0.0601562500
0.1289062500 0.0859375000 -0.0551451140
0.1214014074 0.0859375000 0.0429687500
0.1289062500 0.0847037436 0.0429687500
0.1289062500 0.0859375000 0.0372282910
0.1289062500 0.0824975581 0.0515625000
0.1289062500 0.0797738086 0.0601562500
0.1289062500 0.0867011695 -0.0515625000
0.1289062500 0.0879292625 -0.0429687500
0.1289062500 0.0888459753 -0.0343750000
0.1289062500 0.0894017414 -0.0257812500
0.1289062500 0.0896541150 -0.0171875000
0.1289062500 0.0896351973 -0.0085937500
0.1289062500 0.0893806157 0.0000000000
0.1289062500 0.0889410550 0.0085937500
0.1289062500 0.0883573098 0.0171875000
0.1289062500 0.0875501822 0.0257812500
0.1289062500 0.0864584873 0.0343750000
0.1375000000 -0.1127838992 -0.0429687500
0.1375000000 -0.1117187500 -0.0471829654
0.1375000000 -0.1148030540 -0.0343750000
0.1375000000 -0.1156582133 -0.0257812500
0.1375000000 -0.1162082064 -0.0171875000
0.1375000000 -0.1166215645 -0.0085937500
0.1375000000 -0.1170281438 0.0000000000
0.1375000000 -0.1174530535 0.0085937500
0.1375000000 -0.1176060274 0.0171875000
0.1375000000 -0.1168513199 0.0257812500
0.1375000000 -0.1154400530 0.0343750000
0.1375000000 -0.1133249307 0.0429687500
0.1375000000 -0.1117187500 0.0490513662
0.1375000000 -0.1048671844 -0.0687500000
0.1375000000 -0.1031250000 -0.0729961472
0.1375000000 -0.1079273009 -0.0601562500
0.1375000000 -0.1105180597 -0.0515625000
0.1375000000 -0.1109645692 0.0515625000
0.1375000000 -0.1071452636 0.0601562500
0.1375000000 -0.1031250000 0.0652577247
0.1375000000 -0.0956028265 -0.0859375000
0.1375000000 -0.0945312500 -0.0875825316
0.1375000000 -0.1013407002 -0.0773437500
0.1375000000 -0.0998502559 0.0687500000
0.1375000000 -0.0945312500 0.0738356346
0.1375000000 -0.0893584719 -0.0945312500
0.1375000000 -0.0859375000 -0.0986856239
0.1375000000 -0.0904726801 0.0773437500
0.1375000000 -0.0859375000 0.0815640694
0.1375000000 -0.0797797700 -0.1031250000
0.1375000000 -0.0773437500 -0.1046084891
0.1375000000 -0.0804771118 0.0859375000
0.1375000000 -0.0773437500 0.0887455586
0.1375000000 -0.0687500000 -0.1084958637
0.1375000000 -0.0708479833 0.0945312500
0.1375000000 -0.0687500000 0.0964441992
0.1328734797 -0.0601562500 -0.1117187500
0.1375000000 -0.0601562500 -0.1114395593
0.1331702645 -0.0601562500 0.1031250000
0.1375000000 -0.0601562500 0.1024284462
0.1375000000 -0.0594037372 -0.1117187500
0.1375000000 -0.0515625000 -0.1148091042
0.1375000000 -0.0588832894 0.1031250000
0.1375000000 -0.0515625000 0.1073889540
0.1375000000 -0.0429687500 -0.1185942362
0.1375000000 -0.0443375724 0.1117187500
0.1375000000 -0.0429687500 0.1124311817
0.1375000000 -0.0376309946 -0.1203125000
0.1375000000 -0.0343750000 -0.1212204294
0.1375000000 -0.0343750000 0.1163441300
0.1375000000 -0.0257812500 -0.1231694417
0.1375000000 -0.0257812500 0.1182367641
0.1375000000 -0.0171875000 -0.1256671117
0.1375000000 -0.0171875000 0.1181845396
0.1375000000 -0.0085937500 -0.1270838501
0.1375000000 -0.0085937500 0.1174996031
0.1375000000 0.0000000000 -0.1268464096
0.1375000000 0.0000000000 0.1161913516
0.1375000000 0.0085937500 -0.1255271135
0.1375000000 0.0085937500 0.1149048903
0.1375000000 0.0171875000 -0.1233722349
0.1375000000 0.0171875000 0.1129617091
0.1375000000 0.0245091142 -0.1203125000
0.1375000000 0.0257812500 -0.1197916757
0.1375000000 0.0204953943 0.1117187500
0.1375000000 0.0257812500 0.1095252430
0.1375000000 0.0343750000 -0.1160745001
0.1375000000 0.0343750000 0.1041424413
0.1375000000 0.0425238315 -0.1117187500
0.1375000000 0.0429687500 -0.1113677193
0.1375000000 0.0356814390 0.1031250000
0.1375000000 0.0429687500 0.0970591259
0.1375000000 0.0501366089 -0.1031250000
0.1375000000 0.0515625000 -0.1016903945
0.1375000000 0.0464430254 0.0945312500
0.1375000000 0.0515625000 0.0907097212
0.1375000000 0.0574517895 -0.0945312500
0.1375000000 0.0601562500 -0.0913349196
0.1375000000 0.0571784896 0.0859375000
0.1375000000 0.0601562500 0.0835093846
0.1375000000 0.0652388154 -0.0859375000
0.1375000000 0.0687500000 -0.0819469297
0.1305815910 0.0687500000 0.0773437500
0.1375000000 0.0675687148 0.0773437500
0.1375000000 0.0687500000 0.0759900046
0.1375000000 0.0729291177 -0.0773437500
0.1375000000 0.0773437500 -0.0712059772
0.1375000000 0.0736097642 0.0687500000
0.1375000000 0.0773437500 0.0625697389
0.1375000000 0.0787658123 -0.0687500000
0.1375000000 0.0822857496 -0.0601562500
0.1341169165 0.0859375000 -0.0515625000
0.1375000000 0.0851446421 -0.0515625000
0.1375000000 0.0859375000 -0.0480182494
0.1324299448 0.0859375000 0.0343750000
0.1375000000 0.0850658017 0.0343750000
0.1375000000 0.0859375000 0.0285316775
0.1375000000 0.0831019039 0.0429687500
0.1375000000 0.0809820659 0.0515625000
0.1375000000 0.0784121793 0.0601562500
0.1375000000 0.0866745078 -0.0429687500
0.1375000000 0.0875707770 -0.0343750000
0.1375000000 0.0880545675 -0.0257812500
0.1375000000 0.0882839869 -0.0171875000
0.1375000000 0.0882837515 -0.0085937500
0.1375000000 0.0880842243 0.0000000000
0.1375000000 0.0876402043 0.0085937500
0.1375000000 0.0870526856 0.0171875000
0.1375000000 0.0862965375 0.0257812500
0.1460937500 -0.1131935598 -0.0429687500
0.1460937500 -0.1117187500 -0.0486411490
0.1460937500 -0.1150375182 -0.0343750000
0.1460937500 -0.1159193741 -0.0257812500
0.1460937500 -0.1164524877 -0.0171875000
0.1460937500 -0.1168896429 -0.0085937500
0.1460937500 -0.1172361184 0.0000000000
0.1460937500 -0.1176056449 0.0085937500
0.1460937500 -0.1177833175 0.0171875000
0.1460937500 -0.1168453213 0.0257812500
0.1460937500 -0.1154175529 0.0343750000
0.1460937500 -0.1131711871 0.0429687500
0.1460937500 -0.1117187500 0.0481087625
0.1460937500 -0.1045691228 -0.0687500000
0.1460937500 -0.1031250000 -0.0720114740
0.1460937500 -0.1079856896 -0.0601562500
0.1460937500 -0.1108693301 -0.0515625000
0.1460937500 -0.1105700015 0.0515625000
0.1460937500 -0.1063904545 0.0601562500
0.1460937500 -0.1031250000 0.0639646459
0.1460937500 -0.0951730512 -0.0859375000
0.1460937500 -0.0945312500 -0.0869666129
0.1460937500 -0.1007264245 -0.0773437500
0.1460937500 -0.0984307531 0.0687500000
0.1460937500 -0.0945312500 0.0724671629
0.1460937500 -0.0887386751 -0.0945312500
0.1460937500 -0.0859375000 -0.0979655022
0.1460937500 -0.0889154908 0.0773437500
0.1460937500 -0.0859375000 0.0801335933
0.1460937500 -0.0789854234 -0.1031250000
0.1460937500 -0.0773437500 -0.1041149557
0.1460937500 -0.0787878142 0.0859375000
0.1460937500 -0.0773437500 0.0872164975
0.1460937500 -0.0687500000 -0.1079789655
0.1460937500 -0.0691409375 0.0945312500
0.1460937500 -0.0687500000 0.0948979585
0.1460937500 -0.0601562500 -0.1109816171
0.1460937500 -0.0601562500 0.1008510325
0.1460937500 -0.0583295889 -0.1117187500
0.1460937500 -0.0515625000 -0.1145225408
0.1460937500 -0.0560265992 0.1031250000
0.1460937500 -0.0515625000 0.1057694572
0.1460937500 -0.0429687500 -0.1180427148
0.1424601353 -0.0429687500 0.1117187500
0.1460937500 -0.0429687500 0.1111292054
0.1460937500 -0.0356223440 -0.1203125000
0.1460937500 -0.0343750000 -0.1206483987
0.1460937500 -0.0416171362 0.1117187500
0.1460937500 -0.0343750000 0.1146832644
0.1460937500 -0.0257812500 -0.1225743375
0.1460937500 -0.0257812500 0.1162171170
0.1460937500 -0.0171875000 -0.1248889596
0.1460937500 -0.0171875000 0.1161619314
0.1460937500 -0.0085937500 -0.1264584573
0.1460937500 -0.0085937500 0.1156052539
0.1460937500 0.0000000000 -0.1262227613
0.1460937500 0.0000000000 0.1147682870
0.1460937500 0.0085937500 -0.1249768304
0.1460937500 0.0085937500 0.1136508994
0.1460937500 0.0171875000 -0.1230041486
0.1450026887 0.0171875000 0.1117187500
0.1460937500 0.0163900853 0.1117187500
0.1460937500 0.0171875000 0.1115005329
0.1460937500 0.0244020459 -0.1203125000
0.1460937500 0.0257812500 -0.1197950463
0.1460937500 0.0257812500 0.1076529593
0.1460937500 0.0343750000 -0.1160513249
0.1422248979 0.0343750000 0.1031250000
0.1460937500 0.0330470735 0.1031250000
0.1460937500 0.0343750000 0.1022461704
0.1460937500 0.0417917498 -0.1117187500
0.1460937500 0.0429687500 -0.1106971640
0.1460937500 0.0429687500 0.0958224656
0.1460937500 0.0492253352 -0.1031250000
0.1460937500 0.0515625000 -0.1005552251
0.1460937500 0.0448347764 0.0945312500
0.1460937500 0.0515625000 0.0894030839
0.1460937500 0.0563257703 -0.0945312500
0.1460937500 0.0601562500 -0.0899207920
0.1460937500 0.0554841869 0.0859375000
0.1460937500 0.0601562500 0.0819821742
0.1460937500 0.0637423712 -0.0859375000
0.1460937500 0.0687500000 -0.0799554339
0.1460937500 0.0654845728 0.0773437500
0.1460937500 0.0687500000 0.0735623675
0.1460937500 0.0710384773 -0.0773437500
0.1442167709 0.0773437500 -0.0687500000
0.1460937500 0.0768067675 -0.0687500000
0.1460937500 0.0773437500 -0.0675967931
0.1436717019 0.0773437500 0.0601562500
0.1460937500 0.0767969951 0.0601562500
0.1460937500 0.0773437500 0.0585660196
0.1460937500 0.0717657967 0.0687500000
0.1460937500 0.0800295673 -0.0601562500
0.1460937500 0.0828215201 -0.0515625000
0.1421347667 0.0859375000 -0.0429687500
0.1460937500 0.0849473561 -0.0429687500
0.1460937500 0.0859375000 -0.0366236073
0.1443770031 0.0859375000 0.0171875000
0.1460937500 0.0855748493 0.0171875000
0.1460937500 0.0859375000 0.0135169002
0.1398153340 0.0859375000 0.0257812500
0.1460937500 0.0847683766 0.0257812500
0.1460937500 0.0835331779 0.0343750000
0.1460937500 0.0816402742 0.0429687500
0.1460937500 0.0792909721 0.0515625000
0.1460937500 0.0861649101 -0.0343750000
0.1460937500 0.0866629275 -0.0257812500
0.1460937500 0.0868213334 -0.0171875000
0.1460937500 0.0868133937 -0.0085937500
0.1460937500 0.0866649518 0.0000000000
0.1460937500 0.0863011811 0.0085937500
0.1546875000 -0.1135598788 -0.0429687500
0.1546875000 -0.1117187500 -0.0501689180
0.1546875000 -0.1152717277 -0.0343750000
0.1546875000 -0.1161852600 -0.0257812500
0.1546875000 -0.1167136039 -0.0171875000
0.1546875000 -0.1171482068 -0.0085937500
0.1546875000 -0.1175142593 0.0000000000
0.1546875000 -0.1177523517 0.0085937500
0.1546875000 -0.1178357462 0.0171875000
0.1546875000 -0.1168176385 0.0257812500
0.1546875000 -0.1152144900 0.0343750000
0.1546875000 -0.1129033953 0.0429687500
0.1546875000 -0.1117187500 0.0471105915
0.1546875000 -0.1043168719 -0.0687500000
0.1546875000 -0.1031250000 -0.0712656477
0.1546875000 -0.1078102466 -0.0601562500
0.1546875000 -0.1112929992 -0.0515625000
0.1546875000 -0.1101975521 0.0515625000
0.1546875000 -0.1052933300 0.0601562500
0.1546875000 -0.1031250000 0.0623846825
0.1546875000 -0.0950555884 -0.0859375000
0.1546875000 -0.0945312500 -0.0867860648
0.1546875000 -0.1002403567 -0.0773437500
0.1546875000 -0.0965157995 0.0687500000
0.1546875000 -0.0945312500 0.0705820892
0.1546875000 -0.0881284472 -0.0945312500
0.1546875000 -0.0859375000 -0.0971270233
0.1546875000 -0.0868867856 0.0773437500
0.1546875000 -0.0859375000 0.0782587728
0.1546875000 -0.0779595691 -0.1031250000
0.1546875000 -0.0773437500 -0.1035100434
0.1538732746 -0.0773437500 0.0859375000
0.1546875000 -0.0773437500 0.0858021096
0.1546875000 -0.0687500000 -0.1074230896
0.1546875000 -0.0771929528 0.0859375000
0.1481222026 -0.0687500000 0.0945312500
0.1546875000 -0.0687500000 0.0934067754
0.1546875000 -0.0601562500 -0.1106453404
0.1546875000 -0.0669991135 0.0945312500
0.1546875000 -0.0601562500 0.0994084236
0.1546875000 -0.0576451651 -0.1117187500
0.1546875000 -0.0515625000 -0.1142074136
0.1546875000 -0.0535635023 0.1031250000
0.1546875000 -0.0515625000 0.1042987451
0.1546875000 -0.0429687500 -0.1175022871
0.1546875000 -0.0429687500 0.1093052651
0.1510291479 -0.0343750000 -0.1203125000
0.1546875000 -0.0343750000 -0.1200196619
0.1546875000 -0.0373747419 0.1117187500
0.1546875000 -0.0343750000 0.1129482916
0.1546875000 -0.0330867658 -0.1203125000
0.1546875000 -0.0257812500 -0.1218860592
0.1546875000 -0.0257812500 0.1140912429
0.1546875000 -0.0171875000 -0.1239489685
0.1546875000 -0.0171875000 0.1141146741
0.1546875000 -0.0085937500 -0.1254169166
0.1546875000 -0.0085937500 0.1137889973
0.1546875000 0.0000000000 -0.1251650571
0.1546875000 0.0000000000 0.1130867727
0.1546875000 0.0085937500 -0.1242827456
0.1546875000 0.0085937500 0.1119541989
0.1546875000 0.0171875000 -0.1224292165
0.1546875000 0.0095319965 0.1117187500
0.1546875000 0.0171875000 0.1095455983
0.1546875000 0.0235913249 -0.1203125000
0.1546875000 0.0257812500 -0.1195766938
0.1546875000 0.0257812500 0.1055449457
0.1546875000 0.0343750000 -0.1158022627
0.1546875000 0.0296786467 0.1031250000
0.1546875000 0.0343750000 0.1002626989
0.1546875000 0.0406141345 -0.1117187500
0.1546875000 0.0429687500 -0.1095191725
0.1539761536 0.0429687500 0.0945312500
0.1546875000 0.0427973776 0.0945312500
0.1546875000 0.0429687500 0.0943981857
0.1546875000 0.0481204783 -0.1031250000
0.1546875000 0.0515625000 -0.0991520789
0.1546875000 0.0515625000 0.0873632048
0.1546875000 0.0551402064 -0.0945312500
0.1546875000 0.0601562500 -0.0882254829
0.1546875000 0.0530984254 0.0859375000
0.1546875000 0.0601562500 0.0797321608
0.1546875000 0.0621263086 -0.0859375000
0.1546875000 0.0687500000 -0.0778151911
0.1546875000 0.0627990097 0.0773437500
0.1546875000 0.0687500000 0.0702907085
0.1546875000 0.0691245531 -0.0773437500
0.1546875000 0.0741711416 -0.0687500000
0.1546875000 0.0773437500 -0.0614567327
0.1546875000 0.0744291905 0.0601562500
0.1546875000 0.0773437500 0.0516768835
0.1546875000 0.0696900385 0.0687500000
0.1546875000 0.0778092875 -0.0601562500
0.1546875000 0.0804045563 -0.0515625000
0.1546875000 0.0824442279 -0.0429687500
0.1473651311 0.0859375000 -0.0343750000
0.1546875000 0.0839921483 -0.0343750000
0.1502554282 0.0859375000 -0.0257812500
0.1546875000 0.0848261490 -0.0257812500
0.1508140686 0.0859375000 -0.0171875000
0.1546875000 0.0849273828 -0.0171875000
0.1506541824 0.0859375000 -0.0085937500
0.1546875000 0.0848628454 -0.0085937500
0.1501343172 0.0859375000 0.0000000000
0.1546875000 0.0847925239 0.0000000000
0.1481940264 0.0859375000 0.0085937500
0.1546875000 0.0843693413 0.0085937500
0.1546875000 0.0835837438 0.0171875000
0.1546875000 0.0827941271 0.0257812500
0.1546875000 0.0816882422 0.0343750000
0.1546875000 0.0796477011 0.0429687500
0.1546875000 0.0773774591 0.0515625000
0.1632812500 -0.1136858243 -0.0429687500
0.1632812500 -0.1117187500 -0.0502492915
0.1632812500 -0.1154613066 -0.0343750000
0.1632812500 -0.1163112354 -0.0257812500
0.1632812500 -0.1168426692 -0.0171875000
0.1632812500 -0.1172743534 -0.0085937500
0.1632812500 -0.1176485163 0.0000000000
0.1632812500 -0.1178736205 0.0085937500
0.1632812500 -0.1179502078 0.0171875000
0.1632812500 -0.1167980585 0.0257812500
0.1632812500 -0.1150472696 0.0343750000
0.1632812500 -0.1125644345 0.0429687500
0.1632812500 -0.1117187500 0.0457596820
0.1632812500 -0.1040199833 -0.0687500000
0.1632812500 -0.1031250000 -0.0706015303
0.1632812500 -0.1075993910 -0.0601562500
0.1632812500 -0.1112845934 -0.0515625000
0.1632812500 -0.1096355995 0.0515625000
0.1632812500 -0.1038755495 0.0601562500
0.1632812500 -0.1031250000 0.0608743032
0.1632812500 -0.0947014798 -0.0859375000
0.1632812500 -0.0945312500 -0.0862118598
0.1632812500 -0.0997940927 -0.0773437500
0.1632812500 -0.0946758180 0.0687500000
0.1632812500 -0.0945312500 0.0688882879
0.1632812500 -0.0873684607 -0.0945312500
0.1632812500 -0.0859375000 -0.0961693466
0.1590733986 -0.0859375000 0.0773437500
0.1632812500 -0.0859375000 0.0765283801
0.1589544284 -0.0773437500 -0.1031250000
0.1632812500 -0.0773437500 -0.1026901129
0.1632812500 -0.0848731319 0.0773437500
0.1632812500 -0.0773437500 0.0840351520
0.1632812500 -0.0765288113 -0.1031250000
0.1632812500 -0.0687500000 -0.1066854977
0.1632812500 -0.0753013039 0.0859375000
0.1632812500 -0.0687500000 0.0918065588
0.1632812500 -0.0601562500 -0.1098565114
0.1632812500 -0.0647454015 0.0945312500
0.1632812500 -0.0601562500 0.0979985929
0.1632812500 -0.0561463137 -0.1117187500
0.1632812500 -0.0515625000 -0.1136511668
0.1614608555 -0.0515625000 0.1031250000
0.1632812500 -0.0515625000 0.1028447093
0.1632812500 -0.0429687500 -0.1166661675
0.1632812500 -0.0510301069 0.1031250000
0.1632812500 -0.0429687500 0.1077156942
0.1632812500 -0.0343750000 -0.1192660020
0.1602271834 -0.0343750000 0.1117187500
0.1632812500 -0.0343750000 0.1109775877
0.1632812500 -0.0297595491 -0.1203125000
0.1632812500 -0.0257812500 -0.1211327364
0.1632812500 -0.0288177297 0.1117187500
0.1632812500 -0.0257812500 0.1120819175
0.1632812500 -0.0171875000 -0.1231176584
0.1632812500 -0.0171875000 0.1120978006
0.1632812500 -0.0085937500 -0.1243557411
0.1632812500 -0.0085937500 0.1118378786
0.1632812500 0.0000000000 -0.1239680970
0.1606616963 0.0000000000 0.1117187500
0.1632812500 -0.0071637333 0.1117187500
0.1632812500 0.0000000000 0.1111231427
0.1632812500 0.0085937500 -0.1233362336
0.1557565831 0.0085937500 0.1117187500
0.1632812500 0.0085937500 0.1099320746
0.1632812500 0.0171875000 -0.1216002329
0.1632812500 0.0171875000 0.1076141267
0.1632812500 0.0218248573 -0.1203125000
0.1632812500 0.0257812500 -0.1192235953
0.1632812500 0.0257812500 0.1035152257
0.1632812500 0.0343750000 -0.1152349306
0.1632812500 0.0263967845 0.1031250000
0.1632812500 0.0343750000 0.0984822628
0.1632812500 0.0392031718 -0.1117187500
0.1632812500 0.0429687500 -0.1080473827
0.1632812500 0.0399931002 0.0945312500
0.1632812500 0.0429687500 0.0921324910
0.1632812500 0.0469475392 -0.1031250000
0.1632812500 0.0515625000 -0.0975626992
0.1597331844 0.0515625000 0.0859375000
0.1632812500 0.0503445701 0.0859375000
0.1632812500 0.0515625000 0.0849631998
0.1632812500 0.0538365136 -0.0945312500
0.1632812500 0.0601562500 -0.0861767424
0.1629435058 0.0601562500 0.0773437500
0.1632812500 0.0600446496 0.0773437500
0.1632812500 0.0601562500 0.0772252556
0.1632812500 0.0603518827 -0.0859375000
0.1564697067 0.0687500000 -0.0773437500
0.1632812500 0.0672851354 -0.0773437500
0.1632812500 0.0687500000 -0.0746411187
0.1589609990 0.0687500000 0.0687500000
0.1632812500 0.0675016319 0.0687500000
0.1632812500 0.0687500000 0.0667884854
0.1632812500 0.0719335532 -0.0687500000
0.1564650076 0.0773437500 -0.0601562500
0.1632812500 0.0752379954 -0.0601562500
0.1632812500 0.0773437500 -0.0539820212
0.1548364519 0.0773437500 0.0515625000
0.1632812500 0.0751158932 0.0515625000
0.1632812500 0.0773437500 0.0437662228
0.1632812500 0.0721134277 0.0601562500
0.1632812500 0.0780461232 -0.0515625000
0.1632812500 0.0800845367 -0.0429687500
0.1632812500 0.0816401740 -0.0343750000
0.1632812500 0.0825632475 -0.0257812500
0.1632812500 0.0826715753 -0.0171875000
0.1632812500 0.0827250395 -0.0085937500
0.1632812500 0.0826176524 0.0000000000
0.1632812500 0.0821507071 0.0085937500
0.1632812500 0.0814610241 0.0171875000
0.1632812500 0.0807624324 0.0257812500
0.1632812500 0.0797604068 0.0343750000
0.1632812500 0.0775475423 0.0429687500
0.1718750000 -0.1135756995 -0.0429687500
0.1718750000 -0.1117187500 -0.0493667914
0.1718750000 -0.1153637062 -0.0343750000
0.1718750000 -0.1162712462 -0.0257812500
0.1718750000 -0.1168374290 -0.0171875000
0.1718750000 -0.1172320833 -0.0085937500
0.1718750000 -0.1176229297 0.0000000000
0.1718750000 -0.1179303873 0.0085937500
0.1718750000 -0.1180663612 0.0171875000
0.1718750000 -0.1168160961 0.0257812500
0.1718750000 -0.1148751526 0.0343750000
0.1718750000 -0.1123079588 0.0429687500
0.1718750000 -0.1117187500 0.0446886341
0.1718750000 -0.1036204862 -0.0687500000
0.1718750000 -0.1031250000 -0.0697848436
0.1718750000 -0.1073524807 -0.0601562500
0.1718750000 -0.1109474530 -0.0515625000
0.1718750000 -0.1089207141 0.0515625000
0.1670167352 -0.1031250000 0.0601562500
0.1718750000 -0.1031250000 0.0589634905
0.1666384411 -0.0945312500 -0.0859375000
0.1718750000 -0.0992604939 -0.0773437500
0.1718750000 -0.0945312500 -0.0855042004
0.1718750000 -0.1020592061 0.0601562500
0.1641823285 -0.0945312500 0.0687500000
0.1718750000 -0.0945312500 0.0674737661
0.1718750000 -0.0865922105 -0.0945312500
0.1718750000 -0.0859375000 -0.0952487320
0.1718750000 -0.0942096550 -0.0859375000
0.1718750000 -0.0931717284 0.0687500000
0.1718750000 -0.0859375000 0.0748984108
0.1718750000 -0.0773437500 -0.1016665168
0.1718750000 -0.0827780042 0.0773437500
0.1718750000 -0.0773437500 0.0821908530
0.1718750000 -0.0744942018 -0.1031250000
0.1718750000 -0.0687500000 -0.1056150171
0.1718750000 -0.0734506243 0.0859375000
0.1718750000 -0.0687500000 0.0902241279
0.1718750000 -0.0601562500 -0.1088944573
0.1718750000 -0.0626024570 0.0945312500
0.1718750000 -0.0601562500 0.0965207806
0.1718750000 -0.0540141780 -0.1117187500
0.1718750000 -0.0515625000 -0.1127040603
0.1718750000 -0.0515625000 0.1014200606
0.1718750000 -0.0429687500 -0.1156451630
0.1718750000 -0.0482465569 0.1031250000
0.1718750000 -0.0429687500 0.1061541484
0.1718750000 -0.0343750000 -0.1183346522
0.1718750000 -0.0343750000 0.1090522152
0.1718750000 -0.0261533143 -0.1203125000
0.1718750000 -0.0257812500 -0.1203912534
0.1648292187 -0.0257812500 0.1117187500
0.1718750000 -0.0257812500 0.1099868477
0.1718750000 -0.0171875000 -0.1222128866
0.1649151154 -0.0171875000 0.1117187500
0.1718750000 -0.0171875000 0.1102005153
0.1718750000 -0.0085937500 -0.1232075842
0.1637847949 -0.0085937500 0.1117187500
0.1718750000 -0.0085937500 0.1098871316
0.1718750000 0.0000000000 -0.1231049744
0.1718750000 0.0000000000 0.1089997178
0.1718750000 0.0085937500 -0.1222318068
0.1718750000 0.0085937500 0.1078835829
0.1718750000 0.0171875000 -0.1208604022
0.1718750000 0.0171875000 0.1056641593
0.1718750000 0.0194300837 -0.1203125000
0.1718750000 0.0257812500 -0.1187475457
0.1650453152 0.0257812500 0.1031250000
0.1718750000 0.0226077792 0.1031250000
0.1718750000 0.0257812500 0.1017113308
0.1718750000 0.0343750000 -0.1143653828
0.1718750000 0.0343750000 0.0965619170
0.1718750000 0.0376935752 -0.1117187500
0.1718750000 0.0429687500 -0.1064356201
0.1718750000 0.0370774917 0.0945312500
0.1718750000 0.0429687500 0.0897814322
0.1718750000 0.0456922578 -0.1031250000
0.1718750000 0.0515625000 -0.0959236323
0.1718750000 0.0474276780 0.0859375000
0.1718750000 0.0515625000 0.0825494971
0.1718750000 0.0525979029 -0.0945312500
0.1643745138 0.0601562500 -0.0859375000
0.1718750000 0.0589231578 -0.0859375000
0.1718750000 0.0601562500 -0.0842186114
0.1718750000 0.0571362502 0.0773437500
0.1718750000 0.0601562500 0.0740433518
0.1718750000 0.0655096169 -0.0773437500
0.1718750000 0.0687500000 -0.0713833062
0.1718750000 0.0649067122 0.0687500000
0.1718750000 0.0687500000 0.0629125700
0.1718750000 0.0700644267 -0.0687500000
0.1718750000 0.0730076537 -0.0601562500
0.1658943087 0.0773437500 -0.0515625000
0.1718750000 0.0755548243 -0.0515625000
0.1718750000 0.0773437500 -0.0448670586
0.1641600398 0.0773437500 0.0429687500
0.1718750000 0.0753583463 0.0429687500
0.1718750000 0.0773437500 0.0354825425
0.1718750000 0.0730072433 0.0515625000
0.1718750000 0.0701402056 0.0601562500
0.1718750000 0.0778066685 -0.0429687500
0.1718750000 0.0793370390 -0.0343750000
0.1718750000 0.0802232254 -0.0257812500
0.1718750000 0.0804468252 -0.0171875000
0.1718750000 0.0805027135 -0.0085937500
0.1718750000 0.0803528946 0.0000000000
0.1718750000 0.0799560494 0.0085937500
0.1718750000 0.0794343096 0.0171875000
0.1718750000 0.0787743438 0.0257812500
0.1718750000 0.0776071280 0.0343750000
0.1804687500 -0.1132363759 -0.0429687500
0.1804687500 -0.1117187500 -0.0481601057
0.1804687500 -0.1151018676 -0.0343750000
0.1804687500 -0.1161360630 -0.0257812500
0.1804687500 -0.1167195040 -0.0171875000
0.1804687500 -0.1170875129 -0.0085937500
0.1804687500 -0.1174771026 0.0000000000
0.1804687500 -0.1178330259 0.0085937500
0.1804687500 -0.1181617176 0.0171875000
0.1804687500 -0.1167965137 0.0257812500
0.1804687500 -0.1147395499 0.0343750000
0.1804687500 -0.1120588005 0.0429687500
0.1804687500 -0.1117187500 0.0439015652
0.1782120994 -0.1031250000 -0.0687500000
0.1804687500 -0.1069308629 -0.0601562500
0.1804687500 -0.1031250000 -0.0683624437
0.1804687500 -0.1105126429 -0.0515625000
0.1804687500 -0.1080294094 0.0515625000
0.1804687500 -0.1031250000 0.0569113709
0.1804687500 -0.0986276373 -0.0773437500
0.1804687500 -0.0945312500 -0.0845739253
0.1804687500 -0.1029246373 -0.0687500000
0.1804687500 -0.1002407628 0.0601562500
0.1804687500 -0.0945312500 0.0660182428
0.1777512115 -0.0859375000 -0.0945312500
0.1804687500 -0.0935122487 -0.0859375000
0.1804687500 -0.0859375000 -0.0942358525
0.1804687500 -0.0915467012 0.0687500000
0.1804687500 -0.0859375000 0.0733469522
0.1804687500 -0.0855216913 -0.0945312500
0.1804687500 -0.0773437500 -0.1002764279
0.1804687500 -0.0811047382 0.0773437500
0.1804687500 -0.0773437500 0.0807633043
0.1804687500 -0.0713806353 -0.1031250000
0.1804687500 -0.0687500000 -0.1042379749
0.1804687500 -0.0720519881 0.0859375000
0.1804687500 -0.0687500000 0.0890383860
0.1804687500 -0.0601562500 -0.1077721861
0.1804687500 -0.0609349172 0.0945312500
0.1804687500 -0.0601562500 0.0951534121
0.1797358863 -0.0515625000 -0.1117187500
0.1804687500 -0.0515625000 -0.1116099221
0.1804687500 -0.0515625000 0.1002199098
0.1804687500 -0.0512641837 -0.1117187500
0.1804687500 -0.0429687500 -0.1144797522
0.1804687500 -0.0455240559 0.1031250000
0.1804687500 -0.0429687500 0.1044832581
0.1804687500 -0.0343750000 -0.1169731733
0.1804687500 -0.0343750000 0.1071470554
0.1726929257 -0.0257812500 -0.1203125000
0.1804687500 -0.0257812500 -0.1193284787
0.1804687500 -0.0257812500 0.1080132660
0.1804687500 -0.0213080558 -0.1203125000
0.1804687500 -0.0171875000 -0.1211354338
0.1804687500 -0.0171875000 0.1083765926
0.1804687500 -0.0085937500 -0.1218921202
0.1804687500 -0.0085937500 0.1081020228
0.1804687500 0.0000000000 -0.1218382739
0.1804687500 0.0000000000 0.1072356964
0.1804687500 0.0085937500 -0.1211221227
0.1804687500 0.0085937500 0.1060456579
0.1804687500 0.0171875000 -0.1207596295
0.1804687500 0.0171875000 0.1040090386
0.1804687500 0.0187114205 -0.1203125000
0.1804687500 0.0257812500 -0.1180791732
0.1804687500 0.0190310259 0.1031250000
0.1804687500 0.0257812500 0.0999255298
0.1804687500 0.0343750000 -0.1132115329
0.1798133592 0.0343750000 0.0945312500
0.1804687500 0.0341219529 0.0945312500
0.1804687500 0.0343750000 0.0943591351
0.1804687500 0.0361588727 -0.1117187500
0.1804687500 0.0429687500 -0.1047475644
0.1804687500 0.0429687500 0.0878178203
0.1804687500 0.0443081185 -0.1031250000
0.1781432583 0.0515625000 -0.0945312500
0.1804687500 0.0511535386 -0.0945312500
0.1804687500 0.0515625000 -0.0939853650
0.1804687500 0.0451175292 0.0859375000
0.1804687500 0.0515625000 0.0801891531
0.1804687500 0.0575390699 -0.0859375000
0.1804687500 0.0601562500 -0.0822329563
0.1804687500 0.0545494169 0.0773437500
0.1804687500 0.0601562500 0.0712153440
0.1804687500 0.0635442328 -0.0773437500
0.1787578145 0.0687500000 -0.0687500000
0.1804687500 0.0683955832 -0.0687500000
0.1804687500 0.0687500000 -0.0676739356
0.1786638607 0.0687500000 0.0601562500
0.1804687500 0.0682564503 0.0601562500
0.1804687500 0.0687500000 0.0589544257
0.1804687500 0.0623879335 0.0687500000
0.1804687500 0.0710246947 -0.0601562500
0.1804687500 0.0734139775 -0.0515625000
0.1736996287 0.0773437500 -0.0429687500
0.1804687500 0.0755652399 -0.0429687500
0.1788495176 0.0773437500 -0.0343750000
0.1804687500 0.0769077883 -0.0343750000
0.1804687500 0.0773437500 -0.0303444402
0.1781141160 0.0773437500 0.0257812500
0.1804687500 0.0767536037 0.0257812500
0.1804687500 0.0773437500 0.0185083003
0.1729594768 0.0773437500 0.0343750000
0.1804687500 0.0753205061 0.0343750000
0.1804687500 0.0733025255 0.0429687500
0.1804687500 0.0710440777 0.0515625000
0.1804687500 0.0778370344 -0.0257812500
0.1804687500 0.0782301418 -0.0171875000
0.1804687500 0.0783589235 -0.0085937500
0.1804687500 0.0782580151 0.0000000000
0.1804687500 0.0779254091 0.0085937500
0.1804687500 0.0774419376 0.0171875000
0.1890625000 -0.1127275833 -0.0429687500
0.1890625000 -0.1117187500 -0.0464165573
0.1890625000 -0.1148085145 -0.0343750000
0.1890625000 -0.1160037359 -0.0257812500
0.1890625000 -0.1165838706 -0.0171875000
0.1890625000 -0.1169429989 -0.0085937500
0.1890625000 -0.1173287971 0.0000000000
0.1890625000 -0.1176940291 0.0085937500
0.1890625000 -0.1179938835 0.0171875000
0.1890625000 -0.1165038330 0.0257812500
0.1890625000 -0.1144802027 0.0343750000
0.1881094164 -0.1117187500 0.0429687500
0.1890625000 -0.1117187500 0.0428481978
0.1890625000 -0.1061904282 -0.0601562500
0.1890625000 -0.1031250000 -0.0664716362
0.1890625000 -0.1099011321 -0.0515625000
0.1890625000 -0.1116666714 0.0429687500
0.1890625000 -0.1066452633 0.0515625000
0.1890625000 -0.1031250000 0.0552191419
0.1890625000 -0.0975540932 -0.0773437500
0.1890625000 -0.0945312500 -0.0828769154
0.1890625000 -0.1019043405 -0.0687500000
0.1890625000 -0.0986465016 0.0601562500
0.1890625000 -0.0945312500 0.0644527100
0.1890625000 -0.0922410493 -0.0859375000
0.1890625000 -0.0859375000 -0.0927358904
0.1890625000 -0.0899365260 0.0687500000
0.1890625000 -0.0859375000 0.0720354776
0.1890625000 -0.0836225637 -0.0945312500
0.1890625000 -0.0773437500 -0.0989889005
0.1890625000 -0.0799092929 0.0773437500
0.1890625000 -0.0773437500 0.0797913121
0.1871276898 -0.0687500000 -0.1031250000
0.1890625000 -0.0687500000 -0.1028154424
0.1890625000 -0.0710864643 0.0859375000
0.1890625000 -0.0687500000 0.0880141335
0.1890625000 -0.0679668389 -0.1031250000
0.1890625000 -0.0601562500 -0.1064931146
0.1844150392 -0.0601562500 0.0945312500
0.1890625000 -0.0601562500 0.0939105177
0.1890625000 -0.0515625000 -0.1102387466
0.1890625000 -0.0590283360 0.0945312500
0.1890625000 -0.0515625000 0.0989704621
0.1890625000 -0.0476104228 -0.1117187500
0.1890625000 -0.0429687500 -0.1132687998
0.1870812218 -0.0429687500 0.1031250000
0.1890625000 -0.0429687500 0.1028025456
0.1890625000 -0.0343750000 -0.1157745598
0.1890625000 -0.0416131181 0.1031250000
0.1890625000 -0.0343750000 0.1052516411
0.1890625000 -0.0257812500 -0.1182719646
0.1890625000 -0.0257812500 0.1063815921
0.1872089939 -0.0171875000 -0.1203125000
0.1890625000 -0.0171875000 -0.1200548279
0.1890625000 -0.0171875000 0.1067893195
0.1890625000 -0.0149610013 -0.1203125000
0.1890625000 -0.0085937500 -0.1210029824
0.1890625000 -0.0085937500 0.1065977269
0.1890625000 0.0000000000 -0.1203496496
0.1890625000 0.0000000000 0.1057374753
0.1851240830 0.0085937500 -0.1203125000
0.1890625000 0.0004688998 -0.1203125000
0.1890625000 0.0085937500 -0.1196947572
0.1890625000 0.0085937500 0.1045512687
0.1851855174 0.0171875000 -0.1203125000
0.1890625000 0.0171875000 -0.1199307019
0.1849493966 0.0171875000 0.1031250000
0.1890625000 0.0141009199 0.1031250000
0.1890625000 0.0171875000 0.1023656193
0.1890625000 0.0257812500 -0.1173887899
0.1890625000 0.0257812500 0.0985232359
0.1890625000 0.0343750000 -0.1124931397
0.1890625000 0.0315443789 0.0945312500
0.1890625000 0.0343750000 0.0926572405
0.1890625000 0.0352624194 -0.1117187500
0.1890625000 0.0429687500 -0.1035583714
0.1890625000 0.0429687500 0.0865468285
0.1890625000 0.0432991468 -0.1031250000
0.1890625000 0.0498732467 -0.0945312500
0.1890625000 0.0515625000 -0.0921373626
0.1890625000 0.0436570684 0.0859375000
0.1890625000 0.0515625000 0.0781364327
0.1890625000 0.0561872745 -0.0859375000
0.1890625000 0.0601562500 -0.0799703389
0.1883343711 0.0601562500 0.0687500000
0.1890625000 0.0599426152 0.0687500000
0.1890625000 0.0601562500 0.0684434362
0.1890625000 0.0523825729 0.0773437500
0.1890625000 0.0617569471 -0.0773437500
0.1890625000 0.0662676796 -0.0687500000
0.1890625000 0.0687500000 -0.0607748797
0.1890625000 0.0656224583 0.0601562500
0.1890625000 0.0687500000 0.0519031156
0.1890625000 0.0689347084 -0.0601562500
0.1890625000 0.0710927912 -0.0515625000
0.1890625000 0.0732548827 -0.0429687500
0.1890625000 0.0749107891 -0.0343750000
0.1824816818 0.0773437500 -0.0257812500
0.1890625000 0.0758129101 -0.0257812500
0.1844300057 0.0773437500 -0.0171875000
0.1890625000 0.0762980096 -0.0171875000
0.1852366482 0.0773437500 -0.0085937500
0.1890625000 0.0765051580 -0.0085937500
0.1848594843 0.0773437500 0.0000000000
0.1890625000 0.0764180568 0.0000000000
0.1833094234 0.0773437500 0.0085937500
0.1890625000 0.0761019385 0.0085937500
0.1809498812 0.0773437500 0.0171875000
0.1890625000 0.0755863471 0.0171875000
0.1890625000 0.0748052632 0.0257812500
0.1890625000 0.0733453003 0.0343750000
0.1890625000 0.0711944051 0.0429687500
0.1890625000 0.0688566880 0.0515625000
0.1976562500 -0.1121810520 -0.0429687500
0.1976562500 -0.1117187500 -0.0444287461
0.1976562500 -0.1143925621 -0.0343750000
0.1976562500 -0.1156946053 -0.0257812500
0.1976562500 -0.1164353610 -0.0171875000
0.1976562500 -0.1168498799 -0.0085937500
0.1976562500 -0.1172580159 0.0000000000
0.1976562500 -0.1176363860 0.0085937500
0.1976562500 -0.1177117750 0.0171875000
0.1976562500 -0.1162398358 0.0257812500
0.1976562500 -0.1141342653 0.0343750000
0.1976562500 -0.1117187500 0.0419199476
0.1976562500 -0.1052256666 -0.0601562500
0.1976562500 -0.1031250000 -0.0641762549
0.1976562500 -0.1089788216 -0.0515625000
0.1976562500 -0.1112604028 0.0429687500
0.1976562500 -0.1052577916 0.0515625000
0.1976562500 -0.1031250000 0.0537617090
0.1976562500 -0.0961291450 -0.0773437500
0.1976562500 -0.0945312500 -0.0802097253
0.1976562500 -0.1004923937 -0.0687500000
0.1976562500 -0.0973034615 0.0601562500
0.1976562500 -0.0945312500 0.0630403811
0.1976562500 -0.0900362216 -0.0859375000
0.1976562500 -0.0859375000 -0.0908814189
0.1976562500 -0.0886612750 0.0687500000
0.1976562500 -0.0859375000 0.0710518719
0.1976562500 -0.0817957382 -0.0945312500
0.1976562500 -0.0773437500 -0.0975663190
0.1976562500 -0.0792006664 0.0773437500
0.1976562500 -0.0773437500 0.0792134137
0.1976562500 -0.0687500000 -0.1015048997
0.1976562500 -0.0702234347 0.0859375000
0.1976562500 -0.0687500000 0.0871689230
0.1976562500 -0.0648560737 -0.1031250000
0.1976562500 -0.0601562500 -0.1051684796
0.1976562500 -0.0601562500 0.0929913469
0.1976562500 -0.0515625000 -0.1087412754
0.1976562500 -0.0574449676 0.0945312500
0.1976562500 -0.0515625000 0.0979316114
0.1976562500 -0.0434087016 -0.1117187500
0.1976562500 -0.0429687500 -0.1118682996
0.1976562500 -0.0429687500 0.1014422362
0.1976562500 -0.0343750000 -0.1143357842
0.1976562500 -0.0358688739 0.1031250000
0.1976562500 -0.0343750000 0.1035675423
0.1976562500 -0.0257812500 -0.1169226449
0.1976562500 -0.0257812500 0.1045883968
0.1976562500 -0.0171875000 -0.1188796216
0.1976562500 -0.0171875000 0.1051463195
0.1948224309 -0.0085937500 -0.1203125000
0.1976562500 -0.0085937500 -0.1199339542
0.1976562500 -0.0085937500 0.1050847090
0.1893093089 0.0000000000 -0.1203125000
0.1976562500 0.0000000000 -0.1191718445
0.1976562500 0.0000000000 0.1042578232
0.1976562500 0.0085937500 -0.1188247822
0.1968209300 0.0085937500 0.1031250000
0.1976562500 0.0076567772 0.1031250000
0.1976562500 0.0085937500 0.1029898722
0.1976562500 0.0171875000 -0.1188585469
0.1976562500 0.0171875000 0.1008168343
0.1976562500 0.0257812500 -0.1166490063
0.1976562500 0.0257812500 0.0971344114
0.1971585914 0.0343750000 -0.1117187500
0.1976562500 0.0342893488 -0.1117187500
0.1976562500 0.0343750000 -0.1116596831
0.1976562500 0.0296406236 0.0945312500
0.1976562500 0.0343750000 0.0915205117
0.1923798626 0.0429687500 -0.1031250000
0.1976562500 0.0423131594 -0.1031250000
0.1976562500 0.0429687500 -0.1024405556
0.1941411302 0.0429687500 0.0859375000
0.1976562500 0.0423599782 0.0859375000
0.1976562500 0.0429687500 0.0854152504
0.1976562500 0.0488287915 -0.0945312500
0.1976562500 0.0515625000 -0.0905237351
0.1930761184 0.0515625000 0.0773437500
0.1976562500 0.0506110659 0.0773437500
0.1976562500 0.0515625000 0.0762074333
0.1976562500 0.0548765661 -0.0859375000
0.1976562500 0.0601562500 -0.0775605670
0.1976562500 0.0578217235 0.0687500000
0.1976562500 0.0601562500 0.0651762557
0.1976562500 0.0602785754 -0.0773437500
0.1976562500 0.0644155727 -0.0687500000
0.1898372482 0.0687500000 -0.0601562500
0.1976562500 0.0669768648 -0.0601562500
0.1976562500 0.0687500000 -0.0528267518
0.1894597992 0.0687500000 0.0515625000
0.1976562500 0.0662617089 0.0515625000
0.1976562500 0.0687500000 0.0440450447
0.1976562500 0.0632082012 0.0601562500
0.1976562500 0.0690605782 -0.0515625000
0.1976562500 0.0711821919 -0.0429687500
0.1976562500 0.0730265493 -0.0343750000
0.1976562500 0.0740539276 -0.0257812500
0.1976562500 0.0745754560 -0.0171875000
0.1976562500 0.0747733289 -0.0085937500
0.1976562500 0.0747264124 0.0000000000
0.1976562500 0.0743725950 0.0085937500
0.1976562500 0.0738614605 0.0171875000
0.1976562500 0.0729655835 0.0257812500
0.1976562500 0.0714096931 0.0343750000
0.1976562500 0.0690767953 0.0429687500
0.2049365371 -0.1117187500 -0.0429687500
0.2062500000 -0.1140597586 -0.0343750000
0.2062500000 -0.1117187500 -0.0426611884
0.2062500000 -0.1154101563 -0.0257812500
0.2062500000 -0.1160833795 -0.0171875000
0.2062500000 -0.1165688484 -0.0085937500
0.2062500000 -0.1169591273 0.0000000000
0.2062500000 -0.1172970753 0.0085937500
0.2062500000 -0.1172453049 0.0171875000
0.2062500000 -0.1157315010 0.0257812500
0.2062500000 -0.1136737872 0.0343750000
0.2062500000 -0.1117187500 0.0407461413
0.2062500000 -0.1041229496 -0.0601562500
0.2062500000 -0.1031250000 -0.0619134485
0.2062500000 -0.1079874066 -0.0515625000
0.2062500000 -0.1116149524 -0.0429687500
0.2062500000 -0.1107682604 0.0429687500
0.2062500000 -0.1038306713 0.0515625000
0.2062500000 -0.1031250000 0.0522902950
0.2059592085 -0.0945312500 -0.0773437500
0.2062500000 -0.0989807155 -0.0687500000
0.2062500000 -0.0945312500 -0.0772399993
0.2062500000 -0.0962608321 0.0601562500
0.2062500000 -0.0945312500 0.0619937163
0.2062500000 -0.0873288709 -0.0859375000
0.2062500000 -0.0859375000 -0.0879084274
0.2062500000 -0.0944594775 -0.0773437500
0.2062500000 -0.0877409908 0.0687500000
0.2062500000 -0.0859375000 0.0703240909
0.2062500000 -0.0791208016 -0.0945312500
0.2062500000 -0.0773437500 -0.0957081371
0.2062500000 -0.0786829215 0.0773437500
0.2062500000 -0.0773437500 0.0786962575
0.2062500000 -0.0687500000 -0.0999572853
0.2062500000 -0.0695118178 0.0859375000
0.2062500000 -0.0687500000 0.0865615719
0.2062500000 -0.0615664986 -0.1031250000
0.2062500000 -0.0601562500 -0.1037282911
0.2062500000 -0.0601562500 0.0922081227
0.2062500000 -0.0515625000 -0.1073754445
0.2062500000 -0.0560220675 0.0945312500
0.2062500000 -0.0515625000 0.0970050780
0.1986615184 -0.0429687500 -0.1117187500
0.2062500000 -0.0429687500 -0.1103768622
0.2062500000 -0.0429687500 0.1004255510
0.2062500000 -0.0379742773 -0.1117187500
0.2062500000 -0.0343750000 -0.1127762058
0.1997443059 -0.0343750000 0.1031250000
0.2062500000 -0.0343750000 0.1020817319
0.2062500000 -0.0257812500 -0.1154224555
0.2044708314 -0.0257812500 0.1031250000
0.2062500000 -0.0257812500 0.1028473601
0.2062500000 -0.0171875000 -0.1173350223
0.2062500000 -0.0205355786 0.1031250000
0.2062500000 -0.0171875000 0.1033694271
0.2062500000 -0.0085937500 -0.1184251136
0.2062500000 -0.0085937500 0.1035904200
0.2062500000 0.0000000000 -0.1179736308
0.2048596467 0.0000000000 0.1031250000
0.2062500000 -0.0027429816 0.1031250000
0.2062500000 0.0000000000 0.1029306280
0.2062500000 0.0085937500 -0.1179127357
0.2062500000 0.0085937500 0.1016732760
0.2062500000 0.0171875000 -0.1176211939
0.2062500000 0.0171875000 0.0995547306
0.2062500000 0.0257812500 -0.1156201964
0.2062500000 0.0257812500 0.0958563068
0.2062500000 0.0330926416 -0.1117187500
0.2062500000 0.0343750000 -0.1109235221
0.2062500000 0.0277798390 0.0945312500
0.2062500000 0.0343750000 0.0903244628
0.2062500000 0.0412801657 -0.1031250000
0.2062500000 0.0429687500 -0.1011929966
0.2062500000 0.0404238510 0.0859375000
0.2062500000 0.0429687500 0.0837039595
0.2062500000 0.0477062479 -0.0945312500
0.2062500000 0.0515625000 -0.0885838836
0.2062500000 0.0490734556 0.0773437500
0.2062500000 0.0515625000 0.0743277159
0.2062500000 0.0533802133 -0.0859375000
0.1984078476 0.0601562500 -0.0773437500
0.2062500000 0.0587394031 -0.0773437500
0.2062500000 0.0601562500 -0.0748429806
0.2062500000 0.0563903405 0.0687500000
0.2062500000 0.0601562500 0.0626754807
0.2062500000 0.0630215196 -0.0687500000
0.2062500000 0.0653906459 -0.0601562500
0.1992069636 0.0687500000 -0.0515625000
0.2062500000 0.0674202022 -0.0515625000
0.2062500000 0.0687500000 -0.0456157079
0.1990337168 0.0687500000 0.0429687500
0.2062500000 0.0668951455 0.0429687500
0.2062500000 0.0687500000 0.0368098756
0.2062500000 0.0641674330 0.0515625000
0.2062500000 0.0614631864 0.0601562500
0.2062500000 0.0693698875 -0.0429687500
0.2062500000 0.0714117312 -0.0343750000
0.2062500000 0.0724250506 -0.0257812500
0.2062500000 0.0729447196 -0.0171875000
0.2062500000 0.0731223375 -0.0085937500
0.2062500000 0.0731292983 0.0000000000
0.2062500000 0.0728244029 0.0085937500
0.2062500000 0.0721602517 0.0171875000
0.2062500000 0.0710766250 0.0257812500
0.2062500000 0.0694494713 0.0343750000
0.2148437500 -0.1138211933 -0.0343750000
0.2148437500 -0.1117187500 -0.0410060635
0.2148437500 -0.1151577639 -0.0257812500
0.2148437500 -0.1156702811 -0.0171875000
0.2148437500 -0.1161071416 -0.0085937500
0.2148437500 -0.1164724771 0.0000000000
0.2148437500 -0.1167551838 0.0085937500
0.2148437500 -0.1166054555 0.0171875000
0.2148437500 -0.1150573756 0.0257812500
0.2148437500 -0.1129705072 0.0343750000
0.2148437500 -0.1117187500 0.0385258271
0.2143693568 -0.1031250000 -0.0601562500
0.2148437500 -0.1070973345 -0.0515625000
0.2148437500 -0.1031250000 -0.0600251167
0.2148437500 -0.1109849587 -0.0429687500
0.2148437500 -0.1098858154 0.0429687500
0.2109261225 -0.1031250000 0.0515625000
0.2148437500 -0.1031250000 0.0508832964
0.2148437500 -0.0975236918 -0.0687500000
0.2148437500 -0.0945312500 -0.0741550403
0.2148437500 -0.1030569135 -0.0601562500
0.2148437500 -0.1025747314 0.0515625000
0.2148437500 -0.0954000477 0.0601562500
0.2148437500 -0.0945312500 0.0611231985
0.2117144090 -0.0859375000 -0.0859375000
0.2148437500 -0.0922174075 -0.0773437500
0.2148437500 -0.0859375000 -0.0850683162
0.2148437500 -0.0868574791 0.0687500000
0.2148437500 -0.0859375000 0.0695593867
0.2105085723 -0.0773437500 -0.0945312500
0.2148437500 -0.0851148039 -0.0859375000
0.2148437500 -0.0773437500 -0.0933150541
0.2148437500 -0.0781830661 0.0773437500
0.2148437500 -0.0773437500 0.0781763818
0.2148437500 -0.0749267020 -0.0945312500
0.2148437500 -0.0687500000 -0.0979895303
0.2148437500 -0.0689083989 0.0859375000
0.2148437500 -0.0687500000 0.0860675385
0.2094604666 -0.0601562500 -0.1031250000
0.2148437500 -0.0601562500 -0.1019463417
0.2148437500 -0.0601562500 0.0914177771
0.2148437500 -0.0574951184 -0.1031250000
0.2148437500 -0.0515625000 -0.1055560921
0.2148437500 -0.0545851214 0.0945312500
0.2148437500 -0.0515625000 0.0961776165
0.2148437500 -0.0429687500 -0.1086608854
0.2148437500 -0.0429687500 0.0994550481
0.2115371287 -0.0343750000 -0.1117187500
0.2148437500 -0.0343750000 -0.1110942873
0.2148437500 -0.0343750000 0.1010611550
0.2148437500 -0.0322201466 -0.1117187500
0.2148437500 -0.0257812500 -0.1137601512
0.2148437500 -0.0257812500 0.1019985452
0.2148437500 -0.0171875000 -0.1156030103
0.2077579066 -0.0171875000 0.1031250000
0.2148437500 -0.0171875000 0.1022824513
0.2148437500 -0.0085937500 -0.1171184080
0.2093603354 -0.0085937500 0.1031250000
0.2148437500 -0.0085937500 0.1024533344
0.2148437500 0.0000000000 -0.1169005790
0.2148437500 0.0000000000 0.1018181232
0.2148437500 0.0085937500 -0.1166353761
0.2148437500 0.0085937500 0.1003492972
0.2148437500 0.0171875000 -0.1163746322
0.2148437500 0.0171875000 0.0983983745
0.2148437500 0.0257812500 -0.1148570420
0.2148437500 0.0257812500 0.0947315274
0.2148437500 0.0317895400 -0.1117187500
0.2148437500 0.0343750000 -0.1100843204
0.2148437500 0.0260835413 0.0945312500
0.2148437500 0.0343750000 0.0891585086
0.2148437500 0.0404345732 -0.1031250000
0.2148437500 0.0429687500 -0.1000359689
0.2148437500 0.0388251984 0.0859375000
0.2148437500 0.0429687500 0.0824381427
0.2148437500 0.0466136211 -0.0945312500
0.2148437500 0.0515625000 -0.0868091697
0.2148437500 0.0480024809 0.0773437500
0.2148437500 0.0515625000 0.0730862385
0.2148437500 0.0521707748 -0.0859375000
0.2148437500 0.0572967869 -0.0773437500
0.2148437500 0.0601562500 -0.0721662367
0.2148437500 0.0552666513 0.0687500000
0.2148437500 0.0601562500 0.0603906620
0.2148437500 0.0616794962 -0.0687500000
0.2148437500 0.0640748303 -0.0601562500
0.2148437500 0.0660460739 -0.0515625000
0.2096285986 0.0687500000 -0.0429687500
0.2148437500 0.0678830984 -0.0429687500
0.2148437500 0.0687500000 -0.0392472252
0.2095376555 0.0687500000 0.0343750000
0.2148437500 0.0675960924 0.0343750000
0.2148437500 0.0687500000 0.0284839240
0.2148437500 0.0651331689 0.0429687500
0.2148437500 0.0626195865 0.0515625000
0.2148437500 0.0602663116 0.0601562500
0.2148437500 0.0699627705 -0.0343750000
0.2148437500 0.0709981627 -0.0257812500
0.2148437500 0.0716035613 -0.0171875000
0.2148437500 0.0717942001 -0.0085937500
0.2148437500 0.0717982357 0.0000000000
0.2148437500 0.0714115450 0.0085937500
0.2148437500 0.0704867676 0.0171875000
0.2148437500 0.0692736165 0.0257812500
0.2234375000 -0.1135793114 -0.0343750000
0.2234375000 -0.1117187500 -0.0397016042
0.2234375000 -0.1150093063 -0.0257812500
0.2234375000 -0.1154240211 -0.0171875000
0.2234375000 -0.1156617574 -0.0085937500
0.2234375000 -0.1157991719 0.0000000000
0.2234375000 -0.1158692369 0.0085937500
0.2234375000 -0.1156950122 0.0171875000
0.2234375000 -0.1142032764 0.0257812500
0.2234375000 -0.1121488212 0.0343750000
0.2234375000 -0.1117187500 0.0358105903
0.2234375000 -0.1063773168 -0.0515625000
0.2234375000 -0.1031250000 -0.0578637055
0.2234375000 -0.1103880788 -0.0429687500
0.2234375000 -0.1088741616 0.0429687500
0.2234375000 -0.1031250000 0.0496402192
0.2234375000 -0.0961756479 -0.0687500000
0.2234375000 -0.0945312500 -0.0715005128
0.2234375000 -0.1018295274 -0.0601562500
0.2234375000 -0.1015836800 0.0515625000
0.2234375000 -0.0945895891 0.0601562500
0.2234375000 -0.0945312500 0.0602221557
0.2234375000 -0.0902783030 -0.0773437500
0.2234375000 -0.0859375000 -0.0827682255
0.2234375000 -0.0860880285 0.0687500000
0.2234375000 -0.0859375000 0.0688899186
0.2234375000 -0.0826508850 -0.0859375000
0.2234375000 -0.0773437500 -0.0907477718
0.2234375000 -0.0778623654 0.0773437500
0.2234375000 -0.0773437500 0.0778566144
0.2234375000 -0.0703169977 -0.0945312500
0.2234375000 -0.0687500000 -0.0955090897
0.2178302608 -0.0687500000 0.0859375000
0.2234375000 -0.0687500000 0.0856292598
0.2234375000 -0.0601562500 -0.0995696138
0.2234375000 -0.0683256007 0.0859375000
0.2234375000 -0.0601562500 0.0907706857
0.2234375000 -0.0518630605 -0.1031250000
0.2234375000 -0.0515625000 -0.1032418894
0.2234375000 -0.0530203279 0.0945312500
0.2234375000 -0.0515625000 0.0952741039
0.2234375000 -0.0429687500 -0.1064453019
0.2234375000 -0.0429687500 0.0983879440
0.2234375000 -0.0343750000 -0.1089700227
0.2234375000 -0.0343750000 0.1001623347
0.2233693942 -0.0257812500 -0.1117187500
0.2234375000 -0.0257812500 -0.1117042536
0.2234375000 -0.0257812500 0.1012228517
0.2234375000 -0.0257116336 -0.1117187500
0.2234375000 -0.0171875000 -0.1138881689
0.2234375000 -0.0171875000 0.1014504121
0.2234375000 -0.0085937500 -0.1159261986
0.2234375000 -0.0085937500 0.1014947581
0.2234375000 0.0000000000 -0.1158922279
0.2234375000 0.0000000000 0.1009465254
0.2234375000 0.0085937500 -0.1152250286
0.2234375000 0.0085937500 0.0992234243
0.2234375000 0.0171875000 -0.1151775401
0.2234375000 0.0171875000 0.0974005561
0.2234375000 0.0257812500 -0.1140579954
0.2169591000 0.0257812500 0.0945312500
0.2234375000 0.0242840134 0.0945312500
0.2234375000 0.0257812500 0.0939506683
0.2234375000 0.0306945392 -0.1117187500
0.2234375000 0.0343750000 -0.1095856231
0.2234375000 0.0343750000 0.0883977626
0.2234375000 0.0399421075 -0.1031250000
0.2234375000 0.0429687500 -0.0994696217
0.2234375000 0.0376031492 0.0859375000
0.2234375000 0.0429687500 0.0813077716
0.2234375000 0.0462328810 -0.0945312500
0.2234375000 0.0515625000 -0.0860278893
0.2234375000 0.0469214994 0.0773437500
0.2234375000 0.0515625000 0.0717603594
0.2234375000 0.0516225853 -0.0859375000
0.2234375000 0.0560716004 -0.0773437500
0.2234375000 0.0601562500 -0.0689294830
0.2155646746 0.0601562500 0.0601562500
0.2234375000 0.0586695602 0.0601562500
0.2234375000 0.0601562500 0.0558755957
0.2234375000 0.0540499523 0.0687500000
0.2234375000 0.0602306044 -0.0687500000
0.2234375000 0.0626159869 -0.0601562500
0.2234375000 0.0646894406 -0.0515625000
0.2234375000 0.0665720731 -0.0429687500
0.2216421453 0.0687500000 -0.0343750000
0.2234375000 0.0684464868 -0.0343750000
0.2234375000 0.0687500000 -0.0318361945
0.2177013586 0.0687500000 0.0257812500
0.2234375000 0.0677585029 0.0257812500
0.2234375000 0.0687500000 0.0182243138
0.2234375000 0.0662164829 0.0343750000
0.2234375000 0.0638863759 0.0429687500
0.2234375000 0.0613939896 0.0515625000
0.2234375000 0.0695125229 -0.0257812500
0.2234375000 0.0701999384 -0.0171875000
0.2234375000 0.0704416550 -0.0085937500
0.2234375000 0.0704783777 0.0000000000
0.2234375000 0.0699510257 0.0085937500
0.2234375000 0.0688952831 0.0171875000
0.2320312500 -0.1133244481 -0.0343750000
0.2320312500 -0.1117187500 -0.0388641159
0.2320312500 -0.1146496520 -0.0257812500
0.2320312500 -0.1149525375 -0.0171875000
0.2320312500 -0.1150234209 -0.0085937500
0.2320312500 -0.1148732369 0.0000000000
0.2320312500 -0.1147502038 0.0085937500
0.2320312500 -0.1145050359 0.0171875000
0.2320312500 -0.1131089140 0.0257812500
0.2271222028 -0.1117187500 0.0343750000
0.2320312500 -0.1117187500 0.0317327394
0.2320312500 -0.1057101030 -0.0515625000
0.2320312500 -0.1031250000 -0.0563151410
0.2320312500 -0.1100260779 -0.0429687500
0.2320312500 -0.1110316618 0.0343750000
0.2320312500 -0.1077352841 0.0429687500
0.2320312500 -0.1031250000 0.0483031054
0.2320312500 -0.0950927305 -0.0687500000
0.2320312500 -0.0945312500 -0.0695800545
0.2320312500 -0.1008127956 -0.0601562500
0.2320312500 -0.1005739047 0.0515625000
0.2240819994 -0.0945312500 0.0601562500
0.2320312500 -0.0945312500 0.0592322760
0.2320312500 -0.0885043002 -0.0773437500
0.2320312500 -0.0859375000 -0.0805320037
0.2320312500 -0.0936826826 0.0601562500
0.2252479268 -0.0859375000 0.0687500000
0.2320312500 -0.0859375000 0.0681372327
0.2320312500 -0.0797106430 -0.0859375000
0.2320312500 -0.0773437500 -0.0880561733
0.2320312500 -0.0853701732 0.0687500000
0.2320312500 -0.0776779817 0.0773437500
0.2320312500 -0.0773437500 0.0776645193
0.2264574459 -0.0687500000 -0.0945312500
0.2320312500 -0.0687500000 -0.0929772305
0.2320312500 -0.0687500000 0.0851482234
0.2320312500 -0.0645201963 -0.0945312500
0.2320312500 -0.0601562500 -0.0965531518
0.2320312500 -0.0676467702 0.0859375000
0.2320312500 -0.0601562500 0.0901879954
0.2238482565 -0.0515625000 -0.1031250000
0.2320312500 -0.0515625000 -0.1003290581
0.2317361963 -0.0515625000 0.0945312500
0.2320312500 -0.0515625000 0.0945006488
0.2320312500 -0.0453228233 -0.1031250000
0.2320312500 -0.0429687500 -0.1040238158
0.2320312500 -0.0514823099 0.0945312500
0.2320312500 -0.0429687500 0.0974799609
0.2320312500 -0.0343750000 -0.1068799490
0.2320312500 -0.0343750000 0.0992484012
0.2320312500 -0.0257812500 -0.1100091866
0.2320312500 -0.0257812500 0.1003920887
0.2320312500 -0.0197654500 -0.1117187500
0.2320312500 -0.0171875000 -0.1125753716
0.2320312500 -0.0171875000 0.1007117470
0.2320312500 -0.0085937500 -0.1149751865
0.2320312500 -0.0085937500 0.1006921479
0.2320312500 0.0000000000 -0.1149459323
0.2320312500 0.0000000000 0.1001034914
0.2320312500 0.0085937500 -0.1140195688
0.2320312500 0.0085937500 0.0981517354
0.2320312500 0.0171875000 -0.1140586133
0.2320312500 0.0171875000 0.0969184247
0.2320312500 0.0257812500 -0.1131389545
0.2320312500 0.0229537534 0.0945312500
0.2320312500 0.0257812500 0.0933544755
0.2320312500 0.0290463077 -0.1117187500
0.2320312500 0.0343750000 -0.1089231286
0.2320312500 0.0343750000 0.0874652237
0.2320312500 0.0394814372 -0.1031250000
0.2320312500 0.0429687500 -0.0990728820
0.2320312500 0.0363195194 0.0859375000
0.2320312500 0.0429687500 0.0802188776
0.2320312500 0.0460374937 -0.0945312500
0.2245438714 0.0515625000 -0.0859375000
0.2320312500 0.0511559342 -0.0859375000
0.2320312500 0.0515625000 -0.0850453636
0.2320312500 0.0458697449 0.0773437500
0.2320312500 0.0515625000 0.0704304854
0.2320312500 0.0552178225 -0.0773437500
0.2239247681 0.0601562500 -0.0687500000
0.2320312500 0.0587369923 -0.0687500000
0.2320312500 0.0601562500 -0.0640731900
0.2318618288 0.0601562500 0.0515625000
0.2320312500 0.0601262315 0.0515625000
0.2320312500 0.0601562500 0.0514771047
0.2320312500 0.0572181517 0.0601562500
0.2320312500 0.0528760904 0.0687500000
0.2320312500 0.0612108128 -0.0601562500
0.2320312500 0.0633530642 -0.0515625000
0.2320312500 0.0653422185 -0.0429687500
0.2320312500 0.0671637889 -0.0343750000
0.2282209628 0.0687500000 -0.0257812500
0.2320312500 0.0681714819 -0.0257812500
0.2320312500 0.0687500000 -0.0188637732
0.2307350247 0.0687500000 0.0085937500
0.2320312500 0.0685547338 0.0085937500
0.2320312500 0.0687500000 0.0055618004
0.2243183003 0.0687500000 0.0171875000
0.2320312500 0.0676186147 0.0171875000
0.2320312500 0.0665757404 0.0257812500
0.2320312500 0.0651560473 0.0343750000
0.2320312500 0.0626955687 0.0429687500
0.2320312500 0.0688919567 -0.0171875000
0.2320312500 0.0691082648 -0.0085937500
0.2320312500 0.0691536141 0.0000000000
0.2406250000 -0.1127562117 -0.0343750000
0.2406250000 -0.1117187500 -0.0373528384
0.2406250000 -0.1141122473 -0.0257812500
0.2406250000 -0.1143763689 -0.0171875000
0.2406250000 -0.1143042293 -0.0085937500
0.2406250000 -0.1140178917 0.0000000000
0.2406250000 -0.1136775489 0.0085937500
0.2406250000 -0.1133095550 0.0171875000
0.2406250000 -0.1120371879 0.0257812500
0.2406250000 -0.1117187500 0.0270642960
0.2406250000 -0.1051969275 -0.0515625000
0.2406250000 -0.1031250000 -0.0551739698
0.2406250000 -0.1094577773 -0.0429687500
0.2406250000 -0.1097529988 0.0343750000
0.2406250000 -0.1065309809 0.0429687500
0.2406250000 -0.1031250000 0.0471738154
0.2368880910 -0.0945312500 -0.0687500000
0.2406250000 -0.1000669739 -0.0601562500
0.2406250000 -0.0945312500 -0.0681203029
0.2406250000 -0.0997452031 0.0515625000
0.2406250000 -0.0945312500 0.0582497560
0.2406250000 -0.0867330963 -0.0773437500
0.2406250000 -0.0859375000 -0.0783102545
0.2406250000 -0.0940087672 -0.0687500000
0.2406250000 -0.0928590935 0.0601562500
0.2406250000 -0.0859375000 0.0676417477
0.2383226915 -0.0773437500 -0.0859375000
0.2406250000 -0.0773437500 -0.0853283921
0.2406250000 -0.0849559731 0.0687500000
0.2406250000 -0.0775310959 0.0773437500
0.2406250000 -0.0773437500 0.0775204424
0.2406250000 -0.0761060180 -0.0859375000
0.2406250000 -0.0687500000 -0.0903038791
0.2406250000 -0.0687500000 0.0845737017
0.2377900462 -0.0601562500 -0.0945312500
0.2406250000 -0.0601562500 -0.0937813241
0.2406250000 -0.0667881905 0.0859375000
0.2406250000 -0.0601562500 0.0896078992
0.2406250000 -0.0578525229 -0.0945312500
0.2406250000 -0.0515625000 -0.0973865417
0.2406250000 -0.0515625000 0.0936806283
0.2353806607 -0.0429687500 -0.1031250000
0.2406250000 -0.0429687500 -0.1014821871
0.2406250000 -0.0491067597 0.0945312500
0.2406250000 -0.0429687500 0.0965600750
0.2406250000 -0.0389533485 -0.1031250000
0.2406250000 -0.0343750000 -0.1048294112
0.2406250000 -0.0343750000 0.0983987757
0.2406250000 -0.0257812500 -0.1083902842
0.2406250000 -0.0257812500 0.0995471842
0.2372460398 -0.0171875000 -0.1117187500
0.2406250000 -0.0171875000 -0.1111932972
0.2406250000 -0.0171875000 0.0998820009
0.2406250000 -0.0154971150 -0.1117187500
0.2406250000 -0.0085937500 -0.1138150936
0.2406250000 -0.0085937500 0.0998085487
0.2406250000 0.0000000000 -0.1141162366
0.2406250000 0.0000000000 0.0992857897
0.2406250000 0.0085937500 -0.1130666547
0.2406250000 0.0085937500 0.0975930086
0.2406250000 0.0171875000 -0.1130420709
0.2406250000 0.0171875000 0.0963482689
0.2406250000 0.0257812500 -0.1121450037
0.2406250000 0.0214122638 0.0945312500
0.2406250000 0.0257812500 0.0925415401
0.2406250000 0.0268694731 -0.1117187500
0.2406250000 0.0343750000 -0.1082259975
0.2406250000 0.0343750000 0.0865364984
0.2406250000 0.0390795927 -0.1031250000
0.2406250000 0.0429687500 -0.0988713280
0.2406250000 0.0351155754 0.0859375000
0.2406250000 0.0429687500 0.0791879521
0.2406250000 0.0460670639 -0.0945312500
0.2406250000 0.0508580871 -0.0859375000
0.2406250000 0.0515625000 -0.0843407247
0.2406250000 0.0448417549 0.0773437500
0.2406250000 0.0515625000 0.0689241845
0.2406250000 0.0546335668 -0.0773437500
0.2406250000 0.0576398849 -0.0687500000
0.2399443800 0.0601562500 -0.0601562500
0.2406250000 0.0600601899 -0.0601562500
0.2406250000 0.0601562500 -0.0597939355
0.2406250000 0.0587518865 0.0515625000
0.2406250000 0.0601562500 0.0475224429
0.2406250000 0.0558476092 0.0601562500
0.2406250000 0.0516941181 0.0687500000
0.2406250000 0.0622464364 -0.0515625000
0.2406250000 0.0641886389 -0.0429687500
0.2406250000 0.0660796414 -0.0343750000
0.2406250000 0.0670780405 -0.0257812500
0.2330708139 0.0687500000 -0.0171875000
0.2406250000 0.0677635172 -0.0171875000
0.2346697325 0.0687500000 -0.0085937500
0.2406250000 0.0680003090 -0.0085937500
0.2351183612 0.0687500000 0.0000000000
0.2406250000 0.0681001571 0.0000000000
0.2406250000 0.0675004605 0.0085937500
0.2406250000 0.0665876635 0.0171875000
0.2406250000 0.0656079111 0.0257812500
0.2406250000 0.0641035180 0.0343750000
0.2406250000 0.0615546602 0.0429687500
0.2492187500 -0.1120831398 -0.0343750000
0.2492187500 -0.1117187500 -0.0354371683
0.2492187500 -0.1135170612 -0.0257812500
0.2492187500 -0.1136694098 -0.0171875000
0.2492187500 -0.1135906504 -0.0085937500
0.2492187500 -0.1131571577 0.0000000000
0.2492187500 -0.1127005179 0.0085937500
0.2492187500 -0.1121981500 0.0171875000
0.2434199167 -0.1117187500 0.0257812500
0.2492187500 -0.1117187500 0.0207220553
0.2492187500 -0.1043939105 -0.0515625000
0.2492187500 -0.1031250000 -0.0537050144
0.2492187500 -0.1087072762 -0.0429687500
0.2492187500 -0.1109775888 0.0257812500
0.2492187500 -0.1085930157 0.0343750000
0.2492187500 -0.1054664128 0.0429687500
0.2492187500 -0.1031250000 0.0460776107
0.2492187500 -0.0991406153 -0.0601562500
0.2492187500 -0.0945312500 -0.0666430086
0.2492187500 -0.0990718438 0.0515625000
0.2492187500 -0.0945312500 0.0573664252
0.2446283154 -0.0859375000 -0.0773437500
0.2492187500 -0.0926697887 -0.0687500000
0.2492187500 -0.0859375000 -0.0762116249
0.2492187500 -0.0920840878 0.0601562500
0.2492187500 -0.0859375000 0.0673080799
0.2492187500 -0.0847415401 -0.0773437500
0.2492187500 -0.0773437500 -0.0829719013
0.2492187500 -0.0847200200 0.0687500000
0.2492187500 -0.0774762759 0.0773437500
0.2492187500 -0.0773437500 0.0774647376
0.2492187500 -0.0712368532 -0.0859375000
0.2492187500 -0.0687500000 -0.0874561834
0.2492187500 -0.0687500000 0.0840925643
0.2492187500 -0.0601562500 -0.0912124709
0.2492187500 -0.0658968581 0.0859375000
0.2492187500 -0.0601562500 0.0889593716
0.2492187500 -0.0516625879 -0.0945312500
0.2492187500 -0.0515625000 -0.0945806565
0.2492187500 -0.0515625000 0.0927839629
0.2492187500 -0.0429687500 -0.0985617266
0.2492187500 -0.0464218098 0.0945312500
0.2492187500 -0.0429687500 0.0956617594
0.2471881081 -0.0343750000 -0.1031250000
0.2492187500 -0.0343750000 -0.1025595491
0.2492187500 -0.0343750000 0.0974638711
0.2492187500 -0.0331199273 -0.1031250000
0.2492187500 -0.0257812500 -0.1063056324
0.2492187500 -0.0257812500 0.0986250732
0.2492187500 -0.0171875000 -0.1094290314
0.2492187500 -0.0171875000 0.0989970327
0.2492187500 -0.0111013560 -0.1117187500
0.2492187500 -0.0085937500 -0.1125810447
0.2492187500 -0.0085937500 0.0990428117
0.2492187500 0.0000000000 -0.1132320590
0.2492187500 0.0000000000 0.0985172502
0.2492187500 0.0085937500 -0.1123535316
0.2492187500 0.0085937500 0.0973450847
0.2492187500 0.0171875000 -0.1122344516
0.2492187500 0.0171875000 0.0956547529
0.2455792484 0.0257812500 -0.1117187500
0.2492187500 0.0226767984 -0.1117187500
0.2492187500 0.0257812500 -0.1114058138
0.2492187500 0.0198203563 0.0945312500
0.2492187500 0.0257812500 0.0918018191
0.2492187500 0.0343750000 -0.1076156795
0.2474877769 0.0343750000 0.0859375000
0.2492187500 0.0341760886 0.0859375000
0.2492187500 0.0343750000 0.0857845805
0.2492187500 0.0388210345 -0.1031250000
0.2492187500 0.0429687500 -0.0986636071
0.2492187500 0.0429687500 0.0782510999
0.2492187500 0.0458521322 -0.0945312500
0.2492187500 0.0505519885 -0.0859375000
0.2492187500 0.0515625000 -0.0836624457
0.2415839080 0.0515625000 0.0687500000
0.2492187500 0.0503795364 0.0687500000
0.2492187500 0.0515625000 0.0666018241
0.2492187500 0.0438577017 0.0773437500
0.2492187500 0.0543300197 -0.0773437500
0.2492187500 0.0569354991 -0.0687500000
0.2492187500 0.0591634400 -0.0601562500
0.2492187500 0.0601562500 -0.0561573997
0.2492187500 0.0574919900 0.0515625000
0.2492187500 0.0601562500 0.0436477878
0.2492187500 0.0546861832 0.0601562500
0.2492187500 0.0613060461 -0.0515625000
0.2492187500 0.0631473597 -0.0429687500
0.2492187500 0.0650856681 -0.0343750000
0.2492187500 0.0661595029 -0.0257812500
0.2492187500 0.0668704106 -0.0171875000
0.2492187500 0.0671219986 -0.0085937500
0.2492187500 0.0669958975 0.0000000000
0.2492187500 0.0664247383 0.0085937500
0.2492187500 0.0656100146 0.0171875000
0.2492187500 0.0646027246 0.0257812500
0.2492187500 0.0630839702 0.0343750000
0.2492187500 0.0603638415 0.0429687500
0.2535683273 -0.1117187500 -0.0343750000
0.2578125000 -0.1127560202 -0.0257812500
0.2578125000 -0.1117187500 -0.0321068629
0.2578125000 -0.1129025305 -0.0171875000
0.2578125000 -0.1127908402 -0.0085937500
0.2578125000 -0.1122903686 0.0000000000
0.2577789190 -0.1117187500 0.0085937500
0.2578125000 -0.1117187500 0.0085374051
0.2532349568 -0.1117187500 0.0171875000
0.2578125000 -0.1035354183 -0.0515625000
0.2578125000 -0.1031250000 -0.0522549451
0.2578125000 -0.1078940356 -0.0429687500
0.2578125000 -0.1112882572 -0.0343750000
0.2578125000 -0.1117148592 0.0085937500
0.2578125000 -0.1111714407 0.0171875000
0.2578125000 -0.1098917297 0.0257812500
0.2578125000 -0.1075549907 0.0343750000
0.2578125000 -0.1045135500 0.0429687500
0.2578125000 -0.1031250000 0.0449082948
0.2578125000 -0.0981258025 -0.0601562500
0.2578125000 -0.0945312500 -0.0649407641
0.2578125000 -0.0984918639 0.0515625000
0.2578125000 -0.0945312500 0.0567030204
0.2578125000 -0.0909597800 -0.0687500000
0.2578125000 -0.0859375000 -0.0739027531
0.2578125000 -0.0914777094 0.0601562500
0.2578125000 -0.0859375000 0.0668663948
0.2578125000 -0.0820064771 -0.0773437500
0.2578125000 -0.0773437500 -0.0807172103
0.2578125000 -0.0843535317 0.0687500000
0.2526742114 -0.0773437500 0.0773437500
0.2578125000 -0.0773437500 0.0770968300
0.2533742061 -0.0687500000 -0.0859375000
0.2578125000 -0.0687500000 -0.0847693966
0.2578125000 -0.0770838443 0.0773437500
0.2578125000 -0.0687500000 0.0837094784
0.2578125000 -0.0651751018 -0.0859375000
0.2578125000 -0.0601562500 -0.0882672611
0.2578125000 -0.0651248894 0.0859375000
0.2578125000 -0.0601562500 0.0883654442
0.2493489194 -0.0515625000 -0.0945312500
0.2578125000 -0.0515625000 -0.0918226132
0.2578125000 -0.0515625000 0.0918945435
0.2578125000 -0.0443951215 -0.0945312500
0.2578125000 -0.0429687500 -0.0951895640
0.2578125000 -0.0436211128 0.0945312500
0.2578125000 -0.0429687500 0.0947449469
0.2578125000 -0.0343750000 -0.0996350325
0.2578125000 -0.0343750000 0.0965040770
0.2578125000 -0.0270626876 -0.1031250000
0.2578125000 -0.0257812500 -0.1037658391
0.2578125000 -0.0257812500 0.0977943668
0.2578125000 -0.0171875000 -0.1074131636
0.2578125000 -0.0171875000 0.0983494975
0.2538775476 -0.0085937500 -0.1117187500
0.2578125000 -0.0085937500 -0.1109001799
0.2578125000 -0.0085937500 0.0984912565
0.2578125000 -0.0046136417 -0.1117187500
0.2578125000 0.0000000000 -0.1124737180
0.2578125000 0.0000000000 0.0978505719
0.2578125000 0.0085937500 -0.1118458837
0.2578125000 0.0085937500 0.0967767992
0.2570414694 0.0171875000 -0.1117187500
0.2578125000 0.0148070295 -0.1117187500
0.2578125000 0.0171875000 -0.1116701349
0.2578125000 0.0171875000 0.0949941843
0.2578125000 0.0257812500 -0.1106608289
0.2578125000 0.0182865297 0.0945312500
0.2578125000 0.0257812500 0.0911394470
0.2578125000 0.0343750000 -0.1069246333
0.2578125000 0.0333841232 0.0859375000
0.2578125000 0.0343750000 0.0851981278
0.2578125000 0.0387592055 -0.1031250000
0.2578125000 0.0429687500 -0.0987560873
0.2565305216 0.0429687500 0.0773437500
0.2578125000 0.0428061898 0.0773437500
0.2578125000 0.0429687500 0.0771140277
0.2578125000 0.0457762262 -0.0945312500
0.2578125000 0.0503551337 -0.0859375000
0.2578125000 0.0515625000 -0.0833168373
0.2578125000 0.0491071858 0.0687500000
0.2578125000 0.0515625000 0.0643404598
0.2578125000 0.0542036002 -0.0773437500
0.2578125000 0.0564574508 -0.0687500000
0.2578125000 0.0583857448 -0.0601562500
0.2578125000 0.0601562500 -0.0527132853
0.2506621192 0.0601562500 0.0429687500
0.2578125000 0.0591081621 0.0429687500
0.2578125000 0.0601562500 0.0400283259
0.2578125000 0.0562808621 0.0515625000
0.2578125000 0.0535662583 0.0601562500
0.2578125000 0.0604389486 -0.0515625000
0.2578125000 0.0622167673 -0.0429687500
0.2578125000 0.0640738285 -0.0343750000
0.2578125000 0.0652195472 -0.0257812500
0.2578125000 0.0659422610 -0.0171875000
0.2578125000 0.0662104320 -0.0085937500
0.2578125000 0.0661575161 0.0000000000
0.2578125000 0.0656134684 0.0085937500
0.2578125000 0.0647789837 0.0171875000
0.2578125000 0.0637343875 0.0257812500
0.2578125000 0.0620837631 0.0343750000
0.2664062500 -0.1119987383 -0.0257812500
0.2664062500 -0.1117187500 -0.0274138764
0.2664062500 -0.1122156564 -0.0171875000
0.2664062500 -0.1120365076 -0.0085937500
0.2643917971 -0.1117187500 0.0000000000
0.2664062500 -0.1117187500 -0.0029802135
0.2615871717 -0.1031250000 -0.0515625000
0.2664062500 -0.1069572577 -0.0429687500
0.2664062500 -0.1031250000 -0.0504087825
0.2664062500 -0.1103425230 -0.0343750000
0.2664062500 -0.1115395396 0.0000000000
0.2664062500 -0.1108982615 0.0085937500
0.2664062500 -0.1103168056 0.0171875000
0.2664062500 -0.1089496714 0.0257812500
0.2664062500 -0.1066505516 0.0343750000
0.2664062500 -0.1034975725 0.0429687500
0.2664062500 -0.1031250000 0.0435215485
0.2664062500 -0.0968898971 -0.0601562500
0.2664062500 -0.0945312500 -0.0632895900
0.2664062500 -0.1025087405 -0.0515625000
0.2664062500 -0.0979789547 0.0515625000
0.2664062500 -0.0945312500 0.0561818269
0.2664062500 -0.0892552829 -0.0687500000
0.2664062500 -0.0859375000 -0.0717858172
0.2664062500 -0.0909444142 0.0601562500
0.2664062500 -0.0859375000 0.0662274689
0.2664062500 -0.0786396753 -0.0773437500
0.2664062500 -0.0773437500 -0.0782514331
0.2664062500 -0.0838283399 0.0687500000
0.2664062500 -0.0773437500 0.0762073872
0.2664062500 -0.0687500000 -0.0826291595
0.2664062500 -0.0761599456 0.0773437500
0.2664062500 -0.0687500000 0.0830788874
0.2643982201 -0.0601562500 -0.0859375000
0.2664062500 -0.0601562500 -0.0854784303
0.2664062500 -0.0639470786 0.0859375000
0.2664062500 -0.0601562500 0.0877475440
0.2664062500 -0.0584635220 -0.0859375000
0.2664062500 -0.0515625000 -0.0888411571
0.2664062500 -0.0515625000 0.0911356372
0.2594705647 -0.0429687500 -0.0945312500
0.2664062500 -0.0429687500 -0.0923725221
0.2598912906 -0.0429687500 0.0945312500
0.2664062500 -0.0429687500 0.0938373626
0.2664062500 -0.0380361620 -0.0945312500
0.2664062500 -0.0343750000 -0.0965983816
0.2664062500 -0.0397495383 0.0945312500
0.2664062500 -0.0343750000 0.0957373345
0.2597988702 -0.0257812500 -0.1031250000
0.2664062500 -0.0257812500 -0.1011100875
0.2664062500 -0.0257812500 0.0971092596
0.2664062500 -0.0217407563 -0.1031250000
0.2664062500 -0.0171875000 -0.1053938477
0.2664062500 -0.0171875000 0.0978997738
0.2664062500 -0.0085937500 -0.1090268948
0.2664062500 -0.0085937500 0.0977665601
0.2631436843 0.0000000000 -0.1117187500
0.2664062500 0.0000000000 -0.1112074672
0.2664062500 0.0000000000 0.0970577550
0.2590918200 0.0085937500 -0.1117187500
0.2664062500 0.0085937500 -0.1110259535
0.2664062500 0.0085937500 0.0960402097
0.2664062500 0.0171875000 -0.1109253206
0.2630609404 0.0171875000 0.0945312500
0.2664062500 0.0158019201 0.0945312500
0.2664062500 0.0171875000 0.0942326122
0.2664062500 0.0257812500 -0.1096506291
0.2664062500 0.0257812500 0.0904580167
0.2664062500 0.0343750000 -0.1059784292
0.2664062500 0.0323600441 0.0859375000
0.2664062500 0.0343750000 0.0844637483
0.2664062500 0.0381741111 -0.1031250000
0.2664062500 0.0429687500 -0.0984972215
0.2664062500 0.0417628353 0.0773437500
0.2664062500 0.0429687500 0.0755514141
0.2664062500 0.0455604242 -0.0945312500
0.2664062500 0.0504025370 -0.0859375000
0.2664062500 0.0515625000 -0.0834088354
0.2664062500 0.0478059043 0.0687500000
0.2664062500 0.0515625000 0.0618575459
0.2664062500 0.0540827217 -0.0773437500
0.2664062500 0.0560826246 -0.0687500000
0.2664062500 0.0576807061 -0.0601562500
0.2607223082 0.0601562500 -0.0515625000
0.2664062500 0.0596365971 -0.0515625000
0.2664062500 0.0601562500 -0.0486745295
0.2664062500 0.0579682265 0.0429687500
0.2664062500 0.0601562500 0.0368563873
0.2664062500 0.0550400242 0.0515625000
0.2664062500 0.0523689992 0.0601562500
0.2664062500 0.0612654993 -0.0429687500
0.2664062500 0.0631595594 -0.0343750000
0.2664062500 0.0644183229 -0.0257812500
0.2664062500 0.0651428958 -0.0171875000
0.2664062500 0.0654063408 -0.0085937500
0.2664062500 0.0653057263 0.0000000000
0.2664062500 0.0647707822 0.0085937500
0.2664062500 0.0639684313 0.0171875000
0.2664062500 0.0628977105 0.0257812500
0.2664062500 0.0610418605 0.0343750000
0.2690516017 -0.1117187500 -0.0257812500
0.2718344330 -0.1117187500 -0.0171875000
0.2700759195 -0.1117187500 -0.0085937500
0.2750000000 -0.1058331608 -0.0429687500
0.2750000000 -0.1031250000 -0.0481162889
0.2750000000 -0.1092368565 -0.0343750000
0.2750000000 -0.1110238342 -0.0257812500
0.2750000000 -0.1113971754 -0.0171875000
0.2750000000 -0.1112579965 -0.0085937500
0.2750000000 -0.1107110969 0.0000000000
0.2750000000 -0.1101834921 0.0085937500
0.2750000000 -0.1094911647 0.0171875000
0.2750000000 -0.1080258078 0.0257812500
0.2750000000 -0.1058336833 0.0343750000
0.2709473310 -0.1031250000 0.0429687500
0.2750000000 -0.1031250000 0.0420803697
0.2750000000 -0.0956822466 -0.0601562500
0.2750000000 -0.0945312500 -0.0617395821
0.2750000000 -0.1012962563 -0.0515625000
0.2750000000 -0.1027815383 0.0429687500
0.2750000000 -0.0975208286 0.0515625000
0.2750000000 -0.0945312500 0.0556006218
0.2750000000 -0.0875149443 -0.0687500000
0.2750000000 -0.0859375000 -0.0700569353
0.2750000000 -0.0904690409 0.0601562500
0.2750000000 -0.0859375000 0.0655657409
0.2698184019 -0.0773437500 -0.0773437500
0.2750000000 -0.0773437500 -0.0760258395
0.2750000000 -0.0831845092 0.0687500000
0.2750000000 -0.0773437500 0.0753828876
0.2750000000 -0.0750435853 -0.0773437500
0.2750000000 -0.0687500000 -0.0806290597
0.2750000000 -0.0752542992 0.0773437500
0.2750000000 -0.0687500000 0.0823236337
0.2750000000 -0.0601562500 -0.0837993995
0.2750000000 -0.0627781951 0.0859375000
0.2750000000 -0.0601562500 0.0872148676
0.2750000000 -0.0530984851 -0.0859375000
0.2750000000 -0.0515625000 -0.0866347443
0.2750000000 -0.0515625000 0.0904231242
0.2750000000 -0.0429687500 -0.0902513245
0.2750000000 -0.0429687500 0.0931426983
0.2724699167 -0.0343750000 -0.0945312500
0.2750000000 -0.0343750000 -0.0939498913
0.2750000000 -0.0373248029 0.0945312500
0.2750000000 -0.0343750000 0.0952852119
0.2750000000 -0.0329369429 -0.0945312500
0.2750000000 -0.0257812500 -0.0986793673
0.2750000000 -0.0257812500 0.0964150830
0.2742553386 -0.0171875000 -0.1031250000
0.2750000000 -0.0171875000 -0.1029173624
0.2750000000 -0.0171875000 0.0972490345
0.2750000000 -0.0166815437 -0.1031250000
0.2750000000 -0.0085937500 -0.1068007146
0.2750000000 -0.0085937500 0.0968838882
0.2750000000 0.0000000000 -0.1095673369
0.2750000000 0.0000000000 0.0961109388
0.2750000000 0.0085937500 -0.1097052528
0.2750000000 0.0085937500 0.0950580945
0.2750000000 0.0171875000 -0.1097483030
0.2750000000 0.0111317696 0.0945312500
0.2750000000 0.0171875000 0.0932353107
0.2750000000 0.0257812500 -0.1084535012
0.2750000000 0.0257812500 0.0894159563
0.2750000000 0.0343750000 -0.1050254326
0.2750000000 0.0311792570 0.0859375000
0.2750000000 0.0343750000 0.0837696681
0.2750000000 0.0372259271 -0.1031250000
0.2750000000 0.0429687500 -0.0980047507
0.2750000000 0.0408787223 0.0773437500
0.2750000000 0.0429687500 0.0742021448
0.2750000000 0.0452853705 -0.0945312500
0.2750000000 0.0502227196 -0.0859375000
0.2750000000 0.0515625000 -0.0830755607
0.2723183237 0.0515625000 0.0601562500
0.2750000000 0.0511478292 0.0601562500
0.2750000000 0.0515625000 0.0589714724
0.2750000000 0.0467612715 0.0687500000
0.2750000000 0.0539855193 -0.0773437500
0.2750000000 0.0558041881 -0.0687500000
0.2750000000 0.0571500181 -0.0601562500
0.2750000000 0.0588930182 -0.0515625000
0.2750000000 0.0601562500 -0.0445652056
0.2740553691 0.0601562500 0.0343750000
0.2750000000 0.0600481886 0.0343750000
0.2750000000 0.0601562500 0.0339107551
0.2750000000 0.0568342441 0.0429687500
0.2750000000 0.0538719616 0.0515625000
0.2750000000 0.0604714101 -0.0429687500
0.2750000000 0.0623818147 -0.0343750000
0.2750000000 0.0636623598 -0.0257812500
0.2750000000 0.0644216666 -0.0171875000
0.2750000000 0.0647406915 -0.0085937500
0.2750000000 0.0645537686 0.0000000000
0.2750000000 0.0639679211 0.0085937500
0.2750000000 0.0631984347 0.0171875000
0.2750000000 0.0621173175 0.0257812500
0.2835937500 -0.1046561336 -0.0429687500
0.2835937500 -0.1031250000 -0.0458671175
0.2835937500 -0.1081975780 -0.0343750000
0.2835937500 -0.1101585270 -0.0257812500
0.2835937500 -0.1107009317 -0.0171875000
0.2835937500 -0.1105812589 -0.0085937500
0.2835937500 -0.1100768833 0.0000000000
0.2835937500 -0.1095718026 0.0085937500
0.2835937500 -0.1087499373 0.0171875000
0.2835937500 -0.1070746835 0.0257812500
0.2835937500 -0.1050651895 0.0343750000
0.2835937500 -0.1031250000 0.0398014841
0.2835937500 -0.0946569057 -0.0601562500
0.2835937500 -0.0945312500 -0.0603309145
0.2835937500 -0.1000965886 -0.0515625000
0.2835937500 -0.1018915435 0.0429687500
0.2835937500 -0.0970971623 0.0515625000
0.2835937500 -0.0945312500 0.0550852976
0.2822155129 -0.0859375000 -0.0687500000
0.2835937500 -0.0859375000 -0.0684662176
0.2835937500 -0.0900665371 0.0601562500
0.2835937500 -0.0859375000 0.0650320957
0.2835937500 -0.0856033438 -0.0687500000
0.2835937500 -0.0773437500 -0.0743956775
0.2835937500 -0.0826399874 0.0687500000
0.2835937500 -0.0773437500 0.0746307808
0.2835937500 -0.0722801399 -0.0773437500
0.2835937500 -0.0687500000 -0.0791825502
0.2835937500 -0.0743827186 0.0773437500
0.2835937500 -0.0687500000 0.0816796688
0.2835937500 -0.0601562500 -0.0823588241
0.2835937500 -0.0614965344 0.0859375000
0.2835937500 -0.0601562500 0.0865899345
0.2777757315 -0.0515625000 -0.0859375000
0.2835937500 -0.0515625000 -0.0849712208
0.2835937500 -0.0515625000 0.0896788439
0.2835937500 -0.0481323768 -0.0859375000
0.2835937500 -0.0429687500 -0.0881102169
0.2835937500 -0.0429687500 0.0922542455
0.2835937500 -0.0343750000 -0.0922564865
0.2824508180 -0.0343750000 0.0945312500
0.2835937500 -0.0343750000 0.0944093672
0.2835937500 -0.0286192013 -0.0945312500
0.2835937500 -0.0257812500 -0.0960113201
0.2835937500 -0.0334853226 0.0945312500
0.2835937500 -0.0257812500 0.0955624668
0.2835937500 -0.0171875000 -0.1003261825
0.2835937500 -0.0171875000 0.0962791371
0.2835937500 -0.0103047061 -0.1031250000
0.2835937500 -0.0085937500 -0.1039383386
0.2835937500 -0.0085937500 0.0957862344
0.2835937500 0.0000000000 -0.1076333868
0.2835937500 0.0000000000 0.0951427395
0.2835937500 0.0085937500 -0.1082141539
0.2787572864 0.0085937500 0.0945312500
0.2835937500 0.0040550484 0.0945312500
0.2835937500 0.0085937500 0.0938935617
0.2835937500 0.0171875000 -0.1080103138
0.2835937500 0.0171875000 0.0920348279
0.2835937500 0.0257812500 -0.1073598923
0.2835937500 0.0257812500 0.0881288434
0.2835937500 0.0343750000 -0.1043033300
0.2835937500 0.0294588773 0.0859375000
0.2835937500 0.0343750000 0.0829524140
0.2835937500 0.0361558017 -0.1031250000
0.2835937500 0.0429687500 -0.0969358146
0.2835937500 0.0400656515 0.0773437500
0.2835937500 0.0429687500 0.0729408307
0.2835937500 0.0446171897 -0.0945312500
0.2835937500 0.0497335509 -0.0859375000
0.2835937500 0.0515625000 -0.0822144115
0.2835937500 0.0499679784 0.0601562500
0.2835937500 0.0515625000 0.0554057622
0.2835937500 0.0457394236 0.0687500000
0.2835937500 0.0537282658 -0.0773437500
0.2835937500 0.0554778578 -0.0687500000
0.2835937500 0.0567153736 -0.0601562500
0.2835937500 0.0582666519 -0.0515625000
0.2790198072 0.0601562500 -0.0429687500
0.2835937500 0.0598358558 -0.0429687500
0.2835937500 0.0601562500 -0.0414683614
0.2835937500 0.0589889376 0.0343750000
0.2835937500 0.0601562500 0.0296108205
0.2835937500 0.0558444440 0.0429687500
0.2835937500 0.0527588094 0.0515625000
0.2835937500 0.0618496850 -0.0343750000
0.2835937500 0.0631739518 -0.0257812500
0.2835937500 0.0639051774 -0.0171875000
0.2835937500 0.0640775814 -0.0085937500
0.2835937500 0.0637616569 0.0000000000
0.2835937500 0.0631246285 0.0085937500
0.2835937500 0.0623409411 0.0171875000
0.2835937500 0.0611697334 0.0257812500
0.2921875000 -0.1036095474 -0.0429687500
0.2921875000 -0.1031250000 -0.0438340410
0.2921875000 -0.1071349951 -0.0343750000
0.2921875000 -0.1094035903 -0.0257812500
0.2921875000 -0.1101372869 -0.0171875000
0.2921875000 -0.1100598614 -0.0085937500
0.2921875000 -0.1095626056 0.0000000000
0.2921875000 -0.1090788071 0.0085937500
0.2921875000 -0.1081572430 0.0171875000
0.2921875000 -0.1063110533 0.0257812500
0.2921875000 -0.1044018128 0.0343750000
0.2921875000 -0.1031250000 0.0378669245
0.2847050948 -0.0945312500 -0.0601562500
0.2921875000 -0.0988432178 -0.0515625000
0.2921875000 -0.0945312500 -0.0587098705
0.2921875000 -0.1010737022 0.0429687500
0.2921875000 -0.0966724330 0.0515625000
0.2921875000 -0.0945312500 0.0545423108
0.2921875000 -0.0933341908 -0.0601562500
0.2921875000 -0.0859375000 -0.0669485323
0.2921875000 -0.0895109595 0.0601562500
0.2921875000 -0.0859375000 0.0643631800
0.2921875000 -0.0837826887 -0.0687500000
0.2921875000 -0.0773437500 -0.0730818995
0.2921875000 -0.0820345185 0.0687500000
0.2921875000 -0.0773437500 0.0738246172
0.2921875000 -0.0695568407 -0.0773437500
0.2921875000 -0.0687500000 -0.0777567683
0.2921875000 -0.0735309019 0.0773437500
0.2921875000 -0.0687500000 0.0810876527
0.2921875000 -0.0601562500 -0.0810076622
0.2921875000 -0.0602259766 0.0859375000
0.2921875000 -0.0601562500 0.0859712036
0.2921875000 -0.0515625000 -0.0836390768
0.2921875000 -0.0515625000 0.0888096606
0.2921875000 -0.0439619011 -0.0859375000
0.2921875000 -0.0429687500 -0.0863673255
0.2921875000 -0.0429687500 0.0913135887
0.2921875000 -0.0343750000 -0.0904684961
0.2921875000 -0.0343750000 0.0934557185
0.2892110497 -0.0257812500 -0.0945312500
0.2921875000 -0.0257812500 -0.0940196834
0.2921875000 -0.0268851179 0.0945312500
0.2921875000 -0.0257812500 0.0946807252
0.2921875000 -0.0243558787 -0.0945312500
0.2921875000 -0.0171875000 -0.0980629437
0.2921875000 -0.0171875000 0.0949889250
0.2860358242 -0.0085937500 -0.1031250000
0.2921875000 -0.0085937500 -0.1014889064
0.2920013086 -0.0085937500 0.0945312500
0.2921875000 -0.0090568814 0.0945312500
0.2921875000 -0.0085937500 0.0945064921
0.2921875000 -0.0046759247 -0.1031250000
0.2921875000 0.0000000000 -0.1054041250
0.2876949337 0.0000000000 0.0945312500
0.2921875000 0.0000000000 0.0939457555
0.2921875000 0.0085937500 -0.1066499383
0.2921875000 0.0085937500 0.0927113969
0.2921875000 0.0171875000 -0.1065805389
0.2921875000 0.0171875000 0.0904834812
0.2921875000 0.0257812500 -0.1063080514
0.2921875000 0.0257812500 0.0866450308
0.2921875000 0.0343750000 -0.1034115872
0.2921875000 0.0270517884 0.0859375000
0.2921875000 0.0343750000 0.0817666062
0.2921875000 0.0347811586 -0.1031250000
0.2921875000 0.0429687500 -0.0958365609
0.2921875000 0.0389334579 0.0773437500
0.2921875000 0.0429687500 0.0713265662
0.2921875000 0.0439258651 -0.0945312500
0.2921875000 0.0492284885 -0.0859375000
0.2921875000 0.0515625000 -0.0810629544
0.2921875000 0.0488795612 0.0601562500
0.2921875000 0.0515625000 0.0519084932
0.2921875000 0.0446062340 0.0687500000
0.2921875000 0.0531641663 -0.0773437500
0.2921875000 0.0550386679 -0.0687500000
0.2921875000 0.0563197810 -0.0601562500
0.2921875000 0.0577982784 -0.0515625000
0.2921875000 0.0594791749 -0.0429687500
0.2921875000 0.0601562500 -0.0396962515
0.2921875000 0.0580713070 0.0343750000
0.2921875000 0.0601562500 0.0261469988
0.2921875000 0.0548727416 0.0429687500
0.2921875000 0.0516686113 0.0515625000
0.2921875000 0.0613668174 -0.0343750000
0.2921875000 0.0626777621 -0.0257812500
0.2921875000 0.0633472932 -0.0171875000
0.2921875000 0.0634509049 -0.0085937500
0.2921875000 0.0630367596 0.0000000000
0.2921875000 0.0622839905 0.0085937500
0.2921875000 0.0614139082 0.0171875000
0.2921875000 0.0602582161 0.0257812500
0.2961824263 -0.1031250000 -0.0429687500
0.3007812500 -0.1060820256 -0.0343750000
0.3007812500 -0.1031250000 -0.0415329920
0.3007812500 -0.1086711204 -0.0257812500
0.3007812500 -0.1095778669 -0.0171875000
0.3007812500 -0.1095807272 -0.0085937500
0.3007812500 -0.1091773265 0.0000000000
0.3007812500 -0.1086742340 0.0085937500
0.3007812500 -0.1076100862 0.0171875000
0.3007812500 -0.1057219298 0.0257812500
0.3007812500 -0.1037976933 0.0343750000
0.3007812500 -0.1031250000 0.0361667370
0.3007812500 -0.0977508480 -0.0515625000
0.3007812500 -0.0945312500 -0.0570541790
0.3007812500 -0.1025050021 -0.0429687500
0.3007812500 -0.1003578472 0.0429687500
0.3007812500 -0.0961869179 0.0515625000
0.3007812500 -0.0945312500 0.0539637746
0.3007812500 -0.0919178077 -0.0601562500
0.3007812500 -0.0859375000 -0.0656223818
0.3007812500 -0.0888462964 0.0601562500
0.3007812500 -0.0859375000 0.0634653431
0.3007812500 -0.0821390589 -0.0687500000
0.3007812500 -0.0773437500 -0.0718288889
0.3007812500 -0.0812224548 0.0687500000
0.3007812500 -0.0773437500 0.0728804334
0.2945990295 -0.0687500000 -0.0773437500
0.3007812500 -0.0687500000 -0.0763190624
0.3007812500 -0.0725059783 0.0773437500
0.3007812500 -0.0687500000 0.0803632015
0.3007812500 -0.0661614725 -0.0773437500
0.3007812500 -0.0601562500 -0.0796585275
0.2926035516 -0.0601562500 0.0859375000
0.3007812500 -0.0601562500 0.0851282137
0.3007812500 -0.0515625000 -0.0825056387
0.3007812500 -0.0577549091 0.0859375000
0.3007812500 -0.0515625000 0.0878642225
0.2946759186 -0.0429687500 -0.0859375000
0.3007812500 -0.0429687500 -0.0851608618
0.3007812500 -0.0429687500 0.0902811249
0.3007812500 -0.0407729104 -0.0859375000
0.3007812500 -0.0343750000 -0.0888158144
0.3007812500 -0.0343750000 0.0923134879
0.3007812500 -0.0257812500 -0.0925842519
0.2934277921 -0.0257812500 0.0945312500
0.3007812500 -0.0257812500 0.0935409680
0.3007812500 -0.0205114321 -0.0945312500
0.3007812500 -0.0171875000 -0.0961406823
0.2954153529 -0.0171875000 0.0945312500
0.3007812500 -0.0171875000 0.0937371587
0.3007812500 -0.0085937500 -0.0995222469
0.3007812500 -0.0085937500 0.0932940228
0.3007812500 -0.0002058557 -0.1031250000
0.3007812500 0.0000000000 -0.1032270388
0.3007812500 0.0000000000 0.0928644592
0.3007812500 0.0085937500 -0.1053687664
0.3007812500 0.0085937500 0.0913711379
0.3007812500 0.0171875000 -0.1054337446
0.3007812500 0.0171875000 0.0888255214
0.3007812500 0.0257812500 -0.1052042607
0.2964125968 0.0257812500 0.0859375000
0.3007812500 0.0242099706 0.0859375000
0.3007812500 0.0257812500 0.0852481618
0.2946275311 0.0343750000 -0.1031250000
0.3007812500 0.0322257457 -0.1031250000
0.3007812500 0.0343750000 -0.1022853441
0.3007812500 0.0343750000 0.0802797499
0.3007812500 0.0429687500 -0.0947489317
0.3007812500 0.0374120995 0.0773437500
0.3007812500 0.0429687500 0.0696195670
0.3007812500 0.0431292274 -0.0945312500
0.3007812500 0.0485076853 -0.0859375000
0.3007812500 0.0515625000 -0.0794932646
0.2929942843 0.0515625000 0.0515625000
0.3007812500 0.0505966689 0.0515625000
0.3007812500 0.0515625000 0.0489505739
0.3007812500 0.0477527541 0.0601562500
0.3007812500 0.0435360311 0.0687500000
0.3007812500 0.0524766148 -0.0773437500
0.3007812500 0.0543276784 -0.0687500000
0.3007812500 0.0558403131 -0.0601562500
0.3007812500 0.0571451583 -0.0515625000
0.3007812500 0.0590334805 -0.0429687500
0.3007812500 0.0601562500 -0.0373164780
0.2930615743 0.0601562500 0.0257812500
0.3007812500 0.0593350244 0.0257812500
0.3007812500 0.0601562500 0.0196941280
0.3007812500 0.0570784463 0.0343750000
0.3007812500 0.0538310900 0.0429687500
0.3007812500 0.0608127634 -0.0343750000
0.3007812500 0.0621076795 -0.0257812500
0.3007812500 0.0627418698 -0.0171875000
0.3007812500 0.0628336423 -0.0085937500
0.3007812500 0.0623557234 0.0000000000
0.3007812500 0.0615359460 0.0085937500
0.3007812500 0.0605412684 0.0171875000
0.3093750000 -0.1051178215 -0.0343750000
0.3093750000 -0.1031250000 -0.0390102222
0.3093750000 -0.1080123771 -0.0257812500
0.3093750000 -0.1089791648 -0.0171875000
0.3093750000 -0.1091187522 -0.0085937500
0.3093750000 -0.1087686634 0.0000000000
0.3093750000 -0.1082723616 0.0085937500
0.3093750000 -0.1072051199 0.0171875000
0.3093750000 -0.1052218025 0.0257812500
0.3093750000 -0.1031753717 0.0343750000
0.3093750000 -0.1031250000 0.0345059125
0.3093750000 -0.0967454533 -0.0515625000
0.3093750000 -0.0945312500 -0.0552726748
0.3093750000 -0.1013703578 -0.0429687500
0.3093750000 -0.0996944830 0.0429687500
0.3093750000 -0.0956235154 0.0515625000
0.3093750000 -0.0945312500 0.0531923779
0.3093750000 -0.0902579883 -0.0601562500
0.3093750000 -0.0859375000 -0.0641344143
0.3093750000 -0.0881067402 0.0601562500
0.3093750000 -0.0859375000 0.0625829260
0.3093750000 -0.0804160200 -0.0687500000
0.3093750000 -0.0773437500 -0.0706672059
0.3093750000 -0.0803424379 0.0687500000
0.3093750000 -0.0773437500 0.0718989844
0.3093750000 -0.0687500000 -0.0750027996
0.3093750000 -0.0714157516 0.0773437500
0.3093750000 -0.0687500000 0.0795158252
0.3093750000 -0.0627363856 -0.0773437500
0.3093750000 -0.0601562500 -0.0783650906
0.3093750000 -0.0601562500 0.0842754673
0.3093750000 -0.0515625000 -0.0814113791
0.3093750000 -0.0549406463 0.0859375000
0.3093750000 -0.0515625000 0.0869121621
0.3093750000 -0.0429687500 -0.0840097487
0.3093750000 -0.0429687500 0.0892011862
0.3093750000 -0.0375203148 -0.0859375000
0.3093750000 -0.0343750000 -0.0872860027
0.3093750000 -0.0343750000 0.0911001874
0.3093750000 -0.0257812500 -0.0911066055
0.3093750000 -0.0257812500 0.0921444077
0.3092761485 -0.0171875000 -0.0945312500
0.3093750000 -0.0171875000 -0.0945170986
0.3093750000 -0.0171875000 0.0924132291
0.3093750000 -0.0171380473 -0.0945312500
0.3093750000 -0.0085937500 -0.0978684247
0.3093750000 -0.0085937500 0.0920278218
0.3011971247 0.0000000000 -0.1031250000
0.3093750000 0.0000000000 -0.1013760114
0.3093750000 0.0000000000 0.0914189298
0.3093750000 0.0065781771 -0.1031250000
0.3093750000 0.0085937500 -0.1036807106
0.3093750000 0.0085937500 0.0899690082
0.3093750000 0.0171875000 -0.1045561507
0.3093750000 0.0171875000 0.0873037906
0.3093750000 0.0257812500 -0.1042668700
0.3093750000 0.0205065157 0.0859375000
0.3093750000 0.0257812500 0.0836060811
0.3093750000 0.0293191310 -0.1031250000
0.3093750000 0.0343750000 -0.1010808194
0.3093750000 0.0343750000 0.0786800568
0.3021421173 0.0429687500 -0.0945312500
0.3093750000 0.0417238711 -0.0945312500
0.3093750000 0.0429687500 -0.0930194180
0.3056121853 0.0429687500 0.0687500000
0.3093750000 0.0424841031 0.0687500000
0.3093750000 0.0429687500 0.0678255530
0.3093750000 0.0358140086 0.0773437500
0.3093750000 0.0473971676 -0.0859375000
0.3083574066 0.0515625000 -0.0773437500
0.3093750000 0.0514295751 -0.0773437500
0.3093750000 0.0515625000 -0.0767093992
0.3093750000 0.0494384724 0.0515625000
0.3093750000 0.0515625000 0.0456698677
0.3093750000 0.0465969754 0.0601562500
0.3093750000 0.0532911963 -0.0687500000
0.3093750000 0.0548427376 -0.0601562500
0.3093750000 0.0562027923 -0.0515625000
0.3093750000 0.0582780758 -0.0429687500
0.3080280536 0.0601562500 -0.0343750000
0.3093750000 0.0600432317 -0.0343750000
0.3093750000 0.0601562500 -0.0336041341
0.3045091977 0.0601562500 0.0171875000
0.3093750000 0.0596871981 0.0171875000
0.3093750000 0.0601562500 0.0136085659
0.3093750000 0.0584041124 0.0257812500
0.3093750000 0.0559562564 0.0343750000
0.3093750000 0.0526145767 0.0429687500
0.3093750000 0.0613910170 -0.0257812500
0.3093750000 0.0620101877 -0.0171875000
0.3093750000 0.0620843976 -0.0085937500
0.3093750000 0.0616948175 0.0000000000
0.3093750000 0.0608887496 0.0085937500
0.3179687500 -0.1041601674 -0.0343750000
0.3179687500 -0.1031250000 -0.0366131333
0.3179687500 -0.1071799579 -0.0257812500
0.3179687500 -0.1083614952 -0.0171875000
0.3179687500 -0.1086349298 -0.0085937500
0.3179687500 -0.1083632555 0.0000000000
0.3179687500 -0.1078358543 0.0085937500
0.3179687500 -0.1067413265 0.0171875000
0.3179687500 -0.1047573479 0.0257812500
0.3101489946 -0.1031250000 0.0343750000
0.3179687500 -0.1031250000 0.0323273505
0.3179687500 -0.0956588212 -0.0515625000
0.3179687500 -0.0945312500 -0.0534250657
0.3179687500 -0.1001765475 -0.0429687500
0.3179687500 -0.1025770965 0.0343750000
0.3179687500 -0.0991345904 0.0429687500
0.3179687500 -0.0950919693 0.0515625000
0.3179687500 -0.0945312500 0.0524061193
0.3179687500 -0.0885115346 -0.0601562500
0.3179687500 -0.0859375000 -0.0625653584
0.3179687500 -0.0873736824 0.0601562500
0.3179687500 -0.0859375000 0.0617556107
0.3179687500 -0.0786390533 -0.0687500000
0.3179687500 -0.0773437500 -0.0695613957
0.3179687500 -0.0794405368 0.0687500000
0.3179687500 -0.0773437500 0.0708968377
0.3179687500 -0.0687500000 -0.0737701339
0.3179687500 -0.0702750127 0.0773437500
0.3179687500 -0.0687500000 0.0785608460
0.3165773344 -0.0601562500 -0.0773437500
0.3179687500 -0.0601562500 -0.0771394983
0.3179687500 -0.0601562500 0.0833162209
0.3179687500 -0.0596037915 -0.0773437500
0.3179687500 -0.0515625000 -0.0803320824
0.3175163775 -0.0515625000 0.0859375000
0.3179687500 -0.0515625000 0.0858793663
0.3179687500 -0.0429687500 -0.0828754064
0.3179687500 -0.0513343127 0.0859375000
0.3179687500 -0.0429687500 0.0880506096
0.3178428878 -0.0343750000 -0.0859375000
0.3179687500 -0.0343750000 -0.0859192631
0.3179687500 -0.0343750000 0.0896698666
0.3179687500 -0.0343307294 -0.0859375000
0.3179687500 -0.0257812500 -0.0896780544
0.3179687500 -0.0257812500 0.0907819613
0.3179687500 -0.0171875000 -0.0932199192
0.3179687500 -0.0171875000 0.0912462007
0.3179687500 -0.0129868634 -0.0945312500
0.3179687500 -0.0085937500 -0.0963102525
0.3179687500 -0.0085937500 0.0907188975
0.3179687500 0.0000000000 -0.0997129816
0.3179687500 0.0000000000 0.0898782906
0.3120241797 0.0085937500 -0.1031250000
0.3179687500 0.0085937500 -0.1020502922
0.3179687500 0.0085937500 0.0886387218
0.3179687500 0.0145895345 -0.1031250000
0.3179687500 0.0171875000 -0.1036181930
0.3179687500 0.0171875000 0.0859945168
0.3179687500 0.0257812500 -0.1031632990
0.3179687500 0.0173269288 0.0859375000
0.3179687500 0.0257812500 0.0821092302
0.3179687500 0.0258919573 -0.1031250000
0.3179687500 0.0343750000 -0.0993278424
0.3162949987 0.0343750000 0.0773437500
0.3179687500 0.0338660620 0.0773437500
0.3179687500 0.0343750000 0.0769342759
0.3179687500 0.0396213316 -0.0945312500
0.3179687500 0.0429687500 -0.0904909559
0.3179687500 0.0411295775 0.0687500000
0.3179687500 0.0429687500 0.0653471729
0.3179687500 0.0458063028 -0.0859375000
0.3179687500 0.0500800443 -0.0773437500
0.3179687500 0.0515625000 -0.0702219924
0.3162624660 0.0515625000 0.0429687500
0.3179687500 0.0513186420 0.0429687500
0.3179687500 0.0515625000 0.0423265354
0.3179687500 0.0483552770 0.0515625000
0.3179687500 0.0454909427 0.0601562500
0.3179687500 0.0519012180 -0.0687500000
0.3179687500 0.0534219577 -0.0601562500
0.3179687500 0.0549266826 -0.0515625000
0.3179687500 0.0570100521 -0.0429687500
0.3179687500 0.0588305033 -0.0343750000
0.3179687500 0.0601562500 -0.0261891314
0.3158062083 0.0601562500 0.0085937500
0.3179687500 0.0599205452 0.0085937500
0.3179687500 0.0601562500 0.0056842245
0.3179687500 0.0587404969 0.0171875000
0.3179687500 0.0573095082 0.0257812500
0.3179687500 0.0547378620 0.0343750000
0.3179687500 0.0602299782 -0.0257812500
0.3179687500 0.0609100881 -0.0171875000
0.3179687500 0.0610313555 -0.0085937500
0.3179687500 0.0606828039 0.0000000000
0.3265625000 -0.1033024297 -0.0343750000
0.3265625000 -0.1031250000 -0.0347411109
0.3265625000 -0.1063010906 -0.0257812500
0.3265625000 -0.1076580962 -0.0171875000
0.3265625000 -0.1080622557 -0.0085937500
0.3265625000 -0.1078868826 0.0000000000
0.3265625000 -0.1073569708 0.0085937500
0.3265625000 -0.1062022737 0.0171875000
0.3265625000 -0.1043247764 0.0257812500
0.3265625000 -0.1031250000 0.0306544250
0.3265283282 -0.0945312500 -0.0515625000
0.3265625000 -0.0990861253 -0.0429687500
0.3265625000 -0.0945312500 -0.0515528529
0.3265625000 -0.1021340123 0.0343750000
0.3265625000 -0.0987014885 0.0429687500
0.3265625000 -0.0946908249 0.0515625000
0.3265625000 -0.0945312500 0.0518066147
0.3265625000 -0.0866893652 -0.0601562500
0.3265625000 -0.0859375000 -0.0608611182
0.3265625000 -0.0945241757 -0.0515625000
0.3265625000 -0.0868677403 0.0601562500
0.3265625000 -0.0859375000 0.0611923536
0.3232287680 -0.0773437500 -0.0687500000
0.3265625000 -0.0773437500 -0.0679450874
0.3265625000 -0.0785017381 0.0687500000
0.3265625000 -0.0773437500 0.0698571198
0.3265625000 -0.0763624948 -0.0687500000
0.3265625000 -0.0687500000 -0.0725838010
0.3265625000 -0.0689802318 0.0773437500
0.3265625000 -0.0687500000 0.0775230114
0.3265625000 -0.0601562500 -0.0758895298
0.3265625000 -0.0601562500 0.0821595694
0.3265625000 -0.0563791399 -0.0773437500
0.3265625000 -0.0515625000 -0.0792250745
0.3265625000 -0.0515625000 0.0845731749
0.3265625000 -0.0429687500 -0.0816200725
0.3265625000 -0.0451336944 0.0859375000
0.3265625000 -0.0429687500 0.0864143980
0.3265625000 -0.0343750000 -0.0846978122
0.3265625000 -0.0343750000 0.0879533315
0.3265625000 -0.0312996450 -0.0859375000
0.3265625000 -0.0257812500 -0.0883789839
0.3265625000 -0.0257812500 0.0891857205
0.3265625000 -0.0171875000 -0.0918550793
0.3265625000 -0.0171875000 0.0897089864
0.3265625000 -0.0095967234 -0.0945312500
0.3265625000 -0.0085937500 -0.0949693104
0.3265625000 -0.0085937500 0.0893604439
0.3265625000 0.0000000000 -0.0982504467
0.3265625000 0.0000000000 0.0884267935
0.3265625000 0.0085937500 -0.1006125901
0.3265625000 0.0085937500 0.0872849163
0.3227143759 0.0171875000 -0.1031250000
0.3265625000 0.0171875000 -0.1026829199
0.3183219814 0.0171875000 0.0859375000
0.3265625000 0.0130261643 0.0859375000
0.3265625000 0.0171875000 0.0844866868
0.3182396637 0.0257812500 -0.1031250000
0.3265625000 0.0257812500 -0.1017881366
0.3265625000 0.0257812500 0.0807320831
0.3265625000 0.0343750000 -0.0971932086
0.3265625000 0.0316269903 0.0773437500
0.3265625000 0.0343750000 0.0752130439
0.3265625000 0.0373672531 -0.0945312500
0.3265625000 0.0429687500 -0.0879990864
0.3265625000 0.0398098134 0.0687500000
0.3265625000 0.0429687500 0.0629759513
0.3265625000 0.0442092044 -0.0859375000
0.3265625000 0.0485196085 -0.0773437500
0.3196208215 0.0515625000 -0.0687500000
0.3265625000 0.0503528188 -0.0687500000
0.3265625000 0.0515625000 -0.0613101040
0.3265625000 0.0501869605 0.0429687500
0.3265625000 0.0515625000 0.0393642229
0.3265625000 0.0472225977 0.0515625000
0.3265625000 0.0443556962 0.0601562500
0.3265625000 0.0517867040 -0.0601562500
0.3265625000 0.0535068125 -0.0515625000
0.3265625000 0.0555111387 -0.0429687500
0.3265625000 0.0574235766 -0.0343750000
0.3183590306 0.0601562500 -0.0257812500
0.3265625000 0.0586901508 -0.0257812500
0.3227039762 0.0601562500 -0.0171875000
0.3265625000 0.0595550218 -0.0171875000
0.3238616272 0.0601562500 -0.0085937500
0.3265625000 0.0597820823 -0.0085937500
0.3218045259 0.0601562500 0.0000000000
0.3265625000 0.0595588248 0.0000000000
0.3265625000 0.0588864937 0.0085937500
0.3265625000 0.0577636875 0.0171875000
0.3265625000 0.0561794636 0.0257812500
0.3265625000 0.0535673358 0.0343750000
0.3282214093 -0.1031250000 -0.0343750000
0.3351562500 -0.1053829258 -0.0257812500
0.3351562500 -0.1031250000 -0.0322409653
0.3351562500 -0.1069712715 -0.0171875000
0.3351562500 -0.1075249417 -0.0085937500
0.3351562500 -0.1074214415 0.0000000000
0.3351562500 -0.1068858437 0.0085937500
0.3351562500 -0.1058133248 0.0171875000
0.3351562500 -0.1040911891 0.0257812500
0.3351562500 -0.1031250000 0.0295076233
0.3351562500 -0.0980361582 -0.0429687500
0.3351562500 -0.0945312500 -0.0492612534
0.3351562500 -0.1022904929 -0.0343750000
0.3351562500 -0.1017175919 0.0343750000
0.3351562500 -0.0981954020 0.0429687500
0.3297214921 -0.0945312500 0.0515625000
0.3351562500 -0.0945312500 0.0509606243
0.3300287536 -0.0859375000 -0.0601562500
0.3351562500 -0.0927016318 -0.0515625000
0.3351562500 -0.0859375000 -0.0588897202
0.3351562500 -0.0940869506 0.0515625000
0.3351562500 -0.0863946459 0.0601562500
0.3351562500 -0.0859375000 0.0606869393
0.3351562500 -0.0845773518 -0.0601562500
0.3351562500 -0.0773437500 -0.0665085151
0.3351562500 -0.0773820478 0.0687500000
0.3351562500 -0.0773437500 0.0687845309
0.3351562500 -0.0744069228 -0.0687500000
0.3351562500 -0.0687500000 -0.0715313734
0.3279803511 -0.0687500000 0.0773437500
0.3351562500 -0.0687500000 0.0762599717
0.3351562500 -0.0601562500 -0.0746768872
0.3351562500 -0.0669000637 0.0773437500
0.3351562500 -0.0601562500 0.0807303649
0.3351562500 -0.0530599531 -0.0773437500
0.3351562500 -0.0515625000 -0.0779257766
0.3351562500 -0.0515625000 0.0828928894
0.3351562500 -0.0429687500 -0.0804294375
0.3285400490 -0.0429687500 0.0859375000
0.3351562500 -0.0429687500 0.0843802836
0.3351562500 -0.0343750000 -0.0836218243
0.3344411980 -0.0343750000 0.0859375000
0.3351562500 -0.0343750000 0.0857598565
0.3351562500 -0.0286646061 -0.0859375000
0.3351562500 -0.0257812500 -0.0872097736
0.3351562500 -0.0333689627 0.0859375000
0.3351562500 -0.0257812500 0.0873273838
0.3351562500 -0.0171875000 -0.0905248893
0.3351562500 -0.0171875000 0.0881147363
0.3291269928 -0.0085937500 -0.0945312500
0.3351562500 -0.0085937500 -0.0936614366
0.3351562500 -0.0085937500 0.0877737119
0.3351562500 -0.0061286919 -0.0945312500
0.3351562500 0.0000000000 -0.0969397434
0.3351562500 0.0000000000 0.0870129038
0.3351562500 0.0085937500 -0.0992550493
0.3341036668 0.0085937500 0.0859375000
0.3351562500 0.0072836851 0.0859375000
0.3351562500 0.0085937500 0.0857120108
0.3351562500 0.0171875000 -0.1010199201
0.3351562500 0.0171875000 0.0826824810
0.3351562500 0.0257812500 -0.1001170607
0.3351562500 0.0257812500 0.0790443140
0.3351562500 0.0343750000 -0.0951393799
0.3351562500 0.0290305378 0.0773437500
0.3351562500 0.0343750000 0.0735956825
0.3351562500 0.0350792601 -0.0945312500
0.3340813236 0.0429687500 -0.0859375000
0.3351562500 0.0427620020 -0.0859375000
0.3351562500 0.0429687500 -0.0855709140
0.3351562500 0.0385413397 0.0687500000
0.3351562500 0.0429687500 0.0605029716
0.3351562500 0.0469689819 -0.0773437500
0.3351562500 0.0488508860 -0.0687500000
0.3276394063 0.0515625000 -0.0601562500
0.3351562500 0.0502951674 -0.0601562500
0.3351562500 0.0515625000 -0.0529035948
0.3351562500 0.0491021457 0.0429687500
0.3351562500 0.0515625000 0.0363502091
0.3351562500 0.0460186362 0.0515625000
0.3351562500 0.0431386898 0.0601562500
0.3351562500 0.0518572406 -0.0515625000
0.3351562500 0.0538815248 -0.0429687500
0.3351562500 0.0559413206 -0.0343750000
0.3351562500 0.0571217500 -0.0257812500
0.3351562500 0.0582313761 -0.0171875000
0.3351562500 0.0585523495 -0.0085937500
0.3351562500 0.0584273465 0.0000000000
0.3351562500 0.0577674662 0.0085937500
0.3351562500 0.0566753924 0.0171875000
0.3351562500 0.0550378906 0.0257812500
0.3351562500 0.0523530427 0.0343750000
0.3437500000 -0.1043837850 -0.0257812500
0.3437500000 -0.1031250000 -0.0293796582
0.3437500000 -0.1061864502 -0.0171875000
0.3437500000 -0.1068692582 -0.0085937500
0.3437500000 -0.1069225450 0.0000000000
0.3437500000 -0.1064138579 0.0085937500
0.3437500000 -0.1054172291 0.0171875000
0.3437500000 -0.1037021214 0.0257812500
0.3437500000 -0.1031250000 0.0278877580
0.3437500000 -0.0968400851 -0.0429687500
0.3437500000 -0.0945312500 -0.0470601844
0.3437500000 -0.1011119818 -0.0343750000
0.3437500000 -0.1011604907 0.0343750000
0.3437500000 -0.0975382501 0.0429687500
0.3437500000 -0.0945312500 0.0492980823
0.3437500000 -0.0908012007 -0.0515625000
0.3437500000 -0.0859375000 -0.0570392380
0.3437500000 -0.0927934495 0.0515625000
0.3389948123 -0.0859375000 0.0601562500
0.3437500000 -0.0859375000 0.0593814935
0.3437500000 -0.0828840756 -0.0601562500
0.3437500000 -0.0773437500 -0.0651539493
0.3437500000 -0.0852628953 0.0601562500
0.3354518358 -0.0773437500 0.0687500000
0.3437500000 -0.0773437500 0.0677526065
0.3437500000 -0.0724044386 -0.0687500000
0.3437500000 -0.0687500000 -0.0705301457
0.3437500000 -0.0761117209 0.0687500000
0.3437500000 -0.0687500000 0.0744824514
0.3437500000 -0.0601562500 -0.0735109708
0.3437500000 -0.0636327819 0.0773437500
0.3437500000 -0.0601562500 0.0789951843
0.3393540148 -0.0515625000 -0.0773437500
0.3437500000 -0.0515625000 -0.0766636820
0.3437500000 -0.0515625000 0.0809365754
0.3437500000 -0.0493061559 -0.0773437500
0.3437500000 -0.0429687500 -0.0793191678
0.3437500000 -0.0429687500 0.0823595567
0.3437500000 -0.0343750000 -0.0825335791
0.3437500000 -0.0343750000 0.0835723018
0.3437500000 -0.0259433601 -0.0859375000
0.3437500000 -0.0257812500 -0.0860074859
0.3404023528 -0.0257812500 0.0859375000
0.3437500000 -0.0257812500 0.0850648084
0.3437500000 -0.0171875000 -0.0891953015
0.3437500000 -0.0187513510 0.0859375000
0.3437500000 -0.0171875000 0.0861250953
0.3437500000 -0.0085937500 -0.0921715114
0.3435462119 -0.0085937500 0.0859375000
0.3437500000 -0.0103309763 0.0859375000
0.3437500000 -0.0085937500 0.0858865183
0.3437500000 -0.0022451697 -0.0945312500
0.3437500000 0.0000000000 -0.0954507406
0.3401090691 0.0000000000 0.0859375000
0.3437500000 0.0000000000 0.0850435216
0.3437500000 0.0085937500 -0.0977893344
0.3437500000 0.0085937500 0.0834304560
0.3437500000 0.0171875000 -0.0992418936
0.3437500000 0.0171875000 0.0806795140
0.3437500000 0.0257812500 -0.0981540094
0.3434059518 0.0257812500 0.0773437500
0.3437500000 0.0256157064 0.0773437500
0.3437500000 0.0257812500 0.0772592933
0.3375287724 0.0343750000 -0.0945312500
0.3437500000 0.0318372478 -0.0945312500
0.3437500000 0.0343750000 -0.0928598753
0.3437500000 0.0343750000 0.0717201367
0.3437500000 0.0407944540 -0.0859375000
0.3437500000 0.0429687500 -0.0820145091
0.3362873954 0.0429687500 0.0601562500
0.3437500000 0.0417175008 0.0601562500
0.3437500000 0.0429687500 0.0568540088
0.3437500000 0.0370608583 0.0687500000
0.3437500000 0.0452144809 -0.0773437500
0.3437500000 0.0472283016 -0.0687500000
0.3437500000 0.0488930816 -0.0601562500
0.3368193290 0.0515625000 -0.0515625000
0.3437500000 0.0505194817 -0.0515625000
0.3437500000 0.0515625000 -0.0459817044
0.3401887984 0.0515625000 0.0343750000
0.3437500000 0.0510174103 0.0343750000
0.3437500000 0.0515625000 0.0325867152
0.3437500000 0.0479458309 0.0429687500
0.3437500000 0.0448079984 0.0515625000
0.3437500000 0.0522820204 -0.0429687500
0.3437500000 0.0546082764 -0.0343750000
0.3437500000 0.0557016654 -0.0257812500
0.3437500000 0.0568207336 -0.0171875000
0.3437500000 0.0572817996 -0.0085937500
0.3437500000 0.0572369881 0.0000000000
0.3437500000 0.0565583428 0.0085937500
0.3437500000 0.0555136563 0.0171875000
0.3437500000 0.0537524651 0.0257812500
0.3523437500 -0.1031697882 -0.0257812500
0.3523437500 -0.1031250000 -0.0259079915
0.3523437500 -0.1052700160 -0.0171875000
0.3523437500 -0.1061660153 -0.0085937500
0.3523437500 -0.1062876748 0.0000000000
0.3523437500 -0.1056886379 0.0085937500
0.3523437500 -0.1046720982 0.0171875000
0.3493396075 -0.1031250000 0.0257812500
0.3523437500 -0.1031250000 0.0242973715
0.3523437500 -0.0955430022 -0.0429687500
0.3523437500 -0.0945312500 -0.0447457939
0.3523437500 -0.0997281565 -0.0343750000
0.3523437500 -0.1027609693 0.0257812500
0.3523437500 -0.1001824231 0.0343750000
0.3523437500 -0.0963714095 0.0429687500
0.3523437500 -0.0945312500 0.0467757610
0.3523437500 -0.0887981593 -0.0515625000
0.3523437500 -0.0859375000 -0.0549968561
0.3523437500 -0.0908206785 0.0515625000
0.3523437500 -0.0859375000 0.0572974171
0.3523437500 -0.0813258212 -0.0601562500
0.3523437500 -0.0773437500 -0.0638616576
0.3523437500 -0.0834820009 0.0601562500
0.3523437500 -0.0773437500 0.0658400649
0.3523437500 -0.0703905317 -0.0687500000
0.3523437500 -0.0687500000 -0.0695245202
0.3523437500 -0.0737227465 0.0687500000
0.3523437500 -0.0687500000 0.0724305907
0.3523437500 -0.0601562500 -0.0723124855
0.3500451640 -0.0601562500 0.0773437500
0.3523437500 -0.0601562500 0.0766313790
0.3523437500 -0.0515625000 -0.0752662976
0.3523437500 -0.0573485521 0.0773437500
0.3523437500 -0.0515625000 0.0786343634
0.3523437500 -0.0454472917 -0.0773437500
0.3523437500 -0.0429687500 -0.0782302348
0.3523437500 -0.0429687500 0.0799893972
0.3523437500 -0.0343750000 -0.0813869821
0.3523437500 -0.0343750000 0.0811603652
0.3442353345 -0.0257812500 -0.0859375000
0.3523437500 -0.0257812500 -0.0847622243
0.3523437500 -0.0257812500 0.0827026977
0.3523437500 -0.0226202724 -0.0859375000
0.3523437500 -0.0171875000 -0.0879619012
0.3444442548 -0.0171875000 0.0859375000
0.3523437500 -0.0171875000 0.0836507198
0.3523437500 -0.0085937500 -0.0907777461
0.3523437500 -0.0085937500 0.0836650787
0.3482730403 0.0000000000 -0.0945312500
0.3523437500 0.0000000000 -0.0937663008
0.3523437500 0.0000000000 0.0828339998
0.3523437500 0.0030354475 -0.0945312500
0.3523437500 0.0085937500 -0.0961672365
0.3523437500 0.0085937500 0.0812321311
0.3523437500 0.0171875000 -0.0970857119
0.3523437500 0.0171875000 0.0783670732
0.3523437500 0.0257812500 -0.0958122093
0.3523437500 0.0200010047 0.0773437500
0.3523437500 0.0257812500 0.0747304765
0.3523437500 0.0278510882 -0.0945312500
0.3523437500 0.0343750000 -0.0902659872
0.3523437500 0.0343750000 0.0693609507
0.3523437500 0.0384566542 -0.0859375000
0.3523437500 0.0429687500 -0.0781384657
0.3523437500 0.0401864794 0.0601562500
0.3523437500 0.0429687500 0.0531433301
0.3523437500 0.0349558523 0.0687500000
0.3523437500 0.0433695659 -0.0773437500
0.3523437500 0.0455581122 -0.0687500000
0.3523437500 0.0473260716 -0.0601562500
0.3523437500 0.0492170709 -0.0515625000
0.3472610568 0.0515625000 -0.0429687500
0.3523437500 0.0507780402 -0.0429687500
0.3523437500 0.0515625000 -0.0394868981
0.3523437500 0.0497862055 0.0343750000
0.3523437500 0.0515625000 0.0286567300
0.3523437500 0.0467006418 0.0429687500
0.3523437500 0.0435547938 0.0515625000
0.3523437500 0.0530198633 -0.0343750000
0.3523437500 0.0541564562 -0.0257812500
0.3523437500 0.0553747184 -0.0171875000
0.3523437500 0.0559706283 -0.0085937500
0.3523437500 0.0560419469 0.0000000000
0.3523437500 0.0554041102 0.0085937500
0.3523437500 0.0543689619 0.0171875000
0.3523437500 0.0524947169 0.0257812500
0.3526825768 -0.1031250000 -0.0257812500
0.3609375000 -0.1044216703 -0.0171875000
0.3609375000 -0.1031250000 -0.0218822705
0.3609375000 -0.1054731462 -0.0085937500
0.3609375000 -0.1055894771 0.0000000000
0.3609375000 -0.1049043168 0.0085937500
0.3609375000 -0.1038298527 0.0171875000
0.3609375000 -0.1031250000 0.0203501457
0.3583771061 -0.0945312500 -0.0429687500
0.3609375000 -0.0982696767 -0.0343750000
0.3609375000 -0.0945312500 -0.0419353454
0.3609375000 -0.1018258998 -0.0257812500
0.3609375000 -0.1017242217 0.0257812500
0.3609375000 -0.0990383054 0.0343750000
0.3609375000 -0.0952110046 0.0429687500
0.3609375000 -0.0945312500 0.0443465361
0.3609375000 -0.0869863770 -0.0515625000
0.3609375000 -0.0859375000 -0.0528957944
0.3609375000 -0.0938472255 -0.0429687500
0.3609375000 -0.0887834558 0.0515625000
0.3609375000 -0.0859375000 0.0549667956
0.3609375000 -0.0798551494 -0.0601562500
0.3609375000 -0.0773437500 -0.0623969938
0.3609375000 -0.0815873276 0.0601562500
0.3609375000 -0.0773437500 0.0639905448
0.3580408677 -0.0687500000 -0.0687500000
0.3609375000 -0.0687500000 -0.0681670767
0.3609375000 -0.0709683983 0.0687500000
0.3609375000 -0.0687500000 0.0702725467
0.3609375000 -0.0673532280 -0.0687500000
0.3609375000 -0.0601562500 -0.0709772220
0.3609375000 -0.0601562500 0.0739707599
0.3609375000 -0.0515625000 -0.0736231404
0.3572885441 -0.0515625000 0.0773437500
0.3609375000 -0.0515625000 0.0762994176
0.3578082762 -0.0429687500 -0.0773437500
0.3609375000 -0.0429687500 -0.0768444489
0.3609375000 -0.0441283908 0.0773437500
0.3609375000 -0.0429687500 0.0774927728
0.3609375000 -0.0415936599 -0.0773437500
0.3609375000 -0.0343750000 -0.0800719123
0.3609375000 -0.0343750000 0.0787566093
0.3609375000 -0.0257812500 -0.0834066848
0.3609375000 -0.0257812500 0.0803189065
0.3609375000 -0.0188731575 -0.0859375000
0.3609375000 -0.0171875000 -0.0865584178
0.3609375000 -0.0171875000 0.0811930059
0.3609375000 -0.0085937500 -0.0892320743
0.3609375000 -0.0085937500 0.0815364914
0.3609375000 0.0000000000 -0.0921262937
0.3609375000 0.0000000000 0.0807888432
0.3592035777 0.0085937500 -0.0945312500
0.3609375000 0.0085937500 -0.0941670625
0.3609375000 0.0085937500 0.0791412458
0.3609375000 0.0138657983 -0.0945312500
0.3609375000 0.0171875000 -0.0948305631
0.3566055920 0.0171875000 0.0773437500
0.3609375000 0.0139995447 0.0773437500
0.3609375000 0.0171875000 0.0760807611
0.3563913196 0.0257812500 -0.0945312500
0.3609375000 0.0187685232 -0.0945312500
0.3609375000 0.0257812500 -0.0932283904
0.3609375000 0.0257812500 0.0722498461
0.3609375000 0.0343750000 -0.0875777398
0.3547602052 0.0343750000 0.0687500000
0.3609375000 0.0318823202 0.0687500000
0.3609375000 0.0343750000 0.0666163193
0.3609375000 0.0359777802 -0.0859375000
0.3539672988 0.0429687500 -0.0773437500
0.3609375000 0.0413165288 -0.0773437500
0.3609375000 0.0429687500 -0.0716783397
0.3556837844 0.0429687500 0.0515625000
0.3609375000 0.0420423030 0.0515625000
0.3609375000 0.0429687500 0.0492100767
0.3609375000 0.0388214129 0.0601562500
0.3609375000 0.0438564349 -0.0687500000
0.3609375000 0.0455909864 -0.0601562500
0.3609375000 0.0478117740 -0.0515625000
0.3609375000 0.0495732482 -0.0429687500
0.3600552115 0.0515625000 -0.0343750000
0.3609375000 0.0514250683 -0.0343750000
0.3609375000 0.0515625000 -0.0332862079
0.3592965695 0.0515625000 0.0257812500
0.3609375000 0.0513420253 0.0257812500
0.3609375000 0.0515625000 0.0247845945
0.3609375000 0.0486575892 0.0343750000
0.3609375000 0.0454527152 0.0429687500
0.3609375000 0.0526779203 -0.0257812500
0.3609375000 0.0539304000 -0.0171875000
0.3609375000 0.0547157301 -0.0085937500
0.3609375000 0.0549384863 0.0000000000
0.3609375000 0.0543287808 0.0085937500
0.3609375000 0.0532567520 0.0171875000
0.3695312500 -0.1033264791 -0.0171875000
0.3695312500 -0.1031250000 -0.0179023626
0.3695312500 -0.1047457858 -0.0085937500
0.3695312500 -0.1048980348 0.0000000000
0.3695312500 -0.1041801468 0.0085937500
0.3686349973 -0.1031250000 0.0171875000
0.3695312500 -0.1031250000 0.0165470868
0.3695312500 -0.0970654528 -0.0343750000
0.3695312500 -0.0945312500 -0.0391938695
0.3695312500 -0.1004737480 -0.0257812500
0.3695312500 -0.1030165208 0.0171875000
0.3695312500 -0.1007340883 0.0257812500
0.3695312500 -0.0978535855 0.0343750000
0.3658377627 -0.0945312500 0.0429687500
0.3695312500 -0.0945312500 0.0418132049
0.3660335857 -0.0859375000 -0.0515625000
0.3695312500 -0.0917559961 -0.0429687500
0.3695312500 -0.0859375000 -0.0505382422
0.3695312500 -0.0936446120 0.0429687500
0.3695312500 -0.0867039512 0.0515625000
0.3695312500 -0.0859375000 0.0525077931
0.3695312500 -0.0781653939 -0.0601562500
0.3695312500 -0.0773437500 -0.0608628861
0.3695312500 -0.0850373596 -0.0515625000
0.3695312500 -0.0795369598 0.0601562500
0.3695312500 -0.0773437500 0.0620646605
0.3695312500 -0.0687500000 -0.0654486253
0.3670276384 -0.0687500000 0.0687500000
0.3695312500 -0.0687500000 0.0680689210
0.3679468202 -0.0601562500 -0.0687500000
0.3695312500 -0.0601562500 -0.0681739354
0.3695312500 -0.0673009653 0.0687500000
0.3695312500 -0.0601562500 0.0715831384
0.3695312500 -0.0584332067 -0.0687500000
0.3695312500 -0.0515625000 -0.0708640634
0.3695312500 -0.0515625000 0.0737936714
0.3695312500 -0.0429687500 -0.0742264835
0.3614771741 -0.0429687500 0.0773437500
0.3695312500 -0.0429687500 0.0751098238
0.3695312500 -0.0348902923 -0.0773437500
0.3695312500 -0.0343750000 -0.0775412070
0.3657674952 -0.0343750000 0.0773437500
0.3695312500 -0.0343750000 0.0762995853
0.3695312500 -0.0257812500 -0.0808058279
0.3695312500 -0.0280752958 0.0773437500
0.3695312500 -0.0257812500 0.0777773260
0.3631746580 -0.0171875000 -0.0859375000
0.3695312500 -0.0171875000 -0.0840862837
0.3695312500 -0.0171875000 0.0788532552
0.3695312500 -0.0122528939 -0.0859375000
0.3695312500 -0.0085937500 -0.0872291607
0.3695312500 -0.0085937500 0.0794343465
0.3695312500 0.0000000000 -0.0902738926
0.3695312500 0.0000000000 0.0788408562
0.3695312500 0.0085937500 -0.0923364491
0.3683704645 0.0085937500 0.0773437500
0.3695312500 0.0071212671 0.0773437500
0.3695312500 0.0085937500 0.0770121726
0.3619930445 0.0171875000 -0.0945312500
0.3695312500 0.0171875000 -0.0927105831
0.3695312500 0.0171875000 0.0737650489
0.3695312500 0.0257812500 -0.0907011602
0.3695312500 0.0257812500 0.0700075660
0.3660356036 0.0343750000 -0.0859375000
0.3695312500 0.0329410571 -0.0859375000
0.3695312500 0.0343750000 -0.0845810492
0.3695312500 0.0282564109 0.0687500000
0.3695312500 0.0343750000 0.0642443563
0.3695312500 0.0392860156 -0.0773437500
0.3649939860 0.0429687500 -0.0687500000
0.3695312500 0.0421160827 -0.0687500000
0.3695312500 0.0429687500 -0.0639656497
0.3695312500 0.0406578661 0.0515625000
0.3695312500 0.0429687500 0.0452510576
0.3695312500 0.0374663326 0.0601562500
0.3695312500 0.0438087809 -0.0601562500
0.3695312500 0.0462586420 -0.0515625000
0.3695312500 0.0484857443 -0.0429687500
0.3695312500 0.0501946301 -0.0343750000
0.3687557994 0.0515625000 -0.0257812500
0.3695312500 0.0514679440 -0.0257812500
0.3695312500 0.0515625000 -0.0249966845
0.3695312500 0.0501796645 0.0257812500
0.3695312500 0.0515625000 0.0197327234
0.3695312500 0.0474137446 0.0343750000
0.3695312500 0.0438957251 0.0429687500
0.3695312500 0.0526743348 -0.0171875000
0.3695312500 0.0535727350 -0.0085937500
0.3695312500 0.0538641061 0.0000000000
0.3695312500 0.0533485871 0.0085937500
0.3695312500 0.0521458287 0.0171875000
0.3710756444 -0.1031250000 -0.0171875000
0.3781250000 -0.1038953771 -0.0085937500
0.3781250000 -0.1031250000 -0.0125390646
0.3781250000 -0.1042184986 0.0000000000
0.3781250000 -0.1034263495 0.0085937500
0.3781250000 -0.1031250000 0.0105683437
0.3781250000 -0.0959314908 -0.0343750000
0.3781250000 -0.0945312500 -0.0369577391
0.3781250000 -0.0992725472 -0.0257812500
0.3781250000 -0.1019772636 -0.0171875000
0.3781250000 -0.1018619223 0.0171875000
0.3781250000 -0.0997334164 0.0257812500
0.3781250000 -0.0965475614 0.0343750000
0.3781250000 -0.0945312500 0.0388890706
0.3781250000 -0.0898589986 -0.0429687500
0.3781250000 -0.0859375000 -0.0479793393
0.3781250000 -0.0914374642 0.0429687500
0.3724263466 -0.0859375000 0.0515625000
0.3781250000 -0.0859375000 0.0495861187
0.3718769040 -0.0773437500 -0.0601562500
0.3781250000 -0.0827674189 -0.0515625000
0.3781250000 -0.0773437500 -0.0574156431
0.3781250000 -0.0841834874 0.0515625000
0.3769902801 -0.0773437500 0.0601562500
0.3781250000 -0.0773437500 0.0597086270
0.3781250000 -0.0734661142 -0.0601562500
0.3781250000 -0.0687500000 -0.0622592062
0.3781250000 -0.0769112226 0.0601562500
0.3781250000 -0.0687500000 0.0657297829
0.3781250000 -0.0601562500 -0.0651923783
0.3781250000 -0.0616871177 0.0687500000
0.3781250000 -0.0601562500 0.0692746280
0.3761535921 -0.0515625000 -0.0687500000
0.3781250000 -0.0515625000 -0.0680616834
0.3781250000 -0.0515625000 0.0715108905
0.3781250000 -0.0497511256 -0.0687500000
0.3781250000 -0.0429687500 -0.0712958717
0.3781250000 -0.0429687500 0.0729765858
0.3701056070 -0.0343750000 -0.0773437500
0.3781250000 -0.0343750000 -0.0744315626
0.3781250000 -0.0343750000 0.0742195024
0.3781250000 -0.0268732823 -0.0773437500
0.3781250000 -0.0257812500 -0.0777543864
0.3710530455 -0.0257812500 0.0773437500
0.3781250000 -0.0257812500 0.0755064496
0.3781250000 -0.0171875000 -0.0807217862
0.3754200695 -0.0171875000 0.0773437500
0.3781250000 -0.0171875000 0.0766684963
0.3731600624 -0.0085937500 -0.0859375000
0.3781250000 -0.0085937500 -0.0838895550
0.3779098244 -0.0085937500 0.0773437500
0.3781250000 -0.0085937500 0.0772892061
0.3781250000 -0.0032804585 -0.0859375000
0.3781250000 0.0000000000 -0.0870404769
0.3759473932 0.0000000000 0.0773437500
0.3781250000 0.0000000000 0.0767968364
0.3781250000 0.0085937500 -0.0892392627
0.3781250000 0.0085937500 0.0749036771
0.3781250000 0.0171875000 -0.0900900572
0.3781250000 0.0171875000 0.0717632183
0.3781250000 0.0257812500 -0.0880535249
0.3758846632 0.0257812500 0.0687500000
0.3781250000 0.0247417295 0.0687500000
0.3781250000 0.0257812500 0.0681947146
0.3781250000 0.0291021505 -0.0859375000
0.3781250000 0.0343750000 -0.0809328813
0.3781250000 0.0343750000 0.0622430256
0.3781250000 0.0369285096 -0.0773437500
0.3781250000 0.0403528623 -0.0687500000
0.3733286174 0.0429687500 -0.0601562500
0.3781250000 0.0421058213 -0.0601562500
0.3781250000 0.0429687500 -0.0567637896
0.3743130339 0.0429687500 0.0429687500
0.3781250000 0.0423391348 0.0429687500
0.3781250000 0.0429687500 0.0412930315
0.3781250000 0.0395257835 0.0515625000
0.3781250000 0.0359370972 0.0601562500
0.3781250000 0.0445543905 -0.0515625000
0.3781250000 0.0473115170 -0.0429687500
0.3781250000 0.0490170444 -0.0343750000
0.3781250000 0.0503515465 -0.0257812500
0.3769737346 0.0515625000 -0.0171875000
0.3781250000 0.0514122714 -0.0171875000
0.3781250000 0.0515625000 -0.0157520748
0.3737111655 0.0515625000 0.0171875000
0.3781250000 0.0509242031 0.0171875000
0.3781250000 0.0515625000 0.0126122728
0.3781250000 0.0489735339 0.0257812500
0.3781250000 0.0460723678 0.0343750000
0.3781250000 0.0523656372 -0.0085937500
0.3781250000 0.0527367718 0.0000000000
0.3781250000 0.0521360653 0.0085937500
0.3856907923 -0.1031250000 -0.0085937500
0.3867187500 -0.1033254360 0.0000000000
0.3867187500 -0.1031250000 -0.0057300562
0.3811648954 -0.1031250000 0.0085937500
0.3867187500 -0.1031250000 0.0022010770
0.3864267596 -0.0945312500 -0.0343750000
0.3867187500 -0.0979996819 -0.0257812500
0.3867187500 -0.0945312500 -0.0342486612
0.3867187500 -0.1006821489 -0.0171875000
0.3867187500 -0.1029825089 -0.0085937500
0.3867187500 -0.1023666246 0.0085937500
0.3867187500 -0.1005952899 0.0171875000
0.3867187500 -0.0983835313 0.0257812500
0.3867187500 -0.0948692941 0.0343750000
0.3867187500 -0.0945312500 0.0350993111
0.3867187500 -0.0874587344 -0.0429687500
0.3867187500 -0.0859375000 -0.0447400723
0.3867187500 -0.0944530074 -0.0343750000
0.3867187500 -0.0887462332 0.0429687500
0.3867187500 -0.0859375000 0.0463300207
0.3867187500 -0.0793942876 -0.0515625000
0.3867187500 -0.0773437500 -0.0533791619
0.3867187500 -0.0811036110 0.0515625000
0.3867187500 -0.0773437500 0.0559254309
0.3837422820 -0.0687500000 -0.0601562500
0.3867187500 -0.0687500000 -0.0587236875
0.3867187500 -0.0731252590 0.0601562500
0.3867187500 -0.0687500000 0.0630579419
0.3867187500 -0.0655624216 -0.0601562500
0.3867187500 -0.0601562500 -0.0619624599
0.3799975540 -0.0601562500 0.0687500000
0.3867187500 -0.0601562500 0.0666544985
0.3867187500 -0.0515625000 -0.0650334427
0.3867187500 -0.0533278736 0.0687500000
0.3867187500 -0.0515625000 0.0692324464
0.3856889456 -0.0429687500 -0.0687500000
0.3867187500 -0.0429687500 -0.0683868893
0.3867187500 -0.0429687500 0.0708389372
0.3867187500 -0.0419996676 -0.0687500000
0.3867187500 -0.0343750000 -0.0715126378
0.3867187500 -0.0343750000 0.0722403030
0.3792494503 -0.0257812500 -0.0773437500
0.3867187500 -0.0257812500 -0.0744294507
0.3867187500 -0.0257812500 0.0734862272
0.3865154248 -0.0171875000 -0.0773437500
0.3867187500 -0.0171875000 -0.0772571793
0.3867187500 -0.0171875000 0.0745253238
0.3867187500 -0.0169334662 -0.0773437500
0.3867187500 -0.0085937500 -0.0801832047
0.3867187500 -0.0085937500 0.0751324768
0.3807642614 0.0000000000 -0.0859375000
0.3867187500 0.0000000000 -0.0831169991
0.3867187500 0.0000000000 0.0749187688
0.3855120848 0.0085937500 -0.0859375000
0.3867187500 0.0085937500 -0.0852929740
0.3867187500 0.0085937500 0.0730819388
0.3867187500 0.0141852869 -0.0859375000
0.3867187500 0.0171875000 -0.0862581958
0.3867187500 0.0171875000 0.0701607463
0.3830669800 0.0257812500 -0.0859375000
0.3867187500 0.0187100133 -0.0859375000
0.3867187500 0.0257812500 -0.0838651812
0.3867187500 0.0208782569 0.0687500000
0.3867187500 0.0257812500 0.0662475740
0.3854872807 0.0343750000 -0.0773437500
0.3867187500 0.0337243875 -0.0773437500
0.3867187500 0.0343750000 -0.0764942789
0.3866503018 0.0343750000 0.0601562500
0.3867187500 0.0343544422 0.0601562500
0.3867187500 0.0343750000 0.0601313584
0.3867187500 0.0380707862 -0.0687500000
0.3867187500 0.0403767340 -0.0601562500
0.3847672353 0.0429687500 -0.0515625000
0.3867187500 0.0425767731 -0.0515625000
0.3867187500 0.0429687500 -0.0501673747
0.3867187500 0.0410886644 0.0429687500
0.3867187500 0.0429687500 0.0377518083
0.3867187500 0.0384344139 0.0515625000
0.3867187500 0.0456285875 -0.0429687500
0.3867187500 0.0478690262 -0.0343750000
0.3867187500 0.0493696931 -0.0257812500
0.3867187500 0.0504041486 -0.0171875000
0.3834613484 0.0515625000 -0.0085937500
0.3867187500 0.0510978289 -0.0085937500
0.3854036539 0.0515625000 0.0000000000
0.3867187500 0.0513499450 0.0000000000
0.3820714422 0.0515625000 0.0085937500
0.3867187500 0.0508828006 0.0085937500
0.3867187500 0.0496684737 0.0171875000
0.3867187500 0.0476813522 0.0257812500
0.3867187500 0.0444949383 0.0343750000
0.3881936785 -0.1031250000 0.0000000000
0.3953125000 -0.0963744936 -0.0257812500
0.3953125000 -0.0945312500 -0.0295394023
0.3953125000 -0.0991828730 -0.0171875000
0.3953125000 -0.1014919060 -0.0085937500
0.3953125000 -0.1018352439 0.0000000000
0.3953125000 -0.1007795748 0.0085937500
0.3953125000 -0.0990729583 0.0171875000
0.3953125000 -0.0965939628 0.0257812500
0.3881864340 -0.0945312500 0.0343750000
0.3953125000 -0.0945312500 0.0306145756
0.3903969125 -0.0859375000 -0.0429687500
0.3953125000 -0.0909400556 -0.0343750000
0.3953125000 -0.0859375000 -0.0403824968
0.3953125000 -0.0920861130 0.0343750000
0.3949519976 -0.0859375000 0.0429687500
0.3953125000 -0.0859375000 0.0428091938
0.3912181278 -0.0773437500 -0.0515625000
0.3953125000 -0.0835488786 -0.0429687500
0.3953125000 -0.0773437500 -0.0494970849
0.3953125000 -0.0857779596 0.0429687500
0.3952956021 -0.0773437500 0.0515625000
0.3953125000 -0.0773437500 0.0515536528
0.3953125000 -0.0747412846 -0.0515625000
0.3953125000 -0.0687500000 -0.0548688010
0.3953125000 -0.0773350665 0.0515625000
0.3941859261 -0.0687500000 0.0601562500
0.3953125000 -0.0687500000 0.0595351691
0.3911089558 -0.0601562500 -0.0601562500
0.3953125000 -0.0601562500 -0.0580675696
0.3953125000 -0.0676792684 0.0601562500
0.3953125000 -0.0601562500 0.0628992653
0.3953125000 -0.0552057056 -0.0601562500
0.3953125000 -0.0515625000 -0.0614959235
0.3880858805 -0.0515625000 0.0687500000
0.3953125000 -0.0515625000 0.0659947595
0.3953125000 -0.0429687500 -0.0652179034
0.3933935854 -0.0429687500 0.0687500000
0.3953125000 -0.0429687500 0.0681199444
0.3948796457 -0.0343750000 -0.0687500000
0.3953125000 -0.0343750000 -0.0685972492
0.3953125000 -0.0393280555 0.0687500000
0.3953125000 -0.0343750000 0.0695892835
0.3953125000 -0.0338914586 -0.0687500000
0.3953125000 -0.0257812500 -0.0712454796
0.3953125000 -0.0257812500 0.0711129861
0.3953125000 -0.0171875000 -0.0737837373
0.3953125000 -0.0171875000 0.0722405771
0.3934146098 -0.0085937500 -0.0773437500
0.3953125000 -0.0085937500 -0.0764881973
0.3953125000 -0.0085937500 0.0730167427
0.3953125000 -0.0060014889 -0.0773437500
0.3953125000 0.0000000000 -0.0792570337
0.3953125000 0.0000000000 0.0732231369
0.3953125000 0.0085937500 -0.0811146848
0.3953125000 0.0085937500 0.0714490970
0.3873922711 0.0171875000 -0.0859375000
0.3953125000 0.0171875000 -0.0816741861
0.3950782614 0.0171875000 0.0687500000
0.3953125000 0.0170602964 0.0687500000
0.3953125000 0.0171875000 0.0687013547
0.3953125000 0.0257812500 -0.0787769018
0.3953125000 0.0257812500 0.0644722037
0.3953125000 0.0276536022 -0.0773437500
0.3953125000 0.0343750000 -0.0689093213
0.3953125000 0.0317305742 0.0601562500
0.3953125000 0.0343750000 0.0569892284
0.3953125000 0.0344619218 -0.0687500000
0.3953125000 0.0377473026 -0.0601562500
0.3953125000 0.0406969273 -0.0515625000
0.3953125000 0.0429687500 -0.0441479009
0.3950554084 0.0429687500 0.0343750000
0.3953125000 0.0429292621 0.0343750000
0.3953125000 0.0429687500 0.0342548398
0.3953125000 0.0399263511 0.0429687500
0.3953125000 0.0371476989 0.0515625000
0.3953125000 0.0434471667 -0.0429687500
0.3953125000 0.0463889131 -0.0343750000
0.3953125000 0.0481607649 -0.0257812500
0.3953125000 0.0491345216 -0.0171875000
0.3953125000 0.0497729266 -0.0085937500
0.3953125000 0.0499518479 0.0000000000
0.3953125000 0.0496177308 0.0085937500
0.3953125000 0.0482148639 0.0171875000
0.3953125000 0.0462925371 0.0257812500
0.4017603457 -0.0945312500 -0.0257812500
0.4039062500 -0.0970313840 -0.0171875000
0.4039062500 -0.0945312500 -0.0239622545
0.4039062500 -0.0995547385 -0.0085937500
0.4039062500 -0.1000349751 0.0000000000
0.4039062500 -0.0989343169 0.0085937500
0.4039062500 -0.0971594284 0.0171875000
0.4028739554 -0.0945312500 0.0257812500
0.4039062500 -0.0945312500 0.0249059355
0.4039062500 -0.0870209515 -0.0343750000
0.4039062500 -0.0859375000 -0.0356664056
0.4039062500 -0.0935951951 -0.0257812500
0.4039062500 -0.0940652661 0.0257812500
0.4039062500 -0.0883323636 0.0343750000
0.4039062500 -0.0859375000 0.0374529402
0.4039062500 -0.0791829323 -0.0429687500
0.4039062500 -0.0773437500 -0.0447494949
0.4039062500 -0.0804379212 0.0429687500
0.4039062500 -0.0773437500 0.0462712458
0.4026916837 -0.0687500000 -0.0515625000
0.4039062500 -0.0687500000 -0.0509230253
0.4039062500 -0.0724496215 0.0515625000
0.4039062500 -0.0687500000 0.0547338238
0.4039062500 -0.0673191728 -0.0515625000
0.4039062500 -0.0601562500 -0.0542085905
0.4015555786 -0.0601562500 0.0601562500
0.4039062500 -0.0601562500 0.0589164811
0.3986719954 -0.0515625000 -0.0601562500
0.4039062500 -0.0515625000 -0.0578316602
0.4039062500 -0.0575884948 0.0601562500
0.4039062500 -0.0515625000 0.0624241695
0.4039062500 -0.0472698034 -0.0601562500
0.4039062500 -0.0429687500 -0.0621618461
0.4039062500 -0.0429687500 0.0650116358
0.4039062500 -0.0343750000 -0.0653513004
0.3978551784 -0.0343750000 0.0687500000
0.4039062500 -0.0343750000 0.0666852926
0.4019415007 -0.0257812500 -0.0687500000
0.4039062500 -0.0257812500 -0.0679893657
0.4029071628 -0.0257812500 0.0687500000
0.4039062500 -0.0257812500 0.0684348874
0.4039062500 -0.0229250970 -0.0687500000
0.4039062500 -0.0171875000 -0.0702683468
0.4039062500 -0.0231602261 0.0687500000
0.4039062500 -0.0171875000 0.0695108066
0.4039062500 -0.0085937500 -0.0724714828
0.4039062500 -0.0085937500 0.0705329438
0.3995444346 0.0000000000 -0.0773437500
0.4039062500 0.0000000000 -0.0749634528
0.4039062500 0.0000000000 0.0709743511
0.4039062500 0.0085106883 -0.0773437500
0.4039062500 0.0085937500 -0.0773627289
0.4039062500 0.0085937500 0.0695174806
0.4039062500 0.0171875000 -0.0777389559
0.4039062500 0.0112082467 0.0687500000
0.4039062500 0.0171875000 0.0666145417
0.3980590020 0.0257812500 -0.0773437500
0.4039062500 0.0183444853 -0.0773437500
0.4039062500 0.0257812500 -0.0729862752
0.4039062500 0.0257812500 0.0627231096
0.3955076357 0.0343750000 -0.0687500000
0.4039062500 0.0293470203 -0.0687500000
0.4038754921 0.0343750000 -0.0601562500
0.4039062500 0.0343607500 -0.0601562500
0.4039062500 0.0343750000 -0.0601292852
0.4039062500 0.0291780649 0.0601562500
0.4039062500 0.0343750000 0.0535262831
0.4039062500 0.0380443385 -0.0515625000
0.3967096546 0.0429687500 -0.0429687500
0.4039062500 0.0411070937 -0.0429687500
0.4039062500 0.0429687500 -0.0372017664
0.4039062500 0.0414697146 0.0343750000
0.4039062500 0.0429687500 0.0297743479
0.4039062500 0.0385588711 0.0429687500
0.4039062500 0.0353887932 0.0515625000
0.4039062500 0.0442026902 -0.0343750000
0.4039062500 0.0463172437 -0.0257812500
0.4039062500 0.0474381118 -0.0171875000
0.4039062500 0.0481033450 -0.0085937500
0.4039062500 0.0484342963 0.0000000000
0.4039062500 0.0479676655 0.0085937500
0.4039062500 0.0464472221 0.0171875000
0.4039062500 0.0445230057 0.0257812500
0.4122637093 -0.0945312500 -0.0171875000
0.4125000000 -0.0970245603 -0.0085937500
0.4125000000 -0.0945312500 -0.0169443742
0.4125000000 -0.0975921998 0.0000000000
0.4125000000 -0.0967016703 0.0085937500
0.4125000000 -0.0949243982 0.0171875000
0.4125000000 -0.0945312500 0.0181582379
0.4063477077 -0.0859375000 -0.0343750000
0.4125000000 -0.0899087721 -0.0257812500
0.4125000000 -0.0859375000 -0.0308288258
0.4125000000 -0.0944269868 -0.0171875000
0.4125000000 -0.0897747741 0.0257812500
0.4088821732 -0.0859375000 0.0343750000
0.4125000000 -0.0859375000 0.0316231513
0.4076967985 -0.0773437500 -0.0429687500
0.4125000000 -0.0829591695 -0.0343750000
0.4125000000 -0.0773437500 -0.0404671040
0.4125000000 -0.0838854519 0.0343750000
0.4092368633 -0.0773437500 0.0429687500
0.4125000000 -0.0773437500 0.0411615906
0.4125000000 -0.0744703079 -0.0429687500
0.4125000000 -0.0687500000 -0.0467677911
0.4125000000 -0.0755879427 0.0429687500
0.4110785432 -0.0687500000 0.0515625000
0.4125000000 -0.0687500000 0.0507763840
0.4107241099 -0.0601562500 -0.0515625000
0.4125000000 -0.0601562500 -0.0508113570
0.4125000000 -0.0676940886 0.0515625000
0.4125000000 -0.0601562500 0.0550998810
0.4125000000 -0.0585435097 -0.0515625000
0.4125000000 -0.0515625000 -0.0543619037
0.4096519992 -0.0515625000 0.0601562500
0.4125000000 -0.0515625000 0.0588151231
0.4094744284 -0.0429687500 -0.0601562500
0.4125000000 -0.0429687500 -0.0588887109
0.4125000000 -0.0480307794 0.0601562500
0.4125000000 -0.0429687500 0.0617524175
0.4125000000 -0.0400630275 -0.0601562500
0.4125000000 -0.0343750000 -0.0621905279
0.4125000000 -0.0343750000 0.0638755031
0.4125000000 -0.0257812500 -0.0648138747
0.4125000000 -0.0257812500 0.0656791266
0.4077027586 -0.0171875000 -0.0687500000
0.4125000000 -0.0171875000 -0.0667798750
0.4060588654 -0.0171875000 0.0687500000
0.4125000000 -0.0171875000 0.0665336901
0.4121606984 -0.0085937500 -0.0687500000
0.4125000000 -0.0085937500 -0.0685959874
0.4093417893 -0.0085937500 0.0687500000
0.4125000000 -0.0085937500 0.0676546956
0.4125000000 -0.0077714357 -0.0687500000
0.4125000000 0.0000000000 -0.0704645308
0.4108727494 0.0000000000 0.0687500000
0.4125000000 0.0000000000 0.0681614256
0.4039481593 0.0085937500 -0.0773437500
0.4125000000 0.0085937500 -0.0722062723
0.4064190428 0.0085937500 0.0687500000
0.4125000000 0.0085937500 0.0665574806
0.4047380872 0.0171875000 -0.0773437500
0.4125000000 0.0171875000 -0.0719982323
0.4125000000 0.0171875000 0.0639553097
0.4097261028 0.0257812500 -0.0687500000
0.4125000000 0.0228216880 -0.0687500000
0.4125000000 0.0257812500 -0.0663659372
0.4125000000 0.0257812500 0.0602817576
0.4125000000 0.0300207407 -0.0601562500
0.4125000000 0.0343750000 -0.0523868784
0.4075982316 0.0343750000 0.0515625000
0.4125000000 0.0325991423 0.0515625000
0.4125000000 0.0343750000 0.0484797096
0.4125000000 0.0259437118 0.0601562500
0.4125000000 0.0347420101 -0.0515625000
0.4125000000 0.0386808696 -0.0429687500
0.4073041655 0.0429687500 -0.0343750000
0.4125000000 0.0415497119 -0.0343750000
0.4125000000 0.0429687500 -0.0286670162
0.4104795501 0.0429687500 0.0257812500
0.4125000000 0.0425613434 0.0257812500
0.4125000000 0.0429687500 0.0234770249
0.4125000000 0.0396478721 0.0343750000
0.4125000000 0.0367404229 0.0429687500
0.4125000000 0.0439218871 -0.0257812500
0.4125000000 0.0451908879 -0.0171875000
0.4125000000 0.0462088647 -0.0085937500
0.4125000000 0.0466396453 0.0000000000
0.4125000000 0.0458915710 0.0085937500
0.4125000000 0.0442892846 0.0171875000
0.4203561205 -0.0945312500 -0.0085937500
0.4210937500 -0.0951808226 0.0000000000
0.4210937500 -0.0945312500 -0.0064380457
0.4203119655 -0.0945312500 0.0085937500
0.4210937500 -0.0945312500 0.0063237369
0.4138312175 -0.0945312500 0.0171875000
0.4210937500 -0.0860052063 -0.0257812500
0.4210937500 -0.0859375000 -0.0258704058
0.4210937500 -0.0905830416 -0.0171875000
0.4210937500 -0.0942058340 -0.0085937500
0.4210937500 -0.0942056459 0.0085937500
0.4210937500 -0.0911272595 0.0171875000
0.4199925583 -0.0859375000 0.0257812500
0.4210937500 -0.0859375000 0.0249160886
0.4210937500 -0.0788515784 -0.0343750000
0.4210937500 -0.0773437500 -0.0359074851
0.4210937500 -0.0853485140 0.0257812500
0.4210937500 -0.0786457686 0.0343750000
0.4210937500 -0.0773437500 0.0358318787
0.4209204354 -0.0687500000 -0.0429687500
0.4210937500 -0.0687500000 -0.0428854222
0.4210937500 -0.0711225848 0.0429687500
0.4210937500 -0.0687500000 0.0456879255
0.4210937500 -0.0685998615 -0.0429687500
0.4210937500 -0.0601562500 -0.0472175915
0.4210937500 -0.0604107545 0.0515625000
0.4210937500 -0.0601562500 0.0516638697
0.4198987671 -0.0515625000 -0.0515625000
0.4210937500 -0.0515625000 -0.0510632357
0.4210937500 -0.0515625000 0.0548109124
0.4210937500 -0.0506796326 -0.0515625000
0.4210937500 -0.0429687500 -0.0553355013
0.4168286088 -0.0429687500 0.0601562500
0.4210937500 -0.0429687500 0.0582898697
0.4181802664 -0.0343750000 -0.0601562500
0.4210937500 -0.0343750000 -0.0589468244
0.4210937500 -0.0370291341 0.0601562500
0.4210937500 -0.0343750000 0.0608662740
0.4210937500 -0.0308746874 -0.0601562500
0.4210937500 -0.0257812500 -0.0616490361
0.4210937500 -0.0257812500 0.0629379695
0.4210937500 -0.0171875000 -0.0634383199
0.4210937500 -0.0171875000 0.0639695860
0.4210937500 -0.0085937500 -0.0650209549
0.4210937500 -0.0085937500 0.0647389609
0.4160328586 0.0000000000 -0.0687500000
0.4210937500 0.0000000000 -0.0664055090
0.4210937500 0.0000000000 0.0650593249
0.4186613931 0.0085937500 -0.0687500000
0.4210937500 0.0085937500 -0.0674101842
0.4210937500 0.0085937500 0.0636461939
0.4176481433 0.0171875000 -0.0687500000
0.4210937500 0.0171875000 -0.0665092936
0.4210937500 0.0171875000 0.0611403877
0.4210937500 0.0257812500 -0.0602697458
0.4128532937 0.0257812500 0.0601562500
0.4210937500 0.0193865712 0.0601562500
0.4210937500 0.0257812500 0.0559228958
0.4210937500 0.0258667166 -0.0601562500
0.4134374769 0.0343750000 -0.0515625000
0.4210937500 0.0314443328 -0.0515625000
0.4210937500 0.0343750000 -0.0449956191
0.4210937500 0.0295289112 0.0515625000
0.4210937500 0.0343750000 0.0432731045
0.4210937500 0.0352893194 -0.0429687500
0.4210937500 0.0390251435 -0.0343750000
0.4154437455 0.0429687500 -0.0257812500
0.4210937500 0.0416053649 -0.0257812500
0.4210937500 0.0429687500 -0.0172327743
0.4178037753 0.0429687500 0.0171875000
0.4210937500 0.0422695087 0.0171875000
0.4210937500 0.0429687500 0.0127452709
0.4210937500 0.0406362642 0.0257812500
0.4210937500 0.0375644116 0.0343750000
0.4210937500 0.0345132289 0.0429687500
0.4210937500 0.0429784546 -0.0171875000
0.4210937500 0.0440603810 -0.0085937500
0.4210937500 0.0446343295 0.0000000000
0.4210937500 0.0437599768 0.0085937500
0.4230864527 -0.0945312500 0.0000000000
0.4212494211 -0.0859375000 -0.0257812500
0.4296875000 -0.0872622433 -0.0171875000
0.4296875000 -0.0859375000 -0.0194939261
0.4296875000 -0.0903868717 -0.0085937500
0.4296875000 -0.0915990199 0.0000000000
0.4296875000 -0.0904460461 0.0085937500
0.4296875000 -0.0868089845 0.0171875000
0.4296875000 -0.0859375000 0.0185049511
0.4243621098 -0.0773437500 -0.0343750000
0.4296875000 -0.0822111128 -0.0257812500
0.4296875000 -0.0773437500 -0.0316387669
0.4296875000 -0.0808461461 0.0257812500
0.4232630159 -0.0773437500 0.0343750000
0.4296875000 -0.0773437500 0.0301038544
0.4296875000 -0.0746719003 -0.0343750000
0.4296875000 -0.0687500000 -0.0390717984
0.4296875000 -0.0735291565 0.0343750000
0.4258093343 -0.0687500000 0.0429687500
0.4296875000 -0.0687500000 0.0404522213
0.4296875000 -0.0614099623 -0.0429687500
0.4296875000 -0.0601562500 -0.0435638851
0.4296875000 -0.0659139859 0.0429687500
0.4213408653 -0.0601562500 0.0515625000
0.4296875000 -0.0601562500 0.0466510744
0.4296875000 -0.0515625000 -0.0475373048
0.4285876866 -0.0515625000 0.0515625000
0.4296875000 -0.0515625000 0.0509048371
0.4296875000 -0.0440566786 -0.0515625000
0.4296875000 -0.0429687500 -0.0520479767
0.4296875000 -0.0503610919 0.0515625000
0.4296875000 -0.0429687500 0.0545411276
0.4296875000 -0.0343750000 -0.0555659471
0.4229629766 -0.0343750000 0.0601562500
0.4296875000 -0.0343750000 0.0572293409
0.4252786598 -0.0257812500 -0.0601562500
0.4296875000 -0.0257812500 -0.0584614594
0.4293590814 -0.0257812500 0.0601562500
0.4296875000 -0.0257812500 0.0600220077
0.4296875000 -0.0174194047 -0.0601562500
0.4296875000 -0.0171875000 -0.0601999597
0.4296875000 -0.0250102854 0.0601562500
0.4296875000 -0.0171875000 0.0613834047
0.4296875000 -0.0085937500 -0.0612882437
0.4296875000 -0.0085937500 0.0620630109
0.4296875000 0.0000000000 -0.0621392954
0.4296875000 0.0000000000 0.0619504700
0.4296875000 0.0085937500 -0.0627063278
0.4296875000 0.0085937500 0.0607344275
0.4296875000 0.0171875000 -0.0614678056
0.4242380858 0.0171875000 0.0601562500
0.4296875000 0.0107997183 0.0601562500
0.4296875000 0.0171875000 0.0578846581
0.4212586699 0.0257812500 -0.0601562500
0.4296875000 0.0190862935 -0.0601562500
0.4296875000 0.0257812500 -0.0548804606
0.4296875000 0.0257812500 0.0520585762
0.4296875000 0.0279536901 -0.0515625000
0.4231653553 0.0343750000 -0.0429687500
0.4296875000 0.0318708034 -0.0429687500
0.4296875000 0.0343750000 -0.0377382547
0.4215570594 0.0343750000 0.0429687500
0.4296875000 0.0316096913 0.0429687500
0.4296875000 0.0343750000 0.0364700401
0.4296875000 0.0262560505 0.0515625000
0.4296875000 0.0361054001 -0.0343750000
0.4296875000 0.0391472173 -0.0257812500
0.4211268325 0.0429687500 -0.0171875000
0.4296875000 0.0410451528 -0.0171875000
0.4249872540 0.0429687500 -0.0085937500
0.4296875000 0.0419122694 -0.0085937500
0.4274489083 0.0429687500 0.0000000000
0.4296875000 0.0424687419 0.0000000000
0.4243182691 0.0429687500 0.0085937500
0.4296875000 0.0418193636 0.0085937500
0.4296875000 0.0403299367 0.0171875000
0.4296875000 0.0384000960 0.0257812500
0.4296875000 0.0351738163 0.0343750000
0.4331870451 -0.0859375000 -0.0171875000
0.4382812500 -0.0871754905 -0.0085937500
0.4382812500 -0.0859375000 -0.0119670504
0.4382812500 -0.0878993712 0.0000000000
0.4382812500 -0.0870546084 0.0085937500
0.4315429120 -0.0859375000 0.0171875000
0.4382812500 -0.0859375000 0.0109397605
0.4382812500 -0.0785019743 -0.0257812500
0.4382812500 -0.0773437500 -0.0270756734
0.4382812500 -0.0839854769 -0.0171875000
0.4382812500 -0.0826587870 0.0171875000
0.4364664759 -0.0773437500 0.0257812500
0.4382812500 -0.0773437500 0.0245152795
0.4382812500 -0.0694010708 -0.0343750000
0.4382812500 -0.0687500000 -0.0348795542
0.4382812500 -0.0762186354 0.0257812500
0.4382812500 -0.0691510386 0.0343750000
0.4382812500 -0.0687500000 0.0348853453
0.4310988225 -0.0601562500 -0.0429687500
0.4382812500 -0.0601562500 -0.0399038947
0.4363270467 -0.0601562500 0.0429687500
0.4382812500 -0.0601562500 0.0416320901
0.4382812500 -0.0539284017 -0.0429687500
0.4382812500 -0.0515625000 -0.0440284904
0.4382812500 -0.0581521778 0.0429687500
0.4382812500 -0.0515625000 0.0463384568
0.4309770784 -0.0429687500 -0.0515625000
0.4382812500 -0.0429687500 -0.0483607466
0.4372459808 -0.0429687500 0.0515625000
0.4382812500 -0.0429687500 0.0510181903
0.4382812500 -0.0364465847 -0.0515625000
0.4382812500 -0.0343750000 -0.0524094378
0.4382812500 -0.0417516337 0.0515625000
0.4382812500 -0.0343750000 0.0538928664
0.4382812500 -0.0257812500 -0.0550770052
0.4382812500 -0.0257812500 0.0566052992
0.4297935147 -0.0171875000 -0.0601562500
0.4382812500 -0.0171875000 -0.0567195346
0.4335249131 -0.0171875000 0.0601562500
0.4382812500 -0.0171875000 0.0585512787
0.4319905178 -0.0085937500 -0.0601562500
0.4382812500 -0.0085937500 -0.0575224305
0.4358961710 -0.0085937500 0.0601562500
0.4382812500 -0.0085937500 0.0594025932
0.4332329709 0.0000000000 -0.0601562500
0.4382812500 0.0000000000 -0.0579921913
0.4349341332 0.0000000000 0.0601562500
0.4382812500 0.0000000000 0.0589579074
0.4344912492 0.0085937500 -0.0601562500
0.4382812500 0.0085937500 -0.0585199703
0.4313949739 0.0085937500 0.0601562500
0.4382812500 0.0085937500 0.0573939097
0.4316525134 0.0171875000 -0.0601562500
0.4382812500 0.0171875000 -0.0563898183
0.4382812500 0.0171875000 0.0541753049
0.4343340667 0.0257812500 -0.0515625000
0.4382812500 0.0231733384 -0.0515625000
0.4382812500 0.0257812500 -0.0483715548
0.4307847605 0.0257812500 0.0515625000
0.4382812500 0.0211953344 0.0515625000
0.4382812500 0.0257812500 0.0471115116
0.4382812500 0.0286758491 -0.0429687500
0.4336391563 0.0343750000 -0.0343750000
0.4382812500 0.0324090701 -0.0343750000
0.4382812500 0.0343750000 -0.0298815006
0.4325248581 0.0343750000 0.0343750000
0.4382812500 0.0327040812 0.0343750000
0.4382812500 0.0343750000 0.0299546077
0.4382812500 0.0284268721 0.0429687500
0.4382812500 0.0362278347 -0.0257812500
0.4382812500 0.0387866802 -0.0171875000
0.4382812500 0.0397687741 -0.0085937500
0.4382812500 0.0402185075 0.0000000000
0.4382812500 0.0396256621 0.0085937500
0.4382812500 0.0382550790 0.0171875000
0.4382812500 0.0359303109 0.0257812500
0.4412272686 -0.0859375000 -0.0085937500
0.4425838377 -0.0859375000 0.0000000000
0.4406287155 -0.0859375000 0.0085937500
0.4410100322 -0.0773437500 -0.0257812500
0.4468750000 -0.0808379395 -0.0171875000
0.4468750000 -0.0773437500 -0.0223081791
0.4468750000 -0.0835476264 -0.0085937500
0.4468750000 -0.0838408185 0.0000000000
0.4468750000 -0.0826317511 0.0085937500
0.4468750000 -0.0781781011 0.0171875000
0.4468750000 -0.0773437500 0.0182824000
0.4392330576 -0.0687500000 -0.0343750000
0.4468750000 -0.0743366483 -0.0257812500
0.4468750000 -0.0687500000 -0.0302352581
0.4468750000 -0.0710676025 0.0257812500
0.4390261539 -0.0687500000 0.0343750000
0.4468750000 -0.0687500000 0.0288024009
0.4468750000 -0.0628032724 -0.0343750000
0.4468750000 -0.0601562500 -0.0359770242
0.4468750000 -0.0625634647 0.0343750000
0.4468750000 -0.0601562500 0.0363446956
0.4409951957 -0.0515625000 -0.0429687500
0.4468750000 -0.0515625000 -0.0404870685
0.4452230762 -0.0515625000 0.0429687500
0.4468750000 -0.0515625000 0.0419887551
0.4468750000 -0.0468021423 -0.0429687500
0.4468750000 -0.0429687500 -0.0446926175
0.4468750000 -0.0499722281 0.0429687500
0.4468750000 -0.0429687500 0.0464510774
0.4404125545 -0.0343750000 -0.0515625000
0.4468750000 -0.0343750000 -0.0485630102
0.4447670946 -0.0343750000 0.0515625000
0.4468750000 -0.0343750000 0.0505205153
0.4463047919 -0.0257812500 -0.0515625000
0.4468750000 -0.0257812500 -0.0512811474
0.4468750000 -0.0318088429 0.0515625000
0.4468750000 -0.0257812500 0.0534101242
0.4468750000 -0.0245733427 -0.0515625000
0.4468750000 -0.0171875000 -0.0529925881
0.4468750000 -0.0171875000 0.0555319777
0.4468750000 -0.0085937500 -0.0535358566
0.4468750000 -0.0085937500 0.0566704907
0.4468750000 0.0000000000 -0.0542865744
0.4468750000 0.0000000000 0.0557815045
0.4468750000 0.0085937500 -0.0545653348
0.4468750000 0.0085937500 0.0540613426
0.4459253408 0.0171875000 -0.0515625000
0.4468750000 0.0159910866 -0.0515625000
0.4468750000 0.0171875000 -0.0508121924
0.4445041089 0.0171875000 0.0515625000
0.4468750000 0.0149864075 0.0515625000
0.4468750000 0.0171875000 0.0501817526
0.4443790422 0.0257812500 -0.0429687500
0.4468750000 0.0241601162 -0.0429687500
0.4468750000 0.0257812500 -0.0404296889
0.4449545482 0.0257812500 0.0429687500
0.4468750000 0.0246344960 0.0429687500
0.4468750000 0.0257812500 0.0415360432
0.4468750000 0.0286601277 -0.0343750000
0.4425771977 0.0343750000 -0.0257812500
0.4468750000 0.0324462768 -0.0257812500
0.4468750000 0.0343750000 -0.0206015146
0.4432541774 0.0343750000 0.0257812500
0.4468750000 0.0332064021 0.0257812500
0.4468750000 0.0343750000 0.0215529106
0.4468750000 0.0295856127 0.0343750000
0.4468750000 0.0356975462 -0.0171875000
0.4468750000 0.0372184840 -0.0085937500
0.4468750000 0.0375086904 0.0000000000
0.4468750000 0.0369797713 0.0085937500
0.4468750000 0.0356269893 0.0171875000
0.4541330362 -0.0773437500 -0.0171875000
0.4554687500 -0.0795828820 -0.0085937500
0.4554687500 -0.0773437500 -0.0152281323
0.4554687500 -0.0795548072 0.0000000000
0.4554687500 -0.0781095425 0.0085937500
0.4484119632 -0.0773437500 0.0171875000
0.4554687500 -0.0773437500 0.0101381251
0.4554430945 -0.0687500000 -0.0257812500
0.4554687500 -0.0766011365 -0.0171875000
0.4554687500 -0.0687500000 -0.0257646173
0.4554687500 -0.0728561269 0.0171875000
0.4510605596 -0.0687500000 0.0257812500
0.4554687500 -0.0687500000 0.0224467199
0.4502345601 -0.0601562500 -0.0343750000
0.4554687500 -0.0687320217 -0.0257812500
0.4554687500 -0.0601562500 -0.0317027383
0.4554687500 -0.0654240120 0.0257812500
0.4499051567 -0.0601562500 0.0343750000
0.4554687500 -0.0601562500 0.0305822099
0.4554687500 -0.0554397086 -0.0343750000
0.4554687500 -0.0515625000 -0.0363808543
0.4554687500 -0.0553256258 0.0343750000
0.4554687500 -0.0515625000 0.0369059291
0.4511150893 -0.0429687500 -0.0429687500
0.4554687500 -0.0429687500 -0.0409900973
0.4536918864 -0.0429687500 0.0429687500
0.4554687500 -0.0429687500 0.0418904853
0.4554687500 -0.0388291764 -0.0429687500
0.4554687500 -0.0343750000 -0.0447432167
0.4554687500 -0.0411997175 0.0429687500
0.4554687500 -0.0343750000 0.0462469921
0.4554687500 -0.0257812500 -0.0471795538
0.4516886382 -0.0257812500 0.0515625000
0.4554687500 -0.0257812500 0.0496648907
0.4499761617 -0.0171875000 -0.0515625000
0.4554687500 -0.0171875000 -0.0488454449
0.4554687500 -0.0205161180 0.0515625000
0.4554687500 -0.0171875000 0.0524937169
0.4513418998 -0.0085937500 -0.0515625000
0.4554687500 -0.0085937500 -0.0496170804
0.4554687500 -0.0085937500 0.0533159584
0.4526544092 0.0000000000 -0.0515625000
0.4554687500 0.0000000000 -0.0502692011
0.4554687500 0.0000000000 0.0526609250
0.4527167148 0.0085937500 -0.0515625000
0.4554687500 0.0085937500 -0.0499503129
0.4535938349 0.0085937500 0.0515625000
0.4554687500 0.0054698062 0.0515625000
0.4554687500 0.0085937500 0.0505153491
0.4554687500 0.0171875000 -0.0443962072
0.4554687500 0.0171875000 0.0453211046
0.4554687500 0.0185247248 -0.0429687500
0.4536102422 0.0257812500 -0.0343750000
0.4554687500 0.0247883316 -0.0343750000
0.4554687500 0.0257812500 -0.0325569639
0.4550160566 0.0257812500 0.0343750000
0.4554687500 0.0255200401 0.0343750000
0.4554687500 0.0257812500 0.0339495525
0.4554687500 0.0193072479 0.0429687500
0.4554687500 0.0287677984 -0.0257812500
0.4499905288 0.0343750000 -0.0171875000
0.4554687500 0.0320948768 -0.0171875000
0.4543744788 0.0343750000 -0.0085937500
0.4554687500 0.0339605262 -0.0085937500
0.4554687500 0.0343750000 -0.0001228341
0.4538725847 0.0343750000 0.0085937500
0.4554687500 0.0338093071 0.0085937500
0.4554687500 0.0343750000 0.0000891897
0.4504990575 0.0343750000 0.0171875000
0.4554687500 0.0325952467 0.0171875000
0.4554687500 0.0299080791 0.0257812500
0.4554687500 0.0343811974 0.0000000000
0.4602869772 -0.0773437500 -0.0085937500
0.4604397091 -0.0773437500 0.0000000000
0.4569938657 -0.0773437500 0.0085937500
0.4640625000 -0.0714930140 -0.0171875000
0.4640625000 -0.0687500000 -0.0200673152
0.4640625000 -0.0752989367 -0.0085937500
0.4640625000 -0.0754569483 0.0000000000
0.4640625000 -0.0731635266 0.0085937500
0.4630376443 -0.0687500000 0.0171875000
0.4640625000 -0.0687500000 0.0162972478
0.4640625000 -0.0625277640 -0.0257812500
0.4640625000 -0.0601562500 -0.0273700575
0.4640625000 -0.0680217691 0.0171875000
0.4631290374 -0.0601562500 0.0257812500
0.4640625000 -0.0601562500 0.0251177104
0.4595601163 -0.0515625000 -0.0343750000
0.4640625000 -0.0515625000 -0.0321342001
0.4640625000 -0.0594641663 0.0257812500
0.4603513359 -0.0515625000 0.0343750000
0.4640625000 -0.0515625000 0.0322126348
0.4640625000 -0.0475940956 -0.0343750000
0.4640625000 -0.0429687500 -0.0367565159
0.4640625000 -0.0483878381 0.0343750000
0.4640625000 -0.0429687500 0.0374652716
0.4594786570 -0.0343750000 -0.0429687500
0.4640625000 -0.0343750000 -0.0406676981
0.4631986202 -0.0343750000 0.0429687500
0.4640625000 -0.0343750000 0.0425077955
0.4640625000 -0.0276766099 -0.0429687500
0.4640625000 -0.0257812500 -0.0435059464
0.4640625000 -0.0334225510 0.0429687500
0.4640625000 -0.0257812500 0.0458785429
0.4640625000 -0.0171875000 -0.0452500718
0.4578812462 -0.0171875000 0.0515625000
0.4640625000 -0.0171875000 0.0483640498
0.4640625000 -0.0085937500 -0.0458605757
0.4600056825 -0.0085937500 0.0515625000
0.4640625000 -0.0085937500 0.0492391261
0.4640625000 0.0000000000 -0.0463700620
0.4587000501 0.0000000000 0.0515625000
0.4640625000 0.0000000000 0.0487603277
0.4640625000 0.0085937500 -0.0449229661
0.4640625000 0.0085937500 0.0458817794
0.4575505913 0.0171875000 -0.0429687500
0.4640625000 0.0118068363 -0.0429687500
0.4640625000 0.0171875000 -0.0377255449
0.4590141010 0.0171875000 0.0429687500
0.4640625000 0.0127818992 0.0429687500
0.4640625000 0.0171875000 0.0392904578
0.4640625000 0.0199881397 -0.0343750000
0.4630336081 0.0257812500 -0.0257812500
0.4640625000 0.0252489153 -0.0257812500
0.4640625000 0.0257812500 -0.0246716835
0.4640054670 0.0257812500 0.0257812500
0.4640625000 0.0257506919 0.0257812500
0.4640625000 0.0257812500 0.0257081703
0.4640625000 0.0206590679 0.0343750000
0.4640625000 0.0286337601 -0.0171875000
0.4640625000 0.0307836877 -0.0085937500
0.4554855389 0.0343750000 0.0000000000
0.4640625000 0.0312130878 0.0000000000
0.4640625000 0.0307183859 0.0085937500
0.4640625000 0.0291533480 0.0171875000
0.4685562224 -0.0687500000 -0.0171875000
0.4726562500 -0.0707604921 -0.0085937500
0.4726562500 -0.0687500000 -0.0122837852
0.4726562500 -0.0708101661 0.0000000000
0.4719257873 -0.0687500000 0.0085937500
0.4726562500 -0.0687500000 0.0070790679
0.4674504589 -0.0601562500 -0.0257812500
0.4726562500 -0.0661454199 -0.0171875000
0.4726562500 -0.0601562500 -0.0227181318
0.4726562500 -0.0681679167 0.0085937500
0.4726562500 -0.0613980165 0.0171875000
0.4726562500 -0.0601562500 0.0183758453
0.4726562500 -0.0558310983 -0.0257812500
0.4726562500 -0.0515625000 -0.0280453187
0.4726562500 -0.0524077430 0.0257812500
0.4726562500 -0.0515625000 0.0264863614
0.4693384552 -0.0429687500 -0.0343750000
0.4726562500 -0.0429687500 -0.0326989227
0.4702252702 -0.0429687500 0.0343750000
0.4726562500 -0.0429687500 0.0329204278
0.4726562500 -0.0394130548 -0.0343750000
0.4726562500 -0.0343750000 -0.0363865772
0.4726562500 -0.0408385855 0.0343750000
0.4726562500 -0.0343750000 0.0381136367
0.4652399438 -0.0257812500 -0.0429687500
0.4726562500 -0.0257812500 -0.0389627307
0.4700832554 -0.0257812500 0.0429687500
0.4726562500 -0.0257812500 0.0414051100
0.4688532175 -0.0171875000 -0.0429687500
0.4726562500 -0.0171875000 -0.0408174034
0.4726562500 -0.0209883405 0.0429687500
0.4726562500 -0.0171875000 0.0439913427
0.4701906359 -0.0085937500 -0.0429687500
0.4726562500 -0.0085937500 -0.0416304395
0.4726562500 -0.0085937500 0.0442215291
0.4708232239 0.0000000000 -0.0429687500
0.4726562500 0.0000000000 -0.0418536322
0.4726562500 0.0000000000 0.0435365774
0.4671013962 0.0085937500 -0.0429687500
0.4726562500 0.0085937500 -0.0383201110
0.4686077091 0.0085937500 0.0429687500
0.4726562500 0.0017693993 0.0429687500
0.4726562500 0.0085937500 0.0401275820
0.4680186405 0.0171875000 -0.0343750000
0.4726562500 0.0133452036 -0.0343750000
0.4726562500 0.0171875000 -0.0304214586
0.4694403759 0.0171875000 0.0343750000
0.4726562500 0.0144553926 0.0343750000
0.4726562500 0.0171875000 0.0313184249
0.4726562500 0.0206875432 -0.0257812500
0.4712293024 0.0257812500 -0.0171875000
0.4726562500 0.0250304325 -0.0171875000
0.4726562500 0.0257812500 -0.0147512131
0.4712244179 0.0257812500 0.0171875000
0.4726562500 0.0250012461 0.0171875000
0.4726562500 0.0257812500 0.0145426074
0.4726562500 0.0212124948 0.0257812500
0.4726562500 0.0275640952 -0.0085937500
0.4726562500 0.0279426959 0.0000000000
0.4726562500 0.0274311664 0.0085937500
0.4754035611 -0.0687500000 -0.0085937500
0.4757792433 -0.0687500000 0.0000000000
0.4798652635 -0.0601562500 -0.0171875000
0.4812500000 -0.0638928774 -0.0085937500
0.4812500000 -0.0601562500 -0.0149195016
0.4812500000 -0.0641545428 0.0000000000
0.4805487394 -0.0601562500 0.0085937500
0.4812500000 -0.0601562500 0.0073345373
0.4738099577 -0.0601562500 0.0171875000
0.4763963598 -0.0515625000 -0.0257812500
0.4812500000 -0.0587033148 -0.0171875000
0.4812500000 -0.0515625000 -0.0220943269
0.4812500000 -0.0592551467 0.0085937500
0.4809074081 -0.0515625000 0.0171875000
0.4812500000 -0.0515625000 0.0166838424
0.4734174250 -0.0515625000 0.0257812500
0.4812500000 -0.0452009088 -0.0257812500
0.4812500000 -0.0429687500 -0.0269124547
0.4812500000 -0.0511205440 0.0171875000
0.4800848198 -0.0429687500 0.0257812500
0.4812500000 -0.0429687500 0.0244297810
0.4763410833 -0.0343750000 -0.0343750000
0.4812500000 -0.0343750000 -0.0310437252
0.4812500000 -0.0410024893 0.0257812500
0.4769969191 -0.0343750000 0.0343750000
0.4812500000 -0.0343750000 0.0297862171
0.4807041877 -0.0257812500 -0.0343750000
0.4812500000 -0.0257812500 -0.0340128490
0.4807644615 -0.0257812500 0.0343750000
0.4812500000 -0.0257812500 0.0338511647
0.4812500000 -0.0236238521 -0.0343750000
0.4812500000 -0.0171875000 -0.0353680979
0.4812500000 -0.0241457037 0.0343750000
0.4739206700 -0.0171875000 0.0429687500
0.4812500000 -0.0171875000 0.0360892109
0.4812500000 -0.0085937500 -0.0359320720
0.4742301103 -0.0085937500 0.0429687500
0.4812500000 -0.0085937500 0.0363902060
0.4812500000 0.0000000000 -0.0352024770
0.4733264802 0.0000000000 0.0429687500
0.4812500000 0.0000000000 0.0351287679
0.4768294610 0.0085937500 -0.0343750000
0.4812500000 0.0017337067 -0.0343750000
0.4812500000 0.0085937500 -0.0299204952
0.4777497319 0.0085937500 0.0343750000
0.4812500000 0.0015020351 0.0343750000
0.4812500000 0.0085937500 0.0298095560
0.4771014136 0.0171875000 -0.0257812500
0.4812500000 0.0131169792 -0.0257812500
0.4812500000 0.0171875000 -0.0199281525
0.4769603904 0.0171875000 0.0257812500
0.4812500000 0.0121927257 0.0257812500
0.4812500000 0.0171875000 0.0184700087
0.4812500000 0.0187200775 -0.0171875000
0.4753560578 0.0257812500 -0.0085937500
0.4812500000 0.0215858019 -0.0085937500
0.4761101206 0.0257812500 0.0000000000
0.4812500000 0.0220501295 0.0000000000
0.4751290868 0.0257812500 0.0085937500
0.4812500000 0.0207444199 0.0085937500
0.4812500000 0.0179926902 0.0171875000
0.4843054845 -0.0601562500 -0.0085937500
0.4848345770 -0.0601562500 0.0000000000
0.4860129357 -0.0515625000 -0.0171875000
0.4894451919 -0.0515625000 -0.0085937500
0.4898437500 -0.0536747833 0.0000000000
0.4898437500 -0.0515625000 -0.0065176132
0.4868150614 -0.0515625000 0.0085937500
0.4898437500 -0.0515625000 0.0031233187
0.4827521523 -0.0429687500 -0.0257812500
0.4898437500 -0.0440410479 -0.0171875000
0.4898437500 -0.0429687500 -0.0179124161
0.4898437500 -0.0508449293 -0.0085937500
0.4898437500 -0.0467362405 0.0085937500
0.4864121159 -0.0429687500 0.0171875000
0.4898437500 -0.0429687500 0.0116664429
0.4876434407 -0.0343750000 -0.0257812500
0.4898437500 -0.0343750000 -0.0231691193
0.4892302353 -0.0343750000 0.0171875000
0.4898437500 -0.0343750000 0.0160869549
0.4837716465 -0.0343750000 0.0257812500
0.4898437500 -0.0276775391 -0.0257812500
0.4898437500 -0.0257812500 -0.0263223504
0.4898437500 -0.0324280847 0.0171875000
0.4863029876 -0.0257812500 0.0257812500
0.4898437500 -0.0257812500 0.0201655431
0.4826280595 -0.0171875000 -0.0343750000
0.4898437500 -0.0171875000 -0.0278479840
0.4883194461 -0.0171875000 0.0257812500
0.4898437500 -0.0171875000 0.0234711013
0.4825372525 -0.0171875000 0.0343750000
0.4833106609 -0.0085937500 -0.0343750000
0.4898437500 -0.0085937500 -0.0277521707
0.4882633596 -0.0085937500 0.0257812500
0.4898437500 -0.0085937500 0.0232202344
0.4825776794 -0.0085937500 0.0343750000
0.4822063191 0.0000000000 -0.0343750000
0.4898437500 0.0000000000 -0.0260946718
0.4866895147 0.0000000000 0.0257812500
0.4898437500 0.0000000000 0.0200649330
0.4816866384 0.0000000000 0.0343750000
0.4851195281 0.0085937500 -0.0257812500
0.4898437500 0.0005422011 -0.0257812500
0.4898437500 0.0085937500 -0.0183661136
0.4875281971 0.0085937500 0.0171875000
0.4898437500 0.0036318186 0.0171875000
0.4898437500 0.0085937500 0.0113546501
0.4832911569 0.0085937500 0.0257812500
0.4829157125 0.0171875000 -0.0171875000
0.4898437500 0.0094504348 -0.0171875000
0.4853861710 0.0171875000 -0.0085937500
0.4898437500 0.0119450370 -0.0085937500
0.4854466335 0.0171875000 0.0000000000
0.4898437500 0.0121071085 0.0000000000
0.4840760190 0.0171875000 0.0085937500
0.4898437500 0.0101305903 0.0085937500
0.4818229227 0.0171875000 0.0171875000
0.4906072511 -0.0515625000 0.0000000000
0.4902369725 -0.0429687500 -0.0171875000
0.4925448257 -0.0429687500 -0.0085937500
0.4928247495 -0.0429687500 0.0000000000
0.4909449636 -0.0429687500 0.0085937500
0.4930837672 -0.0343750000 -0.0171875000
0.4950089446 -0.0343750000 -0.0085937500
0.4948104445 -0.0343750000 0.0000000000
0.4928073081 -0.0343750000 0.0085937500
0.4903404005 -0.0257812500 -0.0257812500
0.4954999357 -0.0257812500 -0.0171875000
0.4973271831 -0.0257812500 -0.0085937500
0.4966212232 -0.0257812500 0.0000000000
0.4944517062 -0.0257812500 0.0085937500
0.4910772340 -0.0257812500 0.0171875000
0.4913986029 -0.0171875000 -0.0257812500
0.4960502080 -0.0171875000 -0.0171875000
0.4976661941 -0.0171875000 -0.0085937500
0.4967905386 -0.0171875000 0.0000000000
0.4949244070 -0.0171875000 0.0085937500
0.4921327565 -0.0171875000 0.0171875000
0.4910542844 -0.0085937500 -0.0257812500
0.4952832584 -0.0085937500 -0.0171875000
0.4966372147 -0.0085937500 -0.0085937500
0.4959647087 -0.0085937500 0.0000000000
0.4941987969 -0.0085937500 0.0085937500
0.4918274125 -0.0085937500 0.0171875000
0.4900173448 0.0000000000 -0.0257812500
0.4934078124 0.0000000000 -0.0171875000
0.4949996336 0.0000000000 -0.0085937500
0.4944535123 0.0000000000 0.0000000000
0.4927866677 0.0000000000 0.0085937500
0.4906746300 0.0000000000 0.0171875000
0.4902641558 0.0085937500 -0.0171875000
0.4915491784 0.0085937500 -0.0085937500
0.4914837972 0.0085937500 0.0000000000
0.4904469429 0.0085937500 0.0085937500
3 2 1 0
3 1 4 3
3 0 1 3
3 4 6 5
3 3 4 5
3 6 7 5
3 10 9 8
3 9 12 11
3 8 9 11
3 12 14 13
3 11 12 13
3 14 16 15
3 13 14 15
3 16 18 17
3 15 16 17
3 18 2 0
3 18 0 17
3 17 0 19
3 0 3 19
3 3 20 19
3 3 5 20
3 5 21 20
3 7 23 22
3 7 22 5
3 5 22 21
3 23 24 22
3 27 26 25
3 26 10 8
3 26 8 25
3 25 8 28
3 8 11 28
3 11 29 28
3 11 13 29
3 13 30 29
3 13 15 30
3 15 31 30
3 15 17 31
3 17 32 31
3 17 19 32
3 19 33 32
3 19 20 33
3 20 34 33
3 20 21 34
3 21 35 34
3 21 22 35
3 22 36 35
3 24 38 37
3 24 37 22
3 22 37 36
3 38 39 37
3 41 27 25
3 40 41 25
3 25 28 40
3 28 42 40
3 28 29 42
3 29 43 42
3 29 30 43
3 30 44 43
3 30 31 44
3 31 45 44
3 31 32 45
3 32 46 45
3 32 33 46
3 33 47 46
3 33 34 47
3 34 48 47
3 34 35 48
3 35 49 48
3 35 36 49
3 36 50 49
3 36 37 50
3 37 51 50
3 39 52 51
3 37 39 51
3 55 54 53
3 54 41 40
3 54 40 53
3 53 40 56
3 40 42 56
3 42 57 56
3 42 43 57
3 43 58 57
3 43 44 58
3 44 59 58
3 44 45 59
3 45 60 59
3 45 46 60
3 46 61 60
3 46 47 61
3 47 62 61
3 47 48 62
3 48 63 62
3 48 49 63
3 49 64 63
3 49 50 64
3 50 65 64
3 50 51 65
3 51 66 65
3 52 67 66
3 51 52 66
3 69 55 53
3 68 69 53
3 53 56 68
3 56 70 68
3 56 57 70
3 57 71 70
3 57 58 71
3 58 72 71
3 58 59 72
3 59 73 72
3 59 60 73
3 60 74 73
3 60 61 74
3 61 75 74
3 61 62 75
3 62 76 75
3 62 63 76
3 63 77 76
3 63 64 77
3 64 78 77
3 64 65 78
3 65 79 78
3 80 81 79
3 80 79 66
3 66 79 65
3 66 67 80
3 69 68 82
3 84 82 68
3 84 68 83
3 83 68 70
3 70 71 83
3 71 85 83
3 71 72 85
3 72 86 85
3 72 73 86
3 73 87 86
3 73 74 87
3 74 88 87
3 74 75 88
3 75 89 88
3 75 76 89
3 76 90 89
3 76 77 90
3 77 91 90
3 77 78 91
3 78 92 91
3 93 94 92
3 93 92 79
3 79 92 78
3 79 81 93
3 84 83 95
3 97 95 83
3 97 83 96
3 96 83 85
3 85 86 96
3 86 98 96
3 86 87 98
3 87 99 98
3 87 88 99
3 88 100 99
3 88 89 100
3 89 101 100
3 89 90 101
3 90 102 101
3 103 104 102
3 103 102 91
3 91 102 90
3 91 92 105
3 103 91 105
3 92 94 105
3 97 96 106
3 96 98 107
3 106 96 107
3 98 99 108
3 107 98 108
3 99 100 109
3 108 99 109
3 100 101 110
3 109 100 110
3 101 102 111
3 110 101 111
3 102 104 111
3 114 113 112
3 113 116 115
3 112 113 115
3 116 118 117
3 115 116 117
3 118 120 119
3 117 118 119
3 120 122 121
3 119 120 121
3 122 124 123
3 121 122 123
3 124 125 123
3 128 127 126
3 127 130 129
3 126 127 129
3 130 132 131
3 129 130 131
3 132 134 133
3 131 132 133
3 134 114 112
3 134 112 133
3 133 112 135
3 112 115 135
3 115 136 135
3 115 117 136
3 117 137 136
3 2 119 1
3 2 137 119
3 137 117 119
3 121 1 119
3 4 1 121
3 123 4 121
3 6 4 123
3 6 138 7
3 123 138 6
3 123 139 138
3 123 125 139
3 139 141 140
3 138 139 140
3 141 142 140
3 145 144 143
3 144 147 146
3 143 144 146
3 147 128 126
3 147 126 146
3 146 126 148
3 126 129 148
3 129 149 148
3 10 131 9
3 10 149 131
3 149 129 131
3 133 9 131
3 12 9 133
3 135 12 133
3 14 12 135
3 136 14 135
3 16 14 136
3 137 16 136
3 18 16 137
3 137 2 18
3 138 23 7
3 23 150 24
3 23 138 150
3 138 140 150
3 142 152 151
3 142 151 140
3 140 151 150
3 152 153 151
3 155 145 143
3 154 155 143
3 143 146 154
3 146 156 154
3 146 148 156
3 148 157 156
3 27 149 26
3 27 157 149
3 157 148 149
3 149 10 26
3 150 38 24
3 38 158 39
3 38 150 158
3 150 151 158
3 153 159 158
3 151 153 158
3 162 161 160
3 161 155 154
3 161 154 160
3 160 154 163
3 154 156 163
3 156 164 163
3 156 157 164
3 157 165 164
3 157 41 165
3 27 41 157
3 166 39 158
3 52 39 166
3 159 168 167
3 159 167 158
3 158 167 166
3 168 169 167
3 171 162 160
3 170 171 160
3 160 163 170
3 163 172 170
3 163 164 172
3 164 173 172
3 55 165 54
3 55 173 165
3 173 164 165
3 165 41 54
3 174 52 166
3 67 52 174
3 166 167 174
3 167 175 174
3 169 176 175
3 167 169 175
3 178 171 170
3 177 178 170
3 170 172 177
3 172 179 177
3 172 173 179
3 173 180 179
3 173 69 180
3 55 69 173
3 80 181 81
3 67 181 80
3 67 174 181
3 174 182 181
3 174 175 182
3 175 183 182
3 176 184 183
3 175 176 183
3 186 178 177
3 185 186 177
3 177 179 185
3 179 187 185
3 179 180 187
3 180 188 187
3 82 180 69
3 82 189 180
3 189 188 180
3 82 84 189
3 93 190 94
3 81 190 93
3 81 181 190
3 181 191 190
3 181 182 191
3 182 192 191
3 193 194 192
3 193 192 183
3 183 192 182
3 183 184 193
3 186 185 195
3 197 195 185
3 197 185 196
3 196 185 187
3 187 188 196
3 188 198 196
3 188 189 198
3 189 199 198
3 95 189 84
3 95 200 189
3 200 199 189
3 95 97 200
3 103 201 104
3 105 201 103
3 202 201 105
3 94 202 105
3 94 190 202
3 190 203 202
3 190 191 203
3 191 204 203
3 191 192 204
3 192 205 204
3 194 206 205
3 192 194 205
3 197 196 207
3 209 207 196
3 209 196 208
3 208 196 198
3 198 199 208
3 199 210 208
3 199 200 210
3 200 211 210
3 106 200 97
3 106 212 200
3 212 211 200
3 107 212 106
3 213 212 107
3 108 213 107
3 214 213 108
3 109 214 108
3 215 214 109
3 110 215 109
3 216 215 110
3 111 216 110
3 217 216 111
3 104 217 111
3 104 201 217
3 201 218 217
3 201 202 218
3 202 219 218
3 202 203 219
3 203 220 219
3 203 204 220
3 204 221 220
3 222 223 221
3 222 221 205
3 205 221 204
3 205 206 222
3 225 209 208
3 224 225 208
3 208 210 224
3 210 226 224
3 210 211 226
3 211 227 226
3 211 212 227
3 212 228 227
3 212 213 228
3 213 229 228
3 213 214 229
3 214 230 229
3 214 215 230
3 215 231 230
3 215 216 231
3 216 232 231
3 216 217 232
3 217 233 232
3 217 218 233
3 218 234 233
3 218 219 234
3 219 235 234
3 219 220 235
3 220 236 235
3 237 238 236
3 237 236 221
3 221 236 220
3 221 223 237
3 225 224 239
3 241 239 224
3 241 224 240
3 240 224 226
3 226 227 240
3 227 242 240
3 227 228 242
3 228 243 242
3 228 229 243
3 229 244 243
3 229 230 244
3 230 245 244
3 230 231 245
3 231 246 245
3 231 232 246
3 232 247 246
3 232 233 247
3 233 248 247
3 233 234 248
3 234 249 248
3 234 235 249
3 235 250 249
3 251 252 250
3 251 250 236
3 236 250 235
3 236 238 251
3 241 240 253
3 255 253 240
3 255 240 254
3 254 240 242
3 242 243 254
3 243 256 254
3 243 244 256
3 244 257 256
3 244 245 257
3 245 258 257
3 245 246 258
3 246 259 258
3 246 247 259
3 247 260 259
3 247 248 260
3 248 261 260
3 262 263 261
3 262 261 249
3 249 261 248
3 249 250 264
3 262 249 264
3 250 252 264
3 255 254 265
3 254 256 266
3 265 254 266
3 256 257 267
3 266 256 267
3 257 258 268
3 267 257 268
3 258 259 269
3 268 258 269
3 259 260 270
3 269 259 270
3 260 261 271
3 270 260 271
3 261 263 271
3 274 273 272
3 273 276 275
3 272 273 275
3 276 278 277
3 275 276 277
3 278 280 279
3 277 278 279
3 280 281 279
3 284 283 282
3 283 286 285
3 282 283 285
3 114 285 286
3 114 286 113
3 113 286 287
3 272 287 274
3 272 116 287
3 116 113 287
3 275 116 272
3 118 116 275
3 277 118 275
3 120 118 277
3 279 120 277
3 122 120 279
3 281 122 279
3 281 288 122
3 288 124 122
3 289 125 124
3 289 124 290
3 290 124 288
3 290 291 289
3 294 293 292
3 128 292 293
3 128 293 127
3 127 293 295
3 295 296 127
3 127 296 130
3 282 296 284
3 282 132 296
3 132 130 296
3 285 132 282
3 134 132 285
3 285 114 134
3 289 139 125
3 291 139 289
3 291 297 139
3 297 141 139
3 298 142 141
3 298 141 299
3 299 141 297
3 299 300 298
3 303 302 301
3 145 301 302
3 145 302 144
3 144 302 304
3 292 304 294
3 292 147 304
3 147 144 304
3 292 128 147
3 298 152 142
3 152 298 300
3 152 300 153
3 153 300 305
3 307 303 301
3 306 307 301
3 301 155 306
3 145 155 301
3 308 305 309
3 308 159 305
3 159 153 305
3 309 310 308
3 306 161 162
3 306 162 307
3 307 162 311
3 306 155 161
3 308 168 159
3 168 308 310
3 168 310 169
3 169 310 312
3 315 314 313
3 314 171 313
3 314 311 171
3 311 162 171
3 316 312 317
3 316 176 312
3 176 169 312
3 317 318 316
3 320 315 313
3 319 320 313
3 313 178 319
3 171 178 313
3 321 176 316
3 184 176 321
3 318 322 321
3 316 318 321
3 324 320 319
3 323 324 319
3 319 186 323
3 178 186 319
3 193 325 194
3 325 326 327
3 193 326 325
3 193 321 326
3 193 184 321
3 321 322 326
3 324 323 328
3 330 195 329
3 328 195 330
3 328 186 195
3 328 323 186
3 195 197 329
3 331 194 325
3 206 194 331
3 327 332 331
3 325 327 331
3 334 330 329
3 333 334 329
3 207 329 197
3 207 335 329
3 335 333 329
3 207 209 335
3 222 336 223
3 206 336 222
3 206 331 336
3 331 337 336
3 332 338 337
3 331 332 337
3 334 333 339
3 341 339 333
3 341 333 340
3 340 333 335
3 335 225 340
3 209 225 335
3 237 342 238
3 223 342 237
3 223 336 342
3 336 343 342
3 344 345 343
3 344 343 337
3 337 343 336
3 337 338 344
3 341 340 346
3 348 239 347
3 346 239 348
3 346 225 239
3 346 340 225
3 239 241 347
3 251 349 252
3 238 349 251
3 238 342 349
3 342 350 349
3 351 352 350
3 351 350 343
3 343 350 342
3 343 345 351
3 354 348 347
3 353 354 347
3 253 347 241
3 253 355 347
3 355 353 347
3 253 255 355
3 262 356 263
3 264 356 262
3 357 356 264
3 252 357 264
3 252 349 357
3 349 358 357
3 359 360 358
3 359 358 350
3 350 358 349
3 350 352 359
3 354 353 361
3 363 361 353
3 363 353 362
3 362 353 355
3 265 355 255
3 265 364 355
3 364 362 355
3 266 364 265
3 365 364 266
3 267 365 266
3 366 365 267
3 268 366 267
3 367 366 268
3 269 367 268
3 368 367 269
3 270 368 269
3 369 368 270
3 271 369 270
3 370 369 271
3 263 370 271
3 263 356 370
3 356 371 370
3 372 373 371
3 372 371 357
3 357 371 356
3 357 358 374
3 372 357 374
3 358 360 374
3 363 362 375
3 362 364 376
3 375 362 376
3 364 365 377
3 376 364 377
3 365 366 378
3 377 365 378
3 366 367 379
3 378 366 379
3 367 368 380
3 379 367 380
3 368 369 381
3 380 368 381
3 369 370 382
3 381 369 382
3 370 371 383
3 382 370 383
3 371 373 383
3 386 385 384
3 385 388 387
3 384 385 387
3 274 387 388
3 274 388 273
3 273 388 389
3 389 390 273
3 273 390 276
3 390 391 276
3 276 391 278
3 391 392 278
3 278 392 280
3 393 281 280
3 393 280 394
3 394 280 392
3 394 395 393
3 398 397 396
3 284 396 397
3 284 397 283
3 283 397 399
3 384 399 386
3 384 286 399
3 286 283 399
3 387 286 384
3 287 286 387
3 387 274 287
3 393 288 281
3 395 288 393
3 395 400 288
3 400 290 288
3 401 291 290
3 401 290 402
3 402 290 400
3 402 403 401
3 406 405 404
3 294 404 405
3 294 405 293
3 293 405 407
3 407 408 293
3 293 408 295
3 396 408 398
3 396 296 408
3 296 295 408
3 396 284 296
3 401 297 291
3 403 297 401
3 403 409 297
3 409 299 297
3 299 409 410
3 300 299 410
3 303 412 411
3 302 303 411
3 404 411 406
3 404 304 411
3 304 302 411
3 404 294 304
3 413 410 414
3 413 305 410
3 305 300 410
3 414 415 413
3 418 417 416
3 417 307 416
3 417 412 307
3 412 303 307
3 413 309 305
3 309 413 415
3 309 415 310
3 310 415 419
3 421 418 416
3 420 421 416
3 416 311 420
3 307 311 416
3 422 419 423
3 422 312 419
3 312 310 419
3 423 424 422
3 420 314 315
3 420 315 421
3 421 315 425
3 420 311 314
3 422 317 312
3 317 422 424
3 317 424 318
3 318 424 426
3 425 315 427
3 427 315 320
3 426 428 318
3 428 322 318
3 427 320 429
3 429 320 324
3 326 430 327
3 430 326 322
3 430 322 431
3 431 322 428
3 328 432 433
3 328 433 324
3 324 433 429
3 328 330 432
3 434 327 430
3 332 327 434
3 431 435 434
3 430 431 434
3 437 433 432
3 436 437 432
3 432 334 436
3 330 334 432
3 438 332 434
3 338 332 438
3 435 439 438
3 434 435 438
3 437 436 440
3 442 339 441
3 440 339 442
3 440 334 339
3 440 436 334
3 339 341 441
3 344 443 345
3 443 444 445
3 344 444 443
3 344 438 444
3 344 338 438
3 438 439 444
3 447 442 441
3 446 447 441
3 346 441 341
3 346 448 441
3 448 446 441
3 346 348 448
3 351 449 352
3 345 449 351
3 345 443 449
3 443 450 449
3 445 451 450
3 443 445 450
3 447 446 452
3 454 452 446
3 454 446 453
3 453 446 448
3 448 354 453
3 348 354 448
3 359 455 360
3 352 455 359
3 352 449 455
3 449 456 455
3 457 458 456
3 457 456 450
3 450 456 449
3 450 451 457
3 454 453 459
3 461 361 460
3 459 361 461
3 459 354 361
3 459 453 354
3 361 363 460
3 372 462 373
3 374 462 372
3 463 462 374
3 463 464 465
3 374 464 463
3 374 455 464
3 374 360 455
3 455 456 466
3 464 455 466
3 456 458 466
3 461 460 467
3 469 375 468
3 467 375 469
3 467 363 375
3 467 460 363
3 376 468 375
3 470 468 376
3 377 470 376
3 471 470 377
3 378 471 377
3 472 471 378
3 472 473 474
3 472 378 473
3 378 379 473
3 473 379 475
3 379 380 475
3 475 380 476
3 380 381 476
3 476 381 477
3 381 382 477
3 477 382 478
3 382 383 478
3 373 462 479
3 373 479 383
3 383 479 478
3 462 463 480
3 479 462 480
3 463 465 480
3 469 468 481
3 468 470 482
3 481 468 482
3 470 471 483
3 482 470 483
3 471 472 484
3 483 471 484
3 472 474 484
3 386 486 485
3 385 386 485
3 485 487 385
3 385 487 388
3 487 488 388
3 388 488 389
3 488 489 389
3 389 489 390
3 489 490 390
3 390 490 391
3 490 491 391
3 391 491 392
3 491 492 392
3 392 492 394
3 493 395 394
3 493 394 494
3 494 394 492
3 494 495 493
3 498 497 496
3 398 496 497
3 398 497 397
3 397 497 499
3 499 500 397
3 397 500 399
3 500 386 399
3 486 386 500
3 493 400 395
3 495 400 493
3 495 501 400
3 501 402 400
3 402 501 502
3 403 402 502
3 406 504 503
3 405 406 503
3 503 505 405
3 405 505 407
3 496 505 498
3 496 408 505
3 408 407 505
3 496 398 408
3 502 409 403
3 506 409 502
3 409 506 507
3 410 409 507
3 412 509 508
3 411 412 508
3 508 406 411
3 504 406 508
3 507 414 410
3 510 414 507
3 414 510 511
3 415 414 511
3 418 513 512
3 417 418 512
3 512 412 417
3 509 412 512
3 514 511 515
3 514 419 511
3 419 415 511
3 515 516 514
3 513 418 517
3 517 418 421
3 514 423 419
3 423 518 424
3 514 518 423
3 514 519 518
3 514 516 519
3 519 520 518
3 523 522 521
3 522 425 521
3 522 517 425
3 517 421 425
3 524 424 518
3 426 424 524
3 520 525 524
3 518 520 524
3 527 523 521
3 526 527 521
3 521 427 526
3 425 427 521
3 528 426 524
3 428 426 528
3 525 529 528
3 524 525 528
3 531 527 526
3 530 531 526
3 526 429 530
3 427 429 526
3 532 428 528
3 431 428 532
3 529 533 532
3 528 529 532
3 535 531 530
3 534 535 530
3 530 433 534
3 429 433 530
3 536 431 532
3 435 431 536
3 533 537 536
3 532 533 536
3 535 534 538
3 534 539 538
3 534 433 539
3 433 437 539
3 540 435 536
3 439 435 540
3 537 541 540
3 536 537 540
3 440 542 543
3 440 543 437
3 437 543 539
3 440 442 542
3 444 544 445
3 439 544 444
3 439 540 544
3 540 545 544
3 541 546 545
3 540 541 545
3 543 542 547
3 542 548 547
3 542 442 548
3 442 447 548
3 549 445 544
3 451 445 549
3 550 551 549
3 550 549 545
3 545 549 544
3 545 546 550
3 452 552 553
3 452 553 447
3 447 553 548
3 452 454 552
3 457 554 458
3 554 555 556
3 457 555 554
3 457 549 555
3 457 451 549
3 549 551 555
3 553 552 557
3 559 459 558
3 557 459 559
3 557 454 459
3 557 552 454
3 459 461 558
3 464 560 465
3 560 561 562
3 560 464 561
3 464 466 561
3 458 554 563
3 458 563 466
3 466 563 561
3 554 556 563
3 559 558 564
3 566 467 565
3 564 467 566
3 564 461 467
3 564 558 461
3 467 469 565
3 473 567 474
3 475 567 473
3 568 567 475
3 476 568 475
3 569 568 476
3 569 570 571
3 569 476 570
3 476 477 570
3 570 477 572
3 477 478 572
3 572 478 573
3 478 479 573
3 573 479 574
3 479 480 574
3 465 560 575
3 465 575 480
3 480 575 574
3 560 562 575
3 566 565 576
3 565 469 481
3 565 481 576
3 576 481 577
3 577 481 578
3 481 482 578
3 578 482 579
3 482 483 579
3 579 483 580
3 483 484 580
3 474 567 581
3 474 581 484
3 484 581 580
3 567 568 582
3 581 567 582
3 568 569 583
3 582 568 583
3 569 571 583
3 586 585 584
3 486 584 585
3 486 585 485
3 485 585 587
3 587 588 485
3 485 588 487
3 588 589 487
3 487 589 488
3 589 590 488
3 488 590 489
3 590 591 489
3 489 591 490
3 591 592 490
3 490 592 491
3 592 593 491
3 491 593 492
3 593 594 492
3 492 594 494
3 494 594 595
3 495 494 595
3 498 597 596
3 497 498 596
3 596 598 497
3 497 598 499
3 584 598 586
3 584 500 598
3 500 499 598
3 584 486 500
3 595 501 495
3 599 501 595
3 501 599 600
3 502 501 600
3 504 602 601
3 503 504 601
3 601 603 503
3 503 603 505
3 603 498 505
3 597 498 603
3 600 506 502
3 604 506 600
3 605 507 506
3 605 506 606
3 606 506 604
3 606 607 605
3 610 609 608
3 509 608 609
3 509 609 508
3 508 609 611
3 611 504 508
3 602 504 611
3 605 510 507
3 510 605 607
3 510 607 511
3 511 607 612
3 608 512 513
3 608 513 610
3 610 513 613
3 608 509 512
3 612 515 511
3 614 515 612
3 515 614 615
3 516 515 615
3 618 617 616
3 617 517 616
3 617 613 517
3 613 513 517
3 615 519 516
3 619 519 615
3 519 619 620
3 520 519 620
3 616 522 523
3 616 523 618
3 618 523 621
3 616 517 522
3 622 620 623
3 622 525 620
3 525 520 620
3 623 624 622
3 621 523 625
3 625 523 527
3 626 525 622
3 529 525 626
3 624 627 626
3 622 624 626
3 625 527 628
3 628 527 531
3 629 529 626
3 533 529 629
3 627 630 629
3 626 627 629
3 628 531 631
3 631 531 535
3 632 533 629
3 537 533 632
3 630 633 632
3 629 630 632
3 538 634 635
3 538 635 535
3 535 635 631
3 538 539 634
3 636 537 632
3 636 637 537
3 637 541 537
3 632 633 636
3 635 634 638
3 634 639 638
3 634 539 639
3 539 543 639
3 637 640 541
3 640 546 541
3 547 641 642
3 547 642 543
3 543 642 639
3 547 548 641
3 550 643 551
3 643 550 546
3 643 546 644
3 644 546 640
3 642 641 645
3 641 646 645
3 641 548 646
3 548 553 646
3 555 647 556
3 647 648 649
3 555 648 647
3 555 643 648
3 555 551 643
3 643 644 648
3 557 650 651
3 557 651 553
3 553 651 646
3 557 559 650
3 561 652 562
3 563 652 561
3 653 652 563
3 653 654 655
3 563 654 653
3 563 647 654
3 563 556 647
3 647 649 654
3 651 650 656
3 650 559 564
3 650 564 656
3 656 564 657
3 564 658 657
3 566 658 564
3 570 659 571
3 572 659 570
3 660 659 572
3 573 660 572
3 661 660 573
3 574 661 573
3 662 661 574
3 662 663 664
3 662 574 663
3 574 575 663
3 562 652 665
3 562 665 575
3 575 665 663
3 652 653 666
3 665 652 666
3 653 655 666
3 658 566 576
3 667 658 576
3 667 576 668
3 576 577 668
3 668 577 669
3 577 578 669
3 669 578 670
3 578 579 670
3 670 579 671
3 579 580 671
3 671 580 672
3 580 581 672
3 672 581 673
3 581 582 673
3 673 582 674
3 582 583 674
3 571 659 675
3 571 675 583
3 583 675 674
3 659 660 676
3 675 659 676
3 660 661 677
3 676 660 677
3 661 662 678
3 677 661 678
3 662 664 678
3 681 680 679
3 680 682 679
3 586 684 683
3 585 586 683
3 683 685 585
3 585 685 587
3 685 686 587
3 587 686 588
3 686 687 588
3 588 687 589
3 679 687 681
3 679 590 687
3 590 589 687
3 682 590 679
3 682 688 590
3 688 591 590
3 688 689 591
3 591 689 592
3 689 690 592
3 592 690 593
3 690 691 593
3 593 691 594
3 594 691 692
3 595 594 692
3 695 694 693
3 597 693 694
3 597 694 596
3 596 694 696
3 696 697 596
3 596 697 598
3 697 586 598
3 684 586 697
3 692 599 595
3 698 599 692
3 699 600 599
3 699 599 700
3 700 599 698
3 700 701 699
3 704 703 702
3 602 702 703
3 602 703 601
3 601 703 705
3 693 705 695
3 693 603 705
3 603 601 705
3 693 597 603
3 699 604 600
3 701 604 699
3 701 706 604
3 706 606 604
3 606 706 707
3 607 606 707
3 610 709 708
3 609 610 708
3 702 708 704
3 702 611 708
3 611 609 708
3 702 602 611
3 710 707 711
3 710 612 707
3 612 607 707
3 711 712 710
3 715 714 713
3 714 613 713
3 714 709 613
3 709 610 613
3 710 614 612
3 614 710 712
3 614 712 615
3 615 712 716
3 713 617 618
3 713 618 715
3 715 618 717
3 713 613 617
3 716 619 615
3 718 619 716
3 619 718 719
3 620 619 719
3 717 618 720
3 720 618 621
3 719 623 620
3 721 623 719
3 623 721 722
3 624 623 722
3 720 621 723
3 723 621 625
3 722 724 624
3 724 627 624
3 723 625 725
3 725 625 628
3 724 726 627
3 726 630 627
3 725 628 727
3 727 628 631
3 726 728 630
3 728 633 630
3 727 631 729
3 729 631 635
3 636 730 637
3 730 636 633
3 730 633 731
3 731 633 728
3 638 732 733
3 638 733 635
3 635 733 729
3 638 639 732
3 734 637 730
3 640 637 734
3 731 735 734
3 730 731 734
3 733 732 736
3 732 737 736
3 732 639 737
3 639 642 737
3 738 640 734
3 738 739 640
3 739 644 640
3 734 735 738
3 645 740 741
3 645 741 642
3 642 741 737
3 645 646 740
3 648 742 649
3 742 648 644
3 742 644 743
3 743 644 739
3 741 740 744
3 740 745 744
3 740 646 745
3 646 651 745
3 655 746 747
3 654 746 655
3 649 742 748
3 649 748 654
3 654 748 746
3 742 743 748
3 745 651 656
3 749 745 656
3 751 657 750
3 751 749 657
3 749 656 657
3 657 658 750
3 664 752 753
3 663 752 664
3 752 663 754
3 663 665 754
3 754 665 755
3 665 666 755
3 755 666 655
3 747 755 655
3 751 750 756
3 750 658 667
3 750 667 756
3 756 667 757
3 757 667 758
3 667 668 758
3 758 668 759
3 668 669 759
3 759 669 760
3 669 670 760
3 760 670 761
3 670 671 761
3 761 671 762
3 671 672 762
3 762 672 763
3 672 673 763
3 763 673 764
3 673 674 764
3 764 674 765
3 674 675 765
3 765 675 766
3 675 676 766
3 766 676 767
3 676 677 767
3 767 677 768
3 677 678 768
3 768 678 664
3 753 768 664
3 771 770 769
3 681 769 770
3 681 770 680
3 680 770 772
3 773 682 680
3 773 680 774
3 774 680 772
3 774 776 775
3 773 774 775
3 776 777 775
3 684 779 778
3 683 684 778
3 778 780 683
3 683 780 685
3 780 781 685
3 685 781 686
3 769 781 771
3 769 687 781
3 687 686 781
3 769 681 687
3 773 688 682
3 775 688 773
3 689 688 775
3 777 689 775
3 777 782 689
3 782 690 689
3 782 783 690
3 690 783 691
3 784 692 691
3 784 691 785
3 785 691 783
3 785 786 784
3 695 788 787
3 694 695 787
3 787 789 694
3 694 789 696
3 789 790 696
3 696 790 697
3 790 684 697
3 779 684 790
3 784 698 692
3 786 698 784
3 786 791 698
3 791 700 698
3 700 791 792
3 701 700 792
3 704 794 793
3 703 704 793
3 793 795 703
3 703 795 705
3 795 695 705
3 788 695 795
3 792 706 701
3 796 706 792
3 706 796 797
3 707 706 797
3 709 799 798
3 708 709 798
3 798 704 708
3 794 704 798
3 797 711 707
3 800 711 797
3 711 800 801
3 712 711 801
3 715 803 802
3 714 715 802
3 802 709 714
3 799 709 802
3 804 801 805
3 804 716 801
3 716 712 801
3 805 806 804
3 803 715 807
3 807 715 717
3 804 718 716
3 718 804 806
3 718 806 719
3 719 806 808
3 811 810 809
3 810 720 809
3 810 807 720
3 807 717 720
3 808 721 719
3 812 721 808
3 721 812 813
3 722 721 813
3 815 811 809
3 814 815 809
3 809 723 814
3 720 723 809
3 813 816 722
3 816 724 722
3 818 815 814
3 817 818 814
3 814 725 817
3 723 725 814
3 816 819 724
3 819 726 724
3 821 818 817
3 820 821 817
3 817 727 820
3 725 727 817
3 819 822 726
3 822 728 726
3 821 820 823
3 820 824 823
3 820 727 824
3 727 729 824
3 822 825 728
3 825 731 728
3 824 729 826
3 826 729 733
3 825 827 731
3 827 735 731
3 736 828 829
3 736 829 733
3 733 829 826
3 736 737 828
3 739 830 831
3 738 830 739
3 830 738 735
3 827 830 735
3 833 829 828
3 832 833 828
3 828 741 832
3 737 741 828
3 831 834 739
3 834 743 739
3 833 832 835
3 837 744 836
3 835 744 837
3 835 741 744
3 835 832 741
3 744 745 836
3 746 838 747
3 838 839 840
3 838 746 839
3 746 748 839
3 839 748 743
3 834 839 743
3 837 836 841
3 836 745 749
3 836 749 841
3 841 749 842
3 749 843 842
3 751 843 749
3 752 844 753
3 844 845 846
3 844 752 845
3 752 754 845
3 845 754 847
3 754 755 847
3 747 838 848
3 747 848 755
3 755 848 847
3 838 840 848
3 843 751 756
3 849 843 756
3 849 756 850
3 756 757 850
3 850 757 851
3 757 758 851
3 851 758 852
3 758 759 852
3 852 759 853
3 759 760 853
3 853 760 854
3 760 761 854
3 854 761 855
3 761 762 855
3 855 762 856
3 762 763 856
3 856 763 857
3 763 764 857
3 857 764 858
3 764 765 858
3 858 765 859
3 765 766 859
3 859 766 860
3 766 767 860
3 860 767 861
3 767 768 861
3 753 844 862
3 753 862 768
3 768 862 861
3 844 846 862
3 771 864 863
3 770 771 863
3 863 865 770
3 770 865 772
3 865 866 772
3 772 866 774
3 866 867 774
3 774 867 776
3 776 867 868
3 777 776 868
3 871 870 869
3 779 869 870
3 779 870 778
3 778 870 872
3 872 873 778
3 778 873 780
3 873 874 780
3 780 874 781
3 874 771 781
3 864 771 874
3 868 782 777
3 875 782 868
3 875 876 782
3 782 876 783
3 876 877 783
3 783 877 785
3 785 877 878
3 786 785 878
3 788 880 879
3 787 788 879
3 879 881 787
3 787 881 789
3 869 881 871
3 869 790 881
3 790 789 881
3 869 779 790
3 878 791 786
3 882 791 878
3 791 882 883
3 792 791 883
3 794 885 884
3 793 794 884
3 884 886 793
3 793 886 795
3 886 788 795
3 880 788 886
3 883 796 792
3 887 796 883
3 796 887 888
3 797 796 888
3 891 890 889
3 799 889 890
3 799 890 798
3 798 890 892
3 892 794 798
3 885 794 892
3 888 800 797
3 893 800 888
3 800 893 894
3 801 800 894
3 889 802 803
3 889 803 891
3 891 803 895
3 889 799 802
3 894 805 801
3 896 805 894
3 805 896 897
3 806 805 897
3 900 899 898
3 899 807 898
3 899 895 807
3 895 803 807
3 897 901 806
3 901 808 806
3 898 810 811
3 898 811 900
3 900 811 902
3 898 807 810
3 901 812 808
3 903 812 901
3 812 903 904
3 813 812 904
3 902 811 905
3 905 811 815
3 904 906 813
3 906 816 813
3 905 815 907
3 907 815 818
3 908 906 909
3 908 819 906
3 819 816 906
3 909 910 908
3 907 818 911
3 911 818 821
3 912 819 908
3 822 819 912
3 910 913 912
3 908 910 912
3 823 914 915
3 823 915 821
3 821 915 911
3 823 824 914
3 916 822 912
3 916 917 822
3 917 825 822
3 912 913 916
3 919 915 914
3 918 919 914
3 914 826 918
3 824 826 914
3 917 920 825
3 920 827 825
3 919 918 921
3 918 922 921
3 918 826 922
3 826 829 922
3 830 923 831
3 923 830 827
3 923 827 924
3 924 827 920
3 922 829 925
3 925 829 833
3 926 831 923
3 926 927 831
3 927 834 831
3 923 924 926
3 925 833 835
3 928 925 835
3 835 929 928
3 837 929 835
3 840 930 931
3 839 930 840
3 930 839 834
3 927 930 834
3 929 837 841
3 932 929 841
3 934 842 933
3 934 932 842
3 932 841 842
3 842 843 933
3 845 935 846
3 935 936 937
3 935 845 936
3 845 847 936
3 936 847 938
3 847 848 938
3 938 848 840
3 931 938 840
3 934 933 939
3 933 843 849
3 933 849 939
3 939 849 940
3 940 849 941
3 849 850 941
3 941 850 942
3 850 851 942
3 944 852 943
3 944 942 852
3 942 851 852
3 853 943 852
3 945 943 853
3 854 945 853
3 946 945 854
3 855 946 854
3 947 946 855
3 856 947 855
3 948 947 856
3 948 949 950
3 948 856 949
3 856 857 949
3 949 857 951
3 857 858 951
3 951 858 952
3 858 859 952
3 952 859 953
3 859 860 953
3 953 860 954
3 860 861 954
3 954 861 955
3 861 862 955
3 846 935 956
3 846 956 862
3 862 956 955
3 935 937 956
3 944 943 957
3 943 945 958
3 957 943 958
3 945 946 959
3 958 945 959
3 946 947 960
3 959 946 960
3 947 948 961
3 960 947 961
3 948 950 961
3 864 963 962
3 863 864 962
3 962 964 863
3 863 964 865
3 964 965 865
3 865 965 866
3 965 966 866
3 866 966 867
3 967 868 867
3 967 867 968
3 968 867 966
3 968 969 967
3 871 971 970
3 870 871 970
3 970 972 870
3 870 972 872
3 972 973 872
3 872 973 873
3 973 974 873
3 873 974 874
3 974 864 874
3 963 864 974
3 967 875 868
3 969 875 967
3 969 975 875
3 975 876 875
3 975 976 876
3 876 976 877
3 877 976 977
3 878 877 977
3 980 979 978
3 880 978 979
3 880 979 879
3 879 979 981
3 981 982 879
3 879 982 881
3 982 871 881
3 971 871 982
3 977 882 878
3 983 882 977
3 984 883 882
3 984 882 985
3 985 882 983
3 985 986 984
3 885 988 987
3 884 885 987
3 978 987 980
3 978 886 987
3 886 884 987
3 978 880 886
3 984 887 883
3 887 989 888
3 984 989 887
3 984 990 989
3 984 986 990
3 990 991 989
3 891 993 992
3 890 891 992
3 992 994 890
3 890 994 892
3 994 885 892
3 988 885 994
3 989 893 888
3 893 989 991
3 893 991 894
3 894 991 995
3 993 891 996
3 996 891 895
3 995 896 894
3 997 896 995
3 896 997 998
3 897 896 998
3 900 1000 999
3 899 900 999
3 999 895 899
3 996 895 999
3 1001 998 1002
3 1001 901 998
3 901 897 998
3 1002 1003 1001
3 1000 900 1004
3 1004 900 902
3 1001 903 901
3 903 1001 1003
3 903 1003 904
3 904 1003 1005
3 1004 902 1006
3 1006 902 905
3 1005 1007 904
3 1007 906 904
3 1006 905 1008
3 1008 905 907
3 1007 909 906
3 1009 909 1007
3 909 1009 1010
3 910 909 1010
3 1008 907 1011
3 1011 907 911
3 1010 1012 910
3 1012 913 910
3 1011 911 1013
3 1013 911 915
3 917 1014 1015
3 916 1014 917
3 1014 916 913
3 1012 1014 913
3 1013 915 1016
3 1016 915 919
3 1015 1017 917
3 1017 920 917
3 921 1018 1019
3 921 1019 919
3 919 1019 1016
3 921 922 1018
3 1017 1020 920
3 1020 924 920
3 1019 1018 1021
3 1018 1022 1021
3 1018 922 1022
3 922 925 1022
3 927 1023 1024
3 926 1023 927
3 1023 926 924
3 1020 1023 924
3 928 1025 1026
3 928 1026 925
3 925 1026 1022
3 928 929 1025
3 931 1027 1028
3 930 1027 931
3 1027 930 927
3 1024 1027 927
3 1026 1025 1029
3 1031 932 1030
3 1029 932 1031
3 1029 929 932
3 1029 1025 929
3 932 934 1030
3 937 1032 1033
3 936 1032 937
3 1032 936 1034
3 936 938 1034
3 1034 938 931
3 1028 1034 931
3 1031 1030 1035
3 1030 934 939
3 1030 939 1035
3 1035 939 1036
3 1036 939 1037
3 939 940 1037
3 1037 940 1038
3 940 941 1038
3 1040 942 1039
3 1040 1038 942
3 1038 941 942
3 942 944 1039
3 949 1041 950
3 951 1041 949
3 1042 1041 951
3 1042 1043 1044
3 1042 951 1043
3 951 952 1043
3 1043 952 1045
3 952 953 1045
3 1045 953 1046
3 953 954 1046
3 1046 954 1047
3 954 955 1047
3 1047 955 1048
3 955 956 1048
3 1048 956 937
3 1033 1048 937
3 1040 1039 1049
3 1039 944 957
3 1039 957 1049
3 1049 957 1050
3 1050 957 1051
3 957 958 1051
3 1051 958 1052
3 958 959 1052
3 1052 959 1053
3 959 960 1053
3 1053 960 1054
3 960 961 1054
3 950 1041 1055
3 950 1055 961
3 961 1055 1054
3 1041 1042 1056
3 1055 1041 1056
3 1042 1044 1056
3 1059 1058 1057
3 963 1057 1058
3 963 1058 962
3 962 1058 1060
3 1060 1061 962
3 962 1061 964
3 1061 1062 964
3 964 1062 965
3 1062 1063 965
3 965 1063 966
3 1063 1064 966
3 966 1064 968
3 968 1064 1065
3 969 968 1065
3 971 1067 1066
3 970 971 1066
3 1066 1068 970
3 970 1068 972
3 1068 1069 972
3 972 1069 973
3 1057 1069 1059
3 1057 974 1069
3 974 973 1069
3 1057 963 974
3 1065 975 969
3 1070 975 1065
3 1070 1071 975
3 975 1071 976
3 976 1071 1072
3 977 976 1072
3 980 1074 1073
3 979 980 1073
3 1073 1075 979
3 979 1075 981
3 1075 1076 981
3 981 1076 982
3 1076 971 982
3 1067 971 1076
3 1072 983 977
3 1077 983 1072
3 1077 1078 983
3 983 1078 985
3 985 1078 1079
3 986 985 1079
3 1082 1081 1080
3 988 1080 1081
3 988 1081 987
3 987 1081 1083
3 1083 980 987
3 1074 980 1083
3 1079 990 986
3 1084 990 1079
3 990 1084 1085
3 991 990 1085
3 993 1087 1086
3 992 993 1086
3 1080 1086 1082
3 1080 994 1086
3 994 992 1086
3 1080 988 994
3 1088 1085 1089
3 1088 995 1085
3 995 991 1085
3 1089 1090 1088
3 1093 1092 1091
3 1092 996 1091
3 1092 1087 996
3 1087 993 996
3 1088 997 995
3 997 1088 1090
3 997 1090 998
3 998 1090 1094
3 1091 999 1000
3 1091 1000 1093
3 1093 1000 1095
3 1091 996 999
3 1094 1002 998
3 1096 1002 1094
3 1002 1096 1097
3 1003 1002 1097
3 1095 1000 1098
3 1098 1000 1004
3 1097 1099 1003
3 1099 1005 1003
3 1102 1101 1100
3 1101 1006 1100
3 1101 1098 1006
3 1098 1004 1006
3 1103 1099 1104
3 1103 1007 1099
3 1007 1005 1099
3 1104 1105 1103
3 1107 1102 1100
3 1106 1107 1100
3 1100 1008 1106
3 1006 1008 1100
3 1103 1009 1007
3 1009 1103 1105
3 1009 1105 1010
3 1010 1105 1108
3 1110 1107 1106
3 1109 1110 1106
3 1106 1011 1109
3 1008 1011 1106
3 1108 1111 1010
3 1111 1012 1010
3 1113 1110 1109
3 1112 1113 1109
3 1109 1013 1112
3 1011 1013 1109
3 1014 1114 1015
3 1114 1014 1012
3 1114 1012 1115
3 1115 1012 1111
3 1117 1113 1112
3 1116 1117 1112
3 1112 1016 1116
3 1013 1016 1112
3 1118 1015 1114
3 1118 1119 1015
3 1119 1017 1015
3 1114 1115 1118
3 1117 1116 1120
3 1116 1121 1120
3 1116 1016 1121
3 1016 1019 1121
3 1119 1122 1017
3 1122 1020 1017
3 1021 1123 1124
3 1021 1124 1019
3 1019 1124 1121
3 1021 1022 1123
3 1024 1125 1126
3 1023 1125 1024
3 1125 1023 1020
3 1122 1125 1020
3 1124 1123 1127
3 1123 1128 1127
3 1123 1022 1128
3 1022 1026 1128
3 1028 1129 1130
3 1027 1129 1028
3 1129 1027 1024
3 1126 1129 1024
3 1128 1026 1029
3 1131 1128 1029
3 1029 1132 1131
3 1031 1132 1029
3 1032 1133 1033
3 1133 1134 1135
3 1133 1032 1134
3 1032 1034 1134
3 1134 1034 1028
3 1130 1134 1028
3 1132 1031 1035
3 1136 1132 1035
3 1136 1035 1137
3 1035 1036 1137
3 1137 1036 1138
3 1036 1037 1138
3 1140 1038 1139
3 1140 1138 1038
3 1138 1037 1038
3 1038 1040 1139
3 1043 1141 1044
3 1141 1142 1143
3 1141 1043 1142
3 1043 1045 1142
3 1142 1045 1144
3 1045 1046 1144
3 1144 1046 1145
3 1046 1047 1145
3 1145 1047 1146
3 1047 1048 1146
3 1033 1133 1147
3 1033 1147 1048
3 1048 1147 1146
3 1133 1135 1147
3 1140 1139 1148
3 1139 1040 1049
3 1139 1049 1148
3 1148 1049 1149
3 1149 1049 1150
3 1049 1050 1150
3 1150 1050 1151
3 1050 1051 1151
3 1151 1051 1152
3 1051 1052 1152
3 1152 1052 1153
3 1052 1053 1153
3 1153 1053 1154
3 1053 1054 1154
3 1154 1054 1155
3 1054 1055 1155
3 1155 1055 1156
3 1055 1056 1156
3 1044 1141 1157
3 1044 1157 1056
3 1056 1157 1156
3 1141 1143 1157
3 1059 1159 1158
3 1058 1059 1158
3 1158 1160 1058
3 1058 1160 1060
3 1160 1161 1060
3 1060 1161 1061
3 1161 1162 1061
3 1061 1162 1062
3 1162 1163 1062
3 1062 1163 1063
3 1163 1164 1063
3 1063 1164 1064
3 1064 1164 1165
3 1065 1064 1165
3 1168 1167 1166
3 1067 1166 1167
3 1067 1167 1066
3 1066 1167 1169
3 1169 1170 1066
3 1066 1170 1068
3 1170 1171 1068
3 1068 1171 1069
3 1171 1059 1069
3 1159 1059 1171
3 1165 1070 1065
3 1172 1070 1165
3 1172 1173 1070
3 1070 1173 1071
3 1174 1072 1071
3 1174 1071 1175
3 1175 1071 1173
3 1175 1176 1174
3 1074 1178 1177
3 1073 1074 1177
3 1177 1179 1073
3 1073 1179 1075
3 1166 1179 1168
3 1166 1076 1179
3 1076 1075 1179
3 1166 1067 1076
3 1174 1077 1072
3 1176 1077 1174
3 1176 1180 1077
3 1180 1078 1077
3 1078 1180 1181
3 1079 1078 1181
3 1082 1183 1182
3 1081 1082 1182
3 1182 1184 1081
3 1081 1184 1083
3 1184 1074 1083
3 1178 1074 1184
3 1181 1084 1079
3 1185 1084 1181
3 1084 1185 1186
3 1085 1084 1186
3 1087 1188 1187
3 1086 1087 1187
3 1187 1082 1086
3 1183 1082 1187
3 1186 1089 1085
3 1189 1089 1186
3 1089 1189 1190
3 1090 1089 1190
3 1093 1192 1191
3 1092 1093 1191
3 1191 1087 1092
3 1188 1087 1191
3 1190 1193 1090
3 1193 1094 1090
3 1192 1093 1194
3 1194 1093 1095
3 1193 1096 1094
3 1195 1096 1193
3 1096 1195 1196
3 1097 1096 1196
3 1199 1198 1197
3 1198 1098 1197
3 1198 1194 1098
3 1194 1095 1098
3 1196 1200 1097
3 1200 1099 1097
3 1197 1101 1102
3 1197 1102 1199
3 1199 1102 1201
3 1197 1098 1101
3 1200 1104 1099
3 1202 1104 1200
3 1104 1202 1203
3 1105 1104 1203
3 1201 1102 1204
3 1204 1102 1107
3 1203 1205 1105
3 1205 1108 1105
3 1204 1107 1206
3 1206 1107 1110
3 1205 1207 1108
3 1207 1111 1108
3 1206 1110 1208
3 1208 1110 1113
3 1207 1209 1111
3 1209 1115 1111
3 1208 1113 1210
3 1210 1113 1117
3 1119 1211 1212
3 1118 1211 1119
3 1211 1118 1115
3 1209 1211 1115
3 1120 1213 1214
3 1120 1214 1117
3 1117 1214 1210
3 1120 1121 1213
3 1212 1215 1119
3 1215 1122 1119
3 1214 1213 1216
3 1213 1217 1216
3 1213 1121 1217
3 1121 1124 1217
3 1126 1218 1219
3 1125 1218 1126
3 1218 1125 1122
3 1215 1218 1122
3 1127 1220 1221
3 1127 1221 1124
3 1124 1221 1217
3 1127 1128 1220
3 1130 1222 1223
3 1129 1222 1130
3 1222 1129 1126
3 1219 1222 1126
3 1221 1220 1224
3 1220 1128 1131
3 1220 1131 1224
3 1224 1131 1225
3 1131 1226 1225
3 1132 1226 1131
3 1135 1227 1228
3 1134 1227 1135
3 1227 1134 1130
3 1223 1227 1130
3 1226 1132 1136
3 1229 1226 1136
3 1229 1136 1230
3 1136 1137 1230
3 1232 1138 1231
3 1232 1230 1138
3 1230 1137 1138
3 1138 1140 1231
3 1142 1233 1143
3 1233 1234 1235
3 1233 1142 1234
3 1142 1144 1234
3 1234 1144 1236
3 1144 1145 1236
3 1236 1145 1237
3 1145 1146 1237
3 1237 1146 1238
3 1146 1147 1238
3 1238 1147 1135
3 1228 1238 1135
3 1232 1231 1239
3 1231 1140 1148
3 1231 1148 1239
3 1239 1148 1240
3 1240 1148 1241
3 1148 1149 1241
3 1241 1149 1242
3 1149 1150 1242
3 1242 1150 1243
3 1150 1151 1243
3 1243 1151 1244
3 1151 1152 1244
3 1244 1152 1245
3 1152 1153 1245
3 1245 1153 1246
3 1153 1154 1246
3 1246 1154 1247
3 1154 1155 1247
3 1247 1155 1248
3 1155 1156 1248
3 1248 1156 1249
3 1156 1157 1249
3 1143 1233 1250
3 1143 1250 1157
3 1157 1250 1249
3 1233 1235 1250
3 1159 1252 1251
3 1158 1159 1251
3 1251 1253 1158
3 1158 1253 1160
3 1253 1254 1160
3 1160 1254 1161
3 1254 1255 1161
3 1161 1255 1162
3 1255 1256 1162
3 1162 1256 1163
3 1256 1257 1163
3 1163 1257 1164
3 1164 1257 1258
3 1165 1164 1258
3 1168 1260 1259
3 1167 1168 1259
3 1259 1261 1167
3 1167 1261 1169
3 1261 1262 1169
3 1169 1262 1170
3 1262 1263 1170
3 1170 1263 1171
3 1263 1159 1171
3 1252 1159 1263
3 1258 1172 1165
3 1264 1172 1258
3 1264 1265 1172
3 1172 1265 1173
3 1265 1266 1173
3 1173 1266 1175
3 1175 1266 1267
3 1176 1175 1267
3 1178 1269 1268
3 1177 1178 1268
3 1268 1270 1177
3 1177 1270 1179
3 1270 1168 1179
3 1260 1168 1270
3 1267 1180 1176
3 1271 1180 1267
3 1180 1271 1272
3 1181 1180 1272
3 1183 1274 1273
3 1182 1183 1273
3 1273 1275 1182
3 1182 1275 1184
3 1275 1178 1184
3 1269 1178 1275
3 1272 1185 1181
3 1276 1185 1272
3 1185 1276 1277
3 1186 1185 1277
3 1280 1279 1278
3 1188 1278 1279
3 1188 1279 1187
3 1187 1279 1281
3 1281 1183 1187
3 1274 1183 1281
3 1277 1189 1186
3 1282 1189 1277
3 1189 1282 1283
3 1190 1189 1283
3 1278 1191 1192
3 1278 1192 1280
3 1280 1192 1284
3 1278 1188 1191
3 1285 1283 1286
3 1285 1193 1283
3 1193 1190 1283
3 1286 1287 1285
3 1290 1289 1288
3 1289 1194 1288
3 1289 1284 1194
3 1284 1192 1194
3 1285 1195 1193
3 1195 1285 1287
3 1195 1287 1196
3 1196 1287 1291
3 1288 1198 1199
3 1288 1199 1290
3 1290 1199 1292
3 1288 1194 1198
3 1291 1293 1196
3 1293 1200 1196
3 1292 1199 1294
3 1294 1199 1201
3 1293 1202 1200
3 1295 1202 1293
3 1202 1295 1296
3 1203 1202 1296
3 1294 1201 1297
3 1297 1201 1204
3 1296 1298 1203
3 1298 1205 1203
3 1297 1204 1299
3 1299 1204 1206
3 1298 1300 1205
3 1300 1207 1205
3 1299 1206 1301
3 1301 1206 1208
3 1300 1302 1207
3 1302 1209 1207
3 1301 1208 1303
3 1303 1208 1210
3 1212 1304 1305
3 1211 1304 1212
3 1304 1211 1209
3 1302 1304 1209
3 1303 1210 1306
3 1306 1210 1214
3 1305 1307 1212
3 1307 1215 1212
3 1216 1308 1309
3 1216 1309 1214
3 1214 1309 1306
3 1216 1217 1308
3 1219 1310 1311
3 1218 1310 1219
3 1310 1218 1215
3 1307 1310 1215
3 1309 1308 1312
3 1308 1313 1312
3 1308 1217 1313
3 1217 1221 1313
3 1223 1314 1315
3 1222 1314 1223
3 1314 1222 1219
3 1311 1314 1219
3 1313 1221 1224
3 1316 1313 1224
3 1318 1225 1317
3 1318 1316 1225
3 1316 1224 1225
3 1225 1226 1317
3 1228 1319 1320
3 1227 1319 1228
3 1319 1227 1223
3 1315 1319 1223
3 1318 1317 1321
3 1317 1226 1229
3 1317 1229 1321
3 1321 1229 1322
3 1324 1230 1323
3 1324 1322 1230
3 1322 1229 1230
3 1230 1232 1323
3 1234 1325 1235
3 1325 1326 1327
3 1325 1234 1326
3 1234 1236 1326
3 1326 1236 1328
3 1236 1237 1328
3 1328 1237 1329
3 1237 1238 1329
3 1329 1238 1228
3 1320 1329 1228
3 1324 1323 1330
3 1323 1232 1239
3 1323 1239 1330
3 1330 1239 1331
3 1331 1239 1332
3 1239 1240 1332
3 1332 1240 1333
3 1240 1241 1333
3 1333 1241 1334
3 1241 1242 1334
3 1334 1242 1335
3 1242 1243 1335
3 1335 1243 1336
3 1243 1244 1336
3 1336 1244 1337
3 1244 1245 1337
3 1337 1245 1338
3 1245 1246 1338
3 1338 1246 1339
3 1246 1247 1339
3 1339 1247 1340
3 1247 1248 1340
3 1340 1248 1341
3 1248 1249 1341
3 1341 1249 1342
3 1249 1250 1342
3 1235 1325 1343
3 1235 1343 1250
3 1250 1343 1342
3 1325 1327 1343
3 1346 1345 1344
3 1252 1344 1345
3 1252 1345 1251
3 1251 1345 1347
3 1347 1348 1251
3 1251 1348 1253
3 1348 1349 1253
3 1253 1349 1254
3 1349 1350 1254
3 1254 1350 1255
3 1350 1351 1255
3 1255 1351 1256
3 1351 1352 1256
3 1256 1352 1257
3 1353 1258 1257
3 1353 1257 1354
3 1354 1257 1352
3 1354 1355 1353
3 1260 1357 1356
3 1259 1260 1356
3 1356 1358 1259
3 1259 1358 1261
3 1358 1359 1261
3 1261 1359 1262
3 1344 1359 1346
3 1344 1263 1359
3 1263 1262 1359
3 1344 1252 1263
3 1353 1264 1258
3 1355 1264 1353
3 1355 1360 1264
3 1360 1265 1264
3 1360 1361 1265
3 1265 1361 1266
3 1266 1361 1362
3 1267 1266 1362
3 1365 1364 1363
3 1269 1363 1364
3 1269 1364 1268
3 1268 1364 1366
3 1366 1367 1268
3 1268 1367 1270
3 1367 1260 1270
3 1357 1260 1367
3 1362 1271 1267
3 1368 1271 1362
3 1271 1368 1369
3 1272 1271 1369
3 1274 1371 1370
3 1273 1274 1370
3 1363 1370 1365
3 1363 1275 1370
3 1275 1273 1370
3 1363 1269 1275
3 1369 1276 1272
3 1372 1276 1369
3 1276 1372 1373
3 1277 1276 1373
3 1280 1375 1374
3 1279 1280 1374
3 1374 1376 1279
3 1279 1376 1281
3 1376 1274 1281
3 1371 1274 1376
3 1373 1282 1277
3 1377 1282 1373
3 1282 1377 1378
3 1283 1282 1378
3 1375 1280 1379
3 1379 1280 1284
3 1378 1286 1283
3 1380 1286 1378
3 1286 1380 1381
3 1287 1286 1381
3 1290 1383 1382
3 1289 1290 1382
3 1382 1284 1289
3 1379 1284 1382
3 1381 1384 1287
3 1384 1291 1287
3 1383 1290 1385
3 1385 1290 1292
3 1384 1386 1291
3 1386 1293 1291
3 1385 1292 1387
3 1387 1292 1294
3 1386 1295 1293
3 1388 1295 1386
3 1295 1388 1389
3 1296 1295 1389
3 1387 1294 1390
3 1390 1294 1297
3 1389 1391 1296
3 1391 1298 1296
3 1390 1297 1392
3 1392 1297 1299
3 1391 1393 1298
3 1393 1300 1298
3 1392 1299 1394
3 1394 1299 1301
3 1393 1395 1300
3 1395 1302 1300
3 1394 1301 1396
3 1396 1301 1303
3 1304 1397 1305
3 1397 1304 1302
3 1397 1302 1398
3 1398 1302 1395
3 1396 1303 1399
3 1399 1303 1306
3 1400 1305 1397
3 1400 1401 1305
3 1401 1307 1305
3 1397 1398 1400
3 1399 1306 1402
3 1402 1306 1309
3 1310 1403 1311
3 1403 1310 1307
3 1403 1307 1404
3 1404 1307 1401
3 1402 1309 1312
3 1405 1402 1312
3 1312 1406 1405
3 1313 1406 1312
3 1314 1407 1315
3 1407 1408 1409
3 1314 1408 1407
3 1314 1403 1408
3 1314 1311 1403
3 1403 1404 1408
3 1406 1313 1316
3 1410 1406 1316
3 1316 1411 1410
3 1318 1411 1316
3 1320 1412 1413
3 1319 1412 1320
3 1315 1407 1414
3 1315 1414 1319
3 1319 1414 1412
3 1407 1409 1414
3 1411 1318 1321
3 1415 1411 1321
3 1415 1321 1416
3 1321 1322 1416
3 1322 1417 1416
3 1324 1417 1322
3 1326 1418 1327
3 1418 1419 1420
3 1418 1326 1419
3 1326 1328 1419
3 1419 1328 1421
3 1328 1329 1421
3 1421 1329 1320
3 1413 1421 1320
3 1417 1324 1330
3 1422 1417 1330
3 1422 1330 1423
3 1330 1331 1423
3 1423 1331 1424
3 1331 1332 1424
3 1424 1332 1425
3 1332 1333 1425
3 1425 1333 1426
3 1333 1334 1426
3 1426 1334 1427
3 1334 1335 1427
3 1427 1335 1428
3 1335 1336 1428
3 1428 1336 1429
3 1336 1337 1429
3 1429 1337 1430
3 1337 1338 1430
3 1430 1338 1431
3 1338 1339 1431
3 1431 1339 1432
3 1339 1340 1432
3 1432 1340 1433
3 1340 1341 1433
3 1433 1341 1434
3 1341 1342 1434
3 1434 1342 1435
3 1342 1343 1435
3 1327 1418 1436
3 1327 1436 1343
3 1343 1436 1435
3 1418 1420 1436
3 1346 1438 1437
3 1345 1346 1437
3 1437 1439 1345
3 1345 1439 1347
3 1439 1440 1347
3 1347 1440 1348
3 1440 1441 1348
3 1348 1441 1349
3 1441 1442 1349
3 1349 1442 1350
3 1442 1443 1350
3 1350 1443 1351
3 1443 1444 1351
3 1351 1444 1352
3 1444 1445 1352
3 1352 1445 1354
3 1354 1445 1446
3 1355 1354 1446
3 1449 1448 1447
3 1357 1447 1448
3 1357 1448 1356
3 1356 1448 1450
3 1450 1451 1356
3 1356 1451 1358
3 1451 1452 1358
3 1358 1452 1359
3 1452 1346 1359
3 1438 1346 1452
3 1446 1360 1355
3 1453 1360 1446
3 1453 1454 1360
3 1360 1454 1361
3 1361 1454 1455
3 1362 1361 1455
3 1365 1457 1456
3 1364 1365 1456
3 1456 1458 1364
3 1364 1458 1366
3 1447 1458 1449
3 1447 1367 1458
3 1367 1366 1458
3 1447 1357 1367
3 1455 1368 1362
3 1459 1368 1455
3 1368 1459 1460
3 1369 1368 1460
3 1463 1462 1461
3 1371 1461 1462
3 1371 1462 1370
3 1370 1462 1464
3 1464 1365 1370
3 1457 1365 1464
3 1460 1372 1369
3 1465 1372 1460
3 1372 1465 1466
3 1373 1372 1466
3 1375 1468 1467
3 1374 1375 1467
3 1461 1467 1463
3 1461 1376 1467
3 1376 1374 1467
3 1461 1371 1376
3 1466 1377 1373
3 1469 1377 1466
3 1377 1469 1470
3 1378 1377 1470
3 1468 1375 1471
3 1471 1375 1379
3 1470 1380 1378
3 1472 1380 1470
3 1380 1472 1473
3 1381 1380 1473
3 1383 1475 1474
3 1382 1383 1474
3 1474 1379 1382
3 1471 1379 1474
3 1473 1476 1381
3 1476 1384 1381
3 1475 1383 1477
3 1477 1383 1385
3 1478 1476 1479
3 1478 1386 1476
3 1386 1384 1476
3 1479 1480 1478
3 1477 1385 1481
3 1481 1385 1387
3 1478 1388 1386
3 1388 1478 1480
3 1388 1480 1389
3 1389 1480 1482
3 1481 1387 1483
3 1483 1387 1390
3 1482 1484 1389
3 1484 1391 1389
3 1483 1390 1485
3 1485 1390 1392
3 1484 1486 1391
3 1486 1393 1391
3 1485 1392 1487
3 1487 1392 1394
3 1486 1488 1393
3 1488 1395 1393
3 1487 1394 1489
3 1489 1394 1396
3 1488 1490 1395
3 1490 1398 1395
3 1489 1396 1491
3 1491 1396 1399
3 1401 1492 1493
3 1400 1492 1401
3 1492 1400 1398
3 1490 1492 1398
3 1491 1399 1494
3 1494 1399 1402
3 1493 1495 1401
3 1495 1404 1401
3 1494 1402 1405
3 1496 1494 1405
3 1405 1497 1496
3 1406 1497 1405
3 1409 1498 1499
3 1408 1498 1409
3 1498 1408 1404
3 1495 1498 1404
3 1497 1406 1410
3 1500 1497 1410
3 1410 1501 1500
3 1411 1501 1410
3 1412 1502 1413
3 1502 1503 1504
3 1502 1412 1503
3 1412 1414 1503
3 1503 1414 1409
3 1499 1503 1409
3 1501 1411 1415
3 1505 1501 1415
3 1507 1416 1506
3 1507 1505 1416
3 1505 1415 1416
3 1416 1417 1506
3 1420 1508 1509
3 1419 1508 1420
3 1508 1419 1510
3 1419 1421 1510
3 1413 1502 1511
3 1413 1511 1421
3 1421 1511 1510
3 1502 1504 1511
3 1507 1506 1512
3 1506 1417 1422
3 1506 1422 1512
3 1512 1422 1513
3 1513 1422 1514
3 1422 1423 1514
3 1514 1423 1515
3 1423 1424 1515
3 1515 1424 1516
3 1424 1425 1516
3 1516 1425 1517
3 1425 1426 1517
3 1517 1426 1518
3 1426 1427 1518
3 1518 1427 1519
3 1427 1428 1519
3 1519 1428 1520
3 1428 1429 1520
3 1520 1429 1521
3 1429 1430 1521
3 1521 1430 1522
3 1430 1431 1522
3 1522 1431 1523
3 1431 1432 1523
3 1523 1432 1524
3 1432 1433 1524
3 1524 1433 1525
3 1433 1434 1525
3 1525 1434 1526
3 1434 1435 1526
3 1526 1435 1527
3 1435 1436 1527
3 1527 1436 1420
3 1509 1527 1420
3 1530 1529 1528
3 1438 1528 1529
3 1438 1529 1437
3 1437 1529 1531
3 1531 1532 1437
3 1437 1532 1439
3 1532 1533 1439
3 1439 1533 1440
3 1533 1534 1440
3 1440 1534 1441
3 1534 1535 1441
3 1441 1535 1442
3 1535 1536 1442
3 1442 1536 1443
3 1536 1537 1443
3 1443 1537 1444
3 1537 1538 1444
3 1444 1538 1445
3 1445 1538 1539
3 1446 1445 1539
3 1449 1541 1540
3 1448 1449 1540
3 1540 1542 1448
3 1448 1542 1450
3 1542 1543 1450
3 1450 1543 1451
3 1528 1543 1530
3 1528 1452 1543
3 1452 1451 1543
3 1528 1438 1452
3 1539 1453 1446
3 1544 1453 1539
3 1544 1545 1453
3 1453 1545 1454
3 1454 1545 1546
3 1455 1454 1546
3 1457 1548 1547
3 1456 1457 1547
3 1547 1549 1456
3 1456 1549 1458
3 1549 1449 1458
3 1541 1449 1549
3 1546 1459 1455
3 1550 1459 1546
3 1459 1550 1551
3 1460 1459 1551
3 1463 1553 1552
3 1462 1463 1552
3 1552 1554 1462
3 1462 1554 1464
3 1554 1457 1464
3 1548 1457 1554
3 1551 1465 1460
3 1555 1465 1551
3 1465 1555 1556
3 1466 1465 1556
3 1468 1558 1557
3 1467 1468 1557
3 1557 1463 1467
3 1553 1463 1557
3 1556 1469 1466
3 1559 1469 1556
3 1469 1559 1560
3 1470 1469 1560
3 1558 1468 1561
3 1561 1468 1471
3 1560 1472 1470
3 1562 1472 1560
3 1472 1562 1563
3 1473 1472 1563
3 1475 1565 1564
3 1474 1475 1564
3 1564 1471 1474
3 1561 1471 1564
3 1563 1566 1473
3 1566 1476 1473
3 1565 1475 1567
3 1567 1475 1477
3 1566 1479 1476
3 1568 1479 1566
3 1479 1568 1569
3 1480 1479 1569
3 1567 1477 1570
3 1570 1477 1481
3 1569 1571 1480
3 1571 1482 1480
3 1570 1481 1572
3 1572 1481 1483
3 1571 1573 1482
3 1573 1484 1482
3 1576 1575 1574
3 1575 1485 1574
3 1575 1572 1485
3 1572 1483 1485
3 1573 1577 1484
3 1577 1486 1484
3 1579 1576 1574
3 1578 1579 1574
3 1574 1487 1578
3 1485 1487 1574
3 1577 1580 1486
3 1580 1488 1486
3 1582 1579 1578
3 1581 1582 1578
3 1578 1489 1581
3 1487 1489 1578
3 1580 1583 1488
3 1583 1490 1488
3 1582 1581 1584
3 1581 1585 1584
3 1581 1489 1585
3 1489 1491 1585
3 1493 1586 1587
3 1492 1586 1493
3 1586 1492 1490
3 1583 1586 1490
3 1585 1491 1588
3 1588 1491 1494
3 1587 1589 1493
3 1589 1495 1493
3 1496 1590 1591
3 1496 1591 1494
3 1494 1591 1588
3 1496 1497 1590
3 1499 1592 1593
3 1498 1592 1499
3 1592 1498 1495
3 1589 1592 1495
3 1591 1590 1594
3 1596 1500 1595
3 1594 1500 1596
3 1594 1497 1500
3 1594 1590 1497
3 1500 1501 1595
3 1504 1597 1598
3 1503 1597 1504
3 1597 1503 1499
3 1593 1597 1499
3 1596 1595 1599
3 1601 1505 1600
3 1599 1505 1601
3 1599 1501 1505
3 1599 1595 1501
3 1505 1507 1600
3 1508 1602 1509
3 1602 1603 1604
3 1602 1508 1603
3 1508 1510 1603
3 1603 1510 1605
3 1510 1511 1605
3 1605 1511 1504
3 1598 1605 1504
3 1601 1600 1606
3 1600 1507 1512
3 1600 1512 1606
3 1606 1512 1607
3 1607 1512 1608
3 1512 1513 1608
3 1608 1513 1609
3 1513 1514 1609
3 1611 1515 1610
3 1611 1609 1515
3 1609 1514 1515
3 1516 1610 1515
3 1612 1610 1516
3 1517 1612 1516
3 1613 1612 1517
3 1518 1613 1517
3 1614 1613 1518
3 1519 1614 1518
3 1615 1614 1519
3 1520 1615 1519
3 1616 1615 1520
3 1521 1616 1520
3 1617 1616 1521
3 1522 1617 1521
3 1618 1617 1522
3 1523 1618 1522
3 1619 1618 1523
3 1619 1620 1621
3 1619 1523 1620
3 1523 1524 1620
3 1620 1524 1622
3 1524 1525 1622
3 1622 1525 1623
3 1525 1526 1623
3 1623 1526 1624
3 1526 1527 1624
3 1509 1602 1625
3 1509 1625 1527
3 1527 1625 1624
3 1602 1604 1625
3 1611 1610 1626
3 1610 1612 1627
3 1626 1610 1627
3 1612 1613 1628
3 1627 1612 1628
3 1613 1614 1629
3 1628 1613 1629
3 1614 1615 1630
3 1629 1614 1630
3 1615 1616 1631
3 1630 1615 1631
3 1616 1617 1632
3 1631 1616 1632
3 1617 1618 1633
3 1632 1617 1633
3 1618 1619 1634
3 1633 1618 1634
3 1619 1621 1634
3 1637 1636 1635
3 1530 1635 1636
3 1530 1636 1529
3 1529 1636 1638
3 1638 1639 1529
3 1529 1639 1531
3 1639 1640 1531
3 1531 1640 1532
3 1640 1641 1532
3 1532 1641 1533
3 1641 1642 1533
3 1533 1642 1534
3 1642 1643 1534
3 1534 1643 1535
3 1643 1644 1535
3 1535 1644 1536
3 1644 1645 1536
3 1536 1645 1537
3 1645 1646 1537
3 1537 1646 1538
3 1538 1646 1647
3 1539 1538 1647
3 1650 1649 1648
3 1541 1648 1649
3 1541 1649 1540
3 1540 1649 1651
3 1651 1652 1540
3 1540 1652 1542
3 1635 1652 1637
3 1635 1543 1652
3 1543 1542 1652
3 1635 1530 1543
3 1647 1544 1539
3 1653 1544 1647
3 1653 1654 1544
3 1544 1654 1545
3 1545 1654 1655
3 1546 1545 1655
3 1548 1657 1656
3 1547 1548 1656
3 1648 1656 1650
3 1648 1549 1656
3 1549 1547 1656
3 1648 1541 1549
3 1655 1550 1546
3 1658 1550 1655
3 1659 1551 1550
3 1659 1550 1660
3 1660 1550 1658
3 1660 1661 1659
3 1553 1663 1662
3 1552 1553 1662
3 1662 1664 1552
3 1552 1664 1554
3 1664 1548 1554
3 1657 1548 1664
3 1659 1555 1551
3 1555 1665 1556
3 1659 1665 1555
3 1659 1666 1665
3 1659 1661 1666
3 1666 1667 1665
3 1558 1669 1668
3 1557 1558 1668
3 1668 1553 1557
3 1663 1553 1668
3 1665 1559 1556
3 1559 1665 1667
3 1559 1667 1560
3 1560 1667 1670
3 1669 1558 1671
3 1671 1558 1561
3 1670 1562 1560
3 1672 1562 1670
3 1562 1672 1673
3 1563 1562 1673
3 1565 1675 1674
3 1564 1565 1674
3 1674 1561 1564
3 1671 1561 1674
3 1673 1676 1563
3 1676 1566 1563
3 1675 1565 1677
3 1677 1565 1567
3 1676 1568 1566
3 1678 1568 1676
3 1568 1678 1679
3 1569 1568 1679
3 1677 1567 1680
3 1680 1567 1570
3 1679 1681 1569
3 1681 1571 1569
3 1684 1683 1682
3 1683 1572 1682
3 1683 1680 1572
3 1680 1570 1572
3 1681 1685 1571
3 1685 1573 1571
3 1682 1575 1576
3 1682 1576 1684
3 1684 1576 1686
3 1682 1572 1575
3 1685 1687 1573
3 1687 1577 1573
3 1686 1576 1688
3 1688 1576 1579
3 1687 1689 1577
3 1689 1580 1577
3 1688 1579 1690
3 1690 1579 1582
3 1689 1691 1580
3 1691 1583 1580
3 1584 1692 1693
3 1584 1693 1582
3 1582 1693 1690
3 1584 1585 1692
3 1587 1694 1695
3 1586 1694 1587
3 1694 1586 1583
3 1691 1694 1583
3 1693 1692 1696
3 1692 1697 1696
3 1692 1585 1697
3 1585 1588 1697
3 1695 1698 1587
3 1698 1589 1587
3 1697 1588 1699
3 1699 1588 1591
3 1593 1700 1701
3 1592 1700 1593
3 1700 1592 1589
3 1698 1700 1589
3 1699 1591 1594
3 1702 1699 1594
3 1594 1703 1702
3 1596 1703 1594
3 1598 1704 1705
3 1597 1704 1598
3 1704 1597 1593
3 1701 1704 1593
3 1703 1596 1599
3 1706 1703 1599
3 1599 1707 1706
3 1601 1707 1599
3 1604 1708 1709
3 1603 1708 1604
3 1708 1603 1710
3 1603 1605 1710
3 1710 1605 1598
3 1705 1710 1598
3 1707 1601 1606
3 1711 1707 1606
3 1711 1606 1712
3 1606 1607 1712
3 1712 1607 1713
3 1607 1608 1713
3 1715 1609 1714
3 1715 1713 1609
3 1713 1608 1609
3 1609 1611 1714
3 1620 1716 1621
3 1622 1716 1620
3 1717 1716 1622
3 1717 1718 1719
3 1717 1622 1718
3 1622 1623 1718
3 1718 1623 1720
3 1623 1624 1720
3 1720 1624 1721
3 1624 1625 1721
3 1721 1625 1604
3 1709 1721 1604
3 1715 1714 1722
3 1714 1611 1626
3 1714 1626 1722
3 1722 1626 1723
3 1723 1626 1724
3 1626 1627 1724
3 1724 1627 1725
3 1627 1628 1725
3 1725 1628 1726
3 1628 1629 1726
3 1726 1629 1727
3 1629 1630 1727
3 1727 1630 1728
3 1630 1631 1728
3 1728 1631 1729
3 1631 1632 1729
3 1729 1632 1730
3 1632 1633 1730
3 1730 1633 1731
3 1633 1634 1731
3 1621 1716 1732
3 1621 1732 1634
3 1634 1732 1731
3 1716 1717 1733
3 1732 1716 1733
3 1717 1719 1733
3 1637 1735 1734
3 1636 1637 1734
3 1734 1736 1636
3 1636 1736 1638
3 1736 1737 1638
3 1638 1737 1639
3 1737 1738 1639
3 1639 1738 1640
3 1738 1739 1640
3 1640 1739 1641
3 1739 1740 1641
3 1641 1740 1642
3 1740 1741 1642
3 1642 1741 1643
3 1741 1742 1643
3 1643 1742 1644
3 1742 1743 1644
3 1644 1743 1645
3 1743 1744 1645
3 1645 1744 1646
3 1745 1647 1646
3 1745 1646 1746
3 1746 1646 1744
3 1746 1747 1745
3 1650 1749 1748
3 1649 1650 1748
3 1748 1750 1649
3 1649 1750 1651
3 1750 1751 1651
3 1651 1751 1652
3 1751 1637 1652
3 1735 1637 1751
3 1745 1653 1647
3 1747 1653 1745
3 1747 1752 1653
3 1752 1654 1653
3 1753 1655 1654
3 1753 1654 1754
3 1754 1654 1752
3 1754 1755 1753
3 1758 1757 1756
3 1657 1756 1757
3 1657 1757 1656
3 1656 1757 1759
3 1759 1650 1656
3 1749 1650 1759
3 1753 1658 1655
3 1755 1658 1753
3 1755 1760 1658
3 1760 1660 1658
3 1660 1760 1761
3 1661 1660 1761
3 1663 1763 1762
3 1662 1663 1762
3 1756 1762 1758
3 1756 1664 1762
3 1664 1662 1762
3 1756 1657 1664
3 1761 1666 1661
3 1764 1666 1761
3 1666 1764 1765
3 1667 1666 1765
3 1669 1767 1766
3 1668 1669 1766
3 1766 1663 1668
3 1763 1663 1766
3 1765 1768 1667
3 1768 1670 1667
3 1767 1669 1769
3 1769 1669 1671
3 1768 1672 1670
3 1770 1672 1768
3 1672 1770 1771
3 1673 1672 1771
3 1675 1773 1772
3 1674 1675 1772
3 1772 1671 1674
3 1769 1671 1772
3 1771 1774 1673
3 1774 1676 1673
3 1773 1675 1775
3 1775 1675 1677
3 1774 1678 1676
3 1776 1678 1774
3 1678 1776 1777
3 1679 1678 1777
3 1775 1677 1778
3 1778 1677 1680
3 1777 1779 1679
3 1779 1681 1679
3 1684 1781 1780
3 1683 1684 1780
3 1780 1680 1683
3 1778 1680 1780
3 1779 1782 1681
3 1782 1685 1681
3 1781 1684 1783
3 1783 1684 1686
3 1782 1784 1685
3 1784 1687 1685
3 1783 1686 1785
3 1785 1686 1688
3 1784 1786 1687
3 1786 1689 1687
3 1785 1688 1787
3 1787 1688 1690
3 1786 1788 1689
3 1788 1691 1689
3 1787 1690 1789
3 1789 1690 1693
3 1695 1790 1791
3 1694 1790 1695
3 1790 1694 1691
3 1788 1790 1691
3 1789 1693 1696
3 1792 1789 1696
3 1696 1793 1792
3 1697 1793 1696
3 1791 1794 1695
3 1794 1698 1695
3 1793 1697 1795
3 1795 1697 1699
3 1701 1796 1797
3 1700 1796 1701
3 1796 1700 1698
3 1794 1796 1698
3 1795 1699 1702
3 1798 1795 1702
3 1702 1799 1798
3 1703 1799 1702
3 1705 1800 1801
3 1704 1800 1705
3 1800 1704 1701
3 1797 1800 1701
3 1799 1703 1706
3 1802 1799 1706
3 1706 1803 1802
3 1707 1803 1706
3 1708 1804 1709
3 1804 1805 1806
3 1804 1708 1805
3 1708 1710 1805
3 1805 1710 1705
3 1801 1805 1705
3 1803 1707 1711
3 1807 1803 1711
3 1807 1711 1808
3 1711 1712 1808
3 1810 1713 1809
3 1810 1808 1713
3 1808 1712 1713
3 1713 1715 1809
3 1718 1811 1719
3 1811 1812 1813
3 1811 1718 1812
3 1718 1720 1812
3 1812 1720 1814
3 1720 1721 1814
3 1709 1804 1815
3 1709 1815 1721
3 1721 1815 1814
3 1804 1806 1815
3 1810 1809 1816
3 1809 1715 1722
3 1809 1722 1816
3 1816 1722 1817
3 1817 1722 1818
3 1722 1723 1818
3 1818 1723 1819
3 1723 1724 1819
3 1819 1724 1820
3 1724 1725 1820
3 1820 1725 1821
3 1725 1726 1821
3 1821 1726 1822
3 1726 1727 1822
3 1822 1727 1823
3 1727 1728 1823
3 1823 1728 1824
3 1728 1729 1824
3 1824 1729 1825
3 1729 1730 1825
3 1825 1730 1826
3 1730 1731 1826
3 1826 1731 1827
3 1731 1732 1827
3 1827 1732 1828
3 1732 1733 1828
3 1719 1811 1829
3 1719 1829 1733
3 1733 1829 1828
3 1811 1813 1829
3 1832 1831 1830
3 1735 1830 1831
3 1735 1831 1734
3 1734 1831 1833
3 1833 1834 1734
3 1734 1834 1736
3 1834 1835 1736
3 1736 1835 1737
3 1835 1836 1737
3 1737 1836 1738
3 1836 1837 1738
3 1738 1837 1739
3 1837 1838 1739
3 1739 1838 1740
3 1838 1839 1740
3 1740 1839 1741
3 1839 1840 1741
3 1741 1840 1742
3 1840 1841 1742
3 1742 1841 1743
3 1841 1842 1743
3 1743 1842 1744
3 1842 1843 1744
3 1744 1843 1746
3 1746 1843 1844
3 1747 1746 1844
3 1749 1846 1845
3 1748 1749 1845
3 1845 1847 1748
3 1748 1847 1750
3 1830 1847 1832
3 1830 1751 1847
3 1751 1750 1847
3 1830 1735 1751
3 1844 1752 1747
3 1848 1752 1844
3 1848 1849 1752
3 1752 1849 1754
3 1754 1849 1850
3 1755 1754 1850
3 1758 1852 1851
3 1757 1758 1851
3 1851 1853 1757
3 1757 1853 1759
3 1853 1749 1759
3 1846 1749 1853
3 1850 1760 1755
3 1854 1760 1850
3 1760 1854 1855
3 1761 1760 1855
3 1763 1857 1856
3 1762 1763 1856
3 1856 1758 1762
3 1852 1758 1856
3 1855 1764 1761
3 1858 1764 1855
3 1764 1858 1859
3 1765 1764 1859
3 1767 1861 1860
3 1766 1767 1860
3 1860 1763 1766
3 1857 1763 1860
3 1862 1859 1863
3 1862 1768 1859
3 1768 1765 1859
3 1863 1864 1862
3 1861 1767 1865
3 1865 1767 1769
3 1862 1770 1768
3 1770 1862 1864
3 1770 1864 1771
3 1771 1864 1866
3 1773 1868 1867
3 1772 1773 1867
3 1867 1769 1772
3 1865 1769 1867
3 1866 1869 1771
3 1869 1774 1771
3 1868 1773 1870
3 1870 1773 1775
3 1869 1776 1774
3 1871 1776 1869
3 1776 1871 1872
3 1777 1776 1872
3 1875 1874 1873
3 1874 1778 1873
3 1874 1870 1778
3 1870 1775 1778
3 1872 1876 1777
3 1876 1779 1777
3 1873 1780 1781
3 1873 1781 1875
3 1875 1781 1877
3 1873 1778 1780
3 1876 1878 1779
3 1878 1782 1779
3 1877 1781 1879
3 1879 1781 1783
3 1878 1880 1782
3 1880 1784 1782
3 1879 1783 1881
3 1881 1783 1785
3 1880 1882 1784
3 1882 1786 1784
3 1881 1785 1883
3 1883 1785 1787
3 1882 1884 1786
3 1884 1788 1786
3 1883 1787 1885
3 1885 1787 1789
3 1791 1886 1887
3 1790 1886 1791
3 1886 1790 1788
3 1884 1886 1788
3 1792 1888 1889
3 1792 1889 1789
3 1789 1889 1885
3 1792 1793 1888
3 1887 1890 1791
3 1890 1794 1791
3 1889 1888 1891
3 1888 1892 1891
3 1888 1793 1892
3 1793 1795 1892
3 1797 1893 1894
3 1796 1893 1797
3 1893 1796 1794
3 1890 1893 1794
3 1892 1795 1798
3 1895 1892 1798
3 1798 1896 1895
3 1799 1896 1798
3 1801 1897 1898
3 1800 1897 1801
3 1897 1800 1797
3 1894 1897 1797
3 1896 1799 1802
3 1899 1896 1802
3 1802 1900 1899
3 1803 1900 1802
3 1806 1901 1902
3 1805 1901 1806
3 1901 1805 1801
3 1898 1901 1801
3 1900 1803 1807
3 1903 1900 1807
3 1905 1808 1904
3 1905 1903 1808
3 1903 1807 1808
3 1808 1810 1904
3 1813 1906 1907
3 1812 1906 1813
3 1906 1812 1908
3 1812 1814 1908
3 1908 1814 1909
3 1814 1815 1909
3 1909 1815 1806
3 1902 1909 1806
3 1905 1904 1910
3 1904 1810 1816
3 1904 1816 1910
3 1910 1816 1911
3 1911 1816 1912
3 1816 1817 1912
3 1912 1817 1913
3 1817 1818 1913
3 1913 1818 1914
3 1818 1819 1914
3 1914 1819 1915
3 1819 1820 1915
3 1915 1820 1916
3 1820 1821 1916
3 1916 1821 1917
3 1821 1822 1917
3 1917 1822 1918
3 1822 1823 1918
3 1918 1823 1919
3 1823 1824 1919
3 1919 1824 1920
3 1824 1825 1920
3 1920 1825 1921
3 1825 1826 1921
3 1921 1826 1922
3 1826 1827 1922
3 1922 1827 1923
3 1827 1828 1923
3 1923 1828 1924
3 1828 1829 1924
3 1924 1829 1813
3 1907 1924 1813
3 1832 1926 1925
3 1831 1832 1925
3 1925 1927 1831
3 1831 1927 1833
3 1927 1928 1833
3 1833 1928 1834
3 1928 1929 1834
3 1834 1929 1835
3 1929 1930 1835
3 1835 1930 1836
3 1930 1931 1836
3 1836 1931 1837
3 1931 1932 1837
3 1837 1932 1838
3 1932 1933 1838
3 1838 1933 1839
3 1933 1934 1839
3 1839 1934 1840
3 1934 1935 1840
3 1840 1935 1841
3 1935 1936 1841
3 1841 1936 1842
3 1936 1937 1842
3 1842 1937 1843
3 1843 1937 1938
3 1844 1843 1938
3 1846 1940 1939
3 1845 1846 1939
3 1939 1941 1845
3 1845 1941 1847
3 1941 1832 1847
3 1926 1832 1941
3 1938 1848 1844
3 1942 1848 1938
3 1942 1943 1848
3 1848 1943 1849
3 1849 1943 1944
3 1850 1849 1944
3 1852 1946 1945
3 1851 1852 1945
3 1945 1947 1851
3 1851 1947 1853
3 1947 1846 1853
3 1940 1846 1947
3 1944 1854 1850
3 1948 1854 1944
3 1854 1948 1949
3 1855 1854 1949
3 1857 1951 1950
3 1856 1857 1950
3 1950 1852 1856
3 1946 1852 1950
3 1949 1858 1855
3 1952 1858 1949
3 1858 1952 1953
3 1859 1858 1953
3 1861 1955 1954
3 1860 1861 1954
3 1954 1857 1860
3 1951 1857 1954
3 1953 1863 1859
3 1956 1863 1953
3 1863 1956 1957
3 1864 1863 1957
3 1955 1861 1958
3 1958 1861 1865
3 1957 1959 1864
3 1959 1866 1864
3 1868 1961 1960
3 1867 1868 1960
3 1960 1865 1867
3 1958 1865 1960
3 1959 1962 1866
3 1962 1869 1866
3 1961 1868 1963
3 1963 1868 1870
3 1962 1871 1869
3 1964 1871 1962
3 1871 1964 1965
3 1872 1871 1965
3 1875 1967 1966
3 1874 1875 1966
3 1966 1870 1874
3 1963 1870 1966
3 1965 1968 1872
3 1968 1876 1872
3 1967 1875 1969
3 1969 1875 1877
3 1968 1970 1876
3 1970 1878 1876
3 1969 1877 1971
3 1971 1877 1879
3 1970 1972 1878
3 1972 1880 1878
3 1971 1879 1973
3 1973 1879 1881
3 1972 1974 1880
3 1974 1882 1880
3 1973 1881 1975
3 1975 1881 1883
3 1974 1976 1882
3 1976 1884 1882
3 1975 1883 1977
3 1977 1883 1885
3 1887 1978 1979
3 1886 1978 1887
3 1978 1886 1884
3 1976 1978 1884
3 1977 1885 1980
3 1980 1885 1889
3 1979 1981 1887
3 1981 1890 1887
3 1980 1889 1891
3 1982 1980 1891
3 1891 1983 1982
3 1892 1983 1891
3 1894 1984 1985
3 1893 1984 1894
3 1984 1893 1890
3 1981 1984 1890
3 1983 1892 1895
3 1986 1983 1895
3 1895 1987 1986
3 1896 1987 1895
3 1898 1988 1989
3 1897 1988 1898
3 1988 1897 1894
3 1985 1988 1894
3 1987 1896 1899
3 1990 1987 1899
3 1899 1991 1990
3 1900 1991 1899
3 1902 1992 1993
3 1901 1992 1902
3 1992 1901 1898
3 1989 1992 1898
3 1991 1900 1903
3 1994 1991 1903
3 1903 1995 1994
3 1905 1995 1903
3 1906 1996 1907
3 1996 1997 1998
3 1996 1906 1997
3 1906 1908 1997
3 1997 1908 1999
3 1908 1909 1999
3 1999 1909 1902
3 1993 1999 1902
3 1995 1905 1910
3 2000 1995 1910
3 2000 1910 2001
3 1910 1911 2001
3 2001 1911 2002
3 1911 1912 2002
3 2002 1912 2003
3 1912 1913 2003
3 2003 1913 2004
3 1913 1914 2004
3 2004 1914 2005
3 1914 1915 2005
3 2005 1915 2006
3 1915 1916 2006
3 2006 1916 2007
3 1916 1917 2007
3 2007 1917 2008
3 1917 1918 2008
3 2008 1918 2009
3 1918 1919 2009
3 2009 1919 2010
3 1919 1920 2010
3 2010 1920 2011
3 1920 1921 2011
3 2011 1921 2012
3 1921 1922 2012
3 2012 1922 2013
3 1922 1923 2013
3 2013 1923 2014
3 1923 1924 2014
3 1907 1996 2015
3 1907 2015 1924
3 1924 2015 2014
3 1996 1998 2015
3 2018 2017 2016
3 2017 2020 2019
3 2016 2017 2019
3 2020 2022 2021
3 2019 2020 2021
3 2022 2023 2021
3 2026 2025 2024
3 1926 2024 2025
3 1926 2025 1925
3 1925 2025 2027
3 2027 2028 1925
3 1925 2028 1927
3 2028 2029 1927
3 1927 2029 1928
3 2029 2030 1928
3 1928 2030 1929
3 2016 2030 2018
3 2016 1930 2030
3 1930 1929 2030
3 2019 1930 2016
3 1931 1930 2019
3 2021 1931 2019
3 1932 1931 2021
3 2023 1932 2021
3 2023 2031 1932
3 2031 1933 1932
3 2031 2032 1933
3 1933 2032 1934
3 2032 2033 1934
3 1934 2033 1935
3 2033 2034 1935
3 1935 2034 1936
3 2034 2035 1936
3 1936 2035 1937
3 1937 2035 2036
3 1938 1937 2036
3 2039 2038 2037
3 1940 2037 2038
3 1940 2038 1939
3 1939 2038 2040
3 2024 2040 2026
3 2024 1941 2040
3 1941 1939 2040
3 2024 1926 1941
3 2036 1942 1938
3 2041 1942 2036
3 2041 2042 1942
3 1942 2042 1943
3 1943 2042 2043
3 1944 1943 2043
3 1946 2045 2044
3 1945 1946 2044
3 2037 2044 2039
3 2037 1947 2044
3 1947 1945 2044
3 2037 1940 1947
3 2043 1948 1944
3 2046 1948 2043
3 1948 2046 2047
3 1949 1948 2047
3 1951 2049 2048
3 1950 1951 2048
3 2048 1946 1950
3 2045 1946 2048
3 2047 1952 1949
3 2050 1952 2047
3 1952 2050 2051
3 1953 1952 2051
3 1955 2053 2052
3 1954 1955 2052
3 2052 1951 1954
3 2049 1951 2052
3 2051 1956 1953
3 2054 1956 2051
3 1956 2054 2055
3 1957 1956 2055
3 2053 1955 2056
3 2056 1955 1958
3 2055 2057 1957
3 2057 1959 1957
3 1961 2059 2058
3 1960 1961 2058
3 2058 1958 1960
3 2056 1958 2058
3 2057 2060 1959
3 2060 1962 1959
3 2059 1961 2061
3 2061 1961 1963
3 2060 1964 1962
3 2062 1964 2060
3 1964 2062 2063
3 1965 1964 2063
3 1967 2065 2064
3 1966 1967 2064
3 2064 1963 1966
3 2061 1963 2064
3 2063 2066 1965
3 2066 1968 1965
3 2065 1967 2067
3 2067 1967 1969
3 2066 2068 1968
3 2068 1970 1968
3 2067 1969 2069
3 2069 1969 1971
3 2068 2070 1970
3 2070 1972 1970
3 2069 1971 2071
3 2071 1971 1973
3 2070 2072 1972
3 2072 1974 1972
3 2071 1973 2073
3 2073 1973 1975
3 2072 2074 1974
3 2074 1976 1974
3 2073 1975 2075
3 2075 1975 1977
3 1979 2076 2077
3 1978 2076 1979
3 2076 1978 1976
3 2074 2076 1976
3 2075 1977 2078
3 2078 1977 1980
3 2077 2079 1979
3 2079 1981 1979
3 2078 1980 1982
3 2080 2078 1982
3 1982 2081 2080
3 1983 2081 1982
3 1984 2082 1985
3 2082 1984 1981
3 2082 1981 2083
3 2083 1981 2079
3 2081 1983 1986
3 2084 2081 1986
3 1986 2085 2084
3 1987 2085 1986
3 1988 2086 1989
3 2086 2087 2088
3 1988 2087 2086
3 1988 2082 2087
3 1988 1985 2082
3 2082 2083 2087
3 2085 1987 1990
3 2089 2085 1990
3 1990 2090 2089
3 1991 2090 1990
3 1992 2091 1993
3 2091 2092 2093
3 1992 2092 2091
3 1992 2086 2092
3 1992 1989 2086
3 2086 2088 2092
3 2090 1991 1994
3 2094 2090 1994
3 1994 2095 2094
3 1995 2095 1994
3 1997 2096 1998
3 2096 2097 2098
3 2096 1997 2097
3 1997 1999 2097
3 1993 2091 2099
3 1993 2099 1999
3 1999 2099 2097
3 2091 2093 2099
3 2095 1995 2000
3 2100 2095 2000
3 2100 2000 2101
3 2000 2001 2101
3 2101 2001 2102
3 2001 2002 2102
3 2104 2003 2103
3 2104 2102 2003
3 2102 2002 2003
3 2004 2103 2003
3 2105 2103 2004
3 2005 2105 2004
3 2106 2105 2005
3 2006 2106 2005
3 2107 2106 2006
3 2007 2107 2006
3 2108 2107 2007
3 2008 2108 2007
3 2109 2108 2008
3 2009 2109 2008
3 2110 2109 2009
3 2010 2110 2009
3 2111 2110 2010
3 2011 2111 2010
3 2112 2111 2011
3 2112 2113 2114
3 2112 2011 2113
3 2011 2012 2113
3 2113 2012 2115
3 2012 2013 2115
3 2115 2013 2116
3 2013 2014 2116
3 2116 2014 2117
3 2014 2015 2117
3 1998 2096 2118
3 1998 2118 2015
3 2015 2118 2117
3 2096 2098 2118
3 2104 2103 2119
3 2103 2105 2120
3 2119 2103 2120
3 2105 2106 2121
3 2120 2105 2121
3 2106 2107 2122
3 2121 2106 2122
3 2107 2108 2123
3 2122 2107 2123
3 2108 2109 2124
3 2123 2108 2124
3 2109 2110 2125
3 2124 2109 2125
3 2110 2111 2126
3 2125 2110 2126
3 2111 2112 2127
3 2126 2111 2127
3 2112 2114 2127
3 2130 2129 2128
3 2018 2128 2129
3 2018 2129 2017
3 2017 2129 2131
3 2131 2132 2017
3 2017 2132 2020
3 2132 2133 2020
3 2020 2133 2022
3 2134 2023 2022
3 2134 2022 2135
3 2135 2022 2133
3 2135 2136 2134
3 2026 2138 2137
3 2025 2026 2137
3 2137 2139 2025
3 2025 2139 2027
3 2139 2140 2027
3 2027 2140 2028
3 2140 2141 2028
3 2028 2141 2029
3 2128 2141 2130
3 2128 2030 2141
3 2030 2029 2141
3 2128 2018 2030
3 2134 2031 2023
3 2136 2031 2134
3 2136 2142 2031
3 2142 2032 2031
3 2142 2143 2032
3 2032 2143 2033
3 2143 2144 2033
3 2033 2144 2034
3 2144 2145 2034
3 2034 2145 2035
3 2146 2036 2035
3 2146 2035 2147
3 2147 2035 2145
3 2147 2148 2146
3 2039 2150 2149
3 2038 2039 2149
3 2149 2151 2038
3 2038 2151 2040
3 2151 2026 2040
3 2138 2026 2151
3 2146 2041 2036
3 2148 2041 2146
3 2148 2152 2041
3 2152 2042 2041
3 2042 2152 2153
3 2043 2042 2153
3 2045 2155 2154
3 2044 2045 2154
3 2154 2039 2044
3 2150 2039 2154
3 2153 2046 2043
3 2156 2046 2153
3 2046 2156 2157
3 2047 2046 2157
3 2049 2159 2158
3 2048 2049 2158
3 2158 2045 2048
3 2155 2045 2158
3 2157 2050 2047
3 2160 2050 2157
3 2050 2160 2161
3 2051 2050 2161
3 2053 2163 2162
3 2052 2053 2162
3 2162 2049 2052
3 2159 2049 2162
3 2161 2054 2051
3 2164 2054 2161
3 2054 2164 2165
3 2055 2054 2165
3 2163 2053 2166
3 2166 2053 2056
3 2165 2167 2055
3 2167 2057 2055
3 2059 2169 2168
3 2058 2059 2168
3 2168 2056 2058
3 2166 2056 2168
3 2167 2170 2057
3 2170 2060 2057
3 2169 2059 2171
3 2171 2059 2061
3 2170 2062 2060
3 2172 2062 2170
3 2062 2172 2173
3 2063 2062 2173
3 2065 2175 2174
3 2064 2065 2174
3 2174 2061 2064
3 2171 2061 2174
3 2173 2176 2063
3 2176 2066 2063
3 2175 2065 2177
3 2177 2065 2067
3 2176 2178 2066
3 2178 2068 2066
3 2177 2067 2179
3 2179 2067 2069
3 2178 2180 2068
3 2180 2070 2068
3 2179 2069 2181
3 2181 2069 2071
3 2180 2182 2070
3 2182 2072 2070
3 2181 2071 2183
3 2183 2071 2073
3 2182 2184 2072
3 2184 2074 2072
3 2183 2073 2185
3 2185 2073 2075
3 2077 2186 2187
3 2076 2186 2077
3 2186 2076 2074
3 2184 2186 2074
3 2185 2075 2188
3 2188 2075 2078
3 2187 2189 2077
3 2189 2079 2077
3 2188 2078 2080
3 2190 2188 2080
3 2080 2191 2190
3 2081 2191 2080
3 2189 2192 2079
3 2192 2083 2079
3 2084 2193 2194
3 2084 2194 2081
3 2081 2194 2191
3 2084 2085 2193
3 2088 2195 2196
3 2087 2195 2088
3 2195 2087 2083
3 2192 2195 2083
3 2194 2193 2197
3 2193 2085 2089
3 2193 2089 2197
3 2197 2089 2198
3 2089 2199 2198
3 2090 2199 2089
3 2093 2200 2201
3 2092 2200 2093
3 2200 2092 2088
3 2196 2200 2088
3 2199 2090 2094
3 2202 2199 2094
3 2094 2203 2202
3 2095 2203 2094
3 2098 2204 2205
3 2097 2204 2098
3 2204 2097 2206
3 2097 2099 2206
3 2206 2099 2093
3 2201 2206 2093
3 2203 2095 2100
3 2207 2203 2100
3 2207 2100 2208
3 2100 2101 2208
3 2210 2102 2209
3 2210 2208 2102
3 2208 2101 2102
3 2102 2104 2209
3 2113 2211 2114
3 2115 2211 2113
3 2212 2211 2115
3 2212 2213 2214
3 2212 2115 2213
3 2115 2116 2213
3 2213 2116 2215
3 2116 2117 2215
3 2215 2117 2216
3 2117 2118 2216
3 2216 2118 2098
3 2205 2216 2098
3 2210 2209 2217
3 2209 2104 2119
3 2209 2119 2217
3 2217 2119 2218
3 2218 2119 2219
3 2119 2120 2219
3 2219 2120 2220
3 2120 2121 2220
3 2220 2121 2221
3 2121 2122 2221
3 2221 2122 2222
3 2122 2123 2222
3 2222 2123 2223
3 2123 2124 2223
3 2223 2124 2224
3 2124 2125 2224
3 2224 2125 2225
3 2125 2126 2225
3 2225 2126 2226
3 2126 2127 2226
3 2114 2211 2227
3 2114 2227 2127
3 2127 2227 2226
3 2211 2212 2228
3 2227 2211 2228
3 2212 2214 2228
3 2130 2230 2229
3 2129 2130 2229
3 2229 2231 2129
3 2129 2231 2131
3 2231 2232 2131
3 2131 2232 2132
3 2232 2233 2132
3 2132 2233 2133
3 2233 2234 2133
3 2133 2234 2135
3 2135 2234 2235
3 2136 2135 2235
3 2138 2237 2236
3 2137 2138 2236
3 2236 2238 2137
3 2137 2238 2139
3 2238 2239 2139
3 2139 2239 2140
3 2239 2240 2140
3 2140 2240 2141
3 2240 2130 2141
3 2230 2130 2240
3 2235 2142 2136
3 2241 2142 2235
3 2241 2242 2142
3 2142 2242 2143
3 2242 2243 2143
3 2143 2243 2144
3 2243 2244 2144
3 2144 2244 2145
3 2244 2245 2145
3 2145 2245 2147
3 2147 2245 2246
3 2148 2147 2246
3 2150 2248 2247
3 2149 2150 2247
3 2247 2249 2149
3 2149 2249 2151
3 2249 2138 2151
3 2237 2138 2249
3 2246 2152 2148
3 2250 2152 2246
3 2152 2250 2251
3 2153 2152 2251
3 2254 2253 2252
3 2155 2252 2253
3 2155 2253 2154
3 2154 2253 2255
3 2255 2150 2154
3 2248 2150 2255
3 2251 2156 2153
3 2256 2156 2251
3 2156 2256 2257
3 2157 2156 2257
3 2252 2158 2159
3 2252 2159 2254
3 2254 2159 2258
3 2252 2155 2158
3 2257 2160 2157
3 2259 2160 2257
3 2160 2259 2260
3 2161 2160 2260
3 2163 2262 2261
3 2162 2163 2261
3 2261 2159 2162
3 2258 2159 2261
3 2260 2164 2161
3 2263 2164 2260
3 2164 2263 2264
3 2165 2164 2264
3 2262 2163 2265
3 2265 2163 2166
3 2264 2266 2165
3 2266 2167 2165
3 2169 2268 2267
3 2168 2169 2267
3 2267 2166 2168
3 2265 2166 2267
3 2266 2269 2167
3 2269 2170 2167
3 2268 2169 2270
3 2270 2169 2171
3 2269 2172 2170
3 2271 2172 2269
3 2172 2271 2272
3 2173 2172 2272
3 2175 2274 2273
3 2174 2175 2273
3 2273 2171 2174
3 2270 2171 2273
3 2272 2275 2173
3 2275 2176 2173
3 2274 2175 2276
3 2276 2175 2177
3 2275 2277 2176
3 2277 2178 2176
3 2276 2177 2278
3 2278 2177 2179
3 2277 2279 2178
3 2279 2180 2178
3 2278 2179 2280
3 2280 2179 2181
3 2279 2281 2180
3 2281 2182 2180
3 2280 2181 2282
3 2282 2181 2183
3 2281 2283 2182
3 2283 2184 2182
3 2282 2183 2284
3 2284 2183 2185
3 2186 2285 2187
3 2285 2186 2184
3 2285 2184 2286
3 2286 2184 2283
3 2284 2185 2287
3 2287 2185 2188
3 2288 2187 2285
3 2288 2289 2187
3 2289 2189 2187
3 2285 2286 2288
3 2287 2188 2190
3 2290 2287 2190
3 2190 2291 2290
3 2191 2291 2190
3 2289 2292 2189
3 2292 2192 2189
3 2291 2191 2293
3 2293 2191 2194
3 2196 2294 2295
3 2195 2294 2196
3 2294 2195 2192
3 2292 2294 2192
3 2293 2194 2197
3 2296 2293 2197
3 2296 2197 2297
3 2197 2198 2297
3 2198 2298 2297
3 2199 2298 2198
3 2201 2299 2300
3 2200 2299 2201
3 2299 2200 2196
3 2295 2299 2196
3 2298 2199 2202
3 2301 2298 2202
3 2202 2302 2301
3 2203 2302 2202
3 2204 2303 2205
3 2303 2304 2305
3 2303 2204 2304
3 2204 2206 2304
3 2304 2206 2201
3 2300 2304 2201
3 2302 2203 2207
3 2306 2302 2207
3 2308 2208 2307
3 2308 2306 2208
3 2306 2207 2208
3 2208 2210 2307
3 2213 2309 2214
3 2309 2310 2311
3 2309 2213 2310
3 2213 2215 2310
3 2310 2215 2312
3 2215 2216 2312
3 2205 2303 2313
3 2205 2313 2216
3 2216 2313 2312
3 2303 2305 2313
3 2308 2307 2314
3 2307 2210 2217
3 2307 2217 2314
3 2314 2217 2315
3 2315 2217 2316
3 2217 2218 2316
3 2316 2218 2317
3 2218 2219 2317
3 2317 2219 2318
3 2219 2220 2318
3 2318 2220 2319
3 2220 2221 2319
3 2319 2221 2320
3 2221 2222 2320
3 2320 2222 2321
3 2222 2223 2321
3 2321 2223 2322
3 2223 2224 2322
3 2322 2224 2323
3 2224 2225 2323
3 2323 2225 2324
3 2225 2226 2324
3 2324 2226 2325
3 2226 2227 2325
3 2325 2227 2326
3 2227 2228 2326
3 2214 2309 2327
3 2214 2327 2228
3 2228 2327 2326
3 2309 2311 2327
3 2230 2329 2328
3 2229 2230 2328
3 2328 2330 2229
3 2229 2330 2231
3 2330 2331 2231
3 2231 2331 2232
3 2331 2332 2232
3 2232 2332 2233
3 2332 2333 2233
3 2233 2333 2234
3 2234 2333 2334
3 2235 2234 2334
3 2237 2336 2335
3 2236 2237 2335
3 2335 2337 2236
3 2236 2337 2238
3 2337 2338 2238
3 2238 2338 2239
3 2338 2339 2239
3 2239 2339 2240
3 2339 2230 2240
3 2329 2230 2339
3 2334 2241 2235
3 2340 2241 2334
3 2340 2341 2241
3 2241 2341 2242
3 2341 2342 2242
3 2242 2342 2243
3 2342 2343 2243
3 2243 2343 2244
3 2343 2344 2244
3 2244 2344 2245
3 2245 2344 2345
3 2246 2245 2345
3 2248 2347 2346
3 2247 2248 2346
3 2346 2348 2247
3 2247 2348 2249
3 2348 2237 2249
3 2336 2237 2348
3 2345 2250 2246
3 2349 2250 2345
3 2250 2349 2350
3 2251 2250 2350
3 2254 2352 2351
3 2253 2254 2351
3 2351 2353 2253
3 2253 2353 2255
3 2353 2248 2255
3 2347 2248 2353
3 2350 2256 2251
3 2354 2256 2350
3 2256 2354 2355
3 2257 2256 2355
3 2352 2254 2356
3 2356 2254 2258
3 2355 2259 2257
3 2357 2259 2355
3 2259 2357 2358
3 2260 2259 2358
3 2262 2360 2359
3 2261 2262 2359
3 2359 2258 2261
3 2356 2258 2359
3 2358 2263 2260
3 2361 2263 2358
3 2263 2361 2362
3 2264 2263 2362
3 2360 2262 2363
3 2363 2262 2265
3 2362 2364 2264
3 2364 2266 2264
3 2268 2366 2365
3 2267 2268 2365
3 2365 2265 2267
3 2363 2265 2365
3 2364 2367 2266
3 2367 2269 2266
3 2366 2268 2368
3 2368 2268 2270
3 2367 2271 2269
3 2369 2271 2367
3 2271 2369 2370
3 2272 2271 2370
3 2274 2372 2371
3 2273 2274 2371
3 2371 2270 2273
3 2368 2270 2371
3 2370 2373 2272
3 2373 2275 2272
3 2372 2274 2374
3 2374 2274 2276
3 2373 2375 2275
3 2375 2277 2275
3 2374 2276 2376
3 2376 2276 2278
3 2375 2377 2277
3 2377 2279 2277
3 2376 2278 2378
3 2378 2278 2280
3 2377 2379 2279
3 2379 2281 2279
3 2378 2280 2380
3 2380 2280 2282
3 2379 2381 2281
3 2381 2283 2281
3 2380 2282 2382
3 2382 2282 2284
3 2381 2383 2283
3 2383 2286 2283
3 2382 2284 2384
3 2384 2284 2287
3 2289 2385 2386
3 2288 2385 2289
3 2385 2288 2286
3 2383 2385 2286
3 2290 2387 2388
3 2290 2388 2287
3 2287 2388 2384
3 2290 2291 2387
3 2386 2389 2289
3 2389 2292 2289
3 2388 2387 2390
3 2387 2391 2390
3 2387 2291 2391
3 2291 2293 2391
3 2295 2392 2393
3 2294 2392 2295
3 2392 2294 2292
3 2389 2392 2292
3 2391 2293 2296
3 2394 2391 2296
3 2396 2297 2395
3 2396 2394 2297
3 2394 2296 2297
3 2297 2298 2395
3 2300 2397 2398
3 2299 2397 2300
3 2397 2299 2295
3 2393 2397 2295
3 2396 2395 2399
3 2395 2298 2301
3 2395 2301 2399
3 2399 2301 2400
3 2301 2401 2400
3 2302 2401 2301
3 2305 2402 2403
3 2304 2402 2305
3 2402 2304 2300
3 2398 2402 2300
3 2401 2302 2306
3 2404 2401 2306
3 2306 2405 2404
3 2308 2405 2306
3 2310 2406 2311
3 2406 2407 2408
3 2406 2310 2407
3 2310 2312 2407
3 2407 2312 2409
3 2312 2313 2409
3 2409 2313 2305
3 2403 2409 2305
3 2405 2308 2314
3 2410 2405 2314
3 2410 2314 2411
3 2314 2315 2411
3 2411 2315 2412
3 2315 2316 2412
3 2412 2316 2413
3 2316 2317 2413
3 2413 2317 2414
3 2317 2318 2414
3 2414 2318 2415
3 2318 2319 2415
3 2415 2319 2416
3 2319 2320 2416
3 2416 2320 2417
3 2320 2321 2417
3 2417 2321 2418
3 2321 2322 2418
3 2418 2322 2419
3 2322 2323 2419
3 2419 2323 2420
3 2323 2324 2420
3 2420 2324 2421
3 2324 2325 2421
3 2421 2325 2422
3 2325 2326 2422
3 2422 2326 2423
3 2326 2327 2423
3 2311 2406 2424
3 2311 2424 2327
3 2327 2424 2423
3 2406 2408 2424
3 2329 2426 2425
3 2328 2329 2425
3 2425 2427 2328
3 2328 2427 2330
3 2427 2428 2330
3 2330 2428 2331
3 2428 2429 2331
3 2331 2429 2332
3 2429 2430 2332
3 2332 2430 2333
3 2431 2334 2333
3 2431 2333 2432
3 2432 2333 2430
3 2432 2433 2431
3 2336 2435 2434
3 2335 2336 2434
3 2434 2436 2335
3 2335 2436 2337
3 2436 2437 2337
3 2337 2437 2338
3 2437 2438 2338
3 2338 2438 2339
3 2438 2329 2339
3 2426 2329 2438
3 2431 2340 2334
3 2433 2340 2431
3 2433 2439 2340
3 2439 2341 2340
3 2439 2440 2341
3 2341 2440 2342
3 2440 2441 2342
3 2342 2441 2343
3 2441 2442 2343
3 2343 2442 2344
3 2344 2442 2443
3 2345 2344 2443
3 2347 2445 2444
3 2346 2347 2444
3 2444 2446 2346
3 2346 2446 2348
3 2446 2336 2348
3 2435 2336 2446
3 2443 2349 2345
3 2447 2349 2443
3 2349 2447 2448
3 2350 2349 2448
3 2352 2450 2449
3 2351 2352 2449
3 2449 2451 2351
3 2351 2451 2353
3 2451 2347 2353
3 2445 2347 2451
3 2448 2354 2350
3 2452 2354 2448
3 2354 2452 2453
3 2355 2354 2453
3 2450 2352 2454
3 2454 2352 2356
3 2453 2357 2355
3 2455 2357 2453
3 2357 2455 2456
3 2358 2357 2456
3 2360 2458 2457
3 2359 2360 2457
3 2457 2356 2359
3 2454 2356 2457
3 2456 2361 2358
3 2459 2361 2456
3 2361 2459 2460
3 2362 2361 2460
3 2458 2360 2461
3 2461 2360 2363
3 2460 2462 2362
3 2462 2364 2362
3 2366 2464 2463
3 2365 2366 2463
3 2463 2363 2365
3 2461 2363 2463
3 2462 2465 2364
3 2465 2367 2364
3 2464 2366 2466
3 2466 2366 2368
3 2465 2369 2367
3 2467 2369 2465
3 2369 2467 2468
3 2370 2369 2468
3 2372 2470 2469
3 2371 2372 2469
3 2469 2368 2371
3 2466 2368 2469
3 2468 2471 2370
3 2471 2373 2370
3 2470 2372 2472
3 2472 2372 2374
3 2471 2473 2373
3 2473 2375 2373
3 2472 2374 2474
3 2474 2374 2376
3 2473 2475 2375
3 2475 2377 2375
3 2474 2376 2476
3 2476 2376 2378
3 2475 2477 2377
3 2477 2379 2377
3 2476 2378 2478
3 2478 2378 2380
3 2477 2479 2379
3 2479 2381 2379
3 2478 2380 2480
3 2480 2380 2382
3 2479 2481 2381
3 2481 2383 2381
3 2480 2382 2482
3 2482 2382 2384
3 2386 2483 2484
3 2385 2483 2386
3 2483 2385 2383
3 2481 2483 2383
3 2482 2384 2485
3 2485 2384 2388
3 2484 2486 2386
3 2486 2389 2386
3 2485 2388 2390
3 2487 2485 2390
3 2390 2488 2487
3 2391 2488 2390
3 2393 2489 2490
3 2392 2489 2393
3 2489 2392 2389
3 2486 2489 2389
3 2488 2391 2394
3 2491 2488 2394
3 2394 2492 2491
3 2396 2492 2394
3 2398 2493 2494
3 2397 2493 2398
3 2493 2397 2393
3 2490 2493 2393
3 2492 2396 2399
3 2495 2492 2399
3 2497 2400 2496
3 2497 2495 2400
3 2495 2399 2400
3 2400 2401 2496
3 2403 2498 2499
3 2402 2498 2403
3 2498 2402 2398
3 2494 2498 2398
3 2497 2496 2500
3 2496 2401 2404
3 2496 2404 2500
3 2500 2404 2501
3 2404 2502 2501
3 2405 2502 2404
3 2407 2503 2408
3 2503 2504 2505
3 2503 2407 2504
3 2407 2409 2504
3 2504 2409 2403
3 2499 2504 2403
3 2502 2405 2410
3 2506 2502 2410
3 2506 2410 2507
3 2410 2411 2507
3 2507 2411 2508
3 2411 2412 2508
3 2508 2412 2509
3 2412 2413 2509
3 2509 2413 2510
3 2413 2414 2510
3 2510 2414 2511
3 2414 2415 2511
3 2511 2415 2512
3 2415 2416 2512
3 2512 2416 2513
3 2416 2417 2513
3 2513 2417 2514
3 2417 2418 2514
3 2514 2418 2515
3 2418 2419 2515
3 2515 2419 2516
3 2419 2420 2516
3 2516 2420 2517
3 2420 2421 2517
3 2517 2421 2518
3 2421 2422 2518
3 2518 2422 2519
3 2422 2423 2519
3 2519 2423 2520
3 2423 2424 2520
3 2408 2503 2521
3 2408 2521 2424
3 2424 2521 2520
3 2503 2505 2521
3 2426 2523 2522
3 2425 2426 2522
3 2522 2524 2425
3 2425 2524 2427
3 2524 2525 2427
3 2427 2525 2428
3 2525 2526 2428
3 2428 2526 2429
3 2526 2527 2429
3 2429 2527 2430
3 2527 2528 2430
3 2430 2528 2432
3 2432 2528 2529
3 2433 2432 2529
3 2435 2531 2530
3 2434 2435 2530
3 2530 2532 2434
3 2434 2532 2436
3 2532 2533 2436
3 2436 2533 2437
3 2533 2534 2437
3 2437 2534 2438
3 2534 2426 2438
3 2523 2426 2534
3 2529 2439 2433
3 2535 2439 2529
3 2535 2536 2439
3 2439 2536 2440
3 2536 2537 2440
3 2440 2537 2441
3 2537 2538 2441
3 2441 2538 2442
3 2442 2538 2539
3 2443 2442 2539
3 2445 2541 2540
3 2444 2445 2540
3 2540 2542 2444
3 2444 2542 2446
3 2542 2435 2446
3 2531 2435 2542
3 2539 2447 2443
3 2543 2447 2539
3 2544 2448 2447
3 2544 2447 2545
3 2545 2447 2543
3 2545 2546 2544
3 2450 2548 2547
3 2449 2450 2547
3 2547 2549 2449
3 2449 2549 2451
3 2549 2445 2451
3 2541 2445 2549
3 2544 2452 2448
3 2452 2544 2546
3 2452 2546 2453
3 2453 2546 2550
3 2548 2450 2551
3 2551 2450 2454
3 2550 2455 2453
3 2552 2455 2550
3 2455 2552 2553
3 2456 2455 2553
3 2458 2555 2554
3 2457 2458 2554
3 2554 2454 2457
3 2551 2454 2554
3 2553 2459 2456
3 2556 2459 2553
3 2459 2556 2557
3 2460 2459 2557
3 2555 2458 2558
3 2558 2458 2461
3 2557 2559 2460
3 2559 2462 2460
3 2464 2561 2560
3 2463 2464 2560
3 2560 2461 2463
3 2558 2461 2560
3 2559 2562 2462
3 2562 2465 2462
3 2561 2464 2563
3 2563 2464 2466
3 2562 2467 2465
3 2564 2467 2562
3 2467 2564 2565
3 2468 2467 2565
3 2470 2567 2566
3 2469 2470 2566
3 2566 2466 2469
3 2563 2466 2566
3 2565 2568 2468
3 2568 2471 2468
3 2567 2470 2569
3 2569 2470 2472
3 2568 2570 2471
3 2570 2473 2471
3 2569 2472 2571
3 2571 2472 2474
3 2570 2572 2473
3 2572 2475 2473
3 2571 2474 2573
3 2573 2474 2476
3 2572 2574 2475
3 2574 2477 2475
3 2573 2476 2575
3 2575 2476 2478
3 2574 2576 2477
3 2576 2479 2477
3 2575 2478 2577
3 2577 2478 2480
3 2576 2578 2479
3 2578 2481 2479
3 2577 2480 2579
3 2579 2480 2482
3 2484 2580 2581
3 2483 2580 2484
3 2580 2483 2481
3 2578 2580 2481
3 2579 2482 2582
3 2582 2482 2485
3 2581 2583 2484
3 2583 2486 2484
3 2582 2485 2487
3 2584 2582 2487
3 2487 2585 2584
3 2488 2585 2487
3 2490 2586 2587
3 2489 2586 2490
3 2586 2489 2486
3 2583 2586 2486
3 2585 2488 2491
3 2588 2585 2491
3 2491 2589 2588
3 2492 2589 2491
3 2494 2590 2591
3 2493 2590 2494
3 2590 2493 2490
3 2587 2590 2490
3 2589 2492 2495
3 2592 2589 2495
3 2495 2593 2592
3 2497 2593 2495
3 2499 2594 2595
3 2498 2594 2499
3 2594 2498 2494
3 2591 2594 2494
3 2593 2497 2500
3 2596 2593 2500
3 2598 2501 2597
3 2598 2596 2501
3 2596 2500 2501
3 2501 2502 2597
3 2505 2599 2600
3 2504 2599 2505
3 2599 2504 2499
3 2595 2599 2499
3 2598 2597 2601
3 2597 2502 2506
3 2597 2506 2601
3 2601 2506 2602
3 2604 2507 2603
3 2604 2602 2507
3 2602 2506 2507
3 2508 2603 2507
3 2605 2603 2508
3 2509 2605 2508
3 2606 2605 2509
3 2510 2606 2509
3 2607 2606 2510
3 2511 2607 2510
3 2608 2607 2511
3 2512 2608 2511
3 2609 2608 2512
3 2513 2609 2512
3 2610 2609 2513
3 2514 2610 2513
3 2611 2610 2514
3 2515 2611 2514
3 2612 2611 2515
3 2516 2612 2515
3 2613 2612 2516
3 2613 2614 2615
3 2613 2516 2614
3 2516 2517 2614
3 2614 2517 2616
3 2517 2518 2616
3 2616 2518 2617
3 2518 2519 2617
3 2617 2519 2618
3 2519 2520 2618
3 2618 2520 2619
3 2520 2521 2619
3 2619 2521 2505
3 2600 2619 2505
3 2604 2603 2620
3 2603 2605 2621
3 2620 2603 2621
3 2605 2606 2622
3 2621 2605 2622
3 2606 2607 2623
3 2622 2606 2623
3 2607 2608 2624
3 2623 2607 2624
3 2608 2609 2625
3 2624 2608 2625
3 2609 2610 2626
3 2625 2609 2626
3 2610 2611 2627
3 2626 2610 2627
3 2611 2612 2628
3 2627 2611 2628
3 2612 2613 2629
3 2628 2612 2629
3 2613 2615 2629
3 2523 2631 2630
3 2522 2523 2630
3 2630 2632 2522
3 2522 2632 2524
3 2632 2633 2524
3 2524 2633 2525
3 2633 2634 2525
3 2525 2634 2526
3 2634 2635 2526
3 2526 2635 2527
3 2635 2636 2527
3 2527 2636 2528
3 2637 2529 2528
3 2637 2528 2638
3 2638 2528 2636
3 2638 2639 2637
3 2531 2641 2640
3 2530 2531 2640
3 2640 2642 2530
3 2530 2642 2532
3 2642 2643 2532
3 2532 2643 2533
3 2643 2644 2533
3 2533 2644 2534
3 2644 2523 2534
3 2631 2523 2644
3 2637 2535 2529
3 2639 2535 2637
3 2639 2645 2535
3 2645 2536 2535
3 2645 2646 2536
3 2536 2646 2537
3 2646 2647 2537
3 2537 2647 2538
3 2538 2647 2648
3 2539 2538 2648
3 2541 2650 2649
3 2540 2541 2649
3 2649 2651 2540
3 2540 2651 2542
3 2651 2531 2542
3 2641 2531 2651
3 2648 2543 2539
3 2652 2543 2648
3 2652 2653 2543
3 2543 2653 2545
3 2545 2653 2654
3 2546 2545 2654
3 2548 2656 2655
3 2547 2548 2655
3 2655 2657 2547
3 2547 2657 2549
3 2657 2541 2549
3 2650 2541 2657
3 2658 2654 2659
3 2658 2550 2654
3 2550 2546 2654
3 2659 2660 2658
3 2656 2548 2661
3 2661 2548 2551
3 2658 2552 2550
3 2552 2658 2660
3 2552 2660 2553
3 2553 2660 2662
3 2555 2664 2663
3 2554 2555 2663
3 2663 2551 2554
3 2661 2551 2663
3 2662 2556 2553
3 2665 2556 2662
3 2556 2665 2666
3 2557 2556 2666
3 2664 2555 2667
3 2667 2555 2558
3 2666 2668 2557
3 2668 2559 2557
3 2561 2670 2669
3 2560 2561 2669
3 2669 2558 2560
3 2667 2558 2669
3 2668 2671 2559
3 2671 2562 2559
3 2670 2561 2672
3 2672 2561 2563
3 2671 2564 2562
3 2673 2564 2671
3 2564 2673 2674
3 2565 2564 2674
3 2567 2676 2675
3 2566 2567 2675
3 2675 2563 2566
3 2672 2563 2675
3 2674 2677 2565
3 2677 2568 2565
3 2676 2567 2678
3 2678 2567 2569
3 2677 2679 2568
3 2679 2570 2568
3 2678 2569 2680
3 2680 2569 2571
3 2679 2681 2570
3 2681 2572 2570
3 2680 2571 2682
3 2682 2571 2573
3 2681 2683 2572
3 2683 2574 2572
3 2682 2573 2684
3 2684 2573 2575
3 2683 2685 2574
3 2685 2576 2574
3 2684 2575 2686
3 2686 2575 2577
3 2689 2687 2688
3 2688 2687 2578
3 2688 2578 2685
3 2685 2578 2576
3 2686 2577 2690
3 2690 2577 2579
3 2687 2581 2580
3 2687 2689 2581
3 2689 2691 2581
3 2687 2580 2578
3 2690 2579 2692
3 2692 2579 2582
3 2691 2693 2581
3 2693 2583 2581
3 2692 2582 2584
3 2694 2692 2584
3 2584 2695 2694
3 2585 2695 2584
3 2587 2696 2697
3 2586 2696 2587
3 2696 2586 2583
3 2693 2696 2583
3 2695 2585 2588
3 2698 2695 2588
3 2588 2699 2698
3 2589 2699 2588
3 2591 2700 2701
3 2590 2700 2591
3 2700 2590 2587
3 2697 2700 2587
3 2699 2589 2592
3 2702 2699 2592
3 2592 2703 2702
3 2593 2703 2592
3 2595 2704 2705
3 2594 2704 2595
3 2704 2594 2591
3 2701 2704 2591
3 2703 2593 2596
3 2706 2703 2596
3 2596 2707 2706
3 2598 2707 2596
3 2600 2708 2709
3 2599 2708 2600
3 2708 2599 2595
3 2705 2708 2595
3 2707 2598 2601
3 2710 2707 2601
3 2710 2601 2711
3 2601 2602 2711
3 2602 2712 2711
3 2604 2712 2602
3 2614 2713 2615
3 2616 2713 2614
3 2714 2713 2616
3 2714 2715 2716
3 2714 2616 2715
3 2616 2617 2715
3 2715 2617 2717
3 2617 2618 2717
3 2717 2618 2718
3 2618 2619 2718
3 2718 2619 2600
3 2709 2718 2600
3 2712 2604 2620
3 2719 2712 2620
3 2719 2620 2720
3 2620 2621 2720
3 2720 2621 2721
3 2621 2622 2721
3 2721 2622 2722
3 2622 2623 2722
3 2722 2623 2723
3 2623 2624 2723
3 2723 2624 2724
3 2624 2625 2724
3 2724 2625 2725
3 2625 2626 2725
3 2725 2626 2726
3 2626 2627 2726
3 2726 2627 2727
3 2627 2628 2727
3 2727 2628 2728
3 2628 2629 2728
3 2615 2713 2729
3 2615 2729 2629
3 2629 2729 2728
3 2713 2714 2730
3 2729 2713 2730
3 2714 2716 2730
3 2631 2732 2731
3 2630 2631 2731
3 2731 2733 2630
3 2630 2733 2632
3 2733 2734 2632
3 2632 2734 2633
3 2734 2735 2633
3 2633 2735 2634
3 2735 2736 2634
3 2634 2736 2635
3 2736 2737 2635
3 2635 2737 2636
3 2737 2738 2636
3 2636 2738 2638
3 2638 2738 2739
3 2639 2638 2739
3 2641 2741 2740
3 2640 2641 2740
3 2740 2742 2640
3 2640 2742 2642
3 2742 2743 2642
3 2642 2743 2643
3 2743 2744 2643
3 2643 2744 2644
3 2744 2631 2644
3 2732 2631 2744
3 2739 2645 2639
3 2745 2645 2739
3 2745 2746 2645
3 2645 2746 2646
3 2746 2747 2646
3 2646 2747 2647
3 2647 2747 2748
3 2648 2647 2748
3 2650 2750 2749
3 2649 2650 2749
3 2749 2751 2649
3 2649 2751 2651
3 2751 2641 2651
3 2741 2641 2751
3 2748 2652 2648
3 2752 2652 2748
3 2752 2753 2652
3 2652 2753 2653
3 2653 2753 2754
3 2654 2653 2754
3 2656 2756 2755
3 2655 2656 2755
3 2755 2757 2655
3 2655 2757 2657
3 2757 2650 2657
3 2750 2650 2757
3 2754 2659 2654
3 2758 2659 2754
3 2659 2758 2759
3 2660 2659 2759
3 2756 2656 2760
3 2760 2656 2661
3 2759 2761 2660
3 2761 2662 2660
3 2664 2763 2762
3 2663 2664 2762
3 2762 2661 2663
3 2760 2661 2762
3 2761 2665 2662
3 2764 2665 2761
3 2665 2764 2765
3 2666 2665 2765
3 2763 2664 2766
3 2766 2664 2667
3 2765 2767 2666
3 2767 2668 2666
3 2670 2769 2768
3 2669 2670 2768
3 2768 2667 2669
3 2766 2667 2768
3 2767 2770 2668
3 2770 2671 2668
3 2769 2670 2771
3 2771 2670 2672
3 2770 2673 2671
3 2772 2673 2770
3 2673 2772 2773
3 2674 2673 2773
3 2676 2775 2774
3 2675 2676 2774
3 2774 2672 2675
3 2771 2672 2774
3 2773 2776 2674
3 2776 2677 2674
3 2775 2676 2777
3 2777 2676 2678
3 2776 2778 2677
3 2778 2679 2677
3 2777 2678 2779
3 2779 2678 2680
3 2778 2780 2679
3 2780 2681 2679
3 2779 2680 2781
3 2781 2680 2682
3 2780 2782 2681
3 2782 2683 2681
3 2781 2682 2783
3 2783 2682 2684
3 2782 2784 2683
3 2784 2685 2683
3 2783 2684 2785
3 2785 2684 2686
3 2689 2786 2787
3 2688 2786 2689
3 2786 2688 2685
3 2784 2786 2685
3 2785 2686 2788
3 2788 2686 2690
3 2787 2789 2689
3 2789 2691 2689
3 2788 2690 2790
3 2790 2690 2692
3 2789 2791 2691
3 2791 2693 2691
3 2790 2692 2694
3 2792 2790 2694
3 2694 2793 2792
3 2695 2793 2694
3 2697 2794 2795
3 2696 2794 2697
3 2794 2696 2693
3 2791 2794 2693
3 2793 2695 2698
3 2796 2793 2698
3 2698 2797 2796
3 2699 2797 2698
3 2701 2798 2799
3 2700 2798 2701
3 2798 2700 2697
3 2795 2798 2697
3 2797 2699 2702
3 2800 2797 2702
3 2702 2801 2800
3 2703 2801 2702
3 2704 2802 2705
3 2802 2704 2701
3 2802 2701 2803
3 2803 2701 2799
3 2801 2703 2706
3 2804 2801 2706
3 2706 2805 2804
3 2707 2805 2706
3 2708 2806 2709
3 2806 2807 2808
3 2708 2807 2806
3 2708 2802 2807
3 2708 2705 2802
3 2802 2803 2807
3 2805 2707 2710
3 2809 2805 2710
3 2811 2711 2810
3 2811 2809 2711
3 2809 2710 2711
3 2711 2712 2810
3 2715 2812 2716
3 2717 2812 2715
3 2813 2812 2717
3 2813 2814 2815
3 2813 2717 2814
3 2717 2718 2814
3 2709 2806 2816
3 2709 2816 2718
3 2718 2816 2814
3 2806 2808 2816
3 2811 2810 2817
3 2810 2712 2719
3 2810 2719 2817
3 2817 2719 2818
3 2818 2719 2819
3 2719 2720 2819
3 2819 2720 2820
3 2720 2721 2820
3 2820 2721 2821
3 2721 2722 2821
3 2821 2722 2822
3 2722 2723 2822
3 2822 2723 2823
3 2723 2724 2823
3 2823 2724 2824
3 2724 2725 2824
3 2824 2725 2825
3 2725 2726 2825
3 2825 2726 2826
3 2726 2727 2826
3 2826 2727 2827
3 2727 2728 2827
3 2827 2728 2828
3 2728 2729 2828
3 2828 2729 2829
3 2729 2730 2829
3 2716 2812 2830
3 2716 2830 2730
3 2730 2830 2829
3 2812 2813 2831
3 2830 2812 2831
3 2813 2815 2831
3 2732 2833 2832
3 2731 2732 2832
3 2832 2834 2731
3 2731 2834 2733
3 2834 2835 2733
3 2733 2835 2734
3 2835 2836 2734
3 2734 2836 2735
3 2836 2837 2735
3 2735 2837 2736
3 2837 2838 2736
3 2736 2838 2737
3 2838 2839 2737
3 2737 2839 2738
3 2840 2739 2738
3 2840 2738 2841
3 2841 2738 2839
3 2841 2842 2840
3 2741 2844 2843
3 2740 2741 2843
3 2843 2845 2740
3 2740 2845 2742
3 2845 2846 2742
3 2742 2846 2743
3 2846 2847 2743
3 2743 2847 2744
3 2847 2732 2744
3 2833 2732 2847
3 2840 2745 2739
3 2842 2745 2840
3 2842 2848 2745
3 2848 2746 2745
3 2848 2849 2746
3 2746 2849 2747
3 2850 2748 2747
3 2850 2747 2851
3 2851 2747 2849
3 2851 2852 2850
3 2855 2854 2853
3 2750 2853 2854
3 2750 2854 2749
3 2749 2854 2856
3 2856 2857 2749
3 2749 2857 2751
3 2857 2741 2751
3 2844 2741 2857
3 2850 2752 2748
3 2852 2752 2850
3 2852 2858 2752
3 2858 2753 2752
3 2753 2858 2859
3 2754 2753 2859
3 2756 2861 2860
3 2755 2756 2860
3 2853 2860 2855
3 2853 2757 2860
3 2757 2755 2860
3 2853 2750 2757
3 2859 2758 2754
3 2862 2758 2859
3 2758 2862 2863
3 2759 2758 2863
3 2861 2756 2864
3 2864 2756 2760
3 2863 2865 2759
3 2865 2761 2759
3 2763 2867 2866
3 2762 2763 2866
3 2866 2760 2762
3 2864 2760 2866
3 2865 2764 2761
3 2868 2764 2865
3 2764 2868 2869
3 2765 2764 2869
3 2867 2763 2870
3 2870 2763 2766
3 2869 2871 2765
3 2871 2767 2765
3 2769 2873 2872
3 2768 2769 2872
3 2872 2766 2768
3 2870 2766 2872
3 2871 2874 2767
3 2874 2770 2767
3 2873 2769 2875
3 2875 2769 2771
3 2874 2772 2770
3 2876 2772 2874
3 2772 2876 2877
3 2773 2772 2877
3 2775 2879 2878
3 2774 2775 2878
3 2878 2771 2774
3 2875 2771 2878
3 2877 2880 2773
3 2880 2776 2773
3 2879 2775 2881
3 2881 2775 2777
3 2880 2882 2776
3 2882 2778 2776
3 2881 2777 2883
3 2883 2777 2779
3 2882 2884 2778
3 2884 2780 2778
3 2883 2779 2885
3 2885 2779 2781
3 2884 2886 2780
3 2886 2782 2780
3 2885 2781 2887
3 2887 2781 2783
3 2886 2888 2782
3 2888 2784 2782
3 2887 2783 2889
3 2889 2783 2785
3 2787 2890 2891
3 2786 2890 2787
3 2890 2786 2784
3 2888 2890 2784
3 2889 2785 2892
3 2892 2785 2788
3 2891 2893 2787
3 2893 2789 2787
3 2892 2788 2894
3 2894 2788 2790
3 2893 2895 2789
3 2895 2791 2789
3 2894 2790 2792
3 2896 2894 2792
3 2792 2897 2896
3 2793 2897 2792
3 2795 2898 2899
3 2794 2898 2795
3 2898 2794 2791
3 2895 2898 2791
3 2897 2793 2796
3 2900 2897 2796
3 2796 2901 2900
3 2797 2901 2796
3 2799 2902 2903
3 2798 2902 2799
3 2902 2798 2795
3 2899 2902 2795
3 2901 2797 2800
3 2904 2901 2800
3 2800 2905 2904
3 2801 2905 2800
3 2903 2906 2799
3 2906 2803 2799
3 2905 2801 2804
3 2907 2905 2804
3 2804 2908 2907
3 2805 2908 2804
3 2808 2909 2910
3 2807 2909 2808
3 2909 2807 2803
3 2906 2909 2803
3 2908 2805 2809
3 2911 2908 2809
3 2809 2912 2911
3 2811 2912 2809
3 2814 2913 2815
3 2913 2914 2915
3 2913 2814 2914
3 2814 2816 2914
3 2914 2816 2808
3 2910 2914 2808
3 2912 2811 2817
3 2916 2912 2817
3 2916 2817 2917
3 2817 2818 2917
3 2917 2818 2918
3 2818 2819 2918
3 2918 2819 2919
3 2819 2820 2919
3 2919 2820 2920
3 2820 2821 2920
3 2920 2821 2921
3 2821 2822 2921
3 2921 2822 2922
3 2822 2823 2922
3 2922 2823 2923
3 2823 2824 2923
3 2923 2824 2924
3 2824 2825 2924
3 2924 2825 2925
3 2825 2826 2925
3 2925 2826 2926
3 2826 2827 2926
3 2926 2827 2927
3 2827 2828 2927
3 2927 2828 2928
3 2828 2829 2928
3 2928 2829 2929
3 2829 2830 2929
3 2929 2830 2930
3 2830 2831 2930
3 2815 2913 2931
3 2815 2931 2831
3 2831 2931 2930
3 2913 2915 2931
3 2934 2933 2932
3 2833 2932 2933
3 2833 2933 2832
3 2832 2933 2935
3 2935 2936 2832
3 2832 2936 2834
3 2936 2937 2834
3 2834 2937 2835
3 2937 2938 2835
3 2835 2938 2836
3 2938 2939 2836
3 2836 2939 2837
3 2939 2940 2837
3 2837 2940 2838
3 2940 2941 2838
3 2838 2941 2839
3 2941 2942 2839
3 2839 2942 2841
3 2841 2942 2943
3 2842 2841 2943
3 2844 2945 2944
3 2843 2844 2944
3 2944 2946 2843
3 2843 2946 2845
3 2946 2947 2845
3 2845 2947 2846
3 2932 2947 2934
3 2932 2847 2947
3 2847 2846 2947
3 2932 2833 2847
3 2943 2848 2842
3 2948 2848 2943
3 2948 2949 2848
3 2848 2949 2849
3 2949 2950 2849
3 2849 2950 2851
3 2851 2950 2951
3 2852 2851 2951
3 2855 2953 2952
3 2854 2855 2952
3 2952 2954 2854
3 2854 2954 2856
3 2954 2955 2856
3 2856 2955 2857
3 2955 2844 2857
3 2945 2844 2955
3 2951 2858 2852
3 2956 2858 2951
3 2858 2956 2957
3 2859 2858 2957
3 2861 2959 2958
3 2860 2861 2958
3 2958 2855 2860
3 2953 2855 2958
3 2957 2862 2859
3 2960 2862 2957
3 2862 2960 2961
3 2863 2862 2961
3 2959 2861 2962
3 2962 2861 2864
3 2961 2963 2863
3 2963 2865 2863
3 2867 2965 2964
3 2866 2867 2964
3 2964 2864 2866
3 2962 2864 2964
3 2963 2868 2865
3 2966 2868 2963
3 2868 2966 2967
3 2869 2868 2967
3 2965 2867 2968
3 2968 2867 2870
3 2967 2969 2869
3 2969 2871 2869
3 2873 2971 2970
3 2872 2873 2970
3 2970 2870 2872
3 2968 2870 2970
3 2969 2972 2871
3 2972 2874 2871
3 2971 2873 2973
3 2973 2873 2875
3 2972 2876 2874
3 2974 2876 2972
3 2876 2974 2975
3 2877 2876 2975
3 2879 2977 2976
3 2878 2879 2976
3 2976 2875 2878
3 2973 2875 2976
3 2975 2978 2877
3 2978 2880 2877
3 2977 2879 2979
3 2979 2879 2881
3 2978 2980 2880
3 2980 2882 2880
3 2979 2881 2981
3 2981 2881 2883
3 2980 2982 2882
3 2982 2884 2882
3 2981 2883 2983
3 2983 2883 2885
3 2982 2984 2884
3 2984 2886 2884
3 2983 2885 2985
3 2985 2885 2887
3 2984 2986 2886
3 2986 2888 2886
3 2985 2887 2987
3 2987 2887 2889
3 2891 2988 2989
3 2890 2988 2891
3 2988 2890 2888
3 2986 2988 2888
3 2987 2889 2990
3 2990 2889 2892
3 2989 2991 2891
3 2991 2893 2891
3 2990 2892 2992
3 2992 2892 2894
3 2991 2993 2893
3 2993 2895 2893
3 2992 2894 2896
3 2994 2992 2896
3 2896 2995 2994
3 2897 2995 2896
3 2899 2996 2997
3 2898 2996 2899
3 2996 2898 2895
3 2993 2996 2895
3 2995 2897 2900
3 2998 2995 2900
3 2900 2999 2998
3 2901 2999 2900
3 2903 3000 3001
3 2902 3000 2903
3 3000 2902 2899
3 2997 3000 2899
3 2999 2901 2904
3 3002 2999 2904
3 2904 3003 3002
3 2905 3003 2904
3 3001 3004 2903
3 3004 2906 2903
3 3003 2905 2907
3 3005 3003 2907
3 2907 3006 3005
3 2908 3006 2907
3 2910 3007 3008
3 2909 3007 2910
3 3007 2909 2906
3 3004 3007 2906
3 3006 2908 2911
3 3009 3006 2911
3 2911 3010 3009
3 2912 3010 2911
3 2915 3011 3012
3 2914 3011 2915
3 3011 2914 2910
3 3008 3011 2910
3 3010 2912 2916
3 3013 3010 2916
3 3015 2917 3014
3 3015 3013 2917
3 3013 2916 2917
3 2918 3014 2917
3 3016 3014 2918
3 2919 3016 2918
3 3017 3016 2919
3 2920 3017 2919
3 3018 3017 2920
3 2921 3018 2920
3 3019 3018 2921
3 2922 3019 2921
3 3020 3019 2922
3 2923 3020 2922
3 3021 3020 2923
3 2924 3021 2923
3 3022 3021 2924
3 2925 3022 2924
3 3023 3022 2925
3 2926 3023 2925
3 3024 3023 2926
3 3024 3025 3026
3 3024 2926 3025
3 2926 2927 3025
3 3025 2927 3027
3 2927 2928 3027
3 3027 2928 3028
3 2928 2929 3028
3 3028 2929 3029
3 2929 2930 3029
3 3029 2930 3030
3 2930 2931 3030
3 3030 2931 2915
3 3012 3030 2915
3 3015 3014 3031
3 3014 3016 3032
3 3031 3014 3032
3 3016 3017 3033
3 3032 3016 3033
3 3017 3018 3034
3 3033 3017 3034
3 3018 3019 3035
3 3034 3018 3035
3 3019 3020 3036
3 3035 3019 3036
3 3020 3021 3037
3 3036 3020 3037
3 3021 3022 3038
3 3037 3021 3038
3 3022 3023 3039
3 3038 3022 3039
3 3023 3024 3040
3 3039 3023 3040
3 3024 3026 3040
3 2934 3042 3041
3 2933 2934 3041
3 3041 3043 2933
3 2933 3043 2935
3 3043 3044 2935
3 2935 3044 2936
3 3044 3045 2936
3 2936 3045 2937
3 3045 3046 2937
3 2937 3046 2938
3 3046 3047 2938
3 2938 3047 2939
3 3047 3048 2939
3 2939 3048 2940
3 3048 3049 2940
3 2940 3049 2941
3 3049 3050 2941
3 2941 3050 2942
3 2942 3050 3051
3 2943 2942 3051
3 2945 3053 3052
3 2944 2945 3052
3 3052 3054 2944
3 2944 3054 2946
3 3054 3055 2946
3 2946 3055 2947
3 3055 2934 2947
3 3042 2934 3055
3 3051 2948 2943
3 3056 2948 3051
3 3056 3057 2948
3 2948 3057 2949
3 3057 3058 2949
3 2949 3058 2950
3 2950 3058 3059
3 2951 2950 3059
3 2953 3061 3060
3 2952 2953 3060
3 3060 3062 2952
3 2952 3062 2954
3 3062 3063 2954
3 2954 3063 2955
3 3063 2945 2955
3 3053 2945 3063
3 3059 2956 2951
3 3064 2956 3059
3 2956 3064 3065
3 2957 2956 3065
3 2959 3067 3066
3 2958 2959 3066
3 3066 2953 2958
3 3061 2953 3066
3 3065 2960 2957
3 3068 2960 3065
3 2960 3068 3069
3 2961 2960 3069
3 3067 2959 3070
3 3070 2959 2962
3 3069 3071 2961
3 3071 2963 2961
3 2965 3073 3072
3 2964 2965 3072
3 3072 2962 2964
3 3070 2962 3072
3 3071 2966 2963
3 3074 2966 3071
3 2966 3074 3075
3 2967 2966 3075
3 3073 2965 3076
3 3076 2965 2968
3 3075 3077 2967
3 3077 2969 2967
3 2971 3079 3078
3 2970 2971 3078
3 3078 2968 2970
3 3076 2968 3078
3 3077 3080 2969
3 3080 2972 2969
3 3079 2971 3081
3 3081 2971 2973
3 3080 2974 2972
3 3082 2974 3080
3 2974 3082 3083
3 2975 2974 3083
3 2977 3085 3084
3 2976 2977 3084
3 3084 2973 2976
3 3081 2973 3084
3 3083 3086 2975
3 3086 2978 2975
3 3085 2977 3087
3 3087 2977 2979
3 3086 3088 2978
3 3088 2980 2978
3 3087 2979 3089
3 3089 2979 2981
3 3088 3090 2980
3 3090 2982 2980
3 3089 2981 3091
3 3091 2981 2983
3 3090 3092 2982
3 3092 2984 2982
3 3091 2983 3093
3 3093 2983 2985
3 3092 3094 2984
3 3094 2986 2984
3 3093 2985 3095
3 3095 2985 2987
3 2989 3096 3097
3 2988 3096 2989
3 3096 2988 2986
3 3094 3096 2986
3 3095 2987 3098
3 3098 2987 2990
3 3097 3099 2989
3 3099 2991 2989
3 3098 2990 3100
3 3100 2990 2992
3 3099 3101 2991
3 3101 2993 2991
3 3100 2992 2994
3 3102 3100 2994
3 2994 3103 3102
3 2995 3103 2994
3 2997 3104 3105
3 2996 3104 2997
3 3104 2996 2993
3 3101 3104 2993
3 3103 2995 2998
3 3106 3103 2998
3 2998 3107 3106
3 2999 3107 2998
3 3000 3108 3001
3 3108 3000 2997
3 3108 2997 3109
3 3109 2997 3105
3 3107 2999 3002
3 3110 3107 3002
3 3002 3111 3110
3 3003 3111 3002
3 3112 3001 3108
3 3112 3113 3001
3 3113 3004 3001
3 3108 3109 3112
3 3005 3114 3115
3 3005 3115 3003
3 3003 3115 3111
3 3005 3006 3114
3 3008 3116 3117
3 3007 3116 3008
3 3116 3007 3004
3 3113 3116 3004
3 3115 3114 3118
3 3120 3009 3119
3 3118 3009 3120
3 3118 3006 3009
3 3118 3114 3006
3 3009 3010 3119
3 3012 3121 3122
3 3011 3121 3012
3 3121 3011 3008
3 3117 3121 3008
3 3120 3119 3123
3 3119 3010 3013
3 3119 3013 3123
3 3123 3013 3124
3 3013 3125 3124
3 3015 3125 3013
3 3025 3126 3026
3 3027 3126 3025
3 3127 3126 3027
3 3127 3128 3129
3 3127 3027 3128
3 3027 3028 3128
3 3128 3028 3130
3 3028 3029 3130
3 3130 3029 3131
3 3029 3030 3131
3 3131 3030 3012
3 3122 3131 3012
3 3125 3015 3031
3 3132 3125 3031
3 3132 3031 3133
3 3031 3032 3133
3 3133 3032 3134
3 3032 3033 3134
3 3134 3033 3135
3 3033 3034 3135
3 3135 3034 3136
3 3034 3035 3136
3 3136 3035 3137
3 3035 3036 3137
3 3137 3036 3138
3 3036 3037 3138
3 3138 3037 3139
3 3037 3038 3139
3 3139 3038 3140
3 3038 3039 3140
3 3140 3039 3141
3 3039 3040 3141
3 3026 3126 3142
3 3026 3142 3040
3 3040 3142 3141
3 3126 3127 3143
3 3142 3126 3143
3 3127 3129 3143
3 3042 3145 3144
3 3041 3042 3144
3 3144 3146 3041
3 3041 3146 3043
3 3146 3147 3043
3 3043 3147 3044
3 3147 3148 3044
3 3044 3148 3045
3 3148 3149 3045
3 3045 3149 3046
3 3149 3150 3046
3 3046 3150 3047
3 3150 3151 3047
3 3047 3151 3048
3 3151 3152 3048
3 3048 3152 3049
3 3152 3153 3049
3 3049 3153 3050
3 3050 3153 3154
3 3051 3050 3154
3 3053 3156 3155
3 3052 3053 3155
3 3155 3157 3052
3 3052 3157 3054
3 3157 3158 3054
3 3054 3158 3055
3 3158 3042 3055
3 3145 3042 3158
3 3154 3056 3051
3 3159 3056 3154
3 3159 3160 3056
3 3056 3160 3057
3 3160 3161 3057
3 3057 3161 3058
3 3058 3161 3162
3 3059 3058 3162
3 3060 3061 3163
3 3163 3165 3164
3 3163 3164 3060
3 3060 3164 3062
3 3164 3166 3062
3 3062 3166 3063
3 3166 3053 3063
3 3156 3053 3166
3 3162 3064 3059
3 3167 3064 3162
3 3064 3167 3168
3 3065 3064 3168
3 3067 3170 3169
3 3066 3067 3169
3 3061 3171 3163
3 3061 3066 3171
3 3066 3169 3171
3 3163 3171 3165
3 3168 3068 3065
3 3172 3068 3168
3 3068 3172 3173
3 3069 3068 3173
3 3170 3067 3174
3 3174 3067 3070
3 3173 3175 3069
3 3175 3071 3069
3 3073 3177 3176
3 3072 3073 3176
3 3176 3070 3072
3 3174 3070 3176
3 3175 3074 3071
3 3178 3074 3175
3 3074 3178 3179
3 3075 3074 3179
3 3182 3181 3180
3 3181 3076 3180
3 3181 3177 3076
3 3177 3073 3076
3 3179 3183 3075
3 3183 3077 3075
3 3180 3078 3079
3 3180 3079 3182
3 3182 3079 3184
3 3180 3076 3078
3 3183 3185 3077
3 3185 3080 3077
3 3188 3187 3186
3 3187 3081 3186
3 3187 3184 3081
3 3184 3079 3081
3 3185 3082 3080
3 3189 3082 3185
3 3082 3189 3190
3 3083 3082 3190
3 3186 3084 3085
3 3186 3085 3188
3 3188 3085 3191
3 3186 3081 3084
3 3190 3192 3083
3 3192 3086 3083
3 3191 3085 3193
3 3193 3085 3087
3 3192 3194 3086
3 3194 3088 3086
3 3193 3087 3195
3 3195 3087 3089
3 3194 3196 3088
3 3196 3090 3088
3 3195 3089 3197
3 3197 3089 3091
3 3196 3198 3090
3 3198 3092 3090
3 3197 3091 3199
3 3199 3091 3093
3 3198 3200 3092
3 3200 3094 3092
3 3199 3093 3201
3 3201 3093 3095
3 3096 3202 3097
3 3202 3096 3094
3 3202 3094 3203
3 3203 3094 3200
3 3201 3095 3204
3 3204 3095 3098
3 3205 3097 3202
3 3205 3206 3097
3 3206 3099 3097
3 3202 3203 3205
3 3204 3098 3207
3 3207 3098 3100
3 3206 3208 3099
3 3208 3101 3099
3 3207 3100 3102
3 3209 3207 3102
3 3102 3210 3209
3 3103 3210 3102
3 3105 3211 3212
3 3104 3211 3105
3 3211 3104 3101
3 3208 3211 3101
3 3210 3103 3106
3 3213 3210 3106
3 3106 3214 3213
3 3107 3214 3106
3 3212 3215 3105
3 3215 3109 3105
3 3110 3216 3217
3 3110 3217 3107
3 3107 3217 3214
3 3110 3111 3216
3 3113 3218 3219
3 3112 3218 3113
3 3218 3112 3109
3 3215 3218 3109
3 3217 3216 3220
3 3216 3221 3220
3 3216 3111 3221
3 3111 3115 3221
3 3117 3222 3223
3 3116 3222 3117
3 3222 3116 3113
3 3219 3222 3113
3 3221 3115 3118
3 3224 3221 3118
3 3118 3225 3224
3 3120 3225 3118
3 3122 3226 3227
3 3121 3226 3122
3 3226 3121 3117
3 3223 3226 3117
3 3225 3120 3123
3 3228 3225 3123
3 3230 3124 3229
3 3230 3228 3124
3 3228 3123 3124
3 3124 3125 3229
3 3128 3231 3129
3 3231 3232 3233
3 3231 3128 3232
3 3128 3130 3232
3 3232 3130 3234
3 3130 3131 3234
3 3234 3131 3122
3 3227 3234 3122
3 3230 3229 3235
3 3229 3125 3132
3 3229 3132 3235
3 3235 3132 3236
3 3236 3132 3237
3 3132 3133 3237
3 3237 3133 3238
3 3133 3134 3238
3 3238 3134 3239
3 3134 3135 3239
3 3239 3135 3240
3 3135 3136 3240
3 3240 3136 3241
3 3136 3137 3241
3 3241 3137 3242
3 3137 3138 3242
3 3242 3138 3243
3 3138 3139 3243
3 3243 3139 3244
3 3139 3140 3244
3 3244 3140 3245
3 3140 3141 3245
3 3245 3141 3246
3 3141 3142 3246
3 3246 3142 3247
3 3142 3143 3247
3 3129 3231 3248
3 3129 3248 3143
3 3143 3248 3247
3 3231 3233 3248
3 3145 3250 3249
3 3144 3145 3249
3 3249 3251 3144
3 3144 3251 3146
3 3251 3252 3146
3 3146 3252 3147
3 3252 3253 3147
3 3147 3253 3148
3 3253 3254 3148
3 3148 3254 3149
3 3254 3255 3149
3 3149 3255 3150
3 3255 3256 3150
3 3150 3256 3151
3 3256 3257 3151
3 3151 3257 3152
3 3257 3258 3152
3 3152 3258 3153
3 3259 3154 3153
3 3259 3153 3260
3 3260 3153 3258
3 3260 3261 3259
3 3156 3263 3262
3 3155 3156 3262
3 3262 3264 3155
3 3155 3264 3157
3 3264 3265 3157
3 3157 3265 3158
3 3265 3145 3158
3 3250 3145 3265
3 3259 3159 3154
3 3261 3159 3259
3 3261 3266 3159
3 3266 3160 3159
3 3266 3267 3160
3 3160 3267 3161
3 3161 3267 3268
3 3162 3161 3268
3 3165 3270 3269
3 3164 3165 3269
3 3269 3271 3164
3 3164 3271 3166
3 3271 3156 3166
3 3263 3156 3271
3 3268 3167 3162
3 3272 3167 3268
3 3167 3272 3273
3 3168 3167 3273
3 3170 3275 3274
3 3169 3170 3274
3 3274 3276 3169
3 3169 3276 3171
3 3276 3165 3171
3 3270 3165 3276
3 3172 3278 3277
3 3172 3168 3278
3 3168 3273 3278
3 3172 3277 3173
3 3275 3170 3279
3 3279 3170 3174
3 3278 3280 3277
3 3277 3280 3281
3 3277 3281 3173
3 3173 3281 3175
3 3177 3283 3282
3 3176 3177 3282
3 3282 3174 3176
3 3279 3174 3282
3 3281 3178 3175
3 3284 3178 3281
3 3178 3284 3285
3 3179 3178 3285
3 3182 3287 3286
3 3181 3182 3286
3 3286 3177 3181
3 3283 3177 3286
3 3285 3288 3179
3 3288 3183 3179
3 3287 3182 3289
3 3289 3182 3184
3 3288 3290 3183
3 3290 3185 3183
3 3188 3292 3291
3 3187 3188 3291
3 3291 3184 3187
3 3289 3184 3291
3 3290 3189 3185
3 3293 3189 3290
3 3189 3293 3294
3 3190 3189 3294
3 3292 3188 3295
3 3295 3188 3191
3 3294 3296 3190
3 3296 3192 3190
3 3295 3191 3297
3 3297 3191 3193
3 3296 3298 3192
3 3298 3194 3192
3 3297 3193 3299
3 3299 3193 3195
3 3298 3300 3194
3 3300 3196 3194
3 3299 3195 3301
3 3301 3195 3197
3 3300 3302 3196
3 3302 3198 3196
3 3301 3197 3303
3 3303 3197 3199
3 3302 3304 3198
3 3304 3200 3198
3 3303 3199 3305
3 3305 3199 3201
3 3304 3306 3200
3 3306 3203 3200
3 3305 3201 3307
3 3307 3201 3204
3 3206 3308 3309
3 3205 3308 3206
3 3308 3205 3203
3 3306 3308 3203
3 3307 3204 3310
3 3310 3204 3207
3 3309 3311 3206
3 3311 3208 3206
3 3310 3207 3209
3 3312 3310 3209
3 3209 3313 3312
3 3210 3313 3209
3 3212 3314 3315
3 3211 3314 3212
3 3314 3211 3208
3 3311 3314 3208
3 3213 3316 3317
3 3213 3317 3210
3 3210 3317 3313
3 3213 3214 3316
3 3315 3318 3212
3 3318 3215 3212
3 3317 3316 3319
3 3316 3320 3319
3 3316 3214 3320
3 3214 3217 3320
3 3219 3321 3322
3 3218 3321 3219
3 3321 3218 3215
3 3318 3321 3215
3 3320 3217 3220
3 3323 3320 3220
3 3220 3324 3323
3 3221 3324 3220
3 3223 3325 3326
3 3222 3325 3223
3 3325 3222 3219
3 3322 3325 3219
3 3324 3221 3224
3 3327 3324 3224
3 3224 3328 3327
3 3225 3328 3224
3 3226 3329 3227
3 3329 3226 3223
3 3329 3223 3330
3 3330 3223 3326
3 3328 3225 3228
3 3331 3328 3228
3 3228 3332 3331
3 3230 3332 3228
3 3232 3333 3233
3 3333 3334 3335
3 3333 3232 3334
3 3232 3234 3334
3 3227 3329 3336
3 3227 3336 3234
3 3234 3336 3334
3 3329 3330 3336
3 3332 3230 3235
3 3337 3332 3235
3 3337 3235 3338
3 3235 3236 3338
3 3338 3236 3339
3 3236 3237 3339
3 3339 3237 3340
3 3237 3238 3340
3 3340 3238 3341
3 3238 3239 3341
3 3341 3239 3342
3 3239 3240 3342
3 3342 3240 3343
3 3240 3241 3343
3 3343 3241 3344
3 3241 3242 3344
3 3344 3242 3345
3 3242 3243 3345
3 3345 3243 3346
3 3243 3244 3346
3 3346 3244 3347
3 3244 3245 3347
3 3347 3245 3348
3 3245 3246 3348
3 3348 3246 3349
3 3246 3247 3349
3 3349 3247 3350
3 3247 3248 3350
3 3233 3333 3351
3 3233 3351 3248
3 3248 3351 3350
3 3333 3335 3351
3 3250 3353 3352
3 3249 3250 3352
3 3352 3354 3249
3 3249 3354 3251
3 3354 3355 3251
3 3251 3355 3252
3 3355 3356 3252
3 3252 3356 3253
3 3356 3357 3253
3 3253 3357 3254
3 3357 3358 3254
3 3254 3358 3255
3 3358 3359 3255
3 3255 3359 3256
3 3359 3360 3256
3 3256 3360 3257
3 3360 3361 3257
3 3257 3361 3258
3 3361 3362 3258
3 3258 3362 3260
3 3260 3362 3363
3 3261 3260 3363
3 3366 3365 3364
3 3263 3364 3365
3 3263 3365 3262
3 3262 3365 3367
3 3367 3368 3262
3 3262 3368 3264
3 3368 3369 3264
3 3264 3369 3265
3 3369 3250 3265
3 3353 3250 3369
3 3363 3266 3261
3 3370 3266 3363
3 3370 3371 3266
3 3266 3371 3267
3 3267 3371 3372
3 3268 3267 3372
3 3270 3374 3373
3 3269 3270 3373
3 3364 3373 3366
3 3364 3271 3373
3 3271 3269 3373
3 3364 3263 3271
3 3372 3272 3268
3 3375 3272 3372
3 3272 3375 3376
3 3273 3272 3376
3 3275 3378 3377
3 3274 3275 3377
3 3377 3379 3274
3 3274 3379 3276
3 3379 3270 3276
3 3374 3270 3379
3 3376 3380 3273
3 3380 3278 3273
3 3378 3275 3381
3 3381 3275 3279
3 3380 3280 3278
3 3382 3280 3380
3 3280 3382 3383
3 3281 3280 3383
3 3283 3385 3384
3 3282 3283 3384
3 3384 3279 3282
3 3381 3279 3384
3 3383 3284 3281
3 3386 3284 3383
3 3284 3386 3387
3 3285 3284 3387
3 3287 3389 3388
3 3286 3287 3388
3 3388 3283 3286
3 3385 3283 3388
3 3387 3390 3285
3 3390 3288 3285
3 3389 3287 3391
3 3391 3287 3289
3 3390 3392 3288
3 3392 3290 3288
3 3292 3394 3393
3 3291 3292 3393
3 3393 3289 3291
3 3391 3289 3393
3 3392 3293 3290
3 3395 3293 3392
3 3293 3395 3396
3 3294 3293 3396
3 3394 3292 3397
3 3397 3292 3295
3 3396 3398 3294
3 3398 3296 3294
3 3397 3295 3399
3 3399 3295 3297
3 3398 3400 3296
3 3400 3298 3296
3 3399 3297 3401
3 3401 3297 3299
3 3400 3402 3298
3 3402 3300 3298
3 3401 3299 3403
3 3403 3299 3301
3 3402 3404 3300
3 3404 3302 3300
3 3403 3301 3405
3 3405 3301 3303
3 3404 3406 3302
3 3406 3304 3302
3 3405 3303 3407
3 3407 3303 3305
3 3406 3408 3304
3 3408 3306 3304
3 3407 3305 3409
3 3409 3305 3307
3 3309 3410 3411
3 3308 3410 3309
3 3410 3308 3306
3 3408 3410 3306
3 3409 3307 3412
3 3412 3307 3310
3 3411 3413 3309
3 3413 3311 3309
3 3412 3310 3312
3 3414 3412 3312
3 3312 3415 3414
3 3313 3415 3312
3 3315 3416 3417
3 3314 3416 3315
3 3416 3314 3311
3 3413 3416 3311
3 3415 3313 3418
3 3418 3313 3317
3 3417 3419 3315
3 3419 3318 3315
3 3418 3317 3319
3 3420 3418 3319
3 3319 3421 3420
3 3320 3421 3319
3 3322 3422 3423
3 3321 3422 3322
3 3422 3321 3318
3 3419 3422 3318
3 3421 3320 3323
3 3424 3421 3323
3 3323 3425 3424
3 3324 3425 3323
3 3325 3426 3326
3 3426 3325 3322
3 3426 3322 3427
3 3427 3322 3423
3 3425 3324 3327
3 3428 3425 3327
3 3327 3429 3428
3 3328 3429 3327
3 3430 3326 3426
3 3430 3431 3326
3 3431 3330 3326
3 3426 3427 3430
3 3429 3328 3331
3 3432 3429 3331
3 3331 3433 3432
3 3332 3433 3331
3 3334 3434 3335
3 3434 3435 3436
3 3434 3334 3435
3 3334 3336 3435
3 3435 3336 3330
3 3431 3435 3330
3 3433 3332 3337
3 3437 3433 3337
3 3437 3337 3438
3 3337 3338 3438
3 3438 3338 3439
3 3338 3339 3439
3 3441 3340 3440
3 3441 3439 3340
3 3439 3339 3340
3 3341 3440 3340
3 3442 3440 3341
3 3342 3442 3341
3 3443 3442 3342
3 3343 3443 3342
3 3444 3443 3343
3 3344 3444 3343
3 3445 3444 3344
3 3345 3445 3344
3 3446 3445 3345
3 3346 3446 3345
3 3447 3446 3346
3 3347 3447 3346
3 3448 3447 3347
3 3348 3448 3347
3 3449 3448 3348
3 3449 3450 3451
3 3449 3348 3450
3 3348 3349 3450
3 3450 3349 3452
3 3349 3350 3452
3 3452 3350 3453
3 3350 3351 3453
3 3335 3434 3454
3 3335 3454 3351
3 3351 3454 3453
3 3434 3436 3454
3 3441 3440 3455
3 3440 3442 3456
3 3455 3440 3456
3 3442 3443 3457
3 3456 3442 3457
3 3443 3444 3458
3 3457 3443 3458
3 3444 3445 3459
3 3458 3444 3459
3 3445 3446 3460
3 3459 3445 3460
3 3446 3447 3461
3 3460 3446 3461
3 3447 3448 3462
3 3461 3447 3462
3 3448 3449 3463
3 3462 3448 3463
3 3449 3451 3463
3 3353 3465 3464
3 3352 3353 3464
3 3464 3466 3352
3 3352 3466 3354
3 3466 3467 3354
3 3354 3467 3355
3 3467 3468 3355
3 3355 3468 3356
3 3468 3469 3356
3 3356 3469 3357
3 3469 3470 3357
3 3357 3470 3358
3 3470 3471 3358
3 3358 3471 3359
3 3471 3472 3359
3 3359 3472 3360
3 3472 3473 3360
3 3360 3473 3361
3 3473 3474 3361
3 3361 3474 3362
3 3362 3474 3475
3 3363 3362 3475
3 3366 3477 3476
3 3365 3366 3476
3 3476 3478 3365
3 3365 3478 3367
3 3478 3479 3367
3 3367 3479 3368
3 3479 3480 3368
3 3368 3480 3369
3 3480 3353 3369
3 3465 3353 3480
3 3475 3370 3363
3 3481 3370 3475
3 3481 3482 3370
3 3370 3482 3371
3 3371 3482 3483
3 3372 3371 3483
3 3374 3485 3484
3 3373 3374 3484
3 3484 3366 3373
3 3477 3366 3484
3 3483 3375 3372
3 3486 3375 3483
3 3375 3486 3487
3 3376 3375 3487
3 3378 3489 3488
3 3377 3378 3488
3 3488 3490 3377
3 3377 3490 3379
3 3490 3374 3379
3 3485 3374 3490
3 3487 3491 3376
3 3491 3380 3376
3 3489 3378 3492
3 3492 3378 3381
3 3491 3382 3380
3 3493 3382 3491
3 3382 3493 3494
3 3383 3382 3494
3 3385 3496 3495
3 3384 3385 3495
3 3495 3381 3384
3 3492 3381 3495
3 3386 3498 3497
3 3386 3383 3498
3 3383 3494 3498
3 3386 3497 3387
3 3389 3500 3499
3 3388 3389 3499
3 3499 3385 3388
3 3496 3385 3499
3 3498 3501 3497
3 3497 3501 3502
3 3497 3502 3387
3 3387 3502 3390
3 3500 3389 3503
3 3503 3389 3391
3 3502 3504 3390
3 3504 3392 3390
3 3394 3506 3505
3 3393 3394 3505
3 3505 3391 3393
3 3503 3391 3505
3 3504 3395 3392
3 3507 3395 3504
3 3395 3507 3508
3 3396 3395 3508
3 3506 3394 3509
3 3509 3394 3397
3 3508 3510 3396
3 3510 3398 3396
3 3509 3397 3511
3 3511 3397 3399
3 3510 3512 3398
3 3512 3400 3398
3 3511 3399 3513
3 3513 3399 3401
3 3512 3514 3400
3 3514 3402 3400
3 3513 3401 3515
3 3515 3401 3403
3 3514 3516 3402
3 3516 3404 3402
3 3515 3403 3517
3 3517 3403 3405
3 3516 3518 3404
3 3518 3406 3404
3 3517 3405 3519
3 3519 3405 3407
3 3518 3520 3406
3 3520 3408 3406
3 3519 3407 3521
3 3521 3407 3409
3 3411 3522 3523
3 3410 3522 3411
3 3522 3410 3408
3 3520 3522 3408
3 3521 3409 3524
3 3524 3409 3412
3 3523 3525 3411
3 3525 3413 3411
3 3524 3412 3414
3 3526 3524 3414
3 3414 3527 3526
3 3415 3527 3414
3 3416 3528 3417
3 3528 3416 3413
3 3528 3413 3529
3 3529 3413 3525
3 3527 3415 3530
3 3530 3415 3418
3 3531 3417 3528
3 3531 3532 3417
3 3532 3419 3417
3 3528 3529 3531
3 3530 3418 3420
3 3533 3530 3420
3 3420 3534 3533
3 3421 3534 3420
3 3423 3535 3536
3 3422 3535 3423
3 3535 3422 3419
3 3532 3535 3419
3 3534 3421 3424
3 3537 3534 3424
3 3424 3538 3537
3 3425 3538 3424
3 3536 3539 3423
3 3539 3427 3423
3 3538 3425 3428
3 3540 3538 3428
3 3428 3541 3540
3 3429 3541 3428
3 3431 3542 3543
3 3430 3542 3431
3 3542 3430 3427
3 3539 3542 3427
3 3541 3429 3432
3 3544 3541 3432
3 3432 3545 3544
3 3433 3545 3432
3 3436 3546 3547
3 3435 3546 3436
3 3546 3435 3431
3 3543 3546 3431
3 3545 3433 3437
3 3548 3545 3437
3 3548 3437 3549
3 3437 3438 3549
3 3551 3439 3550
3 3551 3549 3439
3 3549 3438 3439
3 3439 3441 3550
3 3450 3552 3451
3 3452 3552 3450
3 3553 3552 3452
3 3553 3554 3555
3 3553 3452 3554
3 3452 3453 3554
3 3554 3453 3556
3 3453 3454 3556
3 3556 3454 3436
3 3547 3556 3436
3 3551 3550 3557
3 3550 3441 3455
3 3550 3455 3557
3 3557 3455 3558
3 3558 3455 3559
3 3455 3456 3559
3 3559 3456 3560
3 3456 3457 3560
3 3560 3457 3561
3 3457 3458 3561
3 3561 3458 3562
3 3458 3459 3562
3 3562 3459 3563
3 3459 3460 3563
3 3563 3460 3564
3 3460 3461 3564
3 3564 3461 3565
3 3461 3462 3565
3 3565 3462 3566
3 3462 3463 3566
3 3451 3552 3567
3 3451 3567 3463
3 3463 3567 3566
3 3552 3553 3568
3 3567 3552 3568
3 3553 3555 3568
3 3465 3570 3569
3 3464 3465 3569
3 3569 3571 3464
3 3464 3571 3466
3 3571 3572 3466
3 3466 3572 3467
3 3572 3573 3467
3 3467 3573 3468
3 3573 3574 3468
3 3468 3574 3469
3 3574 3575 3469
3 3469 3575 3470
3 3575 3576 3470
3 3470 3576 3471
3 3576 3577 3471
3 3471 3577 3472
3 3577 3578 3472
3 3472 3578 3473
3 3578 3579 3473
3 3473 3579 3474
3 3474 3579 3580
3 3475 3474 3580
3 3477 3582 3581
3 3476 3477 3581
3 3581 3583 3476
3 3476 3583 3478
3 3583 3584 3478
3 3478 3584 3479
3 3584 3585 3479
3 3479 3585 3480
3 3585 3465 3480
3 3570 3465 3585
3 3580 3481 3475
3 3586 3481 3580
3 3586 3587 3481
3 3481 3587 3482
3 3482 3587 3588
3 3483 3482 3588
3 3485 3590 3589
3 3484 3485 3589
3 3589 3477 3484
3 3582 3477 3589
3 3588 3486 3483
3 3591 3486 3588
3 3486 3591 3592
3 3487 3486 3592
3 3489 3594 3593
3 3488 3489 3593
3 3593 3595 3488
3 3488 3595 3490
3 3595 3485 3490
3 3590 3485 3595
3 3592 3596 3487
3 3596 3491 3487
3 3594 3489 3597
3 3597 3489 3492
3 3596 3493 3491
3 3598 3493 3596
3 3493 3598 3599
3 3494 3493 3599
3 3496 3601 3600
3 3495 3496 3600
3 3600 3492 3495
3 3597 3492 3600
3 3599 3602 3494
3 3602 3498 3494
3 3500 3604 3603
3 3499 3500 3603
3 3603 3496 3499
3 3601 3496 3603
3 3602 3501 3498
3 3605 3501 3602
3 3501 3605 3606
3 3502 3501 3606
3 3604 3500 3607
3 3607 3500 3503
3 3606 3608 3502
3 3608 3504 3502
3 3506 3610 3609
3 3505 3506 3609
3 3609 3503 3505
3 3607 3503 3609
3 3608 3507 3504
3 3611 3507 3608
3 3507 3611 3612
3 3508 3507 3612
3 3610 3506 3613
3 3613 3506 3509
3 3612 3614 3508
3 3614 3510 3508
3 3613 3509 3615
3 3615 3509 3511
3 3614 3616 3510
3 3616 3512 3510
3 3615 3511 3617
3 3617 3511 3513
3 3616 3618 3512
3 3618 3514 3512
3 3621 3620 3619
3 3620 3515 3619
3 3620 3617 3515
3 3617 3513 3515
3 3618 3622 3514
3 3622 3516 3514
3 3621 3619 3623
3 3619 3624 3623
3 3619 3515 3624
3 3515 3517 3624
3 3622 3625 3516
3 3625 3518 3516
3 3624 3517 3626
3 3626 3517 3519
3 3625 3627 3518
3 3627 3520 3518
3 3626 3519 3628
3 3628 3519 3521
3 3523 3629 3630
3 3522 3629 3523
3 3629 3522 3520
3 3627 3629 3520
3 3628 3521 3631
3 3631 3521 3524
3 3630 3632 3523
3 3632 3525 3523
3 3631 3524 3526
3 3633 3631 3526
3 3526 3634 3633
3 3527 3634 3526
3 3632 3635 3525
3 3635 3529 3525
3 3634 3527 3636
3 3636 3527 3530
3 3532 3637 3638
3 3531 3637 3532
3 3637 3531 3529
3 3635 3637 3529
3 3636 3530 3533
3 3639 3636 3533
3 3533 3640 3639
3 3534 3640 3533
3 3535 3641 3536
3 3641 3535 3532
3 3641 3532 3642
3 3642 3532 3638
3 3640 3534 3537
3 3643 3640 3537
3 3537 3644 3643
3 3538 3644 3537
3 3645 3536 3641
3 3645 3646 3536
3 3646 3539 3536
3 3641 3642 3645
3 3540 3647 3648
3 3540 3648 3538
3 3538 3648 3644
3 3540 3541 3647
3 3543 3649 3650
3 3542 3649 3543
3 3649 3542 3539
3 3646 3649 3539
3 3648 3647 3651
3 3647 3541 3544
3 3647 3544 3651
3 3651 3544 3652
3 3544 3653 3652
3 3545 3653 3544
3 3547 3654 3655
3 3546 3654 3547
3 3654 3546 3543
3 3650 3654 3543
3 3653 3545 3548
3 3656 3653 3548
3 3658 3549 3657
3 3658 3656 3549
3 3656 3548 3549
3 3549 3551 3657
3 3555 3659 3660
3 3554 3659 3555
3 3659 3554 3661
3 3554 3556 3661
3 3661 3556 3547
3 3655 3661 3547
3 3658 3657 3662
3 3657 3551 3557
3 3657 3557 3662
3 3662 3557 3663
3 3663 3557 3664
3 3557 3558 3664
3 3664 3558 3665
3 3558 3559 3665
3 3665 3559 3666
3 3559 3560 3666
3 3666 3560 3667
3 3560 3561 3667
3 3667 3561 3668
3 3561 3562 3668
3 3668 3562 3669
3 3562 3563 3669
3 3669 3563 3670
3 3563 3564 3670
3 3670 3564 3671
3 3564 3565 3671
3 3671 3565 3672
3 3565 3566 3672
3 3672 3566 3673
3 3566 3567 3673
3 3673 3567 3674
3 3567 3568 3674
3 3674 3568 3555
3 3660 3674 3555
3 3570 3676 3675
3 3569 3570 3675
3 3675 3677 3569
3 3569 3677 3571
3 3677 3678 3571
3 3571 3678 3572
3 3678 3679 3572
3 3572 3679 3573
3 3679 3680 3573
3 3573 3680 3574
3 3680 3681 3574
3 3574 3681 3575
3 3681 3682 3575
3 3575 3682 3576
3 3682 3683 3576
3 3576 3683 3577
3 3683 3684 3577
3 3577 3684 3578
3 3684 3685 3578
3 3578 3685 3579
3 3579 3685 3686
3 3580 3579 3686
3 3582 3688 3687
3 3581 3582 3687
3 3687 3689 3581
3 3581 3689 3583
3 3689 3690 3583
3 3583 3690 3584
3 3690 3691 3584
3 3584 3691 3585
3 3691 3570 3585
3 3676 3570 3691
3 3686 3586 3580
3 3692 3586 3686
3 3692 3693 3586
3 3586 3693 3587
3 3587 3693 3694
3 3588 3587 3694
3 3590 3696 3695
3 3589 3590 3695
3 3695 3582 3589
3 3688 3582 3695
3 3694 3591 3588
3 3697 3591 3694
3 3591 3697 3698
3 3592 3591 3698
3 3594 3700 3699
3 3593 3594 3699
3 3699 3701 3593
3 3593 3701 3595
3 3701 3590 3595
3 3696 3590 3701
3 3698 3702 3592
3 3702 3596 3592
3 3705 3704 3703
3 3704 3597 3703
3 3704 3700 3597
3 3700 3594 3597
3 3702 3598 3596
3 3706 3598 3702
3 3598 3706 3707
3 3599 3598 3707
3 3703 3600 3601
3 3703 3601 3705
3 3705 3601 3708
3 3703 3597 3600
3 3707 3709 3599
3 3709 3602 3599
3 3604 3711 3710
3 3603 3604 3710
3 3710 3601 3603
3 3708 3601 3710
3 3709 3605 3602
3 3712 3605 3709
3 3605 3712 3713
3 3606 3605 3713
3 3711 3604 3714
3 3714 3604 3607
3 3713 3715 3606
3 3715 3608 3606
3 3610 3717 3716
3 3609 3610 3716
3 3716 3607 3609
3 3714 3607 3716
3 3715 3611 3608
3 3718 3611 3715
3 3611 3718 3719
3 3612 3611 3719
3 3717 3610 3720
3 3720 3610 3613
3 3719 3721 3612
3 3721 3614 3612
3 3720 3613 3722
3 3722 3613 3615
3 3721 3723 3614
3 3723 3616 3614
3 3722 3615 3724
3 3724 3615 3617
3 3723 3725 3616
3 3725 3618 3616
3 3621 3727 3726
3 3620 3621 3726
3 3726 3617 3620
3 3724 3617 3726
3 3725 3728 3618
3 3728 3622 3618
3 3727 3621 3623
3 3729 3727 3623
3 3623 3730 3729
3 3624 3730 3623
3 3728 3731 3622
3 3731 3625 3622
3 3730 3624 3732
3 3732 3624 3626
3 3731 3733 3625
3 3733 3627 3625
3 3732 3626 3734
3 3734 3626 3628
3 3629 3735 3630
3 3735 3629 3627
3 3735 3627 3736
3 3736 3627 3733
3 3734 3628 3737
3 3737 3628 3631
3 3738 3630 3735
3 3738 3739 3630
3 3739 3632 3630
3 3735 3736 3738
3 3737 3631 3633
3 3740 3737 3633
3 3633 3741 3740
3 3634 3741 3633
3 3739 3742 3632
3 3742 3635 3632
3 3741 3634 3743
3 3743 3634 3636
3 3638 3744 3745
3 3637 3744 3638
3 3744 3637 3635
3 3742 3744 3635
3 3743 3636 3639
3 3746 3743 3639
3 3639 3747 3746
3 3640 3747 3639
3 3745 3748 3638
3 3748 3642 3638
3 3747 3640 3643
3 3749 3747 3643
3 3643 3750 3749
3 3644 3750 3643
3 3646 3751 3752
3 3645 3751 3646
3 3751 3645 3642
3 3748 3751 3642
3 3750 3644 3753
3 3753 3644 3648
3 3650 3754 3755
3 3649 3754 3650
3 3754 3649 3646
3 3752 3754 3646
3 3753 3648 3651
3 3756 3753 3651
3 3758 3652 3757
3 3758 3756 3652
3 3756 3651 3652
3 3652 3653 3757
3 3655 3759 3760
3 3654 3759 3655
3 3759 3654 3650
3 3755 3759 3650
3 3758 3757 3761
3 3757 3653 3656
3 3757 3656 3761
3 3761 3656 3762
3 3656 3763 3762
3 3658 3763 3656
3 3659 3764 3660
3 3764 3765 3766
3 3764 3659 3765
3 3659 3661 3765
3 3765 3661 3655
3 3760 3765 3655
3 3763 3658 3662
3 3767 3763 3662
3 3767 3662 3768
3 3662 3663 3768
3 3768 3663 3769
3 3663 3664 3769
3 3769 3664 3770
3 3664 3665 3770
3 3770 3665 3771
3 3665 3666 3771
3 3771 3666 3772
3 3666 3667 3772
3 3772 3667 3773
3 3667 3668 3773
3 3773 3668 3774
3 3668 3669 3774
3 3774 3669 3775
3 3669 3670 3775
3 3775 3670 3776
3 3670 3671 3776
3 3776 3671 3777
3 3671 3672 3777
3 3777 3672 3778
3 3672 3673 3778
3 3778 3673 3779
3 3673 3674 3779
3 3660 3764 3780
3 3660 3780 3674
3 3674 3780 3779
3 3764 3766 3780
3 3783 3782 3781
3 3676 3781 3782
3 3676 3782 3675
3 3675 3782 3784
3 3784 3785 3675
3 3675 3785 3677
3 3785 3786 3677
3 3677 3786 3678
3 3786 3787 3678
3 3678 3787 3679
3 3787 3788 3679
3 3679 3788 3680
3 3788 3789 3680
3 3680 3789 3681
3 3789 3790 3681
3 3681 3790 3682
3 3790 3791 3682
3 3682 3791 3683
3 3791 3792 3683
3 3683 3792 3684
3 3792 3793 3684
3 3684 3793 3685
3 3685 3793 3794
3 3686 3685 3794
3 3688 3796 3795
3 3687 3688 3795
3 3795 3797 3687
3 3687 3797 3689
3 3797 3798 3689
3 3689 3798 3690
3 3781 3798 3783
3 3781 3691 3798
3 3691 3690 3798
3 3781 3676 3691
3 3794 3692 3686
3 3799 3692 3794
3 3799 3800 3692
3 3692 3800 3693
3 3693 3800 3801
3 3694 3693 3801
3 3804 3803 3802
3 3696 3802 3803
3 3696 3803 3695
3 3695 3803 3805
3 3805 3688 3695
3 3796 3688 3805
3 3801 3697 3694
3 3806 3697 3801
3 3697 3806 3807
3 3698 3697 3807
3 3700 3809 3808
3 3699 3700 3808
3 3802 3808 3804
3 3802 3701 3808
3 3701 3699 3808
3 3802 3696 3701
3 3807 3810 3698
3 3810 3702 3698
3 3705 3812 3811
3 3704 3705 3811
3 3811 3700 3704
3 3809 3700 3811
3 3810 3706 3702
3 3813 3706 3810
3 3706 3813 3814
3 3707 3706 3814
3 3812 3705 3815
3 3815 3705 3708
3 3816 3814 3817
3 3816 3709 3814
3 3709 3707 3814
3 3817 3818 3816
3 3711 3820 3819
3 3710 3711 3819
3 3819 3708 3710
3 3815 3708 3819
3 3816 3712 3709
3 3712 3816 3818
3 3712 3818 3713
3 3713 3818 3821
3 3820 3711 3822
3 3822 3711 3714
3 3821 3823 3713
3 3823 3715 3713
3 3717 3825 3824
3 3716 3717 3824
3 3824 3714 3716
3 3822 3714 3824
3 3823 3718 3715
3 3826 3718 3823
3 3718 3826 3827
3 3719 3718 3827
3 3825 3717 3828
3 3828 3717 3720
3 3827 3829 3719
3 3829 3721 3719
3 3828 3720 3830
3 3830 3720 3722
3 3829 3831 3721
3 3831 3723 3721
3 3830 3722 3832
3 3832 3722 3724
3 3831 3833 3723
3 3833 3725 3723
3 3727 3835 3834
3 3726 3727 3834
3 3834 3724 3726
3 3832 3724 3834
3 3833 3836 3725
3 3836 3728 3725
3 3835 3727 3729
3 3837 3835 3729
3 3729 3838 3837
3 3730 3838 3729
3 3836 3839 3728
3 3839 3731 3728
3 3838 3730 3840
3 3840 3730 3732
3 3839 3841 3731
3 3841 3733 3731
3 3840 3732 3842
3 3842 3732 3734
3 3841 3843 3733
3 3843 3736 3733
3 3842 3734 3844
3 3844 3734 3737
3 3739 3845 3846
3 3738 3845 3739
3 3845 3738 3736
3 3843 3845 3736
3 3844 3737 3740
3 3847 3844 3740
3 3740 3848 3847
3 3741 3848 3740
3 3846 3849 3739
3 3849 3742 3739
3 3848 3741 3850
3 3850 3741 3743
3 3745 3851 3852
3 3744 3851 3745
3 3851 3744 3742
3 3849 3851 3742
3 3850 3743 3746
3 3853 3850 3746
3 3746 3854 3853
3 3747 3854 3746
3 3852 3855 3745
3 3855 3748 3745
3 3749 3856 3857
3 3749 3857 3747
3 3747 3857 3854
3 3749 3750 3856
3 3752 3858 3859
3 3751 3858 3752
3 3858 3751 3748
3 3855 3858 3748
3 3857 3856 3860
3 3856 3861 3860
3 3856 3750 3861
3 3750 3753 3861
3 3755 3862 3863
3 3754 3862 3755
3 3862 3754 3752
3 3859 3862 3752
3 3861 3753 3756
3 3864 3861 3756
3 3756 3865 3864
3 3758 3865 3756
3 3759 3866 3760
3 3866 3759 3755
3 3866 3755 3867
3 3867 3755 3863
3 3865 3758 3761
3 3868 3865 3761
3 3868 3761 3869
3 3761 3762 3869
3 3762 3870 3869
3 3763 3870 3762
3 3766 3871 3872
3 3765 3871 3766
3 3760 3866 3873
3 3760 3873 3765
3 3765 3873 3871
3 3866 3867 3873
3 3870 3763 3767
3 3874 3870 3767
3 3874 3767 3875
3 3767 3768 3875
3 3875 3768 3876
3 3768 3769 3876
3 3876 3769 3877
3 3769 3770 3877
3 3877 3770 3878
3 3770 3771 3878
3 3878 3771 3879
3 3771 3772 3879
3 3879 3772 3880
3 3772 3773 3880
3 3880 3773 3881
3 3773 3774 3881
3 3881 3774 3882
3 3774 3775 3882
3 3882 3775 3883
3 3775 3776 3883
3 3883 3776 3884
3 3776 3777 3884
3 3884 3777 3885
3 3777 3778 3885
3 3885 3778 3886
3 3778 3779 3886
3 3886 3779 3887
3 3779 3780 3887
3 3887 3780 3766
3 3872 3887 3766
3 3783 3889 3888
3 3782 3783 3888
3 3888 3890 3782
3 3782 3890 3784
3 3890 3891 3784
3 3784 3891 3785
3 3891 3892 3785
3 3785 3892 3786
3 3892 3893 3786
3 3786 3893 3787
3 3893 3894 3787
3 3787 3894 3788
3 3894 3895 3788
3 3788 3895 3789
3 3895 3896 3789
3 3789 3896 3790
3 3896 3897 3790
3 3790 3897 3791
3 3897 3898 3791
3 3791 3898 3792
3 3898 3899 3792
3 3792 3899 3793
3 3793 3899 3900
3 3794 3793 3900
3 3796 3902 3901
3 3795 3796 3901
3 3901 3903 3795
3 3795 3903 3797
3 3903 3904 3797
3 3797 3904 3798
3 3904 3783 3798
3 3889 3783 3904
3 3900 3799 3794
3 3905 3799 3900
3 3905 3906 3799
3 3799 3906 3800
3 3800 3906 3907
3 3801 3800 3907
3 3804 3909 3908
3 3803 3804 3908
3 3908 3910 3803
3 3803 3910 3805
3 3910 3796 3805
3 3902 3796 3910
3 3907 3806 3801
3 3911 3806 3907
3 3806 3911 3912
3 3807 3806 3912
3 3809 3914 3913
3 3808 3809 3913
3 3913 3804 3808
3 3909 3804 3913
3 3912 3915 3807
3 3915 3810 3807
3 3812 3917 3916
3 3811 3812 3916
3 3916 3809 3811
3 3914 3809 3916
3 3915 3813 3810
3 3918 3813 3915
3 3813 3918 3919
3 3814 3813 3919
3 3917 3812 3920
3 3920 3812 3815
3 3919 3817 3814
3 3921 3817 3919
3 3817 3921 3922
3 3818 3817 3922
3 3820 3924 3923
3 3819 3820 3923
3 3923 3815 3819
3 3920 3815 3923
3 3922 3925 3818
3 3925 3821 3818
3 3924 3820 3926
3 3926 3820 3822
3 3925 3927 3821
3 3927 3823 3821
3 3825 3929 3928
3 3824 3825 3928
3 3928 3822 3824
3 3926 3822 3928
3 3927 3826 3823
3 3930 3826 3927
3 3826 3930 3931
3 3827 3826 3931
3 3929 3825 3932
3 3932 3825 3828
3 3931 3933 3827
3 3933 3829 3827
3 3932 3828 3934
3 3934 3828 3830
3 3933 3935 3829
3 3935 3831 3829
3 3934 3830 3936
3 3936 3830 3832
3 3935 3937 3831
3 3937 3833 3831
3 3835 3939 3938
3 3834 3835 3938
3 3938 3832 3834
3 3936 3832 3938
3 3937 3940 3833
3 3940 3836 3833
3 3939 3835 3837
3 3941 3939 3837
3 3837 3942 3941
3 3838 3942 3837
3 3940 3943 3836
3 3943 3839 3836
3 3942 3838 3944
3 3944 3838 3840
3 3943 3945 3839
3 3945 3841 3839
3 3944 3840 3946
3 3946 3840 3842
3 3945 3947 3841
3 3947 3843 3841
3 3946 3842 3948
3 3948 3842 3844
3 3846 3949 3950
3 3845 3949 3846
3 3949 3845 3843
3 3947 3949 3843
3 3948 3844 3847
3 3951 3948 3847
3 3847 3952 3951
3 3848 3952 3847
3 3950 3953 3846
3 3953 3849 3846
3 3952 3848 3954
3 3954 3848 3850
3 3852 3955 3956
3 3851 3955 3852
3 3955 3851 3849
3 3953 3955 3849
3 3954 3850 3853
3 3957 3954 3853
3 3853 3958 3957
3 3854 3958 3853
3 3956 3959 3852
3 3959 3855 3852
3 3958 3854 3960
3 3960 3854 3857
3 3859 3961 3962
3 3858 3961 3859
3 3961 3858 3855
3 3959 3961 3855
3 3960 3857 3860
3 3963 3960 3860
3 3860 3964 3963
3 3861 3964 3860
3 3863 3965 3966
3 3862 3965 3863
3 3965 3862 3859
3 3962 3965 3859
3 3964 3861 3864
3 3967 3964 3864
3 3864 3968 3967
3 3865 3968 3864
3 3966 3969 3863
3 3969 3867 3863
3 3968 3865 3868
3 3970 3968 3868
3 3972 3869 3971
3 3972 3970 3869
3 3970 3868 3869
3 3869 3870 3971
3 3872 3973 3974
3 3871 3973 3872
3 3973 3871 3975
3 3871 3873 3975
3 3975 3873 3867
3 3969 3975 3867
3 3972 3971 3976
3 3971 3870 3874
3 3971 3874 3976
3 3976 3874 3977
3 3977 3874 3978
3 3874 3875 3978
3 3978 3875 3979
3 3875 3876 3979
3 3979 3876 3980
3 3876 3877 3980
3 3980 3877 3981
3 3877 3878 3981
3 3981 3878 3982
3 3878 3879 3982
3 3982 3879 3983
3 3879 3880 3983
3 3983 3880 3984
3 3880 3881 3984
3 3984 3881 3985
3 3881 3882 3985
3 3985 3882 3986
3 3882 3883 3986
3 3986 3883 3987
3 3883 3884 3987
3 3987 3884 3988
3 3884 3885 3988
3 3988 3885 3989
3 3885 3886 3989
3 3989 3886 3990
3 3886 3887 3990
3 3990 3887 3872
3 3974 3990 3872
3 3889 3992 3991
3 3888 3889 3991
3 3991 3993 3888
3 3888 3993 3890
3 3993 3994 3890
3 3890 3994 3891
3 3994 3995 3891
3 3891 3995 3892
3 3995 3996 3892
3 3892 3996 3893
3 3996 3997 3893
3 3893 3997 3894
3 3997 3998 3894
3 3894 3998 3895
3 3998 3999 3895
3 3895 3999 3896
3 3999 4000 3896
3 3896 4000 3897
3 4000 4001 3897
3 3897 4001 3898
3 4001 4002 3898
3 3898 4002 3899
3 3899 4002 4003
3 3900 3899 4003
3 3902 4005 4004
3 3901 3902 4004
3 4004 4006 3901
3 3901 4006 3903
3 4006 4007 3903
3 3903 4007 3904
3 4007 3889 3904
3 3992 3889 4007
3 4003 3905 3900
3 4008 3905 4003
3 4008 4009 3905
3 3905 4009 3906
3 3906 4009 4010
3 3907 3906 4010
3 3909 4012 4011
3 3908 3909 4011
3 4011 4013 3908
3 3908 4013 3910
3 4013 3902 3910
3 4005 3902 4013
3 4010 3911 3907
3 4014 3911 4010
3 3911 4014 4015
3 3912 3911 4015
3 3914 4017 4016
3 3913 3914 4016
3 4016 3909 3913
3 4012 3909 4016
3 4015 4018 3912
3 4018 3915 3912
3 3917 4020 4019
3 3916 3917 4019
3 4019 3914 3916
3 4017 3914 4019
3 4018 3918 3915
3 4021 3918 4018
3 3918 4021 4022
3 3919 3918 4022
3 4020 3917 4023
3 4023 3917 3920
3 4022 3921 3919
3 4024 3921 4022
3 3921 4024 4025
3 3922 3921 4025
3 3924 4027 4026
3 3923 3924 4026
3 4026 3920 3923
3 4023 3920 4026
3 4025 4028 3922
3 4028 3925 3922
3 4027 3924 4029
3 4029 3924 3926
3 4030 4028 4031
3 4030 3927 4028
3 3927 3925 4028
3 4031 4032 4030
3 3929 4034 4033
3 3928 3929 4033
3 4033 3926 3928
3 4029 3926 4033
3 4030 3930 3927
3 3930 4030 4032
3 3930 4032 3931
3 3931 4032 4035
3 4034 3929 4036
3 4036 3929 3932
3 4035 4037 3931
3 4037 3933 3931
3 4036 3932 4038
3 4038 3932 3934
3 4037 4039 3933
3 4039 3935 3933
3 4038 3934 4040
3 4040 3934 3936
3 4039 4041 3935
3 4041 3937 3935
3 3939 4043 4042
3 3938 3939 4042
3 4042 3936 3938
3 4040 3936 4042
3 4041 4044 3937
3 4044 3940 3937
3 4043 3939 3941
3 4045 4043 3941
3 3941 4046 4045
3 3942 4046 3941
3 4044 4047 3940
3 4047 3943 3940
3 4046 3942 4048
3 4048 3942 3944
3 4047 4049 3943
3 4049 3945 3943
3 4048 3944 4050
3 4050 3944 3946
3 4049 4051 3945
3 4051 3947 3945
3 4050 3946 4052
3 4052 3946 3948
3 3950 4053 4054
3 3949 4053 3950
3 4053 3949 3947
3 4051 4053 3947
3 4052 3948 3951
3 4055 4052 3951
3 3951 4056 4055
3 3952 4056 3951
3 4054 4057 3950
3 4057 3953 3950
3 4056 3952 4058
3 4058 3952 3954
3 3956 4059 4060
3 3955 4059 3956
3 4059 3955 3953
3 4057 4059 3953
3 4058 3954 3957
3 4061 4058 3957
3 3957 4062 4061
3 3958 4062 3957
3 4060 4063 3956
3 4063 3959 3956
3 4062 3958 4064
3 4064 3958 3960
3 3962 4065 4066
3 3961 4065 3962
3 4065 3961 3959
3 4063 4065 3959
3 4064 3960 3963
3 4067 4064 3963
3 3963 4068 4067
3 3964 4068 3963
3 3966 4069 4070
3 3965 4069 3966
3 4069 3965 3962
3 4066 4069 3962
3 4068 3964 3967
3 4071 4068 3967
3 3967 4072 4071
3 3968 4072 3967
3 4070 4073 3966
3 4073 3969 3966
3 4072 3968 3970
3 4074 4072 3970
3 3970 4075 4074
3 3972 4075 3970
3 3973 4076 3974
3 4076 4077 4078
3 4076 3973 4077
3 3973 3975 4077
3 4077 3975 3969
3 4073 4077 3969
3 4075 3972 3976
3 4079 4075 3976
3 4079 3976 4080
3 3976 3977 4080
3 4080 3977 4081
3 3977 3978 4081
3 4081 3978 4082
3 3978 3979 4082
3 4084 3980 4083
3 4084 4082 3980
3 4082 3979 3980
3 3981 4083 3980
3 4085 4083 3981
3 3982 4085 3981
3 4086 4085 3982
3 3983 4086 3982
3 4087 4086 3983
3 3984 4087 3983
3 4088 4087 3984
3 3985 4088 3984
3 4089 4088 3985
3 4089 4090 4091
3 4089 3985 4090
3 3985 3986 4090
3 4090 3986 4092
3 3986 3987 4092
3 4092 3987 4093
3 3987 3988 4093
3 4093 3988 4094
3 3988 3989 4094
3 4094 3989 4095
3 3989 3990 4095
3 3974 4076 4096
3 3974 4096 3990
3 3990 4096 4095
3 4076 4078 4096
3 4084 4083 4097
3 4083 4085 4098
3 4097 4083 4098
3 4085 4086 4099
3 4098 4085 4099
3 4086 4087 4100
3 4099 4086 4100
3 4087 4088 4101
3 4100 4087 4101
3 4088 4089 4102
3 4101 4088 4102
3 4089 4091 4102
3 3992 4104 4103
3 3991 3992 4103
3 4103 4105 3991
3 3991 4105 3993
3 4105 4106 3993
3 3993 4106 3994
3 4106 4107 3994
3 3994 4107 3995
3 4107 4108 3995
3 3995 4108 3996
3 4108 4109 3996
3 3996 4109 3997
3 4109 4110 3997
3 3997 4110 3998
3 4110 4111 3998
3 3998 4111 3999
3 4111 4112 3999
3 3999 4112 4000
3 4112 4113 4000
3 4000 4113 4001
3 4113 4114 4001
3 4001 4114 4002
3 4002 4114 4115
3 4003 4002 4115
3 4005 4117 4116
3 4004 4005 4116
3 4116 4118 4004
3 4004 4118 4006
3 4118 4119 4006
3 4006 4119 4007
3 4119 3992 4007
3 4104 3992 4119
3 4115 4008 4003
3 4120 4008 4115
3 4120 4121 4008
3 4008 4121 4009
3 4009 4121 4122
3 4010 4009 4122
3 4012 4124 4123
3 4011 4012 4123
3 4123 4125 4011
3 4011 4125 4013
3 4125 4005 4013
3 4117 4005 4125
3 4122 4014 4010
3 4126 4014 4122
3 4014 4126 4127
3 4015 4014 4127
3 4017 4129 4128
3 4016 4017 4128
3 4128 4012 4016
3 4124 4012 4128
3 4130 4127 4131
3 4130 4018 4127
3 4018 4015 4127
3 4131 4132 4130
3 4020 4134 4133
3 4019 4020 4133
3 4133 4017 4019
3 4129 4017 4133
3 4130 4021 4018
3 4021 4130 4132
3 4021 4132 4022
3 4022 4132 4135
3 4134 4020 4136
3 4136 4020 4023
3 4135 4024 4022
3 4137 4024 4135
3 4024 4137 4138
3 4025 4024 4138
3 4027 4140 4139
3 4026 4027 4139
3 4139 4023 4026
3 4136 4023 4139
3 4138 4141 4025
3 4141 4028 4025
3 4140 4027 4142
3 4142 4027 4029
3 4141 4031 4028
3 4143 4031 4141
3 4031 4143 4144
3 4032 4031 4144
3 4034 4146 4145
3 4033 4034 4145
3 4145 4029 4033
3 4142 4029 4145
3 4144 4147 4032
3 4147 4035 4032
3 4146 4034 4148
3 4148 4034 4036
3 4147 4149 4035
3 4149 4037 4035
3 4148 4036 4150
3 4150 4036 4038
3 4149 4151 4037
3 4151 4039 4037
3 4150 4038 4152
3 4152 4038 4040
3 4151 4153 4039
3 4153 4041 4039
3 4042 4043 4154
3 4154 4040 4042
3 4154 4155 4040
3 4155 4152 4040
3 4153 4156 4041
3 4156 4044 4041
3 4154 4043 4045
3 4045 4155 4154
3 4045 4046 4155
3 4046 4157 4155
3 4156 4158 4044
3 4158 4047 4044
3 4157 4046 4159
3 4159 4046 4048
3 4158 4160 4047
3 4160 4049 4047
3 4159 4048 4161
3 4161 4048 4050
3 4160 4162 4049
3 4162 4051 4049
3 4161 4050 4163
3 4163 4050 4052
3 4054 4164 4165
3 4053 4164 4054
3 4164 4053 4051
3 4162 4164 4051
3 4163 4052 4055
3 4166 4163 4055
3 4055 4167 4166
3 4056 4167 4055
3 4165 4168 4054
3 4168 4057 4054
3 4167 4056 4169
3 4169 4056 4058
3 4060 4170 4171
3 4059 4170 4060
3 4170 4059 4057
3 4168 4170 4057
3 4169 4058 4061
3 4172 4169 4061
3 4061 4173 4172
3 4062 4173 4061
3 4171 4174 4060
3 4174 4063 4060
3 4173 4062 4175
3 4175 4062 4064
3 4066 4176 4177
3 4065 4176 4066
3 4176 4065 4063
3 4174 4176 4063
3 4175 4064 4067
3 4178 4175 4067
3 4067 4179 4178
3 4068 4179 4067
3 4070 4180 4181
3 4069 4180 4070
3 4180 4069 4066
3 4177 4180 4066
3 4179 4068 4071
3 4182 4179 4071
3 4071 4183 4182
3 4072 4183 4071
3 4181 4184 4070
3 4184 4073 4070
3 4183 4072 4074
3 4185 4183 4074
3 4074 4186 4185
3 4075 4186 4074
3 4078 4187 4188
3 4077 4187 4078
3 4187 4077 4073
3 4184 4187 4073
3 4186 4075 4079
3 4189 4186 4079
3 4189 4079 4190
3 4079 4080 4190
3 4190 4080 4191
3 4080 4081 4191
3 4193 4082 4192
3 4193 4191 4082
3 4191 4081 4082
3 4082 4084 4192
3 4090 4194 4091
3 4092 4194 4090
3 4195 4194 4092
3 4195 4196 4197
3 4195 4092 4196
3 4092 4093 4196
3 4196 4093 4198
3 4093 4094 4198
3 4198 4094 4199
3 4094 4095 4199
3 4199 4095 4200
3 4095 4096 4200
3 4200 4096 4078
3 4188 4200 4078
3 4193 4192 4201
3 4192 4084 4097
3 4192 4097 4201
3 4201 4097 4202
3 4202 4097 4203
3 4097 4098 4203
3 4203 4098 4204
3 4098 4099 4204
3 4204 4099 4205
3 4099 4100 4205
3 4205 4100 4206
3 4100 4101 4206
3 4206 4101 4207
3 4101 4102 4207
3 4091 4194 4208
3 4091 4208 4102
3 4102 4208 4207
3 4194 4195 4209
3 4208 4194 4209
3 4195 4197 4209
3 4104 4211 4210
3 4103 4104 4210
3 4210 4212 4103
3 4103 4212 4105
3 4212 4213 4105
3 4105 4213 4106
3 4213 4214 4106
3 4106 4214 4107
3 4214 4215 4107
3 4107 4215 4108
3 4215 4216 4108
3 4108 4216 4109
3 4216 4217 4109
3 4109 4217 4110
3 4217 4218 4110
3 4110 4218 4111
3 4218 4219 4111
3 4111 4219 4112
3 4219 4220 4112
3 4112 4220 4113
3 4222 4221 4114
3 4222 4114 4220
3 4220 4114 4113
3 4114 4221 4115
3 4117 4224 4223
3 4116 4117 4223
3 4223 4225 4116
3 4116 4225 4118
3 4225 4226 4118
3 4118 4226 4119
3 4226 4104 4119
3 4211 4104 4226
3 4222 4227 4221
3 4221 4120 4115
3 4221 4227 4120
3 4227 4228 4120
3 4228 4229 4120
3 4120 4229 4121
3 4121 4229 4230
3 4122 4121 4230
3 4124 4232 4231
3 4123 4124 4231
3 4231 4233 4123
3 4123 4233 4125
3 4233 4117 4125
3 4224 4117 4233
3 4230 4126 4122
3 4234 4126 4230
3 4126 4234 4235
3 4127 4126 4235
3 4129 4237 4236
3 4128 4129 4236
3 4236 4124 4128
3 4232 4124 4236
3 4235 4131 4127
3 4238 4131 4235
3 4131 4238 4239
3 4132 4131 4239
3 4134 4241 4240
3 4133 4134 4240
3 4240 4129 4133
3 4237 4129 4240
3 4239 4242 4132
3 4242 4135 4132
3 4241 4134 4243
3 4243 4134 4136
3 4242 4137 4135
3 4244 4137 4242
3 4137 4244 4245
3 4138 4137 4245
3 4140 4247 4246
3 4139 4140 4246
3 4246 4136 4139
3 4243 4136 4246
3 4245 4248 4138
3 4248 4141 4138
3 4247 4140 4249
3 4249 4140 4142
3 4248 4143 4141
3 4250 4143 4248
3 4143 4250 4251
3 4144 4143 4251
3 4146 4253 4252
3 4145 4146 4252
3 4252 4142 4145
3 4249 4142 4252
3 4251 4254 4144
3 4254 4147 4144
3 4253 4146 4255
3 4255 4146 4148
3 4254 4256 4147
3 4256 4149 4147
3 4255 4148 4257
3 4257 4148 4150
3 4256 4258 4149
3 4258 4151 4149
3 4257 4150 4259
3 4259 4150 4152
3 4258 4260 4151
3 4260 4153 4151
3 4259 4152 4261
3 4261 4152 4155
3 4260 4262 4153
3 4262 4156 4153
3 4261 4155 4263
3 4263 4155 4157
3 4262 4264 4156
3 4264 4158 4156
3 4263 4157 4265
3 4265 4157 4159
3 4264 4266 4158
3 4266 4160 4158
3 4265 4159 4267
3 4267 4159 4161
3 4266 4268 4160
3 4268 4162 4160
3 4267 4161 4269
3 4269 4161 4163
3 4165 4270 4271
3 4164 4270 4165
3 4270 4164 4162
3 4268 4270 4162
3 4269 4163 4166
3 4272 4269 4166
3 4166 4273 4272
3 4167 4273 4166
3 4271 4274 4165
3 4274 4168 4165
3 4273 4167 4275
3 4275 4167 4169
3 4170 4276 4171
3 4276 4170 4168
3 4276 4168 4277
3 4277 4168 4274
3 4275 4169 4172
3 4278 4275 4172
3 4172 4279 4278
3 4173 4279 4172
3 4280 4171 4276
3 4280 4281 4171
3 4281 4174 4171
3 4276 4277 4280
3 4279 4173 4282
3 4282 4173 4175
3 4177 4283 4284
3 4176 4283 4177
3 4283 4176 4174
3 4281 4283 4174
3 4282 4175 4178
3 4285 4282 4178
3 4178 4286 4285
3 4179 4286 4178
3 4180 4287 4181
3 4287 4180 4177
3 4287 4177 4288
3 4288 4177 4284
3 4286 4179 4182
3 4289 4286 4182
3 4182 4290 4289
3 4183 4290 4182
3 4291 4181 4287
3 4291 4292 4181
3 4292 4184 4181
3 4287 4288 4291
3 4290 4183 4185
3 4293 4290 4185
3 4185 4294 4293
3 4186 4294 4185
3 4188 4295 4296
3 4187 4295 4188
3 4295 4187 4184
3 4292 4295 4184
3 4294 4186 4189
3 4297 4294 4189
3 4297 4189 4298
3 4189 4190 4298
3 4300 4191 4299
3 4300 4298 4191
3 4298 4190 4191
3 4191 4193 4299
3 4196 4301 4197
3 4301 4302 4303
3 4301 4196 4302
3 4196 4198 4302
3 4302 4198 4304
3 4198 4199 4304
3 4304 4199 4305
3 4199 4200 4305
3 4305 4200 4188
3 4296 4305 4188
3 4300 4299 4306
3 4299 4193 4201
3 4299 4201 4306
3 4306 4201 4307
3 4307 4201 4308
3 4201 4202 4308
3 4308 4202 4309
3 4202 4203 4309
3 4309 4203 4310
3 4203 4204 4310
3 4310 4204 4311
3 4204 4205 4311
3 4311 4205 4312
3 4205 4206 4312
3 4312 4206 4313
3 4206 4207 4313
3 4313 4207 4314
3 4207 4208 4314
3 4314 4208 4315
3 4208 4209 4315
3 4197 4301 4316
3 4197 4316 4209
3 4209 4316 4315
3 4301 4303 4316
3 4211 4318 4317
3 4210 4211 4317
3 4317 4319 4210
3 4210 4319 4212
3 4319 4320 4212
3 4212 4320 4213
3 4320 4321 4213
3 4213 4321 4214
3 4321 4322 4214
3 4214 4322 4215
3 4322 4323 4215
3 4215 4323 4216
3 4323 4324 4216
3 4216 4324 4217
3 4324 4325 4217
3 4217 4325 4218
3 4325 4326 4218
3 4218 4326 4219
3 4326 4327 4219
3 4219 4327 4220
3 4220 4327 4328
3 4222 4220 4328
3 4224 4330 4329
3 4223 4224 4329
3 4329 4331 4223
3 4223 4331 4225
3 4331 4332 4225
3 4225 4332 4226
3 4332 4211 4226
3 4318 4211 4332
3 4328 4227 4222
3 4333 4227 4328
3 4333 4334 4227
3 4227 4334 4228
3 4334 4335 4228
3 4228 4335 4229
3 4229 4335 4336
3 4230 4229 4336
3 4232 4338 4337
3 4231 4232 4337
3 4337 4339 4231
3 4231 4339 4233
3 4339 4224 4233
3 4330 4224 4339
3 4336 4234 4230
3 4340 4234 4336
3 4234 4340 4341
3 4235 4234 4341
3 4237 4343 4342
3 4236 4237 4342
3 4342 4232 4236
3 4338 4232 4342
3 4341 4238 4235
3 4344 4238 4341
3 4238 4344 4345
3 4239 4238 4345
3 4241 4347 4346
3 4240 4241 4346
3 4346 4237 4240
3 4343 4237 4346
3 4345 4348 4239
3 4348 4242 4239
3 4351 4350 4349
3 4350 4243 4349
3 4350 4347 4243
3 4347 4241 4243
3 4348 4244 4242
3 4352 4244 4348
3 4244 4352 4353
3 4245 4244 4353
3 4349 4246 4247
3 4349 4247 4351
3 4351 4247 4354
3 4349 4243 4246
3 4353 4355 4245
3 4355 4248 4245
3 4354 4247 4356
3 4356 4247 4249
3 4355 4250 4248
3 4357 4250 4355
3 4250 4357 4358
3 4251 4250 4358
3 4253 4360 4359
3 4252 4253 4359
3 4359 4249 4252
3 4356 4249 4359
3 4358 4361 4251
3 4361 4254 4251
3 4360 4253 4362
3 4362 4253 4255
3 4361 4363 4254
3 4363 4256 4254
3 4362 4255 4364
3 4364 4255 4257
3 4363 4365 4256
3 4365 4258 4256
3 4364 4257 4366
3 4366 4257 4259
3 4365 4367 4258
3 4367 4260 4258
3 4366 4259 4368
3 4368 4259 4261
3 4367 4369 4260
3 4369 4262 4260
3 4368 4261 4370
3 4370 4261 4263
3 4369 4371 4262
3 4371 4264 4262
3 4370 4263 4372
3 4372 4263 4265
3 4371 4373 4264
3 4373 4266 4264
3 4372 4265 4374
3 4374 4265 4267
3 4373 4375 4266
3 4375 4268 4266
3 4374 4267 4376
3 4376 4267 4269
3 4270 4377 4271
3 4377 4270 4268
3 4377 4268 4378
3 4378 4268 4375
3 4376 4269 4272
3 4379 4376 4272
3 4272 4380 4379
3 4273 4380 4272
3 4381 4271 4377
3 4381 4382 4271
3 4382 4274 4271
3 4377 4378 4381
3 4380 4273 4383
3 4383 4273 4275
3 4382 4384 4274
3 4384 4277 4274
3 4383 4275 4278
3 4385 4383 4278
3 4278 4386 4385
3 4279 4386 4278
3 4281 4387 4388
3 4280 4387 4281
3 4387 4280 4277
3 4384 4387 4277
3 4386 4279 4389
3 4389 4279 4282
3 4284 4390 4391
3 4283 4390 4284
3 4390 4283 4281
3 4388 4390 4281
3 4389 4282 4285
3 4392 4389 4285
3 4285 4393 4392
3 4286 4393 4285
3 4391 4394 4284
3 4394 4288 4284
3 4393 4286 4289
3 4395 4393 4289
3 4289 4396 4395
3 4290 4396 4289
3 4292 4397 4398
3 4291 4397 4292
3 4397 4291 4288
3 4394 4397 4288
3 4396 4290 4293
3 4399 4396 4293
3 4293 4400 4399
3 4294 4400 4293
3 4296 4401 4402
3 4295 4401 4296
3 4401 4295 4292
3 4398 4401 4292
3 4400 4294 4297
3 4403 4400 4297
3 4403 4297 4404
3 4297 4298 4404
3 4298 4405 4404
3 4300 4405 4298
3 4303 4406 4407
3 4302 4406 4303
3 4406 4302 4408
3 4302 4304 4408
3 4408 4304 4409
3 4304 4305 4409
3 4409 4305 4296
3 4402 4409 4296
3 4405 4300 4306
3 4410 4405 4306
3 4410 4306 4411
3 4306 4307 4411
3 4411 4307 4412
3 4307 4308 4412
3 4412 4308 4413
3 4308 4309 4413
3 4413 4309 4414
3 4309 4310 4414
3 4414 4310 4415
3 4310 4311 4415
3 4415 4311 4416
3 4311 4312 4416
3 4416 4312 4417
3 4312 4313 4417
3 4417 4313 4418
3 4313 4314 4418
3 4418 4314 4419
3 4314 4315 4419
3 4419 4315 4420
3 4315 4316 4420
3 4420 4316 4303
3 4407 4420 4303
3 4318 4422 4421
3 4317 4318 4421
3 4421 4423 4317
3 4317 4423 4319
3 4423 4424 4319
3 4319 4424 4320
3 4424 4425 4320
3 4320 4425 4321
3 4425 4426 4321
3 4321 4426 4322
3 4426 4427 4322
3 4322 4427 4323
3 4427 4428 4323
3 4323 4428 4324
3 4428 4429 4324
3 4324 4429 4325
3 4429 4430 4325
3 4325 4430 4326
3 4430 4431 4326
3 4326 4431 4327
3 4432 4328 4327
3 4432 4327 4433
3 4433 4327 4431
3 4433 4434 4432
3 4330 4436 4435
3 4329 4330 4435
3 4435 4437 4329
3 4329 4437 4331
3 4437 4438 4331
3 4331 4438 4332
3 4438 4318 4332
3 4422 4318 4438
3 4432 4333 4328
3 4434 4333 4432
3 4434 4439 4333
3 4439 4334 4333
3 4439 4440 4334
3 4334 4440 4335
3 4335 4440 4441
3 4336 4335 4441
3 4338 4443 4442
3 4337 4338 4442
3 4442 4444 4337
3 4337 4444 4339
3 4444 4330 4339
3 4436 4330 4444
3 4441 4340 4336
3 4445 4340 4441
3 4340 4445 4446
3 4341 4340 4446
3 4343 4448 4447
3 4342 4343 4447
3 4447 4338 4342
3 4443 4338 4447
3 4446 4344 4341
3 4449 4344 4446
3 4344 4449 4450
3 4345 4344 4450
3 4347 4452 4451
3 4346 4347 4451
3 4451 4343 4346
3 4448 4343 4451
3 4450 4453 4345
3 4453 4348 4345
3 4351 4455 4454
3 4350 4351 4454
3 4454 4347 4350
3 4452 4347 4454
3 4453 4352 4348
3 4456 4352 4453
3 4352 4456 4457
3 4353 4352 4457
3 4455 4351 4458
3 4458 4351 4354
3 4457 4459 4353
3 4459 4355 4353
3 4458 4354 4460
3 4460 4354 4356
3 4459 4357 4355
3 4461 4357 4459
3 4357 4461 4462
3 4358 4357 4462
3 4360 4464 4463
3 4359 4360 4463
3 4463 4356 4359
3 4460 4356 4463
3 4462 4465 4358
3 4465 4361 4358
3 4464 4360 4466
3 4466 4360 4362
3 4465 4467 4361
3 4467 4363 4361
3 4466 4362 4468
3 4468 4362 4364
3 4467 4469 4363
3 4469 4365 4363
3 4468 4364 4470
3 4470 4364 4366
3 4469 4471 4365
3 4471 4367 4365
3 4474 4473 4472
3 4473 4368 4472
3 4473 4470 4368
3 4470 4366 4368
3 4471 4475 4367
3 4475 4369 4367
3 4474 4472 4476
3 4472 4477 4476
3 4472 4368 4477
3 4368 4370 4477
3 4475 4478 4369
3 4478 4371 4369
3 4477 4370 4479
3 4479 4370 4372
3 4478 4480 4371
3 4480 4373 4371
3 4479 4372 4481
3 4481 4372 4374
3 4480 4482 4373
3 4482 4375 4373
3 4481 4374 4483
3 4483 4374 4376
3 4482 4484 4375
3 4484 4378 4375
3 4483 4376 4379
3 4485 4483 4379
3 4379 4486 4485
3 4380 4486 4379
3 4382 4487 4488
3 4381 4487 4382
3 4487 4381 4378
3 4484 4487 4378
3 4486 4380 4489
3 4489 4380 4383
3 4488 4490 4382
3 4490 4384 4382
3 4489 4383 4385
3 4491 4489 4385
3 4385 4492 4491
3 4386 4492 4385
3 4388 4493 4494
3 4387 4493 4388
3 4493 4387 4384
3 4490 4493 4384
3 4495 4496 4492
3 4495 4492 4389
3 4389 4492 4386
3 4496 4495 4497
3 4390 4498 4391
3 4498 4390 4388
3 4498 4388 4499
3 4499 4388 4494
3 4495 4389 4392
3 4392 4497 4495
3 4392 4393 4497
3 4393 4500 4497
3 4501 4391 4498
3 4501 4502 4391
3 4502 4394 4391
3 4498 4499 4501
3 4500 4393 4395
3 4503 4500 4395
3 4395 4504 4503
3 4396 4504 4395
3 4398 4505 4506
3 4397 4505 4398
3 4505 4397 4394
3 4502 4505 4394
3 4504 4396 4399
3 4507 4504 4399
3 4399 4508 4507
3 4400 4508 4399
3 4402 4509 4510
3 4401 4509 4402
3 4509 4401 4398
3 4506 4509 4398
3 4508 4400 4403
3 4511 4508 4403
3 4511 4403 4512
3 4403 4404 4512
3 4404 4513 4512
3 4405 4513 4404
3 4406 4514 4407
3 4514 4515 4516
3 4514 4406 4515
3 4406 4408 4515
3 4515 4408 4517
3 4408 4409 4517
3 4517 4409 4402
3 4510 4517 4402
3 4513 4405 4410
3 4518 4513 4410
3 4518 4410 4519
3 4410 4411 4519
3 4519 4411 4520
3 4411 4412 4520
3 4520 4412 4521
3 4412 4413 4521
3 4521 4413 4522
3 4413 4414 4522
3 4522 4414 4523
3 4414 4415 4523
3 4523 4415 4524
3 4415 4416 4524
3 4524 4416 4525
3 4416 4417 4525
3 4525 4417 4526
3 4417 4418 4526
3 4526 4418 4527
3 4418 4419 4527
3 4527 4419 4528
3 4419 4420 4528
3 4407 4514 4529
3 4407 4529 4420
3 4420 4529 4528
3 4514 4516 4529
3 4422 4531 4530
3 4421 4422 4530
3 4530 4532 4421
3 4421 4532 4423
3 4532 4533 4423
3 4423 4533 4424
3 4533 4534 4424
3 4424 4534 4425
3 4534 4535 4425
3 4425 4535 4426
3 4535 4536 4426
3 4426 4536 4427
3 4536 4537 4427
3 4427 4537 4428
3 4537 4538 4428
3 4428 4538 4429
3 4538 4539 4429
3 4429 4539 4430
3 4539 4540 4430
3 4430 4540 4431
3 4540 4541 4431
3 4431 4541 4433
3 4433 4541 4542
3 4434 4433 4542
3 4545 4544 4543
3 4436 4543 4544
3 4436 4544 4435
3 4435 4544 4546
3 4546 4547 4435
3 4435 4547 4437
3 4547 4548 4437
3 4437 4548 4438
3 4548 4422 4438
3 4531 4422 4548
3 4542 4439 4434
3 4549 4439 4542
3 4549 4550 4439
3 4439 4550 4440
3 4440 4550 4551
3 4441 4440 4551
3 4443 4553 4552
3 4442 4443 4552
3 4543 4552 4545
3 4543 4444 4552
3 4444 4442 4552
3 4543 4436 4444
3 4551 4445 4441
3 4554 4445 4551
3 4445 4554 4555
3 4446 4445 4555
3 4448 4557 4556
3 4447 4448 4556
3 4556 4443 4447
3 4553 4443 4556
3 4555 4449 4446
3 4558 4449 4555
3 4449 4558 4559
3 4450 4449 4559
3 4452 4561 4560
3 4451 4452 4560
3 4560 4448 4451
3 4557 4448 4560
3 4559 4562 4450
3 4562 4453 4450
3 4455 4564 4563
3 4454 4455 4563
3 4563 4452 4454
3 4561 4452 4563
3 4562 4456 4453
3 4565 4456 4562
3 4456 4565 4566
3 4457 4456 4566
3 4564 4455 4567
3 4567 4455 4458
3 4566 4568 4457
3 4568 4459 4457
3 4567 4458 4569
3 4569 4458 4460
3 4568 4461 4459
3 4570 4461 4568
3 4461 4570 4571
3 4462 4461 4571
3 4464 4573 4572
3 4463 4464 4572
3 4572 4460 4463
3 4569 4460 4572
3 4571 4574 4462
3 4574 4465 4462
3 4573 4464 4575
3 4575 4464 4466
3 4574 4576 4465
3 4576 4467 4465
3 4575 4466 4577
3 4577 4466 4468
3 4576 4578 4467
3 4578 4469 4467
3 4577 4468 4579
3 4579 4468 4470
3 4578 4580 4469
3 4580 4471 4469
3 4474 4582 4581
3 4473 4474 4581
3 4581 4470 4473
3 4579 4470 4581
3 4580 4583 4471
3 4583 4475 4471
3 4582 4474 4476
3 4584 4582 4476
3 4476 4585 4584
3 4477 4585 4476
3 4583 4586 4475
3 4586 4478 4475
3 4585 4477 4587
3 4587 4477 4479
3 4586 4588 4478
3 4588 4480 4478
3 4587 4479 4589
3 4589 4479 4481
3 4588 4590 4480
3 4590 4482 4480
3 4589 4481 4591
3 4591 4481 4483
3 4590 4592 4482
3 4592 4484 4482
3 4591 4483 4485
3 4593 4591 4485
3 4485 4594 4593
3 4486 4594 4485
3 4488 4595 4596
3 4487 4595 4488
3 4595 4487 4484
3 4592 4595 4484
3 4594 4486 4597
3 4597 4486 4489
3 4596 4598 4488
3 4598 4490 4488
3 4597 4489 4491
3 4599 4597 4491
3 4491 4600 4599
3 4492 4600 4491
3 4494 4601 4602
3 4493 4601 4494
3 4601 4493 4490
3 4598 4601 4490
3 4600 4492 4496
3 4603 4600 4496
3 4496 4604 4603
3 4497 4604 4496
3 4602 4605 4494
3 4605 4499 4494
3 4604 4497 4606
3 4606 4497 4500
3 4502 4607 4608
3 4501 4607 4502
3 4607 4501 4499
3 4605 4607 4499
3 4606 4500 4503
3 4609 4606 4503
3 4503 4610 4609
3 4504 4610 4503
3 4506 4611 4612
3 4505 4611 4506
3 4611 4505 4502
3 4608 4611 4502
3 4610 4504 4507
3 4613 4610 4507
3 4507 4614 4613
3 4508 4614 4507
3 4510 4615 4616
3 4509 4615 4510
3 4615 4509 4506
3 4612 4615 4506
3 4614 4508 4511
3 4617 4614 4511
3 4617 4511 4618
3 4511 4512 4618
3 4512 4619 4618
3 4513 4619 4512
3 4516 4620 4621
3 4515 4620 4516
3 4620 4515 4622
3 4515 4517 4622
3 4622 4517 4510
3 4616 4622 4510
3 4619 4513 4518
3 4623 4619 4518
3 4623 4518 4624
3 4518 4519 4624
3 4624 4519 4625
3 4519 4520 4625
3 4625 4520 4626
3 4520 4521 4626
3 4626 4521 4627
3 4521 4522 4627
3 4627 4522 4628
3 4522 4523 4628
3 4628 4523 4629
3 4523 4524 4629
3 4629 4524 4630
3 4524 4525 4630
3 4630 4525 4631
3 4525 4526 4631
3 4631 4526 4632
3 4526 4527 4632
3 4632 4527 4633
3 4527 4528 4633
3 4633 4528 4634
3 4528 4529 4634
3 4634 4529 4516
3 4621 4634 4516
3 4637 4636 4635
3 4531 4635 4636
3 4531 4636 4530
3 4530 4636 4638
3 4638 4639 4530
3 4530 4639 4532
3 4639 4640 4532
3 4532 4640 4533
3 4640 4641 4533
3 4533 4641 4534
3 4641 4642 4534
3 4534 4642 4535
3 4642 4643 4535
3 4535 4643 4536
3 4643 4644 4536
3 4536 4644 4537
3 4644 4645 4537
3 4537 4645 4538
3 4645 4646 4538
3 4538 4646 4539
3 4646 4647 4539
3 4539 4647 4540
3 4647 4648 4540
3 4540 4648 4541
3 4541 4648 4649
3 4542 4541 4649
3 4545 4651 4650
3 4544 4545 4650
3 4650 4652 4544
3 4544 4652 4546
3 4652 4653 4546
3 4546 4653 4547
3 4635 4653 4637
3 4635 4548 4653
3 4548 4547 4653
3 4635 4531 4548
3 4649 4549 4542
3 4654 4549 4649
3 4654 4655 4549
3 4549 4655 4550
3 4550 4655 4656
3 4551 4550 4656
3 4553 4658 4657
3 4552 4553 4657
3 4657 4545 4552
3 4651 4545 4657
3 4656 4554 4551
3 4659 4554 4656
3 4554 4659 4660
3 4555 4554 4660
3 4557 4662 4661
3 4556 4557 4661
3 4661 4553 4556
3 4658 4553 4661
3 4660 4558 4555
3 4663 4558 4660
3 4558 4663 4664
3 4559 4558 4664
3 4561 4666 4665
3 4560 4561 4665
3 4665 4557 4560
3 4662 4557 4665
3 4664 4667 4559
3 4667 4562 4559
3 4564 4669 4668
3 4563 4564 4668
3 4668 4561 4563
3 4666 4561 4668
3 4667 4565 4562
3 4670 4565 4667
3 4565 4670 4671
3 4566 4565 4671
3 4669 4564 4672
3 4672 4564 4567
3 4671 4673 4566
3 4673 4568 4566
3 4672 4567 4674
3 4674 4567 4569
3 4673 4570 4568
3 4675 4570 4673
3 4570 4675 4676
3 4571 4570 4676
3 4573 4678 4677
3 4572 4573 4677
3 4677 4569 4572
3 4674 4569 4677
3 4676 4679 4571
3 4679 4574 4571
3 4678 4573 4680
3 4680 4573 4575
3 4679 4681 4574
3 4681 4576 4574
3 4680 4575 4682
3 4682 4575 4577
3 4681 4683 4576
3 4683 4578 4576
3 4682 4577 4684
3 4684 4577 4579
3 4683 4685 4578
3 4685 4580 4578
3 4582 4687 4686
3 4581 4582 4686
3 4686 4579 4581
3 4684 4579 4686
3 4685 4688 4580
3 4688 4583 4580
3 4687 4582 4584
3 4689 4687 4584
3 4584 4690 4689
3 4585 4690 4584
3 4688 4691 4583
3 4691 4586 4583
3 4690 4585 4692
3 4692 4585 4587
3 4691 4693 4586
3 4693 4588 4586
3 4692 4587 4694
3 4694 4587 4589
3 4693 4695 4588
3 4695 4590 4588
3 4694 4589 4696
3 4696 4589 4591
3 4695 4697 4590
3 4697 4592 4590
3 4696 4591 4593
3 4698 4696 4593
3 4593 4699 4698
3 4594 4699 4593
3 4596 4700 4701
3 4595 4700 4596
3 4700 4595 4592
3 4697 4700 4592
3 4699 4594 4702
3 4702 4594 4597
3 4701 4703 4596
3 4703 4598 4596
3 4702 4597 4599
3 4704 4702 4599
3 4599 4705 4704
3 4600 4705 4599
3 4602 4706 4707
3 4601 4706 4602
3 4706 4601 4598
3 4703 4706 4598
3 4705 4600 4603
3 4708 4705 4603
3 4603 4709 4708
3 4604 4709 4603
3 4707 4710 4602
3 4710 4605 4602
3 4709 4604 4711
3 4711 4604 4606
3 4608 4712 4713
3 4607 4712 4608
3 4712 4607 4605
3 4710 4712 4605
3 4711 4606 4609
3 4714 4711 4609
3 4609 4715 4714
3 4610 4715 4609
3 4612 4716 4717
3 4611 4716 4612
3 4716 4611 4608
3 4713 4716 4608
3 4715 4610 4613
3 4718 4715 4613
3 4613 4719 4718
3 4614 4719 4613
3 4616 4720 4721
3 4615 4720 4616
3 4720 4615 4612
3 4717 4720 4612
3 4719 4614 4617
3 4722 4719 4617
3 4722 4617 4723
3 4617 4618 4723
3 4618 4724 4723
3 4619 4724 4618
3 4621 4725 4726
3 4620 4725 4621
3 4725 4620 4727
3 4620 4622 4727
3 4727 4622 4616
3 4721 4727 4616
3 4724 4619 4623
3 4728 4724 4623
3 4728 4623 4729
3 4623 4624 4729
3 4729 4624 4730
3 4624 4625 4730
3 4730 4625 4731
3 4625 4626 4731
3 4731 4626 4732
3 4626 4627 4732
3 4732 4627 4733
3 4627 4628 4733
3 4733 4628 4734
3 4628 4629 4734
3 4734 4629 4735
3 4629 4630 4735
3 4735 4630 4736
3 4630 4631 4736
3 4736 4631 4737
3 4631 4632 4737
3 4737 4632 4738
3 4632 4633 4738
3 4738 4633 4739
3 4633 4634 4739
3 4739 4634 4621
3 4726 4739 4621
3 4637 4741 4740
3 4636 4637 4740
3 4740 4742 4636
3 4636 4742 4638
3 4742 4743 4638
3 4638 4743 4639
3 4743 4744 4639
3 4639 4744 4640
3 4744 4745 4640
3 4640 4745 4641
3 4745 4746 4641
3 4641 4746 4642
3 4746 4747 4642
3 4642 4747 4643
3 4747 4748 4643
3 4643 4748 4644
3 4748 4749 4644
3 4644 4749 4645
3 4749 4750 4645
3 4645 4750 4646
3 4750 4751 4646
3 4646 4751 4647
3 4751 4752 4647
3 4647 4752 4648
3 4648 4752 4753
3 4649 4648 4753
3 4651 4755 4754
3 4650 4651 4754
3 4754 4756 4650
3 4650 4756 4652
3 4756 4757 4652
3 4652 4757 4653
3 4757 4637 4653
3 4741 4637 4757
3 4753 4654 4649
3 4758 4654 4753
3 4758 4759 4654
3 4654 4759 4655
3 4655 4759 4760
3 4656 4655 4760
3 4658 4762 4761
3 4657 4658 4761
3 4761 4651 4657
3 4755 4651 4761
3 4760 4659 4656
3 4763 4659 4760
3 4659 4763 4764
3 4660 4659 4764
3 4662 4766 4765
3 4661 4662 4765
3 4765 4658 4661
3 4762 4658 4765
3 4764 4663 4660
3 4767 4663 4764
3 4663 4767 4768
3 4664 4663 4768
3 4666 4770 4769
3 4665 4666 4769
3 4769 4662 4665
3 4766 4662 4769
3 4768 4771 4664
3 4771 4667 4664
3 4669 4773 4772
3 4668 4669 4772
3 4772 4666 4668
3 4770 4666 4772
3 4771 4670 4667
3 4774 4670 4771
3 4670 4774 4775
3 4671 4670 4775
3 4773 4669 4776
3 4776 4669 4672
3 4777 4775 4778
3 4777 4673 4775
3 4673 4671 4775
3 4778 4779 4777
3 4776 4672 4780
3 4780 4672 4674
3 4777 4675 4673
3 4675 4777 4779
3 4675 4779 4676
3 4676 4779 4781
3 4678 4783 4782
3 4677 4678 4782
3 4782 4674 4677
3 4780 4674 4782
3 4781 4784 4676
3 4784 4679 4676
3 4783 4678 4785
3 4785 4678 4680
3 4784 4786 4679
3 4786 4681 4679
3 4785 4680 4787
3 4787 4680 4682
3 4786 4788 4681
3 4788 4683 4681
3 4787 4682 4789
3 4789 4682 4684
3 4790 4788 4791
3 4790 4685 4788
3 4685 4683 4788
3 4791 4792 4790
3 4687 4794 4793
3 4686 4687 4793
3 4793 4684 4686
3 4789 4684 4793
3 4795 4685 4790
3 4688 4685 4795
3 4792 4796 4795
3 4790 4792 4795
3 4794 4687 4689
3 4797 4794 4689
3 4689 4798 4797
3 4690 4798 4689
3 4799 4688 4795
3 4691 4688 4799
3 4796 4800 4799
3 4795 4796 4799
3 4798 4690 4801
3 4801 4690 4692
3 4802 4691 4799
3 4802 4803 4691
3 4803 4693 4691
3 4799 4800 4802
3 4801 4692 4804
3 4804 4692 4694
3 4803 4805 4693
3 4805 4695 4693
3 4804 4694 4806
3 4806 4694 4696
3 4805 4807 4695
3 4807 4697 4695
3 4806 4696 4698
3 4808 4806 4698
3 4698 4809 4808
3 4699 4809 4698
3 4701 4810 4811
3 4700 4810 4701
3 4810 4700 4697
3 4807 4810 4697
3 4809 4699 4812
3 4812 4699 4702
3 4811 4813 4701
3 4813 4703 4701
3 4812 4702 4704
3 4814 4812 4704
3 4704 4815 4814
3 4705 4815 4704
3 4707 4816 4817
3 4706 4816 4707
3 4816 4706 4703
3 4813 4816 4703
3 4815 4705 4708
3 4818 4815 4708
3 4708 4819 4818
3 4709 4819 4708
3 4817 4820 4707
3 4820 4710 4707
3 4819 4709 4821
3 4821 4709 4711
3 4713 4822 4823
3 4712 4822 4713
3 4822 4712 4710
3 4820 4822 4710
3 4821 4711 4714
3 4824 4821 4714
3 4714 4825 4824
3 4715 4825 4714
3 4717 4826 4827
3 4716 4826 4717
3 4826 4716 4713
3 4823 4826 4713
3 4825 4715 4718
3 4828 4825 4718
3 4718 4829 4828
3 4719 4829 4718
3 4721 4830 4831
3 4720 4830 4721
3 4830 4720 4717
3 4827 4830 4717
3 4829 4719 4722
3 4832 4829 4722
3 4832 4722 4833
3 4722 4723 4833
3 4723 4834 4833
3 4724 4834 4723
3 4726 4835 4836
3 4725 4835 4726
3 4835 4725 4837
3 4725 4727 4837
3 4837 4727 4721
3 4831 4837 4721
3 4834 4724 4728
3 4838 4834 4728
3 4838 4728 4839
3 4728 4729 4839
3 4839 4729 4840
3 4729 4730 4840
3 4840 4730 4841
3 4730 4731 4841
3 4841 4731 4842
3 4731 4732 4842
3 4842 4732 4843
3 4732 4733 4843
3 4843 4733 4844
3 4733 4734 4844
3 4844 4734 4845
3 4734 4735 4845
3 4845 4735 4846
3 4735 4736 4846
3 4846 4736 4847
3 4736 4737 4847
3 4847 4737 4848
3 4737 4738 4848
3 4848 4738 4849
3 4738 4739 4849
3 4849 4739 4726
3 4836 4849 4726
3 4741 4851 4850
3 4740 4741 4850
3 4850 4852 4740
3 4740 4852 4742
3 4852 4853 4742
3 4742 4853 4743
3 4853 4854 4743
3 4743 4854 4744
3 4854 4855 4744
3 4744 4855 4745
3 4855 4856 4745
3 4745 4856 4746
3 4856 4857 4746
3 4746 4857 4747
3 4857 4858 4747
3 4747 4858 4748
3 4858 4859 4748
3 4748 4859 4749
3 4859 4860 4749
3 4749 4860 4750
3 4860 4861 4750
3 4750 4861 4751
3 4861 4862 4751
3 4751 4862 4752
3 4752 4862 4863
3 4753 4752 4863
3 4755 4865 4864
3 4754 4755 4864
3 4864 4866 4754
3 4754 4866 4756
3 4866 4867 4756
3 4756 4867 4757
3 4867 4741 4757
3 4851 4741 4867
3 4863 4758 4753
3 4868 4758 4863
3 4868 4869 4758
3 4758 4869 4759
3 4759 4869 4870
3 4760 4759 4870
3 4762 4872 4871
3 4761 4762 4871
3 4871 4755 4761
3 4865 4755 4871
3 4870 4763 4760
3 4873 4763 4870
3 4763 4873 4874
3 4764 4763 4874
3 4877 4876 4875
3 4766 4875 4876
3 4766 4876 4765
3 4765 4876 4878
3 4878 4762 4765
3 4872 4762 4878
3 4874 4767 4764
3 4879 4767 4874
3 4767 4879 4880
3 4768 4767 4880
3 4875 4769 4770
3 4875 4770 4877
3 4877 4770 4881
3 4875 4766 4769
3 4882 4880 4883
3 4882 4771 4880
3 4771 4768 4880
3 4883 4884 4882
3 4773 4886 4885
3 4772 4773 4885
3 4885 4770 4772
3 4881 4770 4885
3 4882 4774 4771
3 4774 4882 4884
3 4774 4884 4775
3 4775 4884 4887
3 4886 4773 4888
3 4888 4773 4776
3 4887 4778 4775
3 4889 4778 4887
3 4778 4889 4890
3 4779 4778 4890
3 4888 4776 4891
3 4891 4776 4780
3 4890 4892 4779
3 4892 4781 4779
3 4783 4894 4893
3 4782 4783 4893
3 4893 4780 4782
3 4891 4780 4893
3 4892 4895 4781
3 4895 4784 4781
3 4894 4783 4896
3 4896 4783 4785
3 4895 4897 4784
3 4897 4786 4784
3 4896 4785 4898
3 4898 4785 4787
3 4899 4897 4900
3 4899 4788 4897
3 4788 4786 4897
3 4900 4901 4899
3 4898 4787 4902
3 4902 4787 4789
3 4899 4791 4788
3 4791 4899 4901
3 4791 4901 4792
3 4792 4901 4903
3 4794 4905 4904
3 4793 4794 4904
3 4904 4789 4793
3 4902 4789 4904
3 4903 4906 4792
3 4906 4796 4792
3 4905 4794 4797
3 4907 4905 4797
3 4797 4908 4907
3 4798 4908 4797
3 4906 4909 4796
3 4909 4800 4796
3 4908 4798 4910
3 4910 4798 4801
3 4802 4911 4803
3 4911 4802 4800
3 4911 4800 4912
3 4912 4800 4909
3 4910 4801 4913
3 4913 4801 4804
3 4914 4803 4911
3 4914 4915 4803
3 4915 4805 4803
3 4911 4912 4914
3 4913 4804 4916
3 4916 4804 4806
3 4915 4917 4805
3 4917 4807 4805
3 4916 4806 4808
3 4918 4916 4808
3 4808 4919 4918
3 4809 4919 4808
3 4810 4920 4811
3 4920 4810 4807
3 4920 4807 4921
3 4921 4807 4917
3 4919 4809 4922
3 4922 4809 4812
3 4923 4811 4920
3 4923 4924 4811
3 4924 4813 4811
3 4920 4921 4923
3 4922 4812 4814
3 4925 4922 4814
3 4814 4926 4925
3 4815 4926 4814
3 4816 4927 4817
3 4927 4816 4813
3 4927 4813 4928
3 4928 4813 4924
3 4818 4929 4930
3 4818 4930 4815
3 4815 4930 4926
3 4818 4819 4929
3 4931 4817 4927
3 4931 4932 4817
3 4932 4820 4817
3 4927 4928 4931
3 4930 4929 4933
3 4929 4934 4933
3 4929 4819 4934
3 4819 4821 4934
3 4823 4935 4936
3 4822 4935 4823
3 4935 4822 4820
3 4932 4935 4820
3 4934 4821 4824
3 4937 4934 4824
3 4824 4938 4937
3 4825 4938 4824
3 4827 4939 4940
3 4826 4939 4827
3 4939 4826 4823
3 4936 4939 4823
3 4938 4825 4828
3 4941 4938 4828
3 4828 4942 4941
3 4829 4942 4828
3 4831 4943 4944
3 4830 4943 4831
3 4943 4830 4827
3 4940 4943 4827
3 4942 4829 4832
3 4945 4942 4832
3 4945 4832 4946
3 4832 4833 4946
3 4833 4947 4946
3 4834 4947 4833
3 4836 4948 4949
3 4835 4948 4836
3 4948 4835 4950
3 4835 4837 4950
3 4950 4837 4831
3 4944 4950 4831
3 4947 4834 4838
3 4951 4947 4838
3 4951 4838 4952
3 4838 4839 4952
3 4952 4839 4953
3 4839 4840 4953
3 4953 4840 4954
3 4840 4841 4954
3 4954 4841 4955
3 4841 4842 4955
3 4955 4842 4956
3 4842 4843 4956
3 4956 4843 4957
3 4843 4844 4957
3 4957 4844 4958
3 4844 4845 4958
3 4958 4845 4959
3 4845 4846 4959
3 4959 4846 4960
3 4846 4847 4960
3 4960 4847 4961
3 4847 4848 4961
3 4961 4848 4962
3 4848 4849 4962
3 4962 4849 4836
3 4949 4962 4836
3 4851 4964 4963
3 4850 4851 4963
3 4963 4965 4850
3 4850 4965 4852
3 4965 4966 4852
3 4852 4966 4853
3 4966 4967 4853
3 4853 4967 4854
3 4967 4968 4854
3 4854 4968 4855
3 4968 4969 4855
3 4855 4969 4856
3 4969 4970 4856
3 4856 4970 4857
3 4970 4971 4857
3 4857 4971 4858
3 4971 4972 4858
3 4858 4972 4859
3 4972 4973 4859
3 4859 4973 4860
3 4973 4974 4860
3 4860 4974 4861
3 4974 4975 4861
3 4861 4975 4862
3 4976 4863 4862
3 4976 4862 4977
3 4977 4862 4975
3 4977 4978 4976
3 4865 4980 4979
3 4864 4865 4979
3 4979 4981 4864
3 4864 4981 4866
3 4981 4982 4866
3 4866 4982 4867
3 4982 4851 4867
3 4964 4851 4982
3 4976 4868 4863
3 4978 4868 4976
3 4978 4983 4868
3 4983 4869 4868
3 4984 4870 4869
3 4984 4869 4985
3 4985 4869 4983
3 4985 4986 4984
3 4872 4988 4987
3 4871 4872 4987
3 4987 4865 4871
3 4980 4865 4987
3 4984 4873 4870
3 4873 4984 4986
3 4873 4986 4874
3 4874 4986 4989
3 4877 4991 4990
3 4876 4877 4990
3 4990 4992 4876
3 4876 4992 4878
3 4992 4872 4878
3 4988 4872 4992
3 4989 4879 4874
3 4993 4879 4989
3 4879 4993 4994
3 4880 4879 4994
3 4991 4877 4995
3 4995 4877 4881
3 4994 4883 4880
3 4996 4883 4994
3 4883 4996 4997
3 4884 4883 4997
3 4886 4999 4998
3 4885 4886 4998
3 4998 4881 4885
3 4995 4881 4998
3 4997 5000 4884
3 5000 4887 4884
3 4999 4886 5001
3 5001 4886 4888
3 5000 4889 4887
3 5002 4889 5000
3 4889 5002 5003
3 4890 4889 5003
3 5006 5005 5004
3 5005 4891 5004
3 5005 5001 4891
3 5001 4888 4891
3 5003 5007 4890
3 5007 4892 4890
3 5004 4893 4894
3 5004 4894 5006
3 5006 4894 5008
3 5004 4891 4893
3 5007 5009 4892
3 5009 4895 4892
3 5008 4894 5010
3 5010 4894 4896
3 5011 5009 5012
3 5011 4897 5009
3 4897 4895 5009
3 5012 5013 5011
3 5010 4896 5014
3 5014 4896 4898
3 5011 4900 4897
3 4900 5011 5013
3 4900 5013 4901
3 4901 5013 5015
3 5014 4898 5016
3 5016 4898 4902
3 5015 5017 4901
3 5017 4903 4901
3 4905 5019 5018
3 4904 4905 5018
3 5018 4902 4904
3 5016 4902 5018
3 5017 5020 4903
3 5020 4906 4903
3 5019 4905 4907
3 5021 5019 4907
3 4907 5022 5021
3 4908 5022 4907
3 5020 5023 4906
3 5023 4909 4906
3 5022 4908 5024
3 5024 4908 4910
3 5023 5025 4909
3 5025 4912 4909
3 5024 4910 5026
3 5026 4910 4913
3 4915 5027 5028
3 4914 5027 4915
3 5027 4914 4912
3 5025 5027 4912
3 5026 4913 5029
3 5029 4913 4916
3 5028 5030 4915
3 5030 4917 4915
3 5029 4916 4918
3 5031 5029 4918
3 4918 5032 5031
3 4919 5032 4918
3 5030 5033 4917
3 5033 4921 4917
3 5032 4919 5034
3 5034 4919 4922
3 4924 5035 5036
3 4923 5035 4924
3 5035 4923 4921
3 5033 5035 4921
3 5034 4922 4925
3 5037 5034 4925
3 4925 5038 5037
3 4926 5038 4925
3 5036 5039 4924
3 5039 4928 4924
3 5038 4926 5040
3 5040 4926 4930
3 4932 5041 5042
3 4931 5041 4932
3 5041 4931 4928
3 5039 5041 4928
3 5040 4930 4933
3 5043 5040 4933
3 4933 5044 5043
3 4934 5044 4933
3 4936 5045 5046
3 4935 5045 4936
3 5045 4935 4932
3 5042 5045 4932
3 5044 4934 4937
3 5047 5044 4937
3 4937 5048 5047
3 4938 5048 4937
3 4940 5049 5050
3 4939 5049 4940
3 5049 4939 4936
3 5046 5049 4936
3 5048 4938 4941
3 5051 5048 4941
3 4941 5052 5051
3 4942 5052 4941
3 4944 5053 5054
3 4943 5053 4944
3 5053 4943 4940
3 5050 5053 4940
3 5052 4942 4945
3 5055 5052 4945
3 5055 4945 5056
3 4945 4946 5056
3 4946 5057 5056
3 4947 5057 4946
3 4949 5058 5059
3 4948 5058 4949
3 5058 4948 5060
3 4948 4950 5060
3 5060 4950 4944
3 5054 5060 4944
3 5057 4947 4951
3 5061 5057 4951
3 5061 4951 5062
3 4951 4952 5062
3 5062 4952 5063
3 4952 4953 5063
3 5063 4953 5064
3 4953 4954 5064
3 5064 4954 5065
3 4954 4955 5065
3 5065 4955 5066
3 4955 4956 5066
3 5066 4956 5067
3 4956 4957 5067
3 5067 4957 5068
3 4957 4958 5068
3 5068 4958 5069
3 4958 4959 5069
3 5069 4959 5070
3 4959 4960 5070
3 5070 4960 5071
3 4960 4961 5071
3 5071 4961 5072
3 4961 4962 5072
3 5072 4962 4949
3 5059 5072 4949
3 4964 5074 5073
3 4963 4964 5073
3 5073 5075 4963
3 4963 5075 4965
3 5075 5076 4965
3 4965 5076 4966
3 5076 5077 4966
3 4966 5077 4967
3 5077 5078 4967
3 4967 5078 4968
3 5078 5079 4968
3 4968 5079 4969
3 5079 5080 4969
3 4969 5080 4970
3 5080 5081 4970
3 4970 5081 4971
3 5081 5082 4971
3 4971 5082 4972
3 5082 5083 4972
3 4972 5083 4973
3 5083 5084 4973
3 4973 5084 4974
3 5084 5085 4974
3 4974 5085 4975
3 5085 5086 4975
3 4975 5086 4977
3 4977 5086 5087
3 4978 4977 5087
3 4980 5089 5088
3 4979 4980 5088
3 5088 5090 4979
3 4979 5090 4981
3 5090 5091 4981
3 4981 5091 4982
3 5091 4964 4982
3 5074 4964 5091
3 5087 4983 4978
3 5092 4983 5087
3 5092 5093 4983
3 4983 5093 4985
3 4985 5093 5094
3 4986 4985 5094
3 5097 5096 5095
3 4988 5095 5096
3 4988 5096 4987
3 4987 5096 5098
3 5098 4980 4987
3 5089 4980 5098
3 5094 5099 4986
3 5099 4989 4986
3 4991 5101 5100
3 4990 4991 5100
3 5095 5100 5097
3 5095 4992 5100
3 4992 4990 5100
3 5095 4988 4992
3 5099 4993 4989
3 5102 4993 5099
3 4993 5102 5103
3 4994 4993 5103
3 5101 4991 5104
3 5104 4991 4995
3 5103 4996 4994
3 5105 4996 5103
3 4996 5105 5106
3 4997 4996 5106
3 4999 5108 5107
3 4998 4999 5107
3 5107 4995 4998
3 5104 4995 5107
3 5106 5109 4997
3 5109 5000 4997
3 5108 4999 5110
3 5110 4999 5001
3 5109 5002 5000
3 5111 5002 5109
3 5002 5111 5112
3 5003 5002 5112
3 5006 5114 5113
3 5005 5006 5113
3 5113 5001 5005
3 5110 5001 5113
3 5112 5115 5003
3 5115 5007 5003
3 5114 5006 5116
3 5116 5006 5008
3 5115 5117 5007
3 5117 5009 5007
3 5116 5008 5118
3 5118 5008 5010
3 5117 5012 5009
3 5119 5012 5117
3 5012 5119 5120
3 5013 5012 5120
3 5118 5010 5121
3 5121 5010 5014
3 5120 5122 5013
3 5122 5015 5013
3 5121 5014 5123
3 5123 5014 5016
3 5122 5124 5015
3 5124 5017 5015
3 5019 5126 5125
3 5018 5019 5125
3 5125 5016 5018
3 5123 5016 5125
3 5124 5127 5017
3 5127 5020 5017
3 5126 5019 5021
3 5128 5126 5021
3 5021 5129 5128
3 5022 5129 5021
3 5127 5130 5020
3 5130 5023 5020
3 5129 5022 5131
3 5131 5022 5024
3 5130 5132 5023
3 5132 5025 5023
3 5131 5024 5133
3 5133 5024 5026
3 5027 5134 5028
3 5134 5027 5025
3 5134 5025 5135
3 5135 5025 5132
3 5133 5026 5136
3 5136 5026 5029
3 5137 5028 5134
3 5137 5138 5028
3 5138 5030 5028
3 5134 5135 5137
3 5136 5029 5031
3 5139 5136 5031
3 5031 5140 5139
3 5032 5140 5031
3 5138 5141 5030
3 5141 5033 5030
3 5140 5032 5142
3 5142 5032 5034
3 5036 5143 5144
3 5035 5143 5036
3 5143 5035 5033
3 5141 5143 5033
3 5142 5034 5037
3 5145 5142 5037
3 5037 5146 5145
3 5038 5146 5037
3 5144 5147 5036
3 5147 5039 5036
3 5146 5038 5148
3 5148 5038 5040
3 5042 5149 5150
3 5041 5149 5042
3 5149 5041 5039
3 5147 5149 5039
3 5148 5040 5043
3 5151 5148 5043
3 5043 5152 5151
3 5044 5152 5043
3 5046 5153 5154
3 5045 5153 5046
3 5153 5045 5042
3 5150 5153 5042
3 5152 5044 5047
3 5155 5152 5047
3 5047 5156 5155
3 5048 5156 5047
3 5050 5157 5158
3 5049 5157 5050
3 5157 5049 5046
3 5154 5157 5046
3 5156 5048 5051
3 5159 5156 5051
3 5051 5160 5159
3 5052 5160 5051
3 5054 5161 5162
3 5053 5161 5054
3 5161 5053 5050
3 5158 5161 5050
3 5160 5052 5055
3 5163 5160 5055
3 5163 5055 5164
3 5055 5056 5164
3 5056 5165 5164
3 5057 5165 5056
3 5059 5166 5167
3 5058 5166 5059
3 5166 5058 5168
3 5058 5060 5168
3 5168 5060 5054
3 5162 5168 5054
3 5165 5057 5061
3 5169 5165 5061
3 5169 5061 5170
3 5061 5062 5170
3 5170 5062 5171
3 5062 5063 5171
3 5171 5063 5172
3 5063 5064 5172
3 5172 5064 5173
3 5064 5065 5173
3 5173 5065 5174
3 5065 5066 5174
3 5174 5066 5175
3 5066 5067 5175
3 5175 5067 5176
3 5067 5068 5176
3 5176 5068 5177
3 5068 5069 5177
3 5177 5069 5178
3 5069 5070 5178
3 5178 5070 5179
3 5070 5071 5179
3 5179 5071 5180
3 5071 5072 5180
3 5180 5072 5059
3 5167 5180 5059
3 5183 5182 5181
3 5182 5185 5184
3 5181 5182 5184
3 5185 5186 5184
3 5074 5188 5187
3 5073 5074 5187
3 5187 5189 5073
3 5073 5189 5075
3 5189 5190 5075
3 5075 5190 5076
3 5190 5191 5076
3 5076 5191 5077
3 5191 5192 5077
3 5077 5192 5078
3 5192 5193 5078
3 5078 5193 5079
3 5181 5193 5183
3 5181 5080 5193
3 5080 5079 5193
3 5184 5080 5181
3 5081 5080 5184
3 5186 5081 5184
3 5186 5194 5081
3 5194 5082 5081
3 5194 5195 5082
3 5082 5195 5083
3 5195 5196 5083
3 5083 5196 5084
3 5196 5197 5084
3 5084 5197 5085
3 5197 5198 5085
3 5085 5198 5086
3 5086 5198 5199
3 5087 5086 5199
3 5089 5201 5200
3 5088 5089 5200
3 5200 5202 5088
3 5088 5202 5090
3 5202 5203 5090
3 5090 5203 5091
3 5203 5074 5091
3 5188 5074 5203
3 5199 5092 5087
3 5204 5092 5199
3 5204 5205 5092
3 5092 5205 5093
3 5093 5205 5206
3 5094 5093 5206
3 5097 5208 5207
3 5096 5097 5207
3 5207 5209 5096
3 5096 5209 5098
3 5209 5089 5098
3 5201 5089 5209
3 5210 5206 5211
3 5210 5099 5206
3 5099 5094 5206
3 5211 5212 5210
3 5101 5214 5213
3 5100 5101 5213
3 5213 5097 5100
3 5208 5097 5213
3 5210 5102 5099
3 5102 5210 5212
3 5102 5212 5103
3 5103 5212 5215
3 5218 5217 5216
3 5217 5104 5216
3 5217 5214 5104
3 5214 5101 5104
3 5215 5105 5103
3 5219 5105 5215
3 5105 5219 5220
3 5106 5105 5220
3 5216 5107 5108
3 5216 5108 5218
3 5218 5108 5221
3 5216 5104 5107
3 5220 5222 5106
3 5222 5109 5106
3 5221 5108 5223
3 5223 5108 5110
3 5222 5111 5109
3 5224 5111 5222
3 5111 5224 5225
3 5112 5111 5225
3 5114 5227 5226
3 5113 5114 5226
3 5226 5110 5113
3 5223 5110 5226
3 5225 5228 5112
3 5228 5115 5112
3 5227 5114 5229
3 5229 5114 5116
3 5230 5228 5231
3 5230 5117 5228
3 5117 5115 5228
3 5231 5232 5230
3 5229 5116 5233
3 5233 5116 5118
3 5230 5119 5117
3 5119 5230 5232
3 5119 5232 5120
3 5120 5232 5234
3 5233 5118 5235
3 5235 5118 5121
3 5234 5236 5120
3 5236 5122 5120
3 5235 5121 5237
3 5237 5121 5123
3 5236 5238 5122
3 5238 5124 5122
3 5126 5240 5239
3 5125 5126 5239
3 5239 5123 5125
3 5237 5123 5239
3 5238 5241 5124
3 5241 5127 5124
3 5240 5126 5128
3 5242 5240 5128
3 5128 5243 5242
3 5129 5243 5128
3 5241 5244 5127
3 5244 5130 5127
3 5243 5129 5245
3 5245 5129 5131
3 5244 5246 5130
3 5246 5132 5130
3 5245 5131 5247
3 5247 5131 5133
3 5246 5248 5132
3 5248 5135 5132
3 5247 5133 5249
3 5249 5133 5136
3 5138 5250 5251
3 5137 5250 5138
3 5250 5137 5135
3 5248 5250 5135
3 5249 5136 5139
3 5252 5249 5139
3 5139 5253 5252
3 5140 5253 5139
3 5251 5254 5138
3 5254 5141 5138
3 5253 5140 5255
3 5255 5140 5142
3 5144 5256 5257
3 5143 5256 5144
3 5256 5143 5141
3 5254 5256 5141
3 5255 5142 5145
3 5258 5255 5145
3 5145 5259 5258
3 5146 5259 5145
3 5257 5260 5144
3 5260 5147 5144
3 5259 5146 5261
3 5261 5146 5148
3 5150 5262 5263
3 5149 5262 5150
3 5262 5149 5147
3 5260 5262 5147
3 5261 5148 5151
3 5264 5261 5151
3 5151 5265 5264
3 5152 5265 5151
3 5154 5266 5267
3 5153 5266 5154
3 5266 5153 5150
3 5263 5266 5150
3 5265 5152 5155
3 5268 5265 5155
3 5155 5269 5268
3 5156 5269 5155
3 5158 5270 5271
3 5157 5270 5158
3 5270 5157 5154
3 5267 5270 5154
3 5269 5156 5159
3 5272 5269 5159
3 5159 5273 5272
3 5160 5273 5159
3 5162 5274 5275
3 5161 5274 5162
3 5274 5161 5158
3 5271 5274 5158
3 5273 5160 5163
3 5276 5273 5163
3 5276 5163 5277
3 5163 5164 5277
3 5164 5278 5277
3 5165 5278 5164
3 5166 5279 5167
3 5279 5280 5281
3 5279 5166 5280
3 5166 5168 5280
3 5280 5168 5162
3 5275 5280 5162
3 5278 5165 5169
3 5282 5278 5169
3 5282 5169 5283
3 5169 5170 5283
3 5283 5170 5284
3 5170 5171 5284
3 5284 5171 5285
3 5171 5172 5285
3 5285 5172 5286
3 5172 5173 5286
3 5286 5173 5287
3 5173 5174 5287
3 5287 5174 5288
3 5174 5175 5288
3 5288 5175 5289
3 5175 5176 5289
3 5289 5176 5290
3 5176 5177 5290
3 5290 5177 5291
3 5177 5178 5291
3 5291 5178 5292
3 5178 5179 5292
3 5292 5179 5293
3 5179 5180 5293
3 5167 5279 5294
3 5167 5294 5180
3 5180 5294 5293
3 5279 5281 5294
3 5297 5296 5295
3 5183 5295 5296
3 5183 5296 5182
3 5182 5296 5298
3 5298 5299 5182
3 5182 5299 5185
3 5300 5186 5185
3 5300 5185 5301
3 5301 5185 5299
3 5301 5302 5300
3 5188 5304 5303
3 5187 5188 5303
3 5303 5305 5187
3 5187 5305 5189
3 5305 5306 5189
3 5189 5306 5190
3 5306 5307 5190
3 5190 5307 5191
3 5307 5308 5191
3 5191 5308 5192
3 5295 5308 5297
3 5295 5193 5308
3 5193 5192 5308
3 5295 5183 5193
3 5300 5194 5186
3 5302 5194 5300
3 5302 5309 5194
3 5309 5195 5194
3 5309 5310 5195
3 5195 5310 5196
3 5310 5311 5196
3 5196 5311 5197
3 5311 5312 5197
3 5197 5312 5198
3 5198 5312 5313
3 5199 5198 5313
3 5201 5315 5314
3 5200 5201 5314
3 5314 5316 5200
3 5200 5316 5202
3 5316 5317 5202
3 5202 5317 5203
3 5317 5188 5203
3 5304 5188 5317
3 5313 5204 5199
3 5318 5204 5313
3 5318 5319 5204
3 5204 5319 5205
3 5205 5319 5320
3 5206 5205 5320
3 5208 5322 5321
3 5207 5208 5321
3 5321 5323 5207
3 5207 5323 5209
3 5323 5201 5209
3 5315 5201 5323
3 5320 5211 5206
3 5324 5211 5320
3 5211 5324 5325
3 5212 5211 5325
3 5214 5327 5326
3 5213 5214 5326
3 5326 5208 5213
3 5322 5208 5326
3 5325 5328 5212
3 5328 5215 5212
3 5218 5330 5329
3 5217 5218 5329
3 5329 5214 5217
3 5327 5214 5329
3 5328 5219 5215
3 5331 5219 5328
3 5219 5331 5332
3 5220 5219 5332
3 5330 5218 5333
3 5333 5218 5221
3 5332 5334 5220
3 5334 5222 5220
3 5333 5221 5335
3 5335 5221 5223
3 5334 5224 5222
3 5336 5224 5334
3 5224 5336 5337
3 5225 5224 5337
3 5227 5339 5338
3 5226 5227 5338
3 5338 5223 5226
3 5335 5223 5338
3 5337 5340 5225
3 5340 5228 5225
3 5339 5227 5341
3 5341 5227 5229
3 5340 5231 5228
3 5342 5231 5340
3 5231 5342 5343
3 5232 5231 5343
3 5341 5229 5344
3 5344 5229 5233
3 5343 5345 5232
3 5345 5234 5232
3 5344 5233 5346
3 5346 5233 5235
3 5345 5347 5234
3 5347 5236 5234
3 5350 5349 5348
3 5349 5237 5348
3 5349 5346 5237
3 5346 5235 5237
3 5347 5351 5236
3 5351 5238 5236
3 5348 5239 5240
3 5348 5240 5350
3 5350 5240 5352
3 5348 5237 5239
3 5351 5353 5238
3 5353 5241 5238
3 5352 5240 5242
3 5354 5352 5242
3 5242 5355 5354
3 5243 5355 5242
3 5353 5356 5241
3 5356 5244 5241
3 5355 5243 5357
3 5357 5243 5245
3 5356 5358 5244
3 5358 5246 5244
3 5357 5245 5359
3 5359 5245 5247
3 5358 5360 5246
3 5360 5248 5246
3 5359 5247 5361
3 5361 5247 5249
3 5251 5362 5363
3 5250 5362 5251
3 5362 5250 5248
3 5360 5362 5248
3 5361 5249 5252
3 5364 5361 5252
3 5252 5365 5364
3 5253 5365 5252
3 5363 5366 5251
3 5366 5254 5251
3 5365 5253 5367
3 5367 5253 5255
3 5257 5368 5369
3 5256 5368 5257
3 5368 5256 5254
3 5366 5368 5254
3 5367 5255 5258
3 5370 5367 5258
3 5258 5371 5370
3 5259 5371 5258
3 5369 5372 5257
3 5372 5260 5257
3 5371 5259 5373
3 5373 5259 5261
3 5263 5374 5375
3 5262 5374 5263
3 5374 5262 5260
3 5372 5374 5260
3 5373 5261 5264
3 5376 5373 5264
3 5264 5377 5376
3 5265 5377 5264
3 5267 5378 5379
3 5266 5378 5267
3 5378 5266 5263
3 5375 5378 5263
3 5377 5265 5268
3 5380 5377 5268
3 5268 5381 5380
3 5269 5381 5268
3 5271 5382 5383
3 5270 5382 5271
3 5382 5270 5267
3 5379 5382 5267
3 5381 5269 5272
3 5384 5381 5272
3 5272 5385 5384
3 5273 5385 5272
3 5275 5386 5387
3 5274 5386 5275
3 5386 5274 5271
3 5383 5386 5271
3 5385 5273 5276
3 5388 5385 5276
3 5388 5276 5389
3 5276 5277 5389
3 5277 5390 5389
3 5278 5390 5277
3 5281 5391 5392
3 5280 5391 5281
3 5391 5280 5275
3 5387 5391 5275
3 5390 5278 5282
3 5393 5390 5282
3 5393 5282 5394
3 5282 5283 5394
3 5394 5283 5395
3 5283 5284 5395
3 5395 5284 5396
3 5284 5285 5396
3 5396 5285 5397
3 5285 5286 5397
3 5397 5286 5398
3 5286 5287 5398
3 5398 5287 5399
3 5287 5288 5399
3 5399 5288 5400
3 5288 5289 5400
3 5400 5289 5401
3 5289 5290 5401
3 5401 5290 5402
3 5290 5291 5402
3 5402 5291 5403
3 5291 5292 5403
3 5403 5292 5404
3 5292 5293 5404
3 5404 5293 5405
3 5293 5294 5405
3 5405 5294 5281
3 5392 5405 5281
3 5297 5407 5406
3 5296 5297 5406
3 5406 5408 5296
3 5296 5408 5298
3 5408 5409 5298
3 5298 5409 5299
3 5409 5410 5299
3 5299 5410 5301
3 5301 5410 5411
3 5302 5301 5411
3 5304 5413 5412
3 5303 5304 5412
3 5412 5414 5303
3 5303 5414 5305
3 5414 5415 5305
3 5305 5415 5306
3 5415 5416 5306
3 5306 5416 5307
3 5416 5417 5307
3 5307 5417 5308
3 5417 5297 5308
3 5407 5297 5417
3 5411 5309 5302
3 5418 5309 5411
3 5418 5419 5309
3 5309 5419 5310
3 5419 5420 5310
3 5310 5420 5311
3 5420 5421 5311
3 5311 5421 5312
3 5312 5421 5422
3 5313 5312 5422
3 5315 5424 5423
3 5314 5315 5423
3 5423 5425 5314
3 5314 5425 5316
3 5425 5426 5316
3 5316 5426 5317
3 5426 5304 5317
3 5413 5304 5426
3 5422 5318 5313
3 5427 5318 5422
3 5427 5428 5318
3 5318 5428 5319
3 5319 5428 5429
3 5320 5319 5429
3 5322 5431 5430
3 5321 5322 5430
3 5430 5432 5321
3 5321 5432 5323
3 5432 5315 5323
3 5424 5315 5432
3 5429 5324 5320
3 5433 5324 5429
3 5324 5433 5434
3 5325 5324 5434
3 5327 5436 5435
3 5326 5327 5435
3 5435 5322 5326
3 5431 5322 5435
3 5434 5437 5325
3 5437 5328 5325
3 5330 5439 5438
3 5329 5330 5438
3 5438 5327 5329
3 5436 5327 5438
3 5437 5331 5328
3 5440 5331 5437
3 5331 5440 5441
3 5332 5331 5441
3 5439 5330 5442
3 5442 5330 5333
3 5441 5443 5332
3 5443 5334 5332
3 5442 5333 5444
3 5444 5333 5335
3 5443 5336 5334
3 5445 5336 5443
3 5336 5445 5446
3 5337 5336 5446
3 5339 5448 5447
3 5338 5339 5447
3 5447 5335 5338
3 5444 5335 5447
3 5446 5449 5337
3 5449 5340 5337
3 5448 5339 5450
3 5450 5339 5341
3 5449 5342 5340
3 5451 5342 5449
3 5342 5451 5452
3 5343 5342 5452
3 5450 5341 5453
3 5453 5341 5344
3 5452 5454 5343
3 5454 5345 5343
3 5453 5344 5455
3 5455 5344 5346
3 5454 5456 5345
3 5456 5347 5345
3 5350 5458 5457
3 5349 5350 5457
3 5457 5346 5349
3 5455 5346 5457
3 5456 5459 5347
3 5459 5351 5347
3 5458 5350 5460
3 5460 5350 5352
3 5459 5461 5351
3 5461 5353 5351
3 5460 5352 5354
3 5462 5460 5354
3 5354 5463 5462
3 5355 5463 5354
3 5461 5464 5353
3 5464 5356 5353
3 5463 5355 5465
3 5465 5355 5357
3 5464 5466 5356
3 5466 5358 5356
3 5465 5357 5467
3 5467 5357 5359
3 5466 5468 5358
3 5468 5360 5358
3 5467 5359 5469
3 5469 5359 5361
3 5362 5470 5363
3 5470 5362 5360
3 5470 5360 5471
3 5471 5360 5468
3 5469 5361 5364
3 5472 5469 5364
3 5364 5473 5472
3 5365 5473 5364
3 5474 5363 5470
3 5474 5475 5363
3 5475 5366 5363
3 5470 5471 5474
3 5473 5365 5476
3 5476 5365 5367
3 5369 5477 5478
3 5368 5477 5369
3 5477 5368 5366
3 5475 5477 5366
3 5476 5367 5370
3 5479 5476 5370
3 5370 5480 5479
3 5371 5480 5370
3 5478 5481 5369
3 5481 5372 5369
3 5480 5371 5482
3 5482 5371 5373
3 5375 5483 5484
3 5374 5483 5375
3 5483 5374 5372
3 5481 5483 5372
3 5482 5373 5376
3 5485 5482 5376
3 5376 5486 5485
3 5377 5486 5376
3 5379 5487 5488
3 5378 5487 5379
3 5487 5378 5375
3 5484 5487 5375
3 5486 5377 5380
3 5489 5486 5380
3 5380 5490 5489
3 5381 5490 5380
3 5382 5491 5383
3 5491 5382 5379
3 5491 5379 5492
3 5492 5379 5488
3 5490 5381 5384
3 5493 5490 5384
3 5384 5494 5493
3 5385 5494 5384
3 5387 5495 5496
3 5386 5495 5387
3 5383 5491 5497
3 5383 5497 5386
3 5386 5497 5495
3 5491 5492 5497
3 5494 5385 5388
3 5498 5494 5388
3 5498 5388 5499
3 5388 5389 5499
3 5389 5500 5499
3 5390 5500 5389
3 5392 5501 5502
3 5391 5501 5392
3 5501 5391 5387
3 5496 5501 5387
3 5500 5390 5393
3 5503 5500 5393
3 5503 5393 5504
3 5393 5394 5504
3 5504 5394 5505
3 5394 5395 5505
3 5505 5395 5506
3 5395 5396 5506
3 5506 5396 5507
3 5396 5397 5507
3 5507 5397 5508
3 5397 5398 5508
3 5508 5398 5509
3 5398 5399 5509
3 5509 5399 5510
3 5399 5400 5510
3 5510 5400 5511
3 5400 5401 5511
3 5511 5401 5512
3 5401 5402 5512
3 5512 5402 5513
3 5402 5403 5513
3 5513 5403 5514
3 5403 5404 5514
3 5514 5404 5515
3 5404 5405 5515
3 5515 5405 5392
3 5502 5515 5392
3 5518 5517 5516
3 5407 5516 5517
3 5407 5517 5406
3 5406 5517 5519
3 5519 5520 5406
3 5406 5520 5408
3 5520 5521 5408
3 5408 5521 5409
3 5521 5522 5409
3 5409 5522 5410
3 5410 5522 5523
3 5411 5410 5523
3 5413 5525 5524
3 5412 5413 5524
3 5524 5526 5412
3 5412 5526 5414
3 5526 5527 5414
3 5414 5527 5415
3 5527 5528 5415
3 5415 5528 5416
3 5516 5528 5518
3 5516 5417 5528
3 5417 5416 5528
3 5516 5407 5417
3 5523 5418 5411
3 5529 5418 5523
3 5529 5530 5418
3 5418 5530 5419
3 5530 5531 5419
3 5419 5531 5420
3 5531 5532 5420
3 5420 5532 5421
3 5421 5532 5533
3 5422 5421 5533
3 5424 5535 5534
3 5423 5424 5534
3 5534 5536 5423
3 5423 5536 5425
3 5536 5537 5425
3 5425 5537 5426
3 5537 5413 5426
3 5525 5413 5537
3 5533 5427 5422
3 5538 5427 5533
3 5538 5539 5427
3 5427 5539 5428
3 5428 5539 5540
3 5429 5428 5540
3 5431 5542 5541
3 5430 5431 5541
3 5541 5543 5430
3 5430 5543 5432
3 5543 5424 5432
3 5535 5424 5543
3 5540 5433 5429
3 5544 5433 5540
3 5433 5544 5545
3 5434 5433 5545
3 5436 5547 5546
3 5435 5436 5546
3 5546 5431 5435
3 5542 5431 5546
3 5545 5548 5434
3 5548 5437 5434
3 5439 5550 5549
3 5438 5439 5549
3 5549 5436 5438
3 5547 5436 5549
3 5548 5440 5437
3 5551 5440 5548
3 5440 5551 5552
3 5441 5440 5552
3 5550 5439 5553
3 5553 5439 5442
3 5554 5552 5555
3 5554 5443 5552
3 5443 5441 5552
3 5555 5556 5554
3 5553 5442 5557
3 5557 5442 5444
3 5554 5445 5443
3 5445 5554 5556
3 5445 5556 5446
3 5446 5556 5558
3 5448 5560 5559
3 5447 5448 5559
3 5559 5444 5447
3 5557 5444 5559
3 5558 5561 5446
3 5561 5449 5446
3 5560 5448 5562
3 5562 5448 5450
3 5561 5451 5449
3 5563 5451 5561
3 5451 5563 5564
3 5452 5451 5564
3 5562 5450 5565
3 5565 5450 5453
3 5564 5566 5452
3 5566 5454 5452
3 5565 5453 5567
3 5567 5453 5455
3 5566 5568 5454
3 5568 5456 5454
3 5458 5570 5569
3 5457 5458 5569
3 5569 5455 5457
3 5567 5455 5569
3 5568 5571 5456
3 5571 5459 5456
3 5570 5458 5572
3 5572 5458 5460
3 5571 5573 5459
3 5573 5461 5459
3 5572 5460 5462
3 5574 5572 5462
3 5462 5575 5574
3 5463 5575 5462
3 5573 5576 5461
3 5576 5464 5461
3 5575 5463 5577
3 5577 5463 5465
3 5576 5578 5464
3 5578 5466 5464
3 5577 5465 5579
3 5579 5465 5467
3 5578 5580 5466
3 5580 5468 5466
3 5579 5467 5581
3 5581 5467 5469
3 5580 5582 5468
3 5582 5471 5468
3 5581 5469 5472
3 5583 5581 5472
3 5472 5584 5583
3 5473 5584 5472
3 5475 5585 5586
3 5474 5585 5475
3 5585 5474 5471
3 5582 5585 5471
3 5584 5473 5587
3 5587 5473 5476
3 5478 5588 5589
3 5477 5588 5478
3 5588 5477 5475
3 5586 5588 5475
3 5587 5476 5479
3 5590 5587 5479
3 5479 5591 5590
3 5480 5591 5479
3 5589 5592 5478
3 5592 5481 5478
3 5591 5480 5593
3 5593 5480 5482
3 5484 5594 5595
3 5483 5594 5484
3 5594 5483 5481
3 5592 5594 5481
3 5593 5482 5485
3 5596 5593 5485
3 5485 5597 5596
3 5486 5597 5485
3 5488 5598 5599
3 5487 5598 5488
3 5598 5487 5484
3 5595 5598 5484
3 5597 5486 5489
3 5600 5597 5489
3 5489 5601 5600
3 5490 5601 5489
3 5599 5602 5488
3 5602 5492 5488
3 5601 5490 5493
3 5603 5601 5493
3 5493 5604 5603
3 5494 5604 5493
3 5496 5605 5606
3 5495 5605 5496
3 5605 5495 5607
3 5495 5497 5607
3 5607 5497 5492
3 5602 5607 5492
3 5604 5494 5498
3 5608 5604 5498
3 5608 5498 5609
3 5498 5499 5609
3 5499 5610 5609
3 5500 5610 5499
3 5502 5611 5612
3 5501 5611 5502
3 5611 5501 5496
3 5606 5611 5496
3 5610 5500 5503
3 5613 5610 5503
3 5613 5503 5614
3 5503 5504 5614
3 5614 5504 5615
3 5504 5505 5615
3 5615 5505 5616
3 5505 5506 5616
3 5616 5506 5617
3 5506 5507 5617
3 5617 5507 5618
3 5507 5508 5618
3 5618 5508 5619
3 5508 5509 5619
3 5619 5509 5620
3 5509 5510 5620
3 5620 5510 5621
3 5510 5511 5621
3 5621 5511 5622
3 5511 5512 5622
3 5622 5512 5623
3 5512 5513 5623
3 5623 5513 5624
3 5513 5514 5624
3 5624 5514 5625
3 5514 5515 5625
3 5625 5515 5502
3 5612 5625 5502
3 5518 5627 5626
3 5517 5518 5626
3 5626 5628 5517
3 5517 5628 5519
3 5628 5629 5519
3 5519 5629 5520
3 5629 5630 5520
3 5520 5630 5521
3 5630 5631 5521
3 5521 5631 5522
3 5522 5631 5632
3 5523 5522 5632
3 5525 5634 5633
3 5524 5525 5633
3 5633 5635 5524
3 5524 5635 5526
3 5635 5636 5526
3 5526 5636 5527
3 5636 5637 5527
3 5527 5637 5528
3 5637 5518 5528
3 5627 5518 5637
3 5632 5529 5523
3 5638 5529 5632
3 5638 5639 5529
3 5529 5639 5530
3 5639 5640 5530
3 5530 5640 5531
3 5640 5641 5531
3 5531 5641 5532
3 5532 5641 5642
3 5533 5532 5642
3 5535 5644 5643
3 5534 5535 5643
3 5643 5645 5534
3 5534 5645 5536
3 5645 5646 5536
3 5536 5646 5537
3 5646 5525 5537
3 5634 5525 5646
3 5642 5538 5533
3 5647 5538 5642
3 5647 5648 5538
3 5538 5648 5539
3 5539 5648 5649
3 5540 5539 5649
3 5542 5651 5650
3 5541 5542 5650
3 5650 5652 5541
3 5541 5652 5543
3 5652 5535 5543
3 5644 5535 5652
3 5649 5544 5540
3 5653 5544 5649
3 5544 5653 5654
3 5545 5544 5654
3 5547 5656 5655
3 5546 5547 5655
3 5655 5542 5546
3 5651 5542 5655
3 5654 5657 5545
3 5657 5548 5545
3 5550 5659 5658
3 5549 5550 5658
3 5658 5547 5549
3 5656 5547 5658
3 5657 5551 5548
3 5660 5551 5657
3 5551 5660 5661
3 5552 5551 5661
3 5659 5550 5662
3 5662 5550 5553
3 5661 5555 5552
3 5663 5555 5661
3 5555 5663 5664
3 5556 5555 5664
3 5662 5553 5665
3 5665 5553 5557
3 5664 5666 5556
3 5666 5558 5556
3 5560 5668 5667
3 5559 5560 5667
3 5667 5557 5559
3 5665 5557 5667
3 5669 5666 5670
3 5669 5561 5666
3 5561 5558 5666
3 5670 5671 5669
3 5668 5560 5672
3 5672 5560 5562
3 5669 5563 5561
3 5563 5669 5671
3 5563 5671 5564
3 5564 5671 5673
3 5672 5562 5674
3 5674 5562 5565
3 5673 5675 5564
3 5675 5566 5564
3 5674 5565 5676
3 5676 5565 5567
3 5675 5677 5566
3 5677 5568 5566
3 5570 5679 5678
3 5569 5570 5678
3 5678 5567 5569
3 5676 5567 5678
3 5677 5680 5568
3 5680 5571 5568
3 5679 5570 5681
3 5681 5570 5572
3 5680 5682 5571
3 5682 5573 5571
3 5574 5683 5684
3 5574 5684 5572
3 5572 5684 5681
3 5574 5575 5683
3 5682 5685 5573
3 5685 5576 5573
3 5684 5683 5686
3 5683 5687 5686
3 5683 5575 5687
3 5575 5577 5687
3 5685 5688 5576
3 5688 5578 5576
3 5687 5577 5689
3 5689 5577 5579
3 5688 5690 5578
3 5690 5580 5578
3 5689 5579 5691
3 5691 5579 5581
3 5690 5692 5580
3 5692 5582 5580
3 5583 5693 5694
3 5583 5694 5581
3 5581 5694 5691
3 5583 5584 5693
3 5586 5695 5696
3 5585 5695 5586
3 5695 5585 5582
3 5692 5695 5582
3 5694 5693 5697
3 5693 5698 5697
3 5693 5584 5698
3 5584 5587 5698
3 5588 5699 5589
3 5699 5588 5586
3 5699 5586 5700
3 5700 5586 5696
3 5698 5587 5590
3 5701 5698 5590
3 5590 5702 5701
3 5591 5702 5590
3 5703 5589 5699
3 5703 5704 5589
3 5704 5592 5589
3 5699 5700 5703
3 5702 5591 5705
3 5705 5591 5593
3 5595 5706 5707
3 5594 5706 5595
3 5706 5594 5592
3 5704 5706 5592
3 5705 5593 5596
3 5708 5705 5596
3 5596 5709 5708
3 5597 5709 5596
3 5599 5710 5711
3 5598 5710 5599
3 5710 5598 5595
3 5707 5710 5595
3 5709 5597 5600
3 5712 5709 5600
3 5600 5713 5712
3 5601 5713 5600
3 5711 5714 5599
3 5714 5602 5599
3 5713 5601 5603
3 5715 5713 5603
3 5603 5716 5715
3 5604 5716 5603
3 5606 5717 5718
3 5605 5717 5606
3 5717 5605 5719
3 5605 5607 5719
3 5719 5607 5602
3 5714 5719 5602
3 5716 5604 5608
3 5720 5716 5608
3 5720 5608 5721
3 5608 5609 5721
3 5609 5722 5721
3 5610 5722 5609
3 5612 5723 5724
3 5611 5723 5612
3 5723 5611 5606
3 5718 5723 5606
3 5722 5610 5613
3 5725 5722 5613
3 5725 5613 5726
3 5613 5614 5726
3 5726 5614 5727
3 5614 5615 5727
3 5727 5615 5728
3 5615 5616 5728
3 5728 5616 5729
3 5616 5617 5729
3 5729 5617 5730
3 5617 5618 5730
3 5730 5618 5731
3 5618 5619 5731
3 5731 5619 5732
3 5619 5620 5732
3 5732 5620 5733
3 5620 5621 5733
3 5733 5621 5734
3 5621 5622 5734
3 5734 5622 5735
3 5622 5623 5735
3 5735 5623 5736
3 5623 5624 5736
3 5736 5624 5737
3 5624 5625 5737
3 5737 5625 5612
3 5724 5737 5612
3 5627 5739 5738
3 5626 5627 5738
3 5738 5740 5626
3 5626 5740 5628
3 5740 5741 5628
3 5628 5741 5629
3 5741 5742 5629
3 5629 5742 5630
3 5742 5743 5630
3 5630 5743 5631
3 5631 5743 5744
3 5632 5631 5744
3 5634 5746 5745
3 5633 5634 5745
3 5745 5747 5633
3 5633 5747 5635
3 5747 5748 5635
3 5635 5748 5636
3 5748 5749 5636
3 5636 5749 5637
3 5749 5627 5637
3 5739 5627 5749
3 5744 5638 5632
3 5750 5638 5744
3 5750 5751 5638
3 5638 5751 5639
3 5751 5752 5639
3 5639 5752 5640
3 5752 5753 5640
3 5640 5753 5641
3 5641 5753 5754
3 5642 5641 5754
3 5644 5756 5755
3 5643 5644 5755
3 5755 5757 5643
3 5643 5757 5645
3 5757 5758 5645
3 5645 5758 5646
3 5758 5634 5646
3 5746 5634 5758
3 5754 5647 5642
3 5759 5647 5754
3 5759 5760 5647
3 5647 5760 5648
3 5648 5760 5761
3 5649 5648 5761
3 5651 5763 5762
3 5650 5651 5762
3 5762 5764 5650
3 5650 5764 5652
3 5764 5644 5652
3 5756 5644 5764
3 5761 5653 5649
3 5765 5653 5761
3 5653 5765 5766
3 5654 5653 5766
3 5656 5768 5767
3 5655 5656 5767
3 5767 5651 5655
3 5763 5651 5767
3 5766 5769 5654
3 5769 5657 5654
3 5659 5771 5770
3 5658 5659 5770
3 5770 5656 5658
3 5768 5656 5770
3 5769 5660 5657
3 5772 5660 5769
3 5660 5772 5773
3 5661 5660 5773
3 5771 5659 5774
3 5774 5659 5662
3 5773 5663 5661
3 5775 5663 5773
3 5663 5775 5776
3 5664 5663 5776
3 5779 5778 5777
3 5778 5665 5777
3 5778 5774 5665
3 5774 5662 5665
3 5776 5780 5664
3 5780 5666 5664
3 5777 5667 5668
3 5777 5668 5779
3 5779 5668 5781
3 5777 5665 5667
3 5780 5670 5666
3 5782 5670 5780
3 5670 5782 5783
3 5671 5670 5783
3 5781 5668 5784
3 5784 5668 5672
3 5783 5785 5671
3 5785 5673 5671
3 5784 5672 5786
3 5786 5672 5674
3 5785 5787 5673
3 5787 5675 5673
3 5790 5789 5788
3 5789 5676 5788
3 5789 5786 5676
3 5786 5674 5676
3 5787 5791 5675
3 5791 5677 5675
3 5788 5678 5679
3 5788 5679 5790
3 5790 5679 5792
3 5788 5676 5678
3 5791 5793 5677
3 5793 5680 5677
3 5792 5679 5794
3 5794 5679 5681
3 5793 5795 5680
3 5795 5682 5680
3 5794 5681 5796
3 5796 5681 5684
3 5795 5797 5682
3 5797 5685 5682
3 5796 5684 5686
3 5798 5796 5686
3 5686 5799 5798
3 5687 5799 5686
3 5797 5800 5685
3 5800 5688 5685
3 5799 5687 5801
3 5801 5687 5689
3 5800 5802 5688
3 5802 5690 5688
3 5801 5689 5803
3 5803 5689 5691
3 5802 5804 5690
3 5804 5692 5690
3 5803 5691 5805
3 5805 5691 5694
3 5696 5806 5807
3 5695 5806 5696
3 5806 5695 5692
3 5804 5806 5692
3 5805 5694 5697
3 5808 5805 5697
3 5697 5809 5808
3 5698 5809 5697
3 5807 5810 5696
3 5810 5700 5696
3 5809 5698 5701
3 5811 5809 5701
3 5701 5812 5811
3 5702 5812 5701
3 5704 5813 5814
3 5703 5813 5704
3 5813 5703 5700
3 5810 5813 5700
3 5812 5702 5815
3 5815 5702 5705
3 5707 5816 5817
3 5706 5816 5707
3 5816 5706 5704
3 5814 5816 5704
3 5815 5705 5708
3 5818 5815 5708
3 5708 5819 5818
3 5709 5819 5708
3 5710 5820 5711
3 5820 5710 5707
3 5820 5707 5821
3 5821 5707 5817
3 5819 5709 5712
3 5822 5819 5712
3 5712 5823 5822
3 5713 5823 5712
3 5824 5711 5820
3 5824 5825 5711
3 5825 5714 5711
3 5820 5821 5824
3 5823 5713 5715
3 5826 5823 5715
3 5715 5827 5826
3 5716 5827 5715
3 5718 5828 5829
3 5717 5828 5718
3 5828 5717 5830
3 5717 5719 5830
3 5830 5719 5714
3 5825 5830 5714
3 5827 5716 5720
3 5831 5827 5720
3 5831 5720 5832
3 5720 5721 5832
3 5721 5833 5832
3 5722 5833 5721
3 5724 5834 5835
3 5723 5834 5724
3 5834 5723 5718
3 5829 5834 5718
3 5833 5722 5725
3 5836 5833 5725
3 5836 5725 5837
3 5725 5726 5837
3 5837 5726 5838
3 5726 5727 5838
3 5838 5727 5839
3 5727 5728 5839
3 5839 5728 5840
3 5728 5729 5840
3 5840 5729 5841
3 5729 5730 5841
3 5841 5730 5842
3 5730 5731 5842
3 5842 5731 5843
3 5731 5732 5843
3 5843 5732 5844
3 5732 5733 5844
3 5844 5733 5845
3 5733 5734 5845
3 5845 5734 5846
3 5734 5735 5846
3 5846 5735 5847
3 5735 5736 5847
3 5847 5736 5848
3 5736 5737 5848
3 5848 5737 5724
3 5835 5848 5724
3 5738 5739 5849
3 5849 5851 5850
3 5849 5850 5738
3 5738 5850 5740
3 5850 5852 5740
3 5740 5852 5741
3 5852 5853 5741
3 5741 5853 5742
3 5853 5854 5742
3 5742 5854 5743
3 5743 5854 5855
3 5744 5743 5855
3 5746 5857 5856
3 5745 5746 5856
3 5856 5858 5745
3 5745 5858 5747
3 5858 5859 5747
3 5747 5859 5748
3 5859 5860 5748
3 5748 5860 5749
3 5739 5861 5849
3 5739 5749 5861
3 5749 5860 5861
3 5849 5861 5851
3 5855 5750 5744
3 5862 5750 5855
3 5862 5863 5750
3 5750 5863 5751
3 5863 5864 5751
3 5751 5864 5752
3 5864 5865 5752
3 5752 5865 5753
3 5753 5865 5866
3 5754 5753 5866
3 5756 5868 5867
3 5755 5756 5867
3 5867 5869 5755
3 5755 5869 5757
3 5869 5870 5757
3 5757 5870 5758
3 5870 5746 5758
3 5857 5746 5870
3 5866 5759 5754
3 5871 5759 5866
3 5871 5872 5759
3 5759 5872 5760
3 5760 5872 5873
3 5761 5760 5873
3 5763 5875 5874
3 5762 5763 5874
3 5874 5876 5762
3 5762 5876 5764
3 5876 5756 5764
3 5868 5756 5876
3 5873 5765 5761
3 5877 5765 5873
3 5765 5877 5878
3 5766 5765 5878
3 5768 5880 5879
3 5767 5768 5879
3 5879 5763 5767
3 5875 5763 5879
3 5878 5881 5766
3 5881 5769 5766
3 5771 5883 5882
3 5770 5771 5882
3 5882 5768 5770
3 5880 5768 5882
3 5881 5772 5769
3 5884 5772 5881
3 5772 5884 5885
3 5773 5772 5885
3 5883 5771 5886
3 5886 5771 5774
3 5885 5775 5773
3 5887 5775 5885
3 5775 5887 5888
3 5776 5775 5888
3 5779 5890 5889
3 5778 5779 5889
3 5889 5774 5778
3 5886 5774 5889
3 5888 5891 5776
3 5891 5780 5776
3 5890 5779 5892
3 5892 5779 5781
3 5891 5782 5780
3 5893 5782 5891
3 5782 5893 5894
3 5783 5782 5894
3 5892 5781 5895
3 5895 5781 5784
3 5894 5896 5783
3 5896 5785 5783
3 5895 5784 5897
3 5897 5784 5786
3 5896 5898 5785
3 5898 5787 5785
3 5790 5900 5899
3 5789 5790 5899
3 5899 5786 5789
3 5897 5786 5899
3 5898 5901 5787
3 5901 5791 5787
3 5900 5790 5902
3 5902 5790 5792
3 5903 5901 5904
3 5903 5793 5901
3 5793 5791 5901
3 5904 5905 5903
3 5902 5792 5906
3 5906 5792 5794
3 5907 5793 5903
3 5795 5793 5907
3 5905 5908 5907
3 5903 5905 5907
3 5906 5794 5909
3 5909 5794 5796
3 5910 5795 5907
3 5910 5911 5795
3 5911 5797 5795
3 5907 5908 5910
3 5798 5912 5913
3 5798 5913 5796
3 5796 5913 5909
3 5798 5799 5912
3 5911 5914 5797
3 5914 5800 5797
3 5913 5912 5915
3 5912 5916 5915
3 5912 5799 5916
3 5799 5801 5916
3 5914 5917 5800
3 5917 5802 5800
3 5916 5801 5918
3 5918 5801 5803
3 5917 5919 5802
3 5919 5804 5802
3 5918 5803 5920
3 5920 5803 5805
3 5807 5921 5922
3 5806 5921 5807
3 5921 5806 5804
3 5919 5921 5804
3 5920 5805 5808
3 5923 5920 5808
3 5808 5924 5923
3 5809 5924 5808
3 5922 5925 5807
3 5925 5810 5807
3 5924 5809 5811
3 5926 5924 5811
3 5811 5927 5926
3 5812 5927 5811
3 5814 5928 5929
3 5813 5928 5814
3 5928 5813 5810
3 5925 5928 5810
3 5927 5812 5930
3 5930 5812 5815
3 5817 5931 5932
3 5816 5931 5817
3 5931 5816 5814
3 5929 5931 5814
3 5930 5815 5818
3 5933 5930 5818
3 5818 5934 5933
3 5819 5934 5818
3 5932 5935 5817
3 5935 5821 5817
3 5934 5819 5822
3 5936 5934 5822
3 5822 5937 5936
3 5823 5937 5822
3 5825 5938 5939
3 5824 5938 5825
3 5938 5824 5821
3 5935 5938 5821
3 5937 5823 5826
3 5940 5937 5826
3 5826 5941 5940
3 5827 5941 5826
3 5828 5942 5829
3 5942 5943 5944
3 5942 5828 5943
3 5828 5830 5943
3 5943 5830 5825
3 5939 5943 5825
3 5941 5827 5831
3 5945 5941 5831
3 5945 5831 5946
3 5831 5832 5946
3 5832 5947 5946
3 5833 5947 5832
3 5835 5948 5949
3 5834 5948 5835
3 5829 5942 5950
3 5829 5950 5834
3 5834 5950 5948
3 5942 5944 5950
3 5947 5833 5836
3 5951 5947 5836
3 5951 5836 5952
3 5836 5837 5952
3 5952 5837 5953
3 5837 5838 5953
3 5953 5838 5954
3 5838 5839 5954
3 5954 5839 5955
3 5839 5840 5955
3 5955 5840 5956
3 5840 5841 5956
3 5956 5841 5957
3 5841 5842 5957
3 5957 5842 5958
3 5842 5843 5958
3 5958 5843 5959
3 5843 5844 5959
3 5959 5844 5960
3 5844 5845 5960
3 5960 5845 5961
3 5845 5846 5961
3 5961 5846 5962
3 5846 5847 5962
3 5962 5847 5963
3 5847 5848 5963
3 5963 5848 5835
3 5949 5963 5835
3 5850 5851 5964
3 5964 5966 5965
3 5964 5965 5850
3 5850 5965 5852
3 5965 5967 5852
3 5852 5967 5853
3 5969 5968 5854
3 5969 5854 5967
3 5967 5854 5853
3 5854 5968 5855
3 5857 5971 5970
3 5856 5857 5970
3 5970 5972 5856
3 5856 5972 5858
3 5972 5973 5858
3 5858 5973 5859
3 5973 5974 5859
3 5859 5974 5860
3 5974 5975 5860
3 5860 5975 5861
3 5851 5976 5964
3 5851 5861 5976
3 5861 5975 5976
3 5964 5976 5966
3 5969 5977 5968
3 5968 5862 5855
3 5968 5977 5862
3 5977 5978 5862
3 5978 5979 5862
3 5862 5979 5863
3 5979 5980 5863
3 5863 5980 5864
3 5980 5981 5864
3 5864 5981 5865
3 5865 5981 5982
3 5866 5865 5982
3 5868 5984 5983
3 5867 5868 5983
3 5983 5985 5867
3 5867 5985 5869
3 5985 5986 5869
3 5869 5986 5870
3 5986 5857 5870
3 5971 5857 5986
3 5982 5871 5866
3 5987 5871 5982
3 5987 5988 5871
3 5871 5988 5872
3 5872 5988 5989
3 5873 5872 5989
3 5875 5991 5990
3 5874 5875 5990
3 5990 5992 5874
3 5874 5992 5876
3 5992 5868 5876
3 5984 5868 5992
3 5989 5877 5873
3 5993 5877 5989
3 5877 5993 5994
3 5878 5877 5994
3 5997 5996 5995
3 5880 5995 5996
3 5880 5996 5879
3 5879 5996 5998
3 5998 5875 5879
3 5991 5875 5998
3 5994 5999 5878
3 5999 5881 5878
3 5995 5882 5883
3 5995 5883 5997
3 5997 5883 6000
3 5995 5880 5882
3 5999 5884 5881
3 6001 5884 5999
3 5884 6001 6002
3 5885 5884 6002
3 6000 5883 6003
3 6003 5883 5886
3 6002 5887 5885
3 6004 5887 6002
3 5887 6004 6005
3 5888 5887 6005
3 5890 6007 6006
3 5889 5890 6006
3 6006 5886 5889
3 6003 5886 6006
3 6005 6008 5888
3 6008 5891 5888
3 6007 5890 6009
3 6009 5890 5892
3 6008 5893 5891
3 6010 5893 6008
3 5893 6010 6011
3 5894 5893 6011
3 6009 5892 6012
3 6012 5892 5895
3 6011 6013 5894
3 6013 5896 5894
3 6012 5895 6014
3 6014 5895 5897
3 6013 6015 5896
3 6015 5898 5896
3 5900 6017 6016
3 5899 5900 6016
3 6016 5897 5899
3 6014 5897 6016
3 6018 6015 6019
3 6018 5901 6015
3 5901 5898 6015
3 6019 6020 6018
3 6017 5900 6021
3 6021 5900 5902
3 6018 5904 5901
3 5904 6018 6020
3 5904 6020 5905
3 5905 6020 6022
3 6021 5902 6023
3 6023 5902 5906
3 6022 6024 5905
3 6024 5908 5905
3 6023 5906 6025
3 6025 5906 5909
3 5910 6026 5911
3 6026 5910 5908
3 6026 5908 6027
3 6027 5908 6024
3 6025 5909 6028
3 6028 5909 5913
3 6029 5911 6026
3 6029 6030 5911
3 6030 5914 5911
3 6026 6027 6029
3 6028 5913 5915
3 6031 6028 5915
3 5915 6032 6031
3 5916 6032 5915
3 6030 6033 5914
3 6033 5917 5914
3 6032 5916 6034
3 6034 5916 5918
3 6033 6035 5917
3 6035 5919 5917
3 6034 5918 6036
3 6036 5918 5920
3 5922 6037 6038
3 5921 6037 5922
3 6037 5921 5919
3 6035 6037 5919
3 6036 5920 5923
3 6039 6036 5923
3 5923 6040 6039
3 5924 6040 5923
3 6038 6041 5922
3 6041 5925 5922
3 6040 5924 5926
3 6042 6040 5926
3 5926 6043 6042
3 5927 6043 5926
3 5929 6044 6045
3 5928 6044 5929
3 6044 5928 5925
3 6041 6044 5925
3 6043 5927 6046
3 6046 5927 5930
3 5932 6047 6048
3 5931 6047 5932
3 6047 5931 5929
3 6045 6047 5929
3 6046 5930 5933
3 6049 6046 5933
3 5933 6050 6049
3 5934 6050 5933
3 6048 6051 5932
3 6051 5935 5932
3 6050 5934 5936
3 6052 6050 5936
3 5936 6053 6052
3 5937 6053 5936
3 5939 6054 6055
3 5938 6054 5939
3 6054 5938 5935
3 6051 6054 5935
3 6053 5937 5940
3 6056 6053 5940
3 5940 6057 6056
3 5941 6057 5940
3 5944 6058 6059
3 5943 6058 5944
3 6058 5943 5939
3 6055 6058 5939
3 6057 5941 5945
3 6060 6057 5945
3 6060 5945 6061
3 5945 5946 6061
3 5946 6062 6061
3 5947 6062 5946
3 5949 6063 6064
3 5948 6063 5949
3 6063 5948 6065
3 5948 5950 6065
3 6065 5950 5944
3 6059 6065 5944
3 6062 5947 5951
3 6066 6062 5951
3 6066 5951 6067
3 5951 5952 6067
3 6067 5952 6068
3 5952 5953 6068
3 6068 5953 6069
3 5953 5954 6069
3 6069 5954 6070
3 5954 5955 6070
3 6070 5955 6071
3 5955 5956 6071
3 6071 5956 6072
3 5956 5957 6072
3 6072 5957 6073
3 5957 5958 6073
3 6073 5958 6074
3 5958 5959 6074
3 6074 5959 6075
3 5959 5960 6075
3 6075 5960 6076
3 5960 5961 6076
3 6076 5961 6077
3 5961 5962 6077
3 6077 5962 6078
3 5962 5963 6078
3 6078 5963 5949
3 6064 6078 5949
3 5965 5966 6079
3 5967 5965 6079
3 6080 5967 6079
3 5967 6080 5969
3 5971 6082 6081
3 5970 5971 6081
3 6081 6083 5970
3 5970 6083 5972
3 6083 6084 5972
3 5972 6084 5973
3 6084 6085 5973
3 5973 6085 5974
3 6085 6086 5974
3 5974 6086 5975
3 6086 6087 5975
3 5975 6087 5976
3 5966 6088 6079
3 5966 5976 6088
3 5976 6087 6088
3 6079 6089 6080
3 6088 6089 6079
3 6080 5977 5969
3 6080 6089 5977
3 6089 6090 5977
3 6090 6091 5977
3 5977 6091 5978
3 6091 6092 5978
3 5978 6092 5979
3 6092 6093 5979
3 5979 6093 5980
3 6093 6094 5980
3 5980 6094 5981
3 5981 6094 6095
3 5982 5981 6095
3 5984 6097 6096
3 5983 5984 6096
3 6096 6098 5983
3 5983 6098 5985
3 6098 6099 5985
3 5985 6099 5986
3 6099 5971 5986
3 6082 5971 6099
3 6095 5987 5982
3 6100 5987 6095
3 6100 6101 5987
3 5987 6101 5988
3 5988 6101 6102
3 5989 5988 6102
3 5991 6104 6103
3 5990 5991 6103
3 6103 6105 5990
3 5990 6105 5992
3 6105 5984 5992
3 6097 5984 6105
3 6102 5993 5989
3 6106 5993 6102
3 5993 6106 6107
3 5994 5993 6107
3 5997 6109 6108
3 5996 5997 6108
3 6108 6110 5996
3 5996 6110 5998
3 6110 5991 5998
3 6104 5991 6110
3 6107 6111 5994
3 6111 5999 5994
3 6109 5997 6112
3 6112 5997 6000
3 6111 6001 5999
3 6113 6001 6111
3 6001 6113 6114
3 6002 6001 6114
3 6112 6000 6115
3 6115 6000 6003
3 6114 6004 6002
3 6116 6004 6114
3 6004 6116 6117
3 6005 6004 6117
3 6007 6119 6118
3 6006 6007 6118
3 6118 6003 6006
3 6115 6003 6118
3 6117 6120 6005
3 6120 6008 6005
3 6119 6007 6121
3 6121 6007 6009
3 6120 6010 6008
3 6122 6010 6120
3 6010 6122 6123
3 6011 6010 6123
3 6121 6009 6124
3 6124 6009 6012
3 6123 6125 6011
3 6125 6013 6011
3 6124 6012 6126
3 6126 6012 6014
3 6125 6127 6013
3 6127 6015 6013
3 6017 6129 6128
3 6016 6017 6128
3 6128 6014 6016
3 6126 6014 6128
3 6127 6019 6015
3 6130 6019 6127
3 6019 6130 6131
3 6020 6019 6131
3 6129 6017 6132
3 6132 6017 6021
3 6131 6133 6020
3 6133 6022 6020
3 6132 6021 6134
3 6134 6021 6023
3 6133 6135 6022
3 6135 6024 6022
3 6134 6023 6136
3 6136 6023 6025
3 6135 6137 6024
3 6137 6027 6024
3 6136 6025 6138
3 6138 6025 6028
3 6029 6139 6030
3 6139 6029 6027
3 6139 6027 6140
3 6140 6027 6137
3 6031 6141 6142
3 6031 6142 6028
3 6028 6142 6138
3 6031 6032 6141
3 6143 6030 6139
3 6143 6144 6030
3 6144 6033 6030
3 6139 6140 6143
3 6142 6141 6145
3 6141 6146 6145
3 6141 6032 6146
3 6032 6034 6146
3 6144 6147 6033
3 6147 6035 6033
3 6146 6034 6148
3 6148 6034 6036
3 6038 6149 6150
3 6037 6149 6038
3 6149 6037 6035
3 6147 6149 6035
3 6148 6036 6039
3 6151 6148 6039
3 6039 6152 6151
3 6040 6152 6039
3 6150 6153 6038
3 6153 6041 6038
3 6152 6040 6042
3 6154 6152 6042
3 6042 6155 6154
3 6043 6155 6042
3 6045 6156 6157
3 6044 6156 6045
3 6156 6044 6041
3 6153 6156 6041
3 6155 6043 6158
3 6158 6043 6046
3 6047 6159 6048
3 6159 6047 6045
3 6159 6045 6160
3 6160 6045 6157
3 6158 6046 6049
3 6161 6158 6049
3 6049 6162 6161
3 6050 6162 6049
3 6163 6048 6159
3 6163 6164 6048
3 6164 6051 6048
3 6159 6160 6163
3 6162 6050 6052
3 6165 6162 6052
3 6052 6166 6165
3 6053 6166 6052
3 6055 6167 6168
3 6054 6167 6055
3 6167 6054 6051
3 6164 6167 6051
3 6166 6053 6056
3 6169 6166 6056
3 6056 6170 6169
3 6057 6170 6056
3 6059 6171 6172
3 6058 6171 6059
3 6171 6058 6055
3 6168 6171 6055
3 6170 6057 6060
3 6173 6170 6060
3 6173 6060 6174
3 6060 6061 6174
3 6061 6175 6174
3 6062 6175 6061
3 6064 6176 6177
3 6063 6176 6064
3 6176 6063 6178
3 6063 6065 6178
3 6178 6065 6059
3 6172 6178 6059
3 6175 6062 6066
3 6179 6175 6066
3 6179 6066 6180
3 6066 6067 6180
3 6180 6067 6181
3 6067 6068 6181
3 6181 6068 6182
3 6068 6069 6182
3 6182 6069 6183
3 6069 6070 6183
3 6183 6070 6184
3 6070 6071 6184
3 6184 6071 6185
3 6071 6072 6185
3 6185 6072 6186
3 6072 6073 6186
3 6186 6073 6187
3 6073 6074 6187
3 6187 6074 6188
3 6074 6075 6188
3 6188 6075 6189
3 6075 6076 6189
3 6189 6076 6190
3 6076 6077 6190
3 6190 6077 6191
3 6077 6078 6191
3 6191 6078 6064
3 6177 6191 6064
3 6082 6193 6192
3 6081 6082 6192
3 6192 6194 6081
3 6081 6194 6083
3 6194 6195 6083
3 6083 6195 6084
3 6195 6196 6084
3 6084 6196 6085
3 6196 6197 6085
3 6085 6197 6086
3 6197 6198 6086
3 6086 6198 6087
3 6198 6199 6087
3 6087 6199 6088
3 6199 6200 6088
3 6088 6200 6089
3 6200 6201 6089
3 6089 6201 6090
3 6201 6202 6090
3 6090 6202 6091
3 6202 6203 6091
3 6091 6203 6092
3 6203 6204 6092
3 6092 6204 6093
3 6204 6205 6093
3 6093 6205 6094
3 6094 6205 6206
3 6095 6094 6206
3 6097 6208 6207
3 6096 6097 6207
3 6207 6209 6096
3 6096 6209 6098
3 6209 6210 6098
3 6098 6210 6099
3 6210 6082 6099
3 6193 6082 6210
3 6206 6100 6095
3 6211 6100 6206
3 6211 6212 6100
3 6100 6212 6101
3 6101 6212 6213
3 6102 6101 6213
3 6104 6215 6214
3 6103 6104 6214
3 6214 6216 6103
3 6103 6216 6105
3 6216 6097 6105
3 6208 6097 6216
3 6213 6106 6102
3 6217 6106 6213
3 6106 6217 6218
3 6107 6106 6218
3 6109 6220 6219
3 6108 6109 6219
3 6219 6221 6108
3 6108 6221 6110
3 6221 6104 6110
3 6215 6104 6221
3 6218 6222 6107
3 6222 6111 6107
3 6220 6109 6223
3 6223 6109 6112
3 6222 6113 6111
3 6224 6113 6222
3 6113 6224 6225
3 6114 6113 6225
3 6223 6112 6226
3 6226 6112 6115
3 6225 6116 6114
3 6227 6116 6225
3 6116 6227 6228
3 6117 6116 6228
3 6119 6230 6229
3 6118 6119 6229
3 6229 6115 6118
3 6226 6115 6229
3 6228 6231 6117
3 6231 6120 6117
3 6230 6119 6232
3 6232 6119 6121
3 6231 6122 6120
3 6233 6122 6231
3 6122 6233 6234
3 6123 6122 6234
3 6232 6121 6235
3 6235 6121 6124
3 6234 6236 6123
3 6236 6125 6123
3 6235 6124 6237
3 6237 6124 6126
3 6238 6236 6239
3 6238 6127 6236
3 6127 6125 6236
3 6239 6240 6238
3 6129 6242 6241
3 6128 6129 6241
3 6241 6126 6128
3 6237 6126 6241
3 6238 6130 6127
3 6130 6238 6240
3 6130 6240 6131
3 6131 6240 6243
3 6242 6129 6244
3 6244 6129 6132
3 6243 6245 6131
3 6245 6133 6131
3 6244 6132 6246
3 6246 6132 6134
3 6245 6247 6133
3 6247 6135 6133
3 6246 6134 6248
3 6248 6134 6136
3 6247 6249 6135
3 6249 6137 6135
3 6248 6136 6250
3 6250 6136 6138
3 6249 6251 6137
3 6251 6140 6137
3 6250 6138 6252
3 6252 6138 6142
3 6144 6253 6254
3 6143 6253 6144
3 6253 6143 6140
3 6251 6253 6140
3 6252 6142 6145
3 6255 6252 6145
3 6145 6256 6255
3 6146 6256 6145
3 6254 6257 6144
3 6257 6147 6144
3 6256 6146 6258
3 6258 6146 6148
3 6150 6259 6260
3 6149 6259 6150
3 6259 6149 6147
3 6257 6259 6147
3 6258 6148 6151
3 6261 6258 6151
3 6151 6262 6261
3 6152 6262 6151
3 6260 6263 6150
3 6263 6153 6150
3 6262 6152 6154
3 6264 6262 6154
3 6154 6265 6264
3 6155 6265 6154
3 6157 6266 6267
3 6156 6266 6157
3 6266 6156 6153
3 6263 6266 6153
3 6265 6155 6268
3 6268 6155 6158
3 6267 6269 6157
3 6269 6160 6157
3 6268 6158 6161
3 6270 6268 6161
3 6161 6271 6270
3 6162 6271 6161
3 6164 6272 6273
3 6163 6272 6164
3 6272 6163 6160
3 6269 6272 6160
3 6271 6162 6165
3 6274 6271 6165
3 6165 6275 6274
3 6166 6275 6165
3 6168 6276 6277
3 6167 6276 6168
3 6276 6167 6164
3 6273 6276 6164
3 6275 6166 6169
3 6278 6275 6169
3 6169 6279 6278
3 6170 6279 6169
3 6172 6280 6281
3 6171 6280 6172
3 6280 6171 6168
3 6277 6280 6168
3 6279 6170 6173
3 6282 6279 6173
3 6282 6173 6283
3 6173 6174 6283
3 6174 6284 6283
3 6175 6284 6174
3 6177 6285 6286
3 6176 6285 6177
3 6285 6176 6287
3 6176 6178 6287
3 6287 6178 6172
3 6281 6287 6172
3 6284 6175 6179
3 6288 6284 6179
3 6288 6179 6289
3 6179 6180 6289
3 6289 6180 6290
3 6180 6181 6290
3 6290 6181 6291
3 6181 6182 6291
3 6291 6182 6292
3 6182 6183 6292
3 6292 6183 6293
3 6183 6184 6293
3 6293 6184 6294
3 6184 6185 6294
3 6294 6185 6295
3 6185 6186 6295
3 6295 6186 6296
3 6186 6187 6296
3 6296 6187 6297
3 6187 6188 6297
3 6297 6188 6298
3 6188 6189 6298
3 6298 6189 6299
3 6189 6190 6299
3 6299 6190 6300
3 6190 6191 6300
3 6300 6191 6177
3 6286 6300 6177
3 6193 6302 6301
3 6192 6193 6301
3 6301 6303 6192
3 6192 6303 6194
3 6303 6304 6194
3 6194 6304 6195
3 6304 6305 6195
3 6195 6305 6196
3 6305 6306 6196
3 6196 6306 6197
3 6306 6307 6197
3 6197 6307 6198
3 6307 6308 6198
3 6198 6308 6199
3 6308 6309 6199
3 6199 6309 6200
3 6309 6310 6200
3 6200 6310 6201
3 6310 6311 6201
3 6201 6311 6202
3 6311 6312 6202
3 6202 6312 6203
3 6312 6313 6203
3 6203 6313 6204
3 6313 6314 6204
3 6204 6314 6205
3 6205 6314 6315
3 6206 6205 6315
3 6208 6317 6316
3 6207 6208 6316
3 6316 6318 6207
3 6207 6318 6209
3 6318 6319 6209
3 6209 6319 6210
3 6319 6193 6210
3 6302 6193 6319
3 6315 6211 6206
3 6320 6211 6315
3 6320 6321 6211
3 6211 6321 6212
3 6212 6321 6322
3 6213 6212 6322
3 6215 6324 6323
3 6214 6215 6323
3 6323 6325 6214
3 6214 6325 6216
3 6325 6208 6216
3 6317 6208 6325
3 6322 6217 6213
3 6326 6217 6322
3 6217 6326 6327
3 6218 6217 6327
3 6220 6329 6328
3 6219 6220 6328
3 6328 6330 6219
3 6219 6330 6221
3 6330 6215 6221
3 6324 6215 6330
3 6327 6331 6218
3 6331 6222 6218
3 6329 6220 6332
3 6332 6220 6223
3 6331 6224 6222
3 6333 6224 6331
3 6224 6333 6334
3 6225 6224 6334
3 6332 6223 6335
3 6335 6223 6226
3 6334 6227 6225
3 6336 6227 6334
3 6227 6336 6337
3 6228 6227 6337
3 6230 6339 6338
3 6229 6230 6338
3 6338 6226 6229
3 6335 6226 6338
3 6337 6340 6228
3 6340 6231 6228
3 6339 6230 6341
3 6341 6230 6232
3 6340 6233 6231
3 6342 6233 6340
3 6233 6342 6343
3 6234 6233 6343
3 6341 6232 6344
3 6344 6232 6235
3 6343 6345 6234
3 6345 6236 6234
3 6344 6235 6346
3 6346 6235 6237
3 6345 6239 6236
3 6347 6239 6345
3 6239 6347 6348
3 6240 6239 6348
3 6242 6350 6349
3 6241 6242 6349
3 6349 6237 6241
3 6346 6237 6349
3 6348 6351 6240
3 6351 6243 6240
3 6350 6242 6352
3 6352 6242 6244
3 6351 6353 6243
3 6353 6245 6243
3 6352 6244 6354
3 6354 6244 6246
3 6353 6355 6245
3 6355 6247 6245
3 6354 6246 6356
3 6356 6246 6248
3 6355 6357 6247
3 6357 6249 6247
3 6356 6248 6358
3 6358 6248 6250
3 6357 6359 6249
3 6359 6251 6249
3 6358 6250 6360
3 6360 6250 6252
3 6254 6361 6362
3 6253 6361 6254
3 6361 6253 6251
3 6359 6361 6251
3 6360 6252 6255
3 6363 6360 6255
3 6255 6364 6363
3 6256 6364 6255
3 6362 6365 6254
3 6365 6257 6254
3 6364 6256 6366
3 6366 6256 6258
3 6260 6367 6368
3 6259 6367 6260
3 6367 6259 6257
3 6365 6367 6257
3 6366 6258 6261
3 6369 6366 6261
3 6261 6370 6369
3 6262 6370 6261
3 6368 6371 6260
3 6371 6263 6260
3 6370 6262 6264
3 6372 6370 6264
3 6264 6373 6372
3 6265 6373 6264
3 6267 6374 6375
3 6266 6374 6267
3 6374 6266 6263
3 6371 6374 6263
3 6373 6265 6376
3 6376 6265 6268
3 6375 6377 6267
3 6377 6269 6267
3 6376 6268 6270
3 6378 6376 6270
3 6270 6379 6378
3 6271 6379 6270
3 6273 6380 6381
3 6272 6380 6273
3 6380 6272 6269
3 6377 6380 6269
3 6379 6271 6274
3 6382 6379 6274
3 6274 6383 6382
3 6275 6383 6274
3 6277 6384 6385
3 6276 6384 6277
3 6384 6276 6273
3 6381 6384 6273
3 6383 6275 6278
3 6386 6383 6278
3 6278 6387 6386
3 6279 6387 6278
3 6281 6388 6389
3 6280 6388 6281
3 6388 6280 6277
3 6385 6388 6277
3 6387 6279 6282
3 6390 6387 6282
3 6390 6282 6391
3 6282 6283 6391
3 6283 6392 6391
3 6284 6392 6283
3 6286 6393 6394
3 6285 6393 6286
3 6393 6285 6395
3 6285 6287 6395
3 6395 6287 6281
3 6389 6395 6281
3 6392 6284 6288
3 6396 6392 6288
3 6396 6288 6397
3 6288 6289 6397
3 6397 6289 6398
3 6289 6290 6398
3 6398 6290 6399
3 6290 6291 6399
3 6399 6291 6400
3 6291 6292 6400
3 6400 6292 6401
3 6292 6293 6401
3 6401 6293 6402
3 6293 6294 6402
3 6402 6294 6403
3 6294 6295 6403
3 6403 6295 6404
3 6295 6296 6404
3 6404 6296 6405
3 6296 6297 6405
3 6405 6297 6406
3 6297 6298 6406
3 6406 6298 6407
3 6298 6299 6407
3 6407 6299 6408
3 6299 6300 6408
3 6408 6300 6286
3 6394 6408 6286
3 6302 6410 6409
3 6301 6302 6409
3 6409 6411 6301
3 6301 6411 6303
3 6411 6412 6303
3 6303 6412 6304
3 6412 6413 6304
3 6304 6413 6305
3 6413 6414 6305
3 6305 6414 6306
3 6414 6415 6306
3 6306 6415 6307
3 6415 6416 6307
3 6307 6416 6308
3 6416 6417 6308
3 6308 6417 6309
3 6417 6418 6309
3 6309 6418 6310
3 6418 6419 6310
3 6310 6419 6311
3 6419 6420 6311
3 6311 6420 6312
3 6420 6421 6312
3 6312 6421 6313
3 6421 6422 6313
3 6313 6422 6314
3 6314 6422 6423
3 6315 6314 6423
3 6317 6425 6424
3 6316 6317 6424
3 6424 6426 6316
3 6316 6426 6318
3 6426 6427 6318
3 6318 6427 6319
3 6427 6302 6319
3 6410 6302 6427
3 6423 6320 6315
3 6428 6320 6423
3 6428 6429 6320
3 6320 6429 6321
3 6321 6429 6430
3 6322 6321 6430
3 6433 6432 6431
3 6324 6431 6432
3 6324 6432 6323
3 6323 6432 6434
3 6434 6435 6323
3 6323 6435 6325
3 6435 6317 6325
3 6425 6317 6435
3 6430 6326 6322
3 6436 6326 6430
3 6326 6436 6437
3 6327 6326 6437
3 6329 6439 6438
3 6328 6329 6438
3 6431 6438 6433
3 6431 6330 6438
3 6330 6328 6438
3 6431 6324 6330
3 6437 6440 6327
3 6440 6331 6327
3 6439 6329 6441
3 6441 6329 6332
3 6440 6333 6331
3 6442 6333 6440
3 6333 6442 6443
3 6334 6333 6443
3 6441 6332 6444
3 6444 6332 6335
3 6443 6336 6334
3 6445 6336 6443
3 6336 6445 6446
3 6337 6336 6446
3 6339 6448 6447
3 6338 6339 6447
3 6447 6335 6338
3 6444 6335 6447
3 6446 6449 6337
3 6449 6340 6337
3 6448 6339 6450
3 6450 6339 6341
3 6449 6342 6340
3 6451 6342 6449
3 6342 6451 6452
3 6343 6342 6452
3 6450 6341 6453
3 6453 6341 6344
3 6452 6454 6343
3 6454 6345 6343
3 6453 6344 6455
3 6455 6344 6346
3 6454 6347 6345
3 6456 6347 6454
3 6347 6456 6457
3 6348 6347 6457
3 6350 6459 6458
3 6349 6350 6458
3 6458 6346 6349
3 6455 6346 6458
3 6457 6460 6348
3 6460 6351 6348
3 6459 6350 6461
3 6461 6350 6352
3 6460 6462 6351
3 6462 6353 6351
3 6461 6352 6463
3 6463 6352 6354
3 6462 6464 6353
3 6464 6355 6353
3 6463 6354 6465
3 6465 6354 6356
3 6464 6466 6355
3 6466 6357 6355
3 6465 6356 6467
3 6467 6356 6358
3 6466 6468 6357
3 6468 6359 6357
3 6467 6358 6469
3 6469 6358 6360
3 6362 6470 6471
3 6361 6470 6362
3 6470 6361 6359
3 6468 6470 6359
3 6469 6360 6363
3 6472 6469 6363
3 6363 6473 6472
3 6364 6473 6363
3 6471 6474 6362
3 6474 6365 6362
3 6473 6364 6475
3 6475 6364 6366
3 6368 6476 6477
3 6367 6476 6368
3 6476 6367 6365
3 6474 6476 6365
3 6475 6366 6369
3 6478 6475 6369
3 6369 6479 6478
3 6370 6479 6369
3 6477 6480 6368
3 6480 6371 6368
3 6372 6481 6482
3 6372 6482 6370
3 6370 6482 6479
3 6372 6373 6481
3 6375 6483 6484
3 6374 6483 6375
3 6483 6374 6371
3 6480 6483 6371
3 6482 6481 6485
3 6481 6486 6485
3 6481 6373 6486
3 6373 6376 6486
3 6484 6487 6375
3 6487 6377 6375
3 6486 6376 6378
3 6488 6486 6378
3 6378 6489 6488
3 6379 6489 6378
3 6381 6490 6491
3 6380 6490 6381
3 6490 6380 6377
3 6487 6490 6377
3 6489 6379 6382
3 6492 6489 6382
3 6382 6493 6492
3 6383 6493 6382
3 6385 6494 6495
3 6384 6494 6385
3 6494 6384 6381
3 6491 6494 6381
3 6493 6383 6386
3 6496 6493 6386
3 6386 6497 6496
3 6387 6497 6386
3 6389 6498 6499
3 6388 6498 6389
3 6498 6388 6385
3 6495 6498 6385
3 6497 6387 6390
3 6500 6497 6390
3 6500 6390 6501
3 6390 6391 6501
3 6391 6502 6501
3 6392 6502 6391
3 6394 6503 6504
3 6393 6503 6394
3 6503 6393 6505
3 6393 6395 6505
3 6505 6395 6389
3 6499 6505 6389
3 6502 6392 6396
3 6506 6502 6396
3 6506 6396 6507
3 6396 6397 6507
3 6507 6397 6508
3 6397 6398 6508
3 6508 6398 6509
3 6398 6399 6509
3 6509 6399 6510
3 6399 6400 6510
3 6510 6400 6511
3 6400 6401 6511
3 6511 6401 6512
3 6401 6402 6512
3 6512 6402 6513
3 6402 6403 6513
3 6513 6403 6514
3 6403 6404 6514
3 6514 6404 6515
3 6404 6405 6515
3 6515 6405 6516
3 6405 6406 6516
3 6516 6406 6517
3 6406 6407 6517
3 6517 6407 6518
3 6407 6408 6518
3 6518 6408 6394
3 6504 6518 6394
3 6410 6520 6519
3 6409 6410 6519
3 6519 6521 6409
3 6409 6521 6411
3 6521 6522 6411
3 6411 6522 6412
3 6522 6523 6412
3 6412 6523 6413
3 6523 6524 6413
3 6413 6524 6414
3 6524 6525 6414
3 6414 6525 6415
3 6525 6526 6415
3 6415 6526 6416
3 6526 6527 6416
3 6416 6527 6417
3 6527 6528 6417
3 6417 6528 6418
3 6528 6529 6418
3 6418 6529 6419
3 6529 6530 6419
3 6419 6530 6420
3 6530 6531 6420
3 6420 6531 6421
3 6531 6532 6421
3 6421 6532 6422
3 6422 6532 6533
3 6423 6422 6533
3 6425 6535 6534
3 6424 6425 6534
3 6534 6536 6424
3 6424 6536 6426
3 6536 6537 6426
3 6426 6537 6427
3 6537 6410 6427
3 6520 6410 6537
3 6533 6428 6423
3 6538 6428 6533
3 6538 6539 6428
3 6428 6539 6429
3 6429 6539 6540
3 6430 6429 6540
3 6432 6433 6541
3 6541 6543 6542
3 6541 6542 6432
3 6432 6542 6434
3 6542 6544 6434
3 6434 6544 6435
3 6544 6425 6435
3 6535 6425 6544
3 6540 6436 6430
3 6545 6436 6540
3 6436 6545 6546
3 6437 6436 6546
3 6439 6548 6547
3 6438 6439 6547
3 6433 6549 6541
3 6433 6438 6549
3 6438 6547 6549
3 6541 6549 6543
3 6546 6550 6437
3 6550 6440 6437
3 6548 6439 6551
3 6551 6439 6441
3 6550 6442 6440
3 6552 6442 6550
3 6442 6552 6553
3 6443 6442 6553
3 6551 6441 6554
3 6554 6441 6444
3 6553 6445 6443
3 6555 6445 6553
3 6445 6555 6556
3 6446 6445 6556
3 6448 6558 6557
3 6447 6448 6557
3 6557 6444 6447
3 6554 6444 6557
3 6556 6559 6446
3 6559 6449 6446
3 6558 6448 6560
3 6560 6448 6450
3 6559 6451 6449
3 6561 6451 6559
3 6451 6561 6562
3 6452 6451 6562
3 6560 6450 6563
3 6563 6450 6453
3 6562 6564 6452
3 6564 6454 6452
3 6567 6566 6565
3 6566 6455 6565
3 6566 6563 6455
3 6563 6453 6455
3 6564 6456 6454
3 6568 6456 6564
3 6456 6568 6569
3 6457 6456 6569
3 6565 6458 6459
3 6565 6459 6567
3 6567 6459 6570
3 6565 6455 6458
3 6569 6571 6457
3 6571 6460 6457
3 6570 6459 6572
3 6572 6459 6461
3 6571 6573 6460
3 6573 6462 6460
3 6572 6461 6574
3 6574 6461 6463
3 6573 6575 6462
3 6575 6464 6462
3 6574 6463 6576
3 6576 6463 6465
3 6575 6577 6464
3 6577 6466 6464
3 6576 6465 6578
3 6578 6465 6467
3 6577 6579 6466
3 6579 6468 6466
3 6578 6467 6580
3 6580 6467 6469
3 6471 6581 6582
3 6470 6581 6471
3 6581 6470 6468
3 6579 6581 6468
3 6580 6469 6472
3 6583 6580 6472
3 6472 6584 6583
3 6473 6584 6472
3 6582 6585 6471
3 6585 6474 6471
3 6584 6473 6586
3 6586 6473 6475
3 6477 6587 6588
3 6476 6587 6477
3 6587 6476 6474
3 6585 6587 6474
3 6586 6475 6478
3 6589 6586 6478
3 6478 6590 6589
3 6479 6590 6478
3 6588 6591 6477
3 6591 6480 6477
3 6590 6479 6592
3 6592 6479 6482
3 6484 6593 6594
3 6483 6593 6484
3 6593 6483 6480
3 6591 6593 6480
3 6592 6482 6485
3 6595 6592 6485
3 6485 6596 6595
3 6486 6596 6485
3 6594 6597 6484
3 6597 6487 6484
3 6596 6486 6488
3 6598 6596 6488
3 6488 6599 6598
3 6489 6599 6488
3 6491 6600 6601
3 6490 6600 6491
3 6600 6490 6487
3 6597 6600 6487
3 6599 6489 6492
3 6602 6599 6492
3 6492 6603 6602
3 6493 6603 6492
3 6495 6604 6605
3 6494 6604 6495
3 6604 6494 6491
3 6601 6604 6491
3 6603 6493 6496
3 6606 6603 6496
3 6496 6607 6606
3 6497 6607 6496
3 6499 6608 6609
3 6498 6608 6499
3 6608 6498 6495
3 6605 6608 6495
3 6607 6497 6500
3 6610 6607 6500
3 6610 6500 6611
3 6500 6501 6611
3 6501 6612 6611
3 6502 6612 6501
3 6615 6613 6614
3 6504 6614 6613
3 6504 6503 6614
3 6503 6616 6614
3 6616 6503 6617
3 6503 6505 6617
3 6617 6505 6499
3 6609 6617 6499
3 6612 6502 6506
3 6618 6612 6506
3 6618 6506 6619
3 6506 6507 6619
3 6619 6507 6620
3 6507 6508 6620
3 6620 6508 6621
3 6508 6509 6621
3 6621 6509 6622
3 6509 6510 6622
3 6622 6510 6623
3 6510 6511 6623
3 6623 6511 6624
3 6511 6512 6624
3 6624 6512 6625
3 6512 6513 6625
3 6625 6513 6626
3 6513 6514 6626
3 6626 6514 6627
3 6514 6515 6627
3 6627 6515 6628
3 6515 6516 6628
3 6628 6516 6629
3 6516 6517 6629
3 6613 6615 6629
3 6613 6629 6518
3 6518 6629 6517
3 6613 6518 6504
3 6520 6631 6630
3 6519 6520 6630
3 6630 6632 6519
3 6519 6632 6521
3 6632 6633 6521
3 6521 6633 6522
3 6633 6634 6522
3 6522 6634 6523
3 6634 6635 6523
3 6523 6635 6524
3 6635 6636 6524
3 6524 6636 6525
3 6636 6637 6525
3 6525 6637 6526
3 6637 6638 6526
3 6526 6638 6527
3 6638 6639 6527
3 6527 6639 6528
3 6639 6640 6528
3 6528 6640 6529
3 6640 6641 6529
3 6529 6641 6530
3 6641 6642 6530
3 6530 6642 6531
3 6644 6643 6532
3 6644 6532 6642
3 6642 6532 6531
3 6532 6643 6533
3 6535 6646 6645
3 6534 6535 6645
3 6645 6647 6534
3 6534 6647 6536
3 6647 6648 6536
3 6536 6648 6537
3 6648 6520 6537
3 6631 6520 6648
3 6644 6649 6643
3 6643 6538 6533
3 6643 6649 6538
3 6649 6650 6538
3 6650 6651 6538
3 6538 6651 6539
3 6539 6651 6652
3 6540 6539 6652
3 6543 6654 6653
3 6542 6543 6653
3 6653 6655 6542
3 6542 6655 6544
3 6655 6535 6544
3 6646 6535 6655
3 6652 6545 6540
3 6656 6545 6652
3 6545 6656 6657
3 6546 6545 6657
3 6548 6659 6658
3 6547 6548 6658
3 6658 6660 6547
3 6547 6660 6549
3 6660 6543 6549
3 6654 6543 6660
3 6657 6661 6546
3 6661 6550 6546
3 6659 6548 6662
3 6662 6548 6551
3 6661 6552 6550
3 6663 6552 6661
3 6552 6663 6664
3 6553 6552 6664
3 6662 6551 6665
3 6665 6551 6554
3 6664 6555 6553
3 6666 6555 6664
3 6555 6666 6667
3 6556 6555 6667
3 6558 6669 6668
3 6557 6558 6668
3 6668 6554 6557
3 6665 6554 6668
3 6667 6670 6556
3 6670 6559 6556
3 6669 6558 6671
3 6671 6558 6560
3 6670 6561 6559
3 6672 6561 6670
3 6561 6672 6673
3 6562 6561 6673
3 6671 6560 6674
3 6674 6560 6563
3 6673 6675 6562
3 6675 6564 6562
3 6567 6677 6676
3 6566 6567 6676
3 6676 6563 6566
3 6674 6563 6676
3 6675 6568 6564
3 6678 6568 6675
3 6568 6678 6679
3 6569 6568 6679
3 6677 6567 6680
3 6680 6567 6570
3 6679 6681 6569
3 6681 6571 6569
3 6680 6570 6682
3 6682 6570 6572
3 6681 6683 6571
3 6683 6573 6571
3 6682 6572 6684
3 6684 6572 6574
3 6683 6685 6573
3 6685 6575 6573
3 6684 6574 6686
3 6686 6574 6576
3 6685 6687 6575
3 6687 6577 6575
3 6686 6576 6688
3 6688 6576 6578
3 6687 6689 6577
3 6689 6579 6577
3 6688 6578 6690
3 6690 6578 6580
3 6582 6691 6692
3 6581 6691 6582
3 6691 6581 6579
3 6689 6691 6579
3 6690 6580 6583
3 6693 6690 6583
3 6583 6694 6693
3 6584 6694 6583
3 6692 6695 6582
3 6695 6585 6582
3 6694 6584 6696
3 6696 6584 6586
3 6588 6697 6698
3 6587 6697 6588
3 6697 6587 6585
3 6695 6697 6585
3 6696 6586 6589
3 6699 6696 6589
3 6589 6700 6699
3 6590 6700 6589
3 6698 6701 6588
3 6701 6591 6588
3 6700 6590 6702
3 6702 6590 6592
3 6594 6703 6704
3 6593 6703 6594
3 6703 6593 6591
3 6701 6703 6591
3 6702 6592 6595
3 6705 6702 6595
3 6595 6706 6705
3 6596 6706 6595
3 6704 6707 6594
3 6707 6597 6594
3 6706 6596 6598
3 6708 6706 6598
3 6598 6709 6708
3 6599 6709 6598
3 6601 6710 6711
3 6600 6710 6601
3 6710 6600 6597
3 6707 6710 6597
3 6709 6599 6602
3 6712 6709 6602
3 6602 6713 6712
3 6603 6713 6602
3 6605 6714 6715
3 6604 6714 6605
3 6714 6604 6601
3 6711 6714 6601
3 6713 6603 6606
3 6716 6713 6606
3 6606 6717 6716
3 6607 6717 6606
3 6609 6718 6719
3 6608 6718 6609
3 6718 6608 6605
3 6715 6718 6605
3 6717 6607 6610
3 6720 6717 6610
3 6720 6610 6721
3 6610 6611 6721
3 6611 6722 6721
3 6612 6722 6611
3 6615 6723 6724
3 6614 6723 6615
3 6723 6614 6725
3 6614 6616 6725
3 6725 6616 6726
3 6616 6617 6726
3 6726 6617 6609
3 6719 6726 6609
3 6722 6612 6618
3 6727 6722 6618
3 6727 6618 6728
3 6618 6619 6728
3 6728 6619 6729
3 6619 6620 6729
3 6729 6620 6730
3 6620 6621 6730
3 6730 6621 6731
3 6621 6622 6731
3 6731 6622 6732
3 6622 6623 6732
3 6732 6623 6733
3 6623 6624 6733
3 6733 6624 6734
3 6624 6625 6734
3 6734 6625 6735
3 6625 6626 6735
3 6735 6626 6736
3 6626 6627 6736
3 6736 6627 6737
3 6627 6628 6737
3 6737 6628 6738
3 6628 6629 6738
3 6738 6629 6615
3 6724 6738 6615
3 6631 6740 6739
3 6630 6631 6739
3 6739 6741 6630
3 6630 6741 6632
3 6741 6742 6632
3 6632 6742 6633
3 6742 6743 6633
3 6633 6743 6634
3 6743 6744 6634
3 6634 6744 6635
3 6744 6745 6635
3 6635 6745 6636
3 6745 6746 6636
3 6636 6746 6637
3 6746 6747 6637
3 6637 6747 6638
3 6747 6748 6638
3 6638 6748 6639
3 6748 6749 6639
3 6639 6749 6640
3 6749 6750 6640
3 6640 6750 6641
3 6750 6751 6641
3 6641 6751 6642
3 6642 6751 6752
3 6644 6642 6752
3 6646 6754 6753
3 6645 6646 6753
3 6753 6755 6645
3 6645 6755 6647
3 6755 6756 6647
3 6647 6756 6648
3 6756 6631 6648
3 6740 6631 6756
3 6752 6649 6644
3 6757 6649 6752
3 6757 6758 6649
3 6649 6758 6650
3 6758 6759 6650
3 6650 6759 6651
3 6651 6759 6760
3 6652 6651 6760
3 6654 6762 6761
3 6653 6654 6761
3 6761 6763 6653
3 6653 6763 6655
3 6763 6646 6655
3 6754 6646 6763
3 6760 6656 6652
3 6764 6656 6760
3 6656 6764 6765
3 6657 6656 6765
3 6659 6767 6766
3 6658 6659 6766
3 6766 6768 6658
3 6658 6768 6660
3 6768 6654 6660
3 6762 6654 6768
3 6765 6769 6657
3 6769 6661 6657
3 6767 6659 6770
3 6770 6659 6662
3 6769 6663 6661
3 6771 6663 6769
3 6663 6771 6772
3 6664 6663 6772
3 6770 6662 6773
3 6773 6662 6665
3 6772 6666 6664
3 6774 6666 6772
3 6666 6774 6775
3 6667 6666 6775
3 6669 6777 6776
3 6668 6669 6776
3 6776 6665 6668
3 6773 6665 6776
3 6775 6778 6667
3 6778 6670 6667
3 6777 6669 6779
3 6779 6669 6671
3 6778 6672 6670
3 6780 6672 6778
3 6672 6780 6781
3 6673 6672 6781
3 6779 6671 6782
3 6782 6671 6674
3 6781 6783 6673
3 6783 6675 6673
3 6677 6785 6784
3 6676 6677 6784
3 6784 6674 6676
3 6782 6674 6784
3 6783 6678 6675
3 6786 6678 6783
3 6678 6786 6787
3 6679 6678 6787
3 6785 6677 6788
3 6788 6677 6680
3 6787 6789 6679
3 6789 6681 6679
3 6788 6680 6790
3 6790 6680 6682
3 6789 6791 6681
3 6791 6683 6681
3 6790 6682 6792
3 6792 6682 6684
3 6791 6793 6683
3 6793 6685 6683
3 6792 6684 6794
3 6794 6684 6686
3 6793 6795 6685
3 6795 6687 6685
3 6794 6686 6796
3 6796 6686 6688
3 6795 6797 6687
3 6797 6689 6687
3 6796 6688 6798
3 6798 6688 6690
3 6692 6799 6800
3 6691 6799 6692
3 6799 6691 6689
3 6797 6799 6689
3 6693 6801 6802
3 6693 6802 6690
3 6690 6802 6798
3 6693 6694 6801
3 6800 6803 6692
3 6803 6695 6692
3 6802 6801 6804
3 6801 6805 6804
3 6801 6694 6805
3 6694 6696 6805
3 6698 6806 6807
3 6697 6806 6698
3 6806 6697 6695
3 6803 6806 6695
3 6805 6696 6699
3 6808 6805 6699
3 6699 6809 6808
3 6700 6809 6699
3 6807 6810 6698
3 6810 6701 6698
3 6809 6700 6811
3 6811 6700 6702
3 6704 6812 6813
3 6703 6812 6704
3 6812 6703 6701
3 6810 6812 6701
3 6811 6702 6705
3 6814 6811 6705
3 6705 6815 6814
3 6706 6815 6705
3 6813 6816 6704
3 6816 6707 6704
3 6815 6706 6708
3 6817 6815 6708
3 6708 6818 6817
3 6709 6818 6708
3 6711 6819 6820
3 6710 6819 6711
3 6819 6710 6707
3 6816 6819 6707
3 6818 6709 6712
3 6821 6818 6712
3 6712 6822 6821
3 6713 6822 6712
3 6715 6823 6824
3 6714 6823 6715
3 6823 6714 6711
3 6820 6823 6711
3 6822 6713 6716
3 6825 6822 6716
3 6716 6826 6825
3 6717 6826 6716
3 6829 6827 6828
3 6719 6828 6827
3 6719 6718 6828
3 6718 6830 6828
3 6830 6718 6715
3 6824 6830 6715
3 6826 6717 6720
3 6831 6826 6720
3 6831 6720 6832
3 6720 6721 6832
3 6721 6833 6832
3 6722 6833 6721
3 6724 6834 6835
3 6723 6834 6724
3 6834 6723 6836
3 6723 6725 6836
3 6827 6829 6836
3 6827 6836 6726
3 6726 6836 6725
3 6827 6726 6719
3 6833 6722 6727
3 6837 6833 6727
3 6837 6727 6838
3 6727 6728 6838
3 6838 6728 6839
3 6728 6729 6839
3 6839 6729 6840
3 6729 6730 6840
3 6840 6730 6841
3 6730 6731 6841
3 6841 6731 6842
3 6731 6732 6842
3 6842 6732 6843
3 6732 6733 6843
3 6843 6733 6844
3 6733 6734 6844
3 6844 6734 6845
3 6734 6735 6845
3 6845 6735 6846
3 6735 6736 6846
3 6846 6736 6847
3 6736 6737 6847
3 6847 6737 6848
3 6737 6738 6848
3 6848 6738 6724
3 6835 6848 6724
3 6740 6850 6849
3 6739 6740 6849
3 6849 6851 6739
3 6739 6851 6741
3 6851 6852 6741
3 6741 6852 6742
3 6852 6853 6742
3 6742 6853 6743
3 6853 6854 6743
3 6743 6854 6744
3 6854 6855 6744
3 6744 6855 6745
3 6855 6856 6745
3 6745 6856 6746
3 6856 6857 6746
3 6746 6857 6747
3 6857 6858 6747
3 6747 6858 6748
3 6858 6859 6748
3 6748 6859 6749
3 6859 6860 6749
3 6749 6860 6750
3 6860 6861 6750
3 6750 6861 6751
3 6751 6861 6862
3 6752 6751 6862
3 6754 6864 6863
3 6753 6754 6863
3 6863 6865 6753
3 6753 6865 6755
3 6865 6866 6755
3 6755 6866 6756
3 6866 6740 6756
3 6850 6740 6866
3 6862 6757 6752
3 6867 6757 6862
3 6867 6868 6757
3 6757 6868 6758
3 6870 6869 6759
3 6870 6759 6868
3 6868 6759 6758
3 6759 6869 6760
3 6762 6872 6871
3 6761 6762 6871
3 6871 6873 6761
3 6761 6873 6763
3 6873 6754 6763
3 6864 6754 6873
3 6870 6874 6869
3 6876 6875 6764
3 6874 6876 6764
3 6874 6764 6760
3 6874 6760 6869
3 6764 6875 6765
3 6767 6878 6877
3 6766 6767 6877
3 6877 6879 6766
3 6766 6879 6768
3 6879 6762 6768
3 6872 6762 6879
3 6876 6880 6875
3 6875 6880 6881
3 6875 6881 6765
3 6765 6881 6769
3 6878 6767 6882
3 6882 6767 6770
3 6881 6771 6769
3 6883 6771 6881
3 6771 6883 6884
3 6772 6771 6884
3 6882 6770 6885
3 6885 6770 6773
3 6884 6774 6772
3 6886 6774 6884
3 6774 6886 6887
3 6775 6774 6887
3 6777 6889 6888
3 6776 6777 6888
3 6888 6773 6776
3 6885 6773 6888
3 6887 6890 6775
3 6890 6778 6775
3 6889 6777 6891
3 6891 6777 6779
3 6890 6780 6778
3 6892 6780 6890
3 6780 6892 6893
3 6781 6780 6893
3 6891 6779 6894
3 6894 6779 6782
3 6893 6895 6781
3 6895 6783 6781
3 6785 6897 6896
3 6784 6785 6896
3 6896 6782 6784
3 6894 6782 6896
3 6895 6786 6783
3 6898 6786 6895
3 6786 6898 6899
3 6787 6786 6899
3 6897 6785 6900
3 6900 6785 6788
3 6899 6901 6787
3 6901 6789 6787
3 6900 6788 6902
3 6902 6788 6790
3 6901 6903 6789
3 6903 6791 6789
3 6902 6790 6904
3 6904 6790 6792
3 6903 6905 6791
3 6905 6793 6791
3 6904 6792 6906
3 6906 6792 6794
3 6905 6907 6793
3 6907 6795 6793
3 6906 6794 6908
3 6908 6794 6796
3 6911 6909 6910
3 6910 6909 6797
3 6910 6797 6907
3 6907 6797 6795
3 6908 6796 6912
3 6912 6796 6798
3 6909 6800 6799
3 6909 6911 6800
3 6911 6913 6800
3 6909 6799 6797
3 6912 6798 6914
3 6914 6798 6802
3 6913 6915 6800
3 6915 6803 6800
3 6914 6802 6804
3 6916 6914 6804
3 6804 6917 6916
3 6805 6917 6804
3 6807 6918 6919
3 6806 6918 6807
3 6918 6806 6803
3 6915 6918 6803
3 6917 6805 6808
3 6920 6917 6808
3 6808 6921 6920
3 6809 6921 6808
3 6919 6922 6807
3 6922 6810 6807
3 6921 6809 6923
3 6923 6809 6811
3 6813 6924 6925
3 6812 6924 6813
3 6924 6812 6810
3 6922 6924 6810
3 6923 6811 6814
3 6926 6923 6814
3 6814 6927 6926
3 6815 6927 6814
3 6930 6928 6929
3 6929 6928 6816
3 6929 6816 6925
3 6925 6816 6813
3 6927 6815 6817
3 6931 6927 6817
3 6817 6932 6931
3 6818 6932 6817
3 6928 6820 6819
3 6928 6930 6820
3 6930 6933 6820
3 6928 6819 6816
3 6932 6818 6821
3 6934 6932 6821
3 6821 6935 6934
3 6822 6935 6821
3 6938 6936 6937
3 6824 6937 6936
3 6824 6823 6937
3 6823 6939 6937
3 6939 6823 6820
3 6933 6939 6820
3 6935 6822 6825
3 6940 6935 6825
3 6825 6941 6940
3 6826 6941 6825
3 6829 6942 6943
3 6828 6942 6829
3 6936 6938 6942
3 6936 6942 6830
3 6830 6942 6828
3 6936 6830 6824
3 6941 6826 6831
3 6944 6941 6831
3 6944 6831 6945
3 6831 6832 6945
3 6832 6946 6945
3 6833 6946 6832
3 6949 6947 6948
3 6835 6948 6947
3 6835 6834 6948
3 6834 6950 6948
3 6950 6834 6951
3 6834 6836 6951
3 6951 6836 6829
3 6943 6951 6829
3 6946 6833 6837
3 6952 6946 6837
3 6952 6837 6953
3 6837 6838 6953
3 6953 6838 6954
3 6838 6839 6954
3 6954 6839 6955
3 6839 6840 6955
3 6955 6840 6956
3 6840 6841 6956
3 6956 6841 6957
3 6841 6842 6957
3 6957 6842 6958
3 6842 6843 6958
3 6958 6843 6959
3 6843 6844 6959
3 6959 6844 6960
3 6844 6845 6960
3 6960 6845 6961
3 6845 6846 6961
3 6961 6846 6962
3 6846 6847 6962
3 6947 6949 6962
3 6947 6962 6848
3 6848 6962 6847
3 6947 6848 6835
3 6850 6964 6963
3 6849 6850 6963
3 6963 6965 6849
3 6849 6965 6851
3 6965 6966 6851
3 6851 6966 6852
3 6966 6967 6852
3 6852 6967 6853
3 6967 6968 6853
3 6853 6968 6854
3 6968 6969 6854
3 6854 6969 6855
3 6969 6970 6855
3 6855 6970 6856
3 6970 6971 6856
3 6856 6971 6857
3 6971 6972 6857
3 6857 6972 6858
3 6972 6973 6858
3 6858 6973 6859
3 6973 6974 6859
3 6859 6974 6860
3 6974 6975 6860
3 6860 6975 6861
3 6861 6975 6976
3 6862 6861 6976
3 6864 6978 6977
3 6863 6864 6977
3 6977 6979 6863
3 6863 6979 6865
3 6979 6980 6865
3 6865 6980 6866
3 6980 6850 6866
3 6964 6850 6980
3 6976 6867 6862
3 6981 6867 6976
3 6981 6982 6867
3 6867 6982 6868
3 6868 6982 6983
3 6870 6868 6983
3 6872 6985 6984
3 6871 6872 6984
3 6984 6986 6871
3 6871 6986 6873
3 6986 6864 6873
3 6978 6864 6986
3 6983 6874 6870
3 6987 6874 6983
3 6874 6987 6988
3 6876 6874 6988
3 6877 6878 6989
3 6989 6991 6990
3 6989 6990 6877
3 6877 6990 6879
3 6990 6872 6879
3 6985 6872 6990
3 6988 6880 6876
3 6992 6880 6988
3 6880 6992 6993
3 6881 6880 6993
3 6994 6989 6878
3 6994 6878 6995
3 6995 6878 6882
3 6989 6994 6991
3 6993 6883 6881
3 6996 6883 6993
3 6883 6996 6997
3 6884 6883 6997
3 6995 6882 6998
3 6998 6882 6885
3 6997 6886 6884
3 6999 6886 6997
3 6886 6999 7000
3 6887 6886 7000
3 6889 7002 7001
3 6888 6889 7001
3 7001 6885 6888
3 6998 6885 7001
3 7000 7003 6887
3 7003 6890 6887
3 7002 6889 7004
3 7004 6889 6891
3 7003 6892 6890
3 7005 6892 7003
3 6892 7005 7006
3 6893 6892 7006
3 7004 6891 7007
3 7007 6891 6894
3 7006 7008 6893
3 7008 6895 6893
3 6897 7010 7009
3 6896 6897 7009
3 7009 6894 6896
3 7007 6894 7009
3 7008 6898 6895
3 7011 6898 7008
3 6898 7011 7012
3 6899 6898 7012
3 7010 6897 7013
3 7013 6897 6900
3 7012 7014 6899
3 7014 6901 6899
3 7013 6900 7015
3 7015 6900 6902
3 7014 7016 6901
3 7016 6903 6901
3 7015 6902 7017
3 7017 6902 6904
3 7016 7018 6903
3 7018 6905 6903
3 7017 6904 7019
3 7019 6904 6906
3 7018 7020 6905
3 7020 6907 6905
3 7019 6906 7021
3 7021 6906 6908
3 6911 7022 7023
3 6910 7022 6911
3 7022 6910 6907
3 7020 7022 6907
3 7021 6908 7024
3 7024 6908 6912
3 7023 7025 6911
3 7025 6913 6911
3 7024 6912 7026
3 7026 6912 6914
3 7025 7027 6913
3 7027 6915 6913
3 7026 6914 6916
3 7028 7026 6916
3 6916 7029 7028
3 6917 7029 6916
3 6919 7030 7031
3 6918 7030 6919
3 7030 6918 6915
3 7027 7030 6915
3 6920 7032 7033
3 6920 7033 6917
3 6917 7033 7029
3 6920 6921 7032
3 7031 7034 6919
3 7034 6922 6919
3 7033 7032 7035
3 7032 7036 7035
3 7032 6921 7036
3 6921 6923 7036
3 6925 7037 7038
3 6924 7037 6925
3 7037 6924 6922
3 7034 7037 6922
3 7036 6923 6926
3 7039 7036 6926
3 6926 7040 7039
3 6927 7040 6926
3 6930 7041 7042
3 6929 7041 6930
3 7041 6929 6925
3 7038 7041 6925
3 7040 6927 6931
3 7043 7040 6931
3 6931 7044 7043
3 6932 7044 6931
3 7047 7045 7046
3 7046 7045 6933
3 7046 6933 7042
3 7042 6933 6930
3 7044 6932 6934
3 7048 7044 6934
3 6934 7049 7048
3 6935 7049 6934
3 6938 7050 7051
3 6937 7050 6938
3 7045 7047 7050
3 7045 7050 6939
3 6939 7050 6937
3 7045 6939 6933
3 7049 6935 6940
3 7052 7049 6940
3 6940 7053 7052
3 6941 7053 6940
3 6943 7054 7055
3 6942 7054 6943
3 7054 6942 6938
3 7051 7054 6938
3 7053 6941 6944
3 7056 7053 6944
3 7056 6944 7057
3 6944 6945 7057
3 7058 6945 6946
3 7058 7059 6945
3 7059 7057 6945
3 7059 7058 7060
3 6949 7061 7062
3 6948 7061 6949
3 7061 6948 7063
3 6948 6950 7063
3 7063 6950 7064
3 6950 6951 7064
3 7064 6951 6943
3 7055 7064 6943
3 7058 6946 6952
3 7060 7058 6952
3 7060 6952 7065
3 7065 6952 6953
3 7065 6953 7066
3 6953 6954 7066
3 7066 6954 7067
3 6954 6955 7067
3 7067 6955 7068
3 6955 6956 7068
3 7068 6956 7069
3 6956 6957 7069
3 7069 6957 7070
3 6957 6958 7070
3 7070 6958 7071
3 6958 6959 7071
3 7071 6959 7072
3 6959 6960 7072
3 7072 6960 7073
3 6960 6961 7073
3 7073 6961 7074
3 6961 6962 7074
3 7074 6962 6949
3 7062 7074 6949
3 6964 7076 7075
3 6963 6964 7075
3 7075 7077 6963
3 6963 7077 6965
3 7077 7078 6965
3 6965 7078 6966
3 7078 7079 6966
3 6966 7079 6967
3 7079 7080 6967
3 6967 7080 6968
3 7080 7081 6968
3 6968 7081 6969
3 7081 7082 6969
3 6969 7082 6970
3 7082 7083 6970
3 6970 7083 6971
3 7083 7084 6971
3 6971 7084 6972
3 7084 7085 6972
3 6972 7085 6973
3 7085 7086 6973
3 6973 7086 6974
3 7086 7087 6974
3 6974 7087 6975
3 6975 7087 7088
3 6976 6975 7088
3 6978 7090 7089
3 6977 6978 7089
3 7089 7091 6977
3 6977 7091 6979
3 7091 7092 6979
3 6979 7092 6980
3 7092 6964 6980
3 7076 6964 7092
3 7088 6981 6976
3 7093 6981 7088
3 7093 7094 6981
3 6981 7094 6982
3 6982 7094 7095
3 6983 6982 7095
3 6985 7097 7096
3 6984 6985 7096
3 7096 7098 6984
3 6984 7098 6986
3 7098 6978 6986
3 7090 6978 7098
3 7095 6987 6983
3 7099 6987 7095
3 6987 7099 7100
3 6988 6987 7100
3 6991 7102 7101
3 6990 6991 7101
3 7101 6985 6990
3 7097 6985 7101
3 7100 6992 6988
3 7103 6992 7100
3 6992 7103 7104
3 6993 6992 7104
3 6995 7106 7105
3 6994 6995 7105
3 7105 6991 6994
3 7102 6991 7105
3 7104 6996 6993
3 7107 6996 7104
3 6996 7107 7108
3 6997 6996 7108
3 7106 6995 7109
3 7109 6995 6998
3 7108 6999 6997
3 7110 6999 7108
3 6999 7110 7111
3 7000 6999 7111
3 7002 7113 7112
3 7001 7002 7112
3 7112 6998 7001
3 7109 6998 7112
3 7111 7114 7000
3 7114 7003 7000
3 7113 7002 7115
3 7115 7002 7004
3 7114 7005 7003
3 7116 7005 7114
3 7005 7116 7117
3 7006 7005 7117
3 7115 7004 7118
3 7118 7004 7007
3 7117 7119 7006
3 7119 7008 7006
3 7010 7121 7120
3 7009 7010 7120
3 7120 7007 7009
3 7118 7007 7120
3 7119 7011 7008
3 7122 7011 7119
3 7011 7122 7123
3 7012 7011 7123
3 7121 7010 7124
3 7124 7010 7013
3 7123 7125 7012
3 7125 7014 7012
3 7124 7013 7126
3 7126 7013 7015
3 7125 7127 7014
3 7127 7016 7014
3 7126 7015 7128
3 7128 7015 7017
3 7127 7129 7016
3 7129 7018 7016
3 7128 7017 7130
3 7130 7017 7019
3 7129 7131 7018
3 7131 7020 7018
3 7130 7019 7132
3 7132 7019 7021
3 7023 7133 7134
3 7022 7133 7023
3 7133 7022 7020
3 7131 7133 7020
3 7132 7021 7135
3 7135 7021 7024
3 7134 7136 7023
3 7136 7025 7023
3 7137 7138 7135
3 7137 7135 7026
3 7026 7135 7024
3 7138 7137 7139
3 7136 7140 7025
3 7140 7027 7025
3 7137 7026 7028
3 7028 7139 7137
3 7028 7029 7139
3 7029 7141 7139
3 7031 7142 7143
3 7030 7142 7031
3 7142 7030 7027
3 7140 7142 7027
3 7141 7029 7144
3 7144 7029 7033
3 7143 7145 7031
3 7145 7034 7031
3 7144 7033 7035
3 7146 7144 7035
3 7035 7147 7146
3 7036 7147 7035
3 7038 7148 7149
3 7037 7148 7038
3 7148 7037 7034
3 7145 7148 7034
3 7147 7036 7039
3 7150 7147 7039
3 7039 7151 7150
3 7040 7151 7039
3 7042 7152 7153
3 7041 7152 7042
3 7152 7041 7038
3 7149 7152 7038
3 7151 7040 7043
3 7154 7151 7043
3 7043 7155 7154
3 7044 7155 7043
3 7047 7156 7157
3 7046 7156 7047
3 7156 7046 7042
3 7153 7156 7042
3 7155 7044 7048
3 7158 7155 7048
3 7048 7159 7158
3 7049 7159 7048
3 7051 7160 7161
3 7050 7160 7051
3 7160 7050 7047
3 7157 7160 7047
3 7159 7049 7052
3 7162 7159 7052
3 7052 7163 7162
3 7053 7163 7052
3 7055 7164 7165
3 7054 7164 7055
3 7164 7054 7051
3 7161 7164 7051
3 7163 7053 7056
3 7166 7163 7056
3 7166 7056 7167
3 7056 7057 7167
3 7167 7057 7168
3 7057 7059 7168
3 7059 7169 7168
3 7060 7169 7059
3 7172 7170 7171
3 7062 7171 7170
3 7062 7061 7171
3 7061 7173 7171
3 7173 7061 7174
3 7061 7063 7174
3 7174 7063 7175
3 7063 7064 7175
3 7175 7064 7055
3 7165 7175 7055
3 7169 7060 7065
3 7176 7169 7065
3 7176 7065 7177
3 7065 7066 7177
3 7177 7066 7178
3 7066 7067 7178
3 7178 7067 7179
3 7067 7068 7179
3 7179 7068 7180
3 7068 7069 7180
3 7180 7069 7181
3 7069 7070 7181
3 7181 7070 7182
3 7070 7071 7182
3 7182 7071 7183
3 7071 7072 7183
3 7183 7072 7184
3 7072 7073 7184
3 7170 7172 7184
3 7170 7184 7074
3 7074 7184 7073
3 7170 7074 7062
3 7076 7186 7185
3 7075 7076 7185
3 7185 7187 7075
3 7075 7187 7077
3 7187 7188 7077
3 7077 7188 7078
3 7188 7189 7078
3 7078 7189 7079
3 7189 7190 7079
3 7079 7190 7080
3 7190 7191 7080
3 7080 7191 7081
3 7191 7192 7081
3 7081 7192 7082
3 7192 7193 7082
3 7082 7193 7083
3 7193 7194 7083
3 7083 7194 7084
3 7194 7195 7084
3 7084 7195 7085
3 7195 7196 7085
3 7085 7196 7086
3 7196 7197 7086
3 7086 7197 7087
3 7087 7197 7198
3 7088 7087 7198
3 7090 7200 7199
3 7089 7090 7199
3 7199 7201 7089
3 7089 7201 7091
3 7201 7202 7091
3 7091 7202 7092
3 7202 7076 7092
3 7186 7076 7202
3 7198 7093 7088
3 7203 7093 7198
3 7203 7204 7093
3 7093 7204 7094
3 7094 7204 7205
3 7095 7094 7205
3 7097 7207 7206
3 7096 7097 7206
3 7206 7208 7096
3 7096 7208 7098
3 7208 7090 7098
3 7200 7090 7208
3 7205 7099 7095
3 7209 7099 7205
3 7099 7209 7210
3 7100 7099 7210
3 7102 7212 7211
3 7101 7102 7211
3 7211 7097 7101
3 7207 7097 7211
3 7210 7103 7100
3 7213 7103 7210
3 7103 7213 7214
3 7104 7103 7214
3 7106 7216 7215
3 7105 7106 7215
3 7215 7102 7105
3 7212 7102 7215
3 7214 7107 7104
3 7217 7107 7214
3 7107 7217 7218
3 7108 7107 7218
3 7216 7106 7219
3 7219 7106 7109
3 7110 7221 7220
3 7110 7108 7221
3 7108 7218 7221
3 7110 7220 7111
3 7113 7223 7222
3 7112 7113 7222
3 7222 7109 7112
3 7219 7109 7222
3 7221 7224 7220
3 7220 7224 7225
3 7220 7225 7111
3 7111 7225 7114
3 7223 7113 7226
3 7226 7113 7115
3 7225 7116 7114
3 7227 7116 7225
3 7116 7227 7228
3 7117 7116 7228
3 7226 7115 7229
3 7229 7115 7118
3 7228 7230 7117
3 7230 7119 7117
3 7121 7232 7231
3 7120 7121 7231
3 7231 7118 7120
3 7229 7118 7231
3 7230 7122 7119
3 7233 7122 7230
3 7122 7233 7234
3 7123 7122 7234
3 7232 7121 7235
3 7235 7121 7124
3 7234 7236 7123
3 7236 7125 7123
3 7235 7124 7237
3 7237 7124 7126
3 7236 7238 7125
3 7238 7127 7125
3 7237 7126 7239
3 7239 7126 7128
3 7238 7240 7127
3 7240 7129 7127
3 7239 7128 7241
3 7241 7128 7130
3 7244 7242 7243
3 7243 7242 7131
3 7243 7131 7240
3 7240 7131 7129
3 7241 7130 7245
3 7245 7130 7132
3 7242 7134 7133
3 7242 7244 7134
3 7244 7246 7134
3 7242 7133 7131
3 7245 7132 7247
3 7247 7132 7135
3 7246 7248 7134
3 7248 7136 7134
3 7247 7135 7138
3 7249 7247 7138
3 7138 7250 7249
3 7139 7250 7138
3 7248 7251 7136
3 7251 7140 7136
3 7250 7139 7252
3 7252 7139 7141
3 7143 7253 7254
3 7142 7253 7143
3 7253 7142 7140
3 7251 7253 7140
3 7255 7256 7252
3 7255 7252 7144
3 7144 7252 7141
3 7256 7255 7257
3 7254 7258 7143
3 7258 7145 7143
3 7255 7144 7146
3 7146 7257 7255
3 7146 7147 7257
3 7147 7259 7257
3 7149 7260 7261
3 7148 7260 7149
3 7260 7148 7145
3 7258 7260 7145
3 7259 7147 7150
3 7262 7259 7150
3 7150 7263 7262
3 7151 7263 7150
3 7153 7264 7265
3 7152 7264 7153
3 7264 7152 7149
3 7261 7264 7149
3 7263 7151 7154
3 7266 7263 7154
3 7154 7267 7266
3 7155 7267 7154
3 7157 7268 7269
3 7156 7268 7157
3 7268 7156 7153
3 7265 7268 7153
3 7267 7155 7158
3 7270 7267 7158
3 7158 7271 7270
3 7159 7271 7158
3 7161 7272 7273
3 7160 7272 7161
3 7272 7160 7157
3 7269 7272 7157
3 7271 7159 7162
3 7274 7271 7162
3 7275 7162 7163
3 7275 7276 7162
3 7276 7274 7162
3 7276 7275 7277
3 7280 7278 7279
3 7165 7279 7278
3 7165 7164 7279
3 7164 7281 7279
3 7281 7164 7161
3 7273 7281 7161
3 7275 7163 7166
3 7277 7275 7166
3 7277 7166 7282
3 7282 7166 7167
3 7282 7167 7283
3 7167 7168 7283
3 7284 7168 7169
3 7284 7285 7168
3 7285 7283 7168
3 7285 7286 7287
3 7284 7286 7285
3 7287 7286 7288
3 7291 7289 7290
3 7290 7292 7293
3 7289 7292 7290
3 7293 7294 7295
3 7292 7294 7293
3 7295 7296 7297
3 7294 7296 7295
3 7172 7297 7296
3 7172 7171 7297
3 7171 7298 7297
3 7298 7171 7299
3 7171 7173 7299
3 7299 7173 7300
3 7173 7174 7300
3 7278 7280 7300
3 7278 7300 7175
3 7175 7300 7174
3 7278 7175 7165
3 7284 7169 7176
3 7286 7284 7176
3 7177 7286 7176
3 7288 7286 7177
3 7288 7177 7301
3 7301 7177 7178
3 7301 7178 7302
3 7178 7179 7302
3 7302 7179 7303
3 7179 7180 7303
3 7289 7291 7303
3 7289 7303 7181
3 7181 7303 7180
3 7292 7289 7181
3 7182 7292 7181
3 7294 7292 7182
3 7183 7294 7182
3 7296 7294 7183
3 7184 7296 7183
3 7296 7184 7172
3 7186 7305 7304
3 7185 7186 7304
3 7304 7306 7185
3 7185 7306 7187
3 7306 7307 7187
3 7187 7307 7188
3 7307 7308 7188
3 7188 7308 7189
3 7308 7309 7189
3 7189 7309 7190
3 7309 7310 7190
3 7190 7310 7191
3 7310 7311 7191
3 7191 7311 7192
3 7311 7312 7192
3 7192 7312 7193
3 7312 7313 7193
3 7193 7313 7194
3 7313 7314 7194
3 7194 7314 7195
3 7314 7315 7195
3 7195 7315 7196
3 7315 7316 7196
3 7196 7316 7197
3 7197 7316 7317
3 7198 7197 7317
3 7200 7319 7318
3 7199 7200 7318
3 7318 7320 7199
3 7199 7320 7201
3 7320 7321 7201
3 7201 7321 7202
3 7321 7186 7202
3 7305 7186 7321
3 7317 7203 7198
3 7322 7203 7317
3 7322 7323 7203
3 7203 7323 7204
3 7204 7323 7324
3 7205 7204 7324
3 7207 7326 7325
3 7206 7207 7325
3 7325 7327 7206
3 7206 7327 7208
3 7327 7200 7208
3 7319 7200 7327
3 7324 7209 7205
3 7328 7209 7324
3 7209 7328 7329
3 7210 7209 7329
3 7212 7331 7330
3 7211 7212 7330
3 7330 7207 7211
3 7326 7207 7330
3 7329 7213 7210
3 7332 7213 7329
3 7213 7332 7333
3 7214 7213 7333
3 7216 7335 7334
3 7215 7216 7334
3 7334 7212 7215
3 7331 7212 7334
3 7333 7217 7214
3 7336 7217 7333
3 7217 7336 7337
3 7218 7217 7337
3 7335 7216 7338
3 7338 7216 7219
3 7337 7339 7218
3 7339 7221 7218
3 7223 7341 7340
3 7222 7223 7340
3 7340 7219 7222
3 7338 7219 7340
3 7339 7224 7221
3 7342 7224 7339
3 7224 7342 7343
3 7225 7224 7343
3 7341 7223 7344
3 7344 7223 7226
3 7343 7227 7225
3 7345 7227 7343
3 7227 7345 7346
3 7228 7227 7346
3 7344 7226 7347
3 7347 7226 7229
3 7346 7348 7228
3 7348 7230 7228
3 7232 7350 7349
3 7231 7232 7349
3 7349 7229 7231
3 7347 7229 7349
3 7348 7233 7230
3 7351 7233 7348
3 7233 7351 7352
3 7234 7233 7352
3 7350 7232 7353
3 7353 7232 7235
3 7352 7354 7234
3 7354 7236 7234
3 7353 7235 7355
3 7355 7235 7237
3 7354 7356 7236
3 7356 7238 7236
3 7355 7237 7357
3 7357 7237 7239
3 7356 7358 7238
3 7358 7240 7238
3 7357 7239 7359
3 7359 7239 7241
3 7244 7360 7361
3 7243 7360 7244
3 7360 7243 7240
3 7358 7360 7240
3 7359 7241 7362
3 7362 7241 7245
3 7361 7363 7244
3 7363 7246 7244
3 7362 7245 7364
3 7364 7245 7247
3 7363 7365 7246
3 7365 7248 7246
3 7364 7247 7249
3 7366 7364 7249
3 7249 7367 7366
3 7250 7367 7249
3 7365 7368 7248
3 7368 7251 7248
3 7367 7250 7369
3 7369 7250 7252
3 7254 7370 7371
3 7253 7370 7254
3 7370 7253 7251
3 7368 7370 7251
3 7369 7252 7256
3 7372 7369 7256
3 7256 7373 7372
3 7257 7373 7256
3 7371 7374 7254
3 7374 7258 7254
3 7373 7257 7375
3 7375 7257 7259
3 7261 7376 7377
3 7260 7376 7261
3 7376 7260 7258
3 7374 7376 7258
3 7375 7259 7262
3 7378 7375 7262
3 7262 7379 7378
3 7263 7379 7262
3 7265 7380 7381
3 7264 7380 7265
3 7380 7264 7261
3 7377 7380 7261
3 7379 7263 7266
3 7382 7379 7266
3 7266 7383 7382
3 7267 7383 7266
3 7269 7384 7385
3 7268 7384 7269
3 7384 7268 7265
3 7381 7384 7265
3 7383 7267 7270
3 7386 7383 7270
3 7270 7387 7386
3 7271 7387 7270
3 7273 7388 7389
3 7272 7388 7273
3 7388 7272 7269
3 7385 7388 7269
3 7387 7271 7274
3 7390 7387 7274
3 7390 7274 7391
3 7274 7276 7391
3 7276 7392 7391
3 7277 7392 7276
3 7280 7393 7394
3 7279 7393 7280
3 7393 7279 7395
3 7279 7281 7395
3 7395 7281 7273
3 7389 7395 7273
3 7392 7277 7282
3 7396 7392 7282
3 7396 7282 7397
3 7282 7283 7397
3 7397 7283 7398
3 7283 7285 7398
3 7398 7285 7399
3 7285 7287 7399
3 7400 7287 7288
3 7400 7401 7287
3 7401 7399 7287
3 7401 7402 7403
3 7400 7402 7401
3 7403 7404 7405
3 7402 7404 7403
3 7291 7405 7404
3 7291 7290 7405
3 7290 7406 7405
3 7406 7290 7407
3 7290 7293 7407
3 7407 7293 7408
3 7293 7295 7408
3 7408 7295 7409
3 7295 7297 7409
3 7409 7297 7410
3 7297 7298 7410
3 7410 7298 7411
3 7298 7299 7411
3 7411 7299 7412
3 7299 7300 7412
3 7412 7300 7280
3 7394 7412 7280
3 7400 7288 7301
3 7402 7400 7301
3 7302 7402 7301
3 7404 7402 7302
3 7303 7404 7302
3 7404 7303 7291
3 7305 7414 7413
3 7304 7305 7413
3 7413 7415 7304
3 7304 7415 7306
3 7415 7416 7306
3 7306 7416 7307
3 7416 7417 7307
3 7307 7417 7308
3 7417 7418 7308
3 7308 7418 7309
3 7418 7419 7309
3 7309 7419 7310
3 7419 7420 7310
3 7310 7420 7311
3 7420 7421 7311
3 7311 7421 7312
3 7421 7422 7312
3 7312 7422 7313
3 7422 7423 7313
3 7313 7423 7314
3 7423 7424 7314
3 7314 7424 7315
3 7424 7425 7315
3 7315 7425 7316
3 7316 7425 7426
3 7317 7316 7426
3 7319 7428 7427
3 7318 7319 7427
3 7427 7429 7318
3 7318 7429 7320
3 7429 7430 7320
3 7320 7430 7321
3 7430 7305 7321
3 7414 7305 7430
3 7426 7322 7317
3 7431 7322 7426
3 7431 7432 7322
3 7322 7432 7323
3 7323 7432 7433
3 7324 7323 7433
3 7326 7435 7434
3 7325 7326 7434
3 7434 7436 7325
3 7325 7436 7327
3 7436 7319 7327
3 7428 7319 7436
3 7433 7328 7324
3 7437 7328 7433
3 7328 7437 7438
3 7329 7328 7438
3 7331 7440 7439
3 7330 7331 7439
3 7439 7326 7330
3 7435 7326 7439
3 7438 7332 7329
3 7441 7332 7438
3 7332 7441 7442
3 7333 7332 7442
3 7335 7444 7443
3 7334 7335 7443
3 7443 7331 7334
3 7440 7331 7443
3 7336 7446 7445
3 7336 7333 7446
3 7333 7442 7446
3 7336 7445 7337
3 7444 7335 7447
3 7447 7335 7338
3 7446 7448 7445
3 7445 7448 7449
3 7445 7449 7337
3 7337 7449 7339
3 7341 7451 7450
3 7340 7341 7450
3 7450 7338 7340
3 7447 7338 7450
3 7449 7342 7339
3 7452 7342 7449
3 7342 7452 7453
3 7343 7342 7453
3 7451 7341 7454
3 7454 7341 7344
3 7453 7345 7343
3 7455 7345 7453
3 7345 7455 7456
3 7346 7345 7456
3 7454 7344 7457
3 7457 7344 7347
3 7456 7458 7346
3 7458 7348 7346
3 7350 7460 7459
3 7349 7350 7459
3 7459 7347 7349
3 7457 7347 7459
3 7458 7351 7348
3 7461 7351 7458
3 7351 7461 7462
3 7352 7351 7462
3 7460 7350 7463
3 7463 7350 7353
3 7462 7464 7352
3 7464 7354 7352
3 7463 7353 7465
3 7465 7353 7355
3 7464 7466 7354
3 7466 7356 7354
3 7465 7355 7467
3 7467 7355 7357
3 7466 7468 7356
3 7468 7358 7356
3 7467 7357 7469
3 7469 7357 7359
3 7361 7470 7471
3 7360 7470 7361
3 7470 7360 7358
3 7468 7470 7358
3 7469 7359 7472
3 7472 7359 7362
3 7471 7473 7361
3 7473 7363 7361
3 7472 7362 7474
3 7474 7362 7364
3 7473 7475 7363
3 7475 7365 7363
3 7474 7364 7366
3 7476 7474 7366
3 7366 7477 7476
3 7367 7477 7366
3 7475 7478 7365
3 7478 7368 7365
3 7477 7367 7479
3 7479 7367 7369
3 7371 7480 7481
3 7370 7480 7371
3 7480 7370 7368
3 7478 7480 7368
3 7479 7369 7372
3 7482 7479 7372
3 7372 7483 7482
3 7373 7483 7372
3 7481 7484 7371
3 7484 7374 7371
3 7483 7373 7485
3 7485 7373 7375
3 7377 7486 7487
3 7376 7486 7377
3 7486 7376 7374
3 7484 7486 7374
3 7485 7375 7378
3 7488 7485 7378
3 7378 7489 7488
3 7379 7489 7378
3 7381 7490 7491
3 7380 7490 7381
3 7490 7380 7377
3 7487 7490 7377
3 7489 7379 7382
3 7492 7489 7382
3 7382 7493 7492
3 7383 7493 7382
3 7385 7494 7495
3 7384 7494 7385
3 7494 7384 7381
3 7491 7494 7381
3 7493 7383 7386
3 7496 7493 7386
3 7386 7497 7496
3 7387 7497 7386
3 7389 7498 7499
3 7388 7498 7389
3 7498 7388 7385
3 7495 7498 7385
3 7497 7387 7390
3 7500 7497 7390
3 7500 7390 7501
3 7390 7391 7501
3 7391 7502 7501
3 7392 7502 7391
3 7394 7503 7504
3 7393 7503 7394
3 7503 7393 7505
3 7393 7395 7505
3 7505 7395 7389
3 7499 7505 7389
3 7502 7392 7396
3 7506 7502 7396
3 7506 7396 7507
3 7396 7397 7507
3 7507 7397 7508
3 7397 7398 7508
3 7508 7398 7509
3 7398 7399 7509
3 7509 7399 7510
3 7399 7401 7510
3 7510 7401 7511
3 7401 7403 7511
3 7511 7403 7512
3 7403 7405 7512
3 7512 7405 7513
3 7405 7406 7513
3 7513 7406 7514
3 7406 7407 7514
3 7514 7407 7515
3 7407 7408 7515
3 7515 7408 7516
3 7408 7409 7516
3 7516 7409 7517
3 7409 7410 7517
3 7517 7410 7518
3 7410 7411 7518
3 7518 7411 7519
3 7411 7412 7519
3 7519 7412 7394
3 7504 7519 7394
3 7414 7521 7520
3 7413 7414 7520
3 7520 7522 7413
3 7413 7522 7415
3 7522 7523 7415
3 7415 7523 7416
3 7523 7524 7416
3 7416 7524 7417
3 7524 7525 7417
3 7417 7525 7418
3 7525 7526 7418
3 7418 7526 7419
3 7526 7527 7419
3 7419 7527 7420
3 7527 7528 7420
3 7420 7528 7421
3 7528 7529 7421
3 7421 7529 7422
3 7529 7530 7422
3 7422 7530 7423
3 7530 7531 7423
3 7423 7531 7424
3 7531 7532 7424
3 7424 7532 7425
3 7425 7532 7533
3 7426 7425 7533
3 7428 7535 7534
3 7427 7428 7534
3 7534 7536 7427
3 7427 7536 7429
3 7536 7537 7429
3 7429 7537 7430
3 7537 7414 7430
3 7521 7414 7537
3 7533 7431 7426
3 7538 7431 7533
3 7538 7539 7431
3 7431 7539 7432
3 7432 7539 7540
3 7433 7432 7540
3 7435 7542 7541
3 7434 7435 7541
3 7541 7543 7434
3 7434 7543 7436
3 7543 7428 7436
3 7535 7428 7543
3 7540 7437 7433
3 7544 7437 7540
3 7437 7544 7545
3 7438 7437 7545
3 7440 7547 7546
3 7439 7440 7546
3 7546 7435 7439
3 7542 7435 7546
3 7545 7441 7438
3 7548 7441 7545
3 7441 7548 7549
3 7442 7441 7549
3 7444 7551 7550
3 7443 7444 7550
3 7550 7440 7443
3 7547 7440 7550
3 7549 7552 7442
3 7552 7446 7442
3 7551 7444 7553
3 7553 7444 7447
3 7552 7448 7446
3 7554 7448 7552
3 7448 7554 7555
3 7449 7448 7555
3 7451 7557 7556
3 7450 7451 7556
3 7556 7447 7450
3 7553 7447 7556
3 7555 7452 7449
3 7558 7452 7555
3 7452 7558 7559
3 7453 7452 7559
3 7557 7451 7560
3 7560 7451 7454
3 7455 7562 7561
3 7455 7453 7562
3 7453 7559 7562
3 7455 7561 7456
3 7560 7454 7563
3 7563 7454 7457
3 7562 7564 7561
3 7561 7564 7565
3 7561 7565 7456
3 7456 7565 7458
3 7460 7567 7566
3 7459 7460 7566
3 7566 7457 7459
3 7563 7457 7566
3 7461 7569 7568
3 7461 7458 7569
3 7458 7565 7569
3 7461 7568 7462
3 7567 7460 7570
3 7570 7460 7463
3 7569 7571 7568
3 7568 7571 7572
3 7568 7572 7462
3 7462 7572 7464
3 7570 7463 7573
3 7573 7463 7465
3 7572 7574 7464
3 7574 7466 7464
3 7573 7465 7575
3 7575 7465 7467
3 7574 7576 7466
3 7576 7468 7466
3 7575 7467 7577
3 7577 7467 7469
3 7471 7578 7579
3 7470 7578 7471
3 7578 7470 7468
3 7576 7578 7468
3 7577 7469 7580
3 7580 7469 7472
3 7579 7581 7471
3 7581 7473 7471
3 7580 7472 7582
3 7582 7472 7474
3 7581 7583 7473
3 7583 7475 7473
3 7582 7474 7476
3 7584 7582 7476
3 7476 7585 7584
3 7477 7585 7476
3 7583 7586 7475
3 7586 7478 7475
3 7585 7477 7587
3 7587 7477 7479
3 7481 7588 7589
3 7480 7588 7481
3 7588 7480 7478
3 7586 7588 7478
3 7587 7479 7482
3 7590 7587 7482
3 7482 7591 7590
3 7483 7591 7482
3 7594 7592 7593
3 7593 7592 7484
3 7593 7484 7589
3 7589 7484 7481
3 7591 7483 7595
3 7595 7483 7485
3 7598 7596 7597
3 7592 7487 7486
3 7594 7487 7592
3 7594 7596 7487
3 7594 7597 7596
3 7592 7486 7484
3 7595 7485 7488
3 7599 7595 7488
3 7488 7600 7599
3 7489 7600 7488
3 7596 7491 7490
3 7596 7598 7491
3 7598 7601 7491
3 7596 7490 7487
3 7600 7489 7492
3 7602 7600 7492
3 7492 7603 7602
3 7493 7603 7492
3 7495 7604 7605
3 7494 7604 7495
3 7604 7494 7491
3 7601 7604 7491
3 7603 7493 7496
3 7606 7603 7496
3 7607 7496 7497
3 7607 7608 7496
3 7608 7606 7496
3 7608 7607 7609
3 7499 7610 7611
3 7498 7610 7499
3 7610 7498 7495
3 7605 7610 7495
3 7607 7497 7500
3 7609 7607 7500
3 7609 7500 7612
3 7612 7500 7501
3 7501 7613 7612
3 7502 7613 7501
3 7616 7614 7615
3 7504 7615 7614
3 7504 7503 7615
3 7503 7617 7615
3 7617 7503 7618
3 7503 7505 7618
3 7618 7505 7499
3 7611 7618 7499
3 7613 7502 7506
3 7619 7613 7506
3 7619 7506 7620
3 7506 7507 7620
3 7620 7507 7621
3 7507 7508 7621
3 7621 7508 7622
3 7508 7509 7622
3 7622 7509 7623
3 7509 7510 7623
3 7623 7510 7624
3 7510 7511 7624
3 7624 7511 7625
3 7511 7512 7625
3 7625 7512 7626
3 7512 7513 7626
3 7626 7513 7627
3 7513 7514 7627
3 7627 7514 7628
3 7514 7515 7628
3 7628 7515 7629
3 7515 7516 7629
3 7629 7516 7630
3 7516 7517 7630
3 7630 7517 7631
3 7517 7518 7631
3 7614 7616 7631
3 7614 7631 7519
3 7519 7631 7518
3 7614 7519 7504
3 7521 7633 7632
3 7520 7521 7632
3 7632 7634 7520
3 7520 7634 7522
3 7634 7635 7522
3 7522 7635 7523
3 7635 7636 7523
3 7523 7636 7524
3 7636 7637 7524
3 7524 7637 7525
3 7637 7638 7525
3 7525 7638 7526
3 7638 7639 7526
3 7526 7639 7527
3 7639 7640 7527
3 7527 7640 7528
3 7640 7641 7528
3 7528 7641 7529
3 7641 7642 7529
3 7529 7642 7530
3 7642 7643 7530
3 7530 7643 7531
3 7645 7644 7532
3 7645 7532 7643
3 7643 7532 7531
3 7532 7644 7533
3 7535 7647 7646
3 7534 7535 7646
3 7646 7648 7534
3 7534 7648 7536
3 7648 7649 7536
3 7536 7649 7537
3 7649 7521 7537
3 7633 7521 7649
3 7645 7650 7644
3 7644 7538 7533
3 7644 7650 7538
3 7650 7651 7538
3 7651 7652 7538
3 7538 7652 7539
3 7539 7652 7653
3 7540 7539 7653
3 7542 7655 7654
3 7541 7542 7654
3 7654 7656 7541
3 7541 7656 7543
3 7656 7535 7543
3 7647 7535 7656
3 7544 7658 7657
3 7544 7540 7658
3 7540 7653 7658
3 7544 7657 7545
3 7547 7660 7659
3 7546 7547 7659
3 7659 7542 7546
3 7655 7542 7659
3 7658 7661 7657
3 7663 7662 7548
3 7661 7663 7548
3 7661 7548 7545
3 7661 7545 7657
3 7548 7662 7549
3 7551 7665 7664
3 7550 7551 7664
3 7664 7547 7550
3 7660 7547 7664
3 7663 7666 7662
3 7662 7666 7667
3 7662 7667 7549
3 7549 7667 7552
3 7665 7551 7668
3 7668 7551 7553
3 7667 7554 7552
3 7669 7554 7667
3 7554 7669 7670
3 7555 7554 7670
3 7557 7672 7671
3 7556 7557 7671
3 7671 7553 7556
3 7668 7553 7671
3 7670 7558 7555
3 7673 7558 7670
3 7558 7673 7674
3 7559 7558 7674
3 7672 7557 7675
3 7675 7557 7560
3 7674 7676 7559
3 7676 7562 7559
3 7675 7560 7677
3 7677 7560 7563
3 7676 7564 7562
3 7678 7564 7676
3 7564 7678 7679
3 7565 7564 7679
3 7567 7681 7680
3 7566 7567 7680
3 7680 7563 7566
3 7677 7563 7680
3 7679 7682 7565
3 7682 7569 7565
3 7681 7567 7683
3 7683 7567 7570
3 7682 7571 7569
3 7684 7571 7682
3 7571 7684 7685
3 7572 7571 7685
3 7683 7570 7686
3 7686 7570 7573
3 7685 7687 7572
3 7687 7574 7572
3 7686 7573 7688
3 7688 7573 7575
3 7687 7689 7574
3 7689 7576 7574
3 7688 7575 7690
3 7690 7575 7577
3 7579 7691 7692
3 7578 7691 7579
3 7691 7578 7576
3 7689 7691 7576
3 7690 7577 7693
3 7693 7577 7580
3 7692 7694 7579
3 7694 7581 7579
3 7693 7580 7695
3 7695 7580 7582
3 7694 7696 7581
3 7696 7583 7581
3 7695 7582 7584
3 7697 7695 7584
3 7584 7698 7697
3 7585 7698 7584
3 7701 7699 7700
3 7700 7699 7586
3 7700 7586 7696
3 7696 7586 7583
3 7698 7585 7702
3 7702 7585 7587
3 7699 7589 7588
3 7699 7701 7589
3 7701 7703 7589
3 7699 7588 7586
3 7702 7587 7590
3 7704 7702 7590
3 7590 7705 7704
3 7591 7705 7590
3 7594 7706 7707
3 7593 7706 7594
3 7706 7593 7589
3 7703 7706 7589
3 7705 7591 7708
3 7708 7591 7595
3 7598 7709 7710
3 7597 7709 7598
3 7709 7597 7594
3 7707 7709 7594
3 7708 7595 7599
3 7711 7708 7599
3 7599 7712 7711
3 7600 7712 7599
3 7715 7713 7714
3 7714 7713 7601
3 7714 7601 7710
3 7710 7601 7598
3 7712 7600 7602
3 7716 7712 7602
3 7602 7717 7716
3 7603 7717 7602
3 7713 7605 7604
3 7713 7715 7605
3 7715 7718 7605
3 7713 7604 7601
3 7717 7603 7606
3 7719 7717 7606
3 7719 7606 7720
3 7606 7608 7720
3 7608 7721 7720
3 7609 7721 7608
3 7724 7722 7723
3 7611 7723 7722
3 7611 7610 7723
3 7610 7725 7723
3 7725 7610 7605
3 7718 7725 7605
3 7721 7609 7612
3 7726 7721 7612
3 7612 7727 7726
3 7613 7727 7612
3 7616 7728 7729
3 7615 7728 7616
3 7728 7615 7730
3 7615 7617 7730
3 7722 7724 7730
3 7722 7730 7618
3 7618 7730 7617
3 7722 7618 7611
3 7727 7613 7619
3 7731 7727 7619
3 7731 7619 7732
3 7619 7620 7732
3 7732 7620 7733
3 7620 7621 7733
3 7733 7621 7734
3 7621 7622 7734
3 7734 7622 7735
3 7622 7623 7735
3 7735 7623 7736
3 7623 7624 7736
3 7736 7624 7737
3 7624 7625 7737
3 7737 7625 7738
3 7625 7626 7738
3 7738 7626 7739
3 7626 7627 7739
3 7739 7627 7740
3 7627 7628 7740
3 7740 7628 7741
3 7628 7629 7741
3 7741 7629 7742
3 7629 7630 7742
3 7742 7630 7743
3 7630 7631 7743
3 7743 7631 7616
3 7729 7743 7616
3 7633 7745 7744
3 7632 7633 7744
3 7744 7746 7632
3 7632 7746 7634
3 7746 7747 7634
3 7634 7747 7635
3 7747 7748 7635
3 7635 7748 7636
3 7748 7749 7636
3 7636 7749 7637
3 7749 7750 7637
3 7637 7750 7638
3 7750 7751 7638
3 7638 7751 7639
3 7751 7752 7639
3 7639 7752 7640
3 7752 7753 7640
3 7640 7753 7641
3 7753 7754 7641
3 7641 7754 7642
3 7754 7755 7642
3 7642 7755 7643
3 7643 7755 7756
3 7645 7643 7756
3 7647 7758 7757
3 7646 7647 7757
3 7757 7759 7646
3 7646 7759 7648
3 7759 7760 7648
3 7648 7760 7649
3 7760 7633 7649
3 7745 7633 7760
3 7756 7650 7645
3 7761 7650 7756
3 7761 7762 7650
3 7650 7762 7651
3 7764 7763 7652
3 7764 7652 7762
3 7762 7652 7651
3 7652 7763 7653
3 7655 7766 7765
3 7654 7655 7765
3 7765 7767 7654
3 7654 7767 7656
3 7767 7647 7656
3 7758 7647 7767
3 7764 7768 7763
3 7763 7768 7769
3 7763 7769 7653
3 7653 7769 7658
3 7660 7771 7770
3 7659 7660 7770
3 7770 7655 7659
3 7766 7655 7770
3 7769 7661 7658
3 7772 7661 7769
3 7661 7772 7773
3 7663 7661 7773
3 7665 7775 7774
3 7664 7665 7774
3 7774 7660 7664
3 7771 7660 7774
3 7773 7666 7663
3 7776 7666 7773
3 7666 7776 7777
3 7667 7666 7777
3 7775 7665 7778
3 7778 7665 7668
3 7777 7669 7667
3 7779 7669 7777
3 7669 7779 7780
3 7670 7669 7780
3 7672 7782 7781
3 7671 7672 7781
3 7781 7668 7671
3 7778 7668 7781
3 7780 7673 7670
3 7783 7673 7780
3 7673 7783 7784
3 7674 7673 7784
3 7782 7672 7785
3 7785 7672 7675
3 7784 7786 7674
3 7786 7676 7674
3 7785 7675 7787
3 7787 7675 7677
3 7786 7678 7676
3 7788 7678 7786
3 7678 7788 7789
3 7679 7678 7789
3 7681 7791 7790
3 7680 7681 7790
3 7790 7677 7680
3 7787 7677 7790
3 7789 7792 7679
3 7792 7682 7679
3 7791 7681 7793
3 7793 7681 7683
3 7684 7795 7794
3 7684 7682 7795
3 7682 7792 7795
3 7684 7794 7685
3 7793 7683 7796
3 7796 7683 7686
3 7798 7794 7795
3 7797 7794 7798
3 7794 7797 7687
3 7685 7794 7687
3 7796 7686 7799
3 7799 7686 7688
3 7801 7797 7798
3 7800 7797 7801
3 7797 7800 7689
3 7687 7797 7689
3 7799 7688 7802
3 7802 7688 7690
3 7800 7692 7691
3 7800 7801 7692
3 7801 7803 7692
3 7800 7691 7689
3 7802 7690 7804
3 7804 7690 7693
3 7803 7805 7692
3 7805 7694 7692
3 7804 7693 7806
3 7806 7693 7695
3 7805 7807 7694
3 7807 7696 7694
3 7806 7695 7697
3 7808 7806 7697
3 7697 7809 7808
3 7698 7809 7697
3 7701 7810 7811
3 7700 7810 7701
3 7810 7700 7696
3 7807 7810 7696
3 7809 7698 7812
3 7812 7698 7702
3 7811 7813 7701
3 7813 7703 7701
3 7812 7702 7704
3 7814 7812 7704
3 7704 7815 7814
3 7705 7815 7704
3 7707 7816 7817
3 7706 7816 7707
3 7816 7706 7703
3 7813 7816 7703
3 7818 7819 7815
3 7818 7815 7708
3 7708 7815 7705
3 7819 7818 7820
3 7710 7821 7822
3 7709 7821 7710
3 7821 7709 7707
3 7817 7821 7707
3 7818 7708 7711
3 7711 7712 7823
3 7818 7711 7823
3 7818 7823 7824
3 7818 7824 7820
3 7824 7823 7825
3 7715 7826 7827
3 7714 7826 7715
3 7826 7714 7710
3 7822 7826 7710
3 7823 7712 7716
3 7716 7717 7828
3 7823 7716 7828
3 7823 7828 7829
3 7823 7829 7825
3 7829 7828 7830
3 7827 7831 7715
3 7831 7718 7715
3 7828 7717 7719
3 7830 7828 7719
3 7830 7719 7832
3 7832 7719 7720
3 7720 7833 7832
3 7721 7833 7720
3 7724 7834 7835
3 7723 7834 7724
3 7834 7723 7836
3 7723 7725 7836
3 7836 7725 7718
3 7831 7836 7718
3 7833 7721 7726
3 7837 7833 7726
3 7838 7726 7727
3 7838 7839 7726
3 7839 7837 7726
3 7839 7838 7840
3 7843 7841 7842
3 7729 7842 7841
3 7729 7728 7842
3 7728 7844 7842
3 7844 7728 7845
3 7728 7730 7845
3 7845 7730 7724
3 7835 7845 7724
3 7838 7727 7731
3 7840 7838 7731
3 7840 7731 7846
3 7846 7731 7732
3 7846 7732 7847
3 7732 7733 7847
3 7847 7733 7848
3 7733 7734 7848
3 7848 7734 7849
3 7734 7735 7849
3 7849 7735 7850
3 7735 7736 7850
3 7850 7736 7851
3 7736 7737 7851
3 7851 7737 7852
3 7737 7738 7852
3 7852 7738 7853
3 7738 7739 7853
3 7853 7739 7854
3 7739 7740 7854
3 7854 7740 7855
3 7740 7741 7855
3 7855 7741 7856
3 7741 7742 7856
3 7841 7843 7856
3 7841 7856 7743
3 7743 7856 7742
3 7841 7743 7729
3 7745 7858 7857
3 7744 7745 7857
3 7857 7859 7744
3 7744 7859 7746
3 7859 7860 7746
3 7746 7860 7747
3 7860 7861 7747
3 7747 7861 7748
3 7861 7862 7748
3 7748 7862 7749
3 7862 7863 7749
3 7749 7863 7750
3 7863 7864 7750
3 7750 7864 7751
3 7864 7865 7751
3 7751 7865 7752
3 7865 7866 7752
3 7752 7866 7753
3 7866 7867 7753
3 7753 7867 7754
3 7867 7868 7754
3 7754 7868 7755
3 7755 7868 7869
3 7756 7755 7869
3 7758 7871 7870
3 7757 7758 7870
3 7870 7872 7757
3 7757 7872 7759
3 7872 7873 7759
3 7759 7873 7760
3 7873 7745 7760
3 7858 7745 7873
3 7869 7761 7756
3 7874 7761 7869
3 7874 7875 7761
3 7761 7875 7762
3 7762 7875 7876
3 7764 7762 7876
3 7766 7878 7877
3 7765 7766 7877
3 7877 7879 7765
3 7765 7879 7767
3 7879 7758 7767
3 7871 7758 7879
3 7876 7768 7764
3 7880 7768 7876
3 7768 7880 7881
3 7769 7768 7881
3 7771 7883 7882
3 7770 7771 7882
3 7882 7766 7770
3 7878 7766 7882
3 7881 7772 7769
3 7884 7772 7881
3 7772 7884 7885
3 7773 7772 7885
3 7775 7887 7886
3 7774 7775 7886
3 7886 7771 7774
3 7883 7771 7886
3 7885 7776 7773
3 7888 7776 7885
3 7776 7888 7889
3 7777 7776 7889
3 7887 7775 7890
3 7890 7775 7778
3 7889 7779 7777
3 7891 7779 7889
3 7779 7891 7892
3 7780 7779 7892
3 7781 7782 7893
3 7893 7778 7781
3 7893 7894 7778
3 7894 7890 7778
3 7783 7896 7895
3 7783 7780 7896
3 7780 7892 7896
3 7783 7895 7784
3 7897 7893 7782
3 7897 7782 7898
3 7898 7782 7785
3 7893 7897 7894
3 7896 7899 7895
3 7895 7899 7900
3 7895 7900 7784
3 7784 7900 7786
3 7898 7785 7901
3 7901 7785 7787
3 7900 7788 7786
3 7902 7788 7900
3 7788 7902 7903
3 7789 7788 7903
3 7791 7905 7904
3 7790 7791 7904
3 7904 7787 7790
3 7901 7787 7904
3 7903 7906 7789
3 7906 7792 7789
3 7905 7791 7907
3 7907 7791 7793
3 7906 7908 7792
3 7908 7795 7792
3 7907 7793 7909
3 7909 7793 7796
3 7908 7910 7795
3 7910 7798 7795
3 7909 7796 7911
3 7911 7796 7799
3 7910 7912 7798
3 7912 7801 7798
3 7911 7799 7913
3 7913 7799 7802
3 7912 7914 7801
3 7914 7803 7801
3 7913 7802 7915
3 7915 7802 7804
3 7914 7916 7803
3 7916 7805 7803
3 7915 7804 7917
3 7917 7804 7806
3 7916 7918 7805
3 7918 7807 7805
3 7917 7806 7808
3 7919 7917 7808
3 7808 7920 7919
3 7809 7920 7808
3 7811 7921 7922
3 7810 7921 7811
3 7921 7810 7807
3 7918 7921 7807
3 7920 7809 7923
3 7923 7809 7812
3 7922 7924 7811
3 7924 7813 7811
3 7923 7812 7814
3 7925 7923 7814
3 7814 7926 7925
3 7815 7926 7814
3 7817 7927 7928
3 7816 7927 7817
3 7927 7816 7813
3 7924 7927 7813
3 7926 7815 7819
3 7929 7926 7819
3 7819 7930 7929
3 7820 7930 7819
3 7822 7931 7932
3 7821 7931 7822
3 7931 7821 7817
3 7928 7931 7817
3 7930 7820 7824
3 7933 7930 7824
3 7824 7934 7933
3 7825 7934 7824
3 7827 7935 7936
3 7826 7935 7827
3 7935 7826 7822
3 7932 7935 7822
3 7934 7825 7829
3 7937 7934 7829
3 7829 7938 7937
3 7830 7938 7829
3 7941 7939 7940
3 7940 7939 7831
3 7940 7831 7936
3 7936 7831 7827
3 7938 7830 7832
3 7942 7938 7832
3 7832 7943 7942
3 7833 7943 7832
3 7835 7944 7945
3 7834 7944 7835
3 7939 7941 7944
3 7939 7944 7836
3 7836 7944 7834
3 7939 7836 7831
3 7943 7833 7837
3 7946 7943 7837
3 7946 7837 7947
3 7837 7839 7947
3 7948 7839 7840
3 7948 7949 7839
3 7949 7947 7839
3 7949 7948 7950
3 7953 7951 7952
3 7843 7952 7951
3 7843 7842 7952
3 7842 7954 7952
3 7954 7842 7955
3 7842 7844 7955
3 7955 7844 7956
3 7844 7845 7956
3 7956 7845 7835
3 7945 7956 7835
3 7948 7840 7846
3 7950 7948 7846
3 7950 7846 7957
3 7957 7846 7847
3 7957 7847 7958
3 7847 7848 7958
3 7958 7848 7959
3 7848 7849 7959
3 7959 7849 7960
3 7849 7850 7960
3 7960 7850 7961
3 7850 7851 7961
3 7961 7851 7962
3 7851 7852 7962
3 7962 7852 7963
3 7852 7853 7963
3 7963 7853 7964
3 7853 7854 7964
3 7964 7854 7965
3 7854 7855 7965
3 7951 7953 7965
3 7951 7965 7856
3 7856 7965 7855
3 7951 7856 7843
3 7858 7967 7966
3 7857 7858 7966
3 7966 7968 7857
3 7857 7968 7859
3 7968 7969 7859
3 7859 7969 7860
3 7969 7970 7860
3 7860 7970 7861
3 7970 7971 7861
3 7861 7971 7862
3 7971 7972 7862
3 7862 7972 7863
3 7972 7973 7863
3 7863 7973 7864
3 7973 7974 7864
3 7864 7974 7865
3 7974 7975 7865
3 7865 7975 7866
3 7975 7976 7866
3 7866 7976 7867
3 7976 7977 7867
3 7867 7977 7868
3 7868 7977 7978
3 7869 7868 7978
3 7871 7980 7979
3 7870 7871 7979
3 7979 7981 7870
3 7870 7981 7872
3 7981 7982 7872
3 7872 7982 7873
3 7982 7858 7873
3 7967 7858 7982
3 7978 7874 7869
3 7983 7874 7978
3 7983 7984 7874
3 7874 7984 7875
3 7875 7984 7985
3 7876 7875 7985
3 7878 7987 7986
3 7877 7878 7986
3 7986 7988 7877
3 7877 7988 7879
3 7988 7871 7879
3 7980 7871 7988
3 7985 7880 7876
3 7989 7880 7985
3 7880 7989 7990
3 7881 7880 7990
3 7883 7992 7991
3 7882 7883 7991
3 7991 7878 7882
3 7987 7878 7991
3 7990 7884 7881
3 7993 7884 7990
3 7884 7993 7994
3 7885 7884 7994
3 7887 7996 7995
3 7886 7887 7995
3 7995 7883 7886
3 7992 7883 7995
3 7994 7888 7885
3 7997 7888 7994
3 7888 7997 7998
3 7889 7888 7998
3 7996 7887 7999
3 7999 7887 7890
3 7998 7891 7889
3 8000 7891 7998
3 7891 8000 8001
3 7892 7891 8001
3 7999 7890 8002
3 8002 7890 7894
3 8001 8003 7892
3 8003 7896 7892
3 7898 8005 8004
3 7897 7898 8004
3 8004 7894 7897
3 8002 7894 8004
3 8003 7899 7896
3 8006 7899 8003
3 7899 8006 8007
3 7900 7899 8007
3 8005 7898 8008
3 8008 7898 7901
3 7902 8010 8009
3 7902 7900 8010
3 7900 8007 8010
3 7902 8009 7903
3 7905 8012 8011
3 7904 7905 8011
3 8011 7901 7904
3 8008 7901 8011
3 8010 8013 8009
3 8009 8013 8014
3 8009 8014 7903
3 7903 8014 7906
3 8012 7905 8015
3 8015 7905 7907
3 8014 8016 7906
3 8016 7908 7906
3 8015 7907 8017
3 8017 7907 7909
3 8016 8018 7908
3 8018 7910 7908
3 8017 7909 8019
3 8019 7909 7911
3 8018 8020 7910
3 8020 7912 7910
3 8019 7911 8021
3 8021 7911 7913
3 8020 8022 7912
3 8022 7914 7912
3 8021 7913 8023
3 8023 7913 7915
3 8022 8024 7914
3 8024 7916 7914
3 8023 7915 8025
3 8025 7915 7917
3 8028 8026 8027
3 8027 8026 7918
3 8027 7918 8024
3 8024 7918 7916
3 8025 7917 7919
3 8029 8025 7919
3 7919 8030 8029
3 7920 8030 7919
3 8026 7922 7921
3 8026 8028 7922
3 8028 8031 7922
3 8026 7921 7918
3 8030 7920 8032
3 8032 7920 7923
3 8035 8033 8034
3 8034 8033 7924
3 8034 7924 8031
3 8031 7924 7922
3 8032 7923 7925
3 8036 8032 7925
3 7925 8037 8036
3 7926 8037 7925
3 8033 7928 7927
3 8033 8035 7928
3 8035 8038 7928
3 8033 7927 7924
3 8037 7926 7929
3 8039 8037 7929
3 7929 8040 8039
3 7930 8040 7929
3 7932 8041 8042
3 7931 8041 7932
3 8041 7931 7928
3 8038 8041 7928
3 8040 7930 7933
3 8043 8040 7933
3 7933 8044 8043
3 7934 8044 7933
3 7936 8045 8046
3 7935 8045 7936
3 8045 7935 7932
3 8042 8045 7932
3 8044 7934 7937
3 8047 8044 7937
3 7937 8048 8047
3 7938 8048 7937
3 7941 8049 8050
3 7940 8049 7941
3 8049 7940 7936
3 8046 8049 7936
3 8048 7938 7942
3 8051 8048 7942
3 8052 7942 7943
3 8052 8053 7942
3 8053 8051 7942
3 8053 8052 8054
3 8057 8055 8056
3 7945 8056 8055
3 7945 7944 8056
3 7944 8058 8056
3 8058 7944 7941
3 8050 8058 7941
3 8052 7943 7946
3 8054 8052 7946
3 8054 7946 8059
3 8059 7946 7947
3 8059 7947 8060
3 7947 7949 8060
3 8061 7949 7950
3 8061 8062 7949
3 8062 8060 7949
3 8062 8061 8063
3 8066 8064 8065
3 8065 8067 8068
3 8064 8067 8065
3 7953 8068 8067
3 7953 7952 8068
3 7952 8069 8068
3 8069 7952 8070
3 7952 7954 8070
3 8070 7954 8071
3 7954 7955 8071
3 8055 8057 8071
3 8055 8071 7956
3 7956 8071 7955
3 8055 7956 7945
3 8061 7950 7957
3 8063 8061 7957
3 8063 7957 8072
3 8072 7957 7958
3 8072 7958 8073
3 7958 7959 8073
3 8073 7959 8074
3 7959 7960 8074
3 8074 7960 8075
3 7960 7961 8075
3 8075 7961 8076
3 7961 7962 8076
3 8076 7962 8077
3 7962 7963 8077
3 8064 8066 8077
3 8064 8077 7964
3 7964 8077 7963
3 8067 8064 7964
3 7965 8067 7964
3 8067 7965 7953
3 7967 8079 8078
3 7966 7967 8078
3 8078 8080 7966
3 7966 8080 7968
3 8080 8081 7968
3 7968 8081 7969
3 8081 8082 7969
3 7969 8082 7970
3 8082 8083 7970
3 7970 8083 7971
3 8083 8084 7971
3 7971 8084 7972
3 8084 8085 7972
3 7972 8085 7973
3 8085 8086 7973
3 7973 8086 7974
3 8086 8087 7974
3 7974 8087 7975
3 8087 8088 7975
3 7975 8088 7976
3 8088 8089 7976
3 7976 8089 7977
3 7977 8089 8090
3 7978 7977 8090
3 7980 8092 8091
3 7979 7980 8091
3 8091 8093 7979
3 7979 8093 7981
3 8093 8094 7981
3 7981 8094 7982
3 8094 7967 7982
3 8079 7967 8094
3 8090 7983 7978
3 8095 7983 8090
3 8095 8096 7983
3 7983 8096 7984
3 7984 8096 8097
3 7985 7984 8097
3 7987 8099 8098
3 7986 7987 8098
3 8098 8100 7986
3 7986 8100 7988
3 8100 7980 7988
3 8092 7980 8100
3 8097 7989 7985
3 8101 7989 8097
3 7989 8101 8102
3 7990 7989 8102
3 7992 8104 8103
3 7991 7992 8103
3 8103 7987 7991
3 8099 7987 8103
3 8102 7993 7990
3 8105 7993 8102
3 7993 8105 8106
3 7994 7993 8106
3 7996 8108 8107
3 7995 7996 8107
3 8107 7992 7995
3 8104 7992 8107
3 7997 8110 8109
3 7997 7994 8110
3 7994 8106 8110
3 7997 8109 7998
3 8108 7996 8111
3 8111 7996 7999
3 8110 8112 8109
3 8114 8113 8000
3 8112 8114 8000
3 8112 8000 7998
3 8112 7998 8109
3 8000 8113 8001
3 8111 7999 8115
3 8115 7999 8002
3 8114 8116 8113
3 8113 8116 8117
3 8113 8117 8001
3 8001 8117 8003
3 8005 8119 8118
3 8004 8005 8118
3 8118 8002 8004
3 8115 8002 8118
3 8117 8006 8003
3 8120 8006 8117
3 8006 8120 8121
3 8007 8006 8121
3 8119 8005 8122
3 8122 8005 8008
3 8121 8123 8007
3 8123 8010 8007
3 8011 8012 8124
3 8124 8008 8011
3 8124 8125 8008
3 8125 8122 8008
3 8123 8013 8010
3 8126 8013 8123
3 8013 8126 8127
3 8014 8013 8127
3 8128 8124 8012
3 8128 8012 8129
3 8129 8012 8015
3 8124 8128 8125
3 8127 8130 8014
3 8130 8016 8014
3 8129 8015 8131
3 8131 8015 8017
3 8130 8132 8016
3 8132 8018 8016
3 8131 8017 8133
3 8133 8017 8019
3 8132 8134 8018
3 8134 8020 8018
3 8133 8019 8135
3 8135 8019 8021
3 8134 8136 8020
3 8136 8022 8020
3 8135 8021 8137
3 8137 8021 8023
3 8136 8138 8022
3 8138 8024 8022
3 8137 8023 8139
3 8139 8023 8025
3 8028 8140 8141
3 8027 8140 8028
3 8140 8027 8024
3 8138 8140 8024
3 8139 8025 8029
3 8142 8139 8029
3 8029 8143 8142
3 8030 8143 8029
3 8141 8144 8028
3 8144 8031 8028
3 8143 8030 8145
3 8145 8030 8032
3 8035 8146 8147
3 8034 8146 8035
3 8146 8034 8031
3 8144 8146 8031
3 8145 8032 8036
3 8148 8145 8036
3 8036 8149 8148
3 8037 8149 8036
3 8152 8150 8151
3 8151 8150 8038
3 8151 8038 8147
3 8147 8038 8035
3 8149 8037 8039
3 8153 8149 8039
3 8039 8154 8153
3 8040 8154 8039
3 8150 8042 8041
3 8150 8152 8042
3 8152 8155 8042
3 8150 8041 8038
3 8154 8040 8043
3 8156 8154 8043
3 8043 8157 8156
3 8044 8157 8043
3 8046 8158 8159
3 8045 8158 8046
3 8158 8045 8042
3 8155 8158 8042
3 8157 8044 8047
3 8160 8157 8047
3 8047 8161 8160
3 8048 8161 8047
3 8050 8162 8163
3 8049 8162 8050
3 8162 8049 8046
3 8159 8162 8046
3 8161 8048 8051
3 8164 8161 8051
3 8164 8051 8165
3 8051 8053 8165
3 8053 8166 8165
3 8054 8166 8053
3 8057 8167 8168
3 8056 8167 8057
3 8167 8056 8169
3 8056 8058 8169
3 8169 8058 8050
3 8163 8169 8050
3 8166 8054 8059
3 8170 8166 8059
3 8170 8059 8171
3 8059 8060 8171
3 8171 8060 8172
3 8060 8062 8172
3 8173 8062 8063
3 8173 8174 8062
3 8174 8172 8062
3 8174 8175 8176
3 8173 8175 8174
3 8176 8177 8178
3 8175 8177 8176
3 8178 8179 8180
3 8177 8179 8178
3 8180 8181 8182
3 8179 8181 8180
3 8182 8183 8184
3 8181 8183 8182
3 8066 8184 8183
3 8066 8065 8184
3 8065 8185 8184
3 8185 8065 8186
3 8065 8068 8186
3 8186 8068 8187
3 8068 8069 8187
3 8187 8069 8188
3 8069 8070 8188
3 8188 8070 8189
3 8070 8071 8189
3 8189 8071 8057
3 8168 8189 8057
3 8173 8063 8072
3 8175 8173 8072
3 8073 8175 8072
3 8177 8175 8073
3 8074 8177 8073
3 8179 8177 8074
3 8075 8179 8074
3 8181 8179 8075
3 8076 8181 8075
3 8183 8181 8076
3 8077 8183 8076
3 8183 8077 8066
3 8079 8191 8190
3 8078 8079 8190
3 8190 8192 8078
3 8078 8192 8080
3 8192 8193 8080
3 8080 8193 8081
3 8193 8194 8081
3 8081 8194 8082
3 8194 8195 8082
3 8082 8195 8083
3 8195 8196 8083
3 8083 8196 8084
3 8196 8197 8084
3 8084 8197 8085
3 8197 8198 8085
3 8085 8198 8086
3 8198 8199 8086
3 8086 8199 8087
3 8199 8200 8087
3 8087 8200 8088
3 8200 8201 8088
3 8088 8201 8089
3 8089 8201 8202
3 8090 8089 8202
3 8092 8204 8203
3 8091 8092 8203
3 8203 8205 8091
3 8091 8205 8093
3 8205 8206 8093
3 8093 8206 8094
3 8206 8079 8094
3 8191 8079 8206
3 8202 8095 8090
3 8207 8095 8202
3 8207 8208 8095
3 8095 8208 8096
3 8096 8208 8209
3 8097 8096 8209
3 8099 8211 8210
3 8098 8099 8210
3 8210 8212 8098
3 8098 8212 8100
3 8212 8092 8100
3 8204 8092 8212
3 8209 8101 8097
3 8213 8101 8209
3 8101 8213 8214
3 8102 8101 8214
3 8104 8216 8215
3 8103 8104 8215
3 8215 8099 8103
3 8211 8099 8215
3 8105 8218 8217
3 8105 8102 8218
3 8102 8214 8218
3 8105 8217 8106
3 8107 8108 8219
3 8219 8104 8107
3 8219 8220 8104
3 8220 8216 8104
3 8218 8221 8217
3 8217 8221 8222
3 8217 8222 8106
3 8106 8222 8110
3 8223 8219 8108
3 8223 8108 8224
3 8224 8108 8111
3 8219 8223 8220
3 8222 8112 8110
3 8225 8112 8222
3 8112 8225 8226
3 8114 8112 8226
3 8224 8111 8227
3 8227 8111 8115
3 8226 8116 8114
3 8228 8116 8226
3 8116 8228 8229
3 8117 8116 8229
3 8119 8231 8230
3 8118 8119 8230
3 8230 8115 8118
3 8227 8115 8230
3 8120 8233 8232
3 8120 8117 8233
3 8117 8229 8233
3 8120 8232 8121
3 8231 8119 8234
3 8234 8119 8122
3 8233 8235 8232
3 8232 8235 8236
3 8232 8236 8121
3 8121 8236 8123
3 8234 8122 8237
3 8237 8122 8125
3 8126 8239 8238
3 8126 8123 8239
3 8123 8236 8239
3 8126 8238 8127
3 8129 8241 8240
3 8128 8129 8240
3 8240 8125 8128
3 8237 8125 8240
3 8239 8242 8238
3 8238 8242 8243
3 8238 8243 8127
3 8127 8243 8130
3 8241 8129 8244
3 8244 8129 8131
3 8243 8245 8130
3 8245 8132 8130
3 8244 8131 8246
3 8246 8131 8133
3 8245 8247 8132
3 8247 8134 8132
3 8246 8133 8248
3 8248 8133 8135
3 8251 8249 8250
3 8250 8249 8136
3 8250 8136 8247
3 8247 8136 8134
3 8248 8135 8252
3 8252 8135 8137
3 8254 8249 8251
3 8253 8249 8254
3 8249 8253 8138
3 8136 8249 8138
3 8252 8137 8255
3 8255 8137 8139
3 8253 8141 8140
3 8253 8254 8141
3 8254 8256 8141
3 8253 8140 8138
3 8255 8139 8142
3 8257 8255 8142
3 8142 8258 8257
3 8143 8258 8142
3 8256 8259 8141
3 8259 8144 8141
3 8258 8143 8260
3 8260 8143 8145
3 8147 8261 8262
3 8146 8261 8147
3 8261 8146 8144
3 8259 8261 8144
3 8260 8145 8148
3 8263 8260 8148
3 8148 8264 8263
3 8149 8264 8148
3 8152 8265 8266
3 8151 8265 8152
3 8265 8151 8147
3 8262 8265 8147
3 8264 8149 8153
3 8267 8264 8153
3 8153 8268 8267
3 8154 8268 8153
3 8271 8269 8270
3 8270 8269 8155
3 8270 8155 8266
3 8266 8155 8152
3 8268 8154 8156
3 8272 8268 8156
3 8156 8273 8272
3 8157 8273 8156
3 8276 8274 8275
3 8269 8159 8158
3 8271 8159 8269
3 8271 8274 8159
3 8271 8275 8274
3 8269 8158 8155
3 8273 8157 8160
3 8277 8273 8160
3 8278 8160 8161
3 8278 8279 8160
3 8279 8277 8160
3 8279 8278 8280
3 8283 8281 8282
3 8274 8163 8162
3 8276 8163 8274
3 8276 8281 8163
3 8276 8282 8281
3 8274 8162 8159
3 8278 8161 8164
3 8280 8278 8164
3 8280 8164 8284
3 8284 8164 8165
3 8285 8165 8166
3 8285 8286 8165
3 8286 8284 8165
3 8286 8285 8287
3 8290 8288 8289
3 8168 8289 8288
3 8168 8167 8289
3 8167 8291 8289
3 8281 8283 8291
3 8281 8291 8169
3 8169 8291 8167
3 8281 8169 8163
3 8285 8166 8170
3 8287 8285 8170
3 8287 8170 8292
3 8292 8170 8171
3 8292 8171 8293
3 8171 8172 8293
3 8293 8172 8294
3 8172 8174 8294
3 8294 8174 8295
3 8174 8176 8295
3 8295 8176 8296
3 8176 8178 8296
3 8296 8178 8297
3 8178 8180 8297
3 8297 8180 8298
3 8180 8182 8298
3 8298 8182 8299
3 8182 8184 8299
3 8299 8184 8300
3 8184 8185 8300
3 8300 8185 8301
3 8185 8186 8301
3 8301 8186 8302
3 8186 8187 8302
3 8302 8187 8303
3 8187 8188 8303
3 8288 8290 8303
3 8288 8303 8189
3 8189 8303 8188
3 8288 8189 8168
3 8191 8305 8304
3 8190 8191 8304
3 8304 8306 8190
3 8190 8306 8192
3 8306 8307 8192
3 8192 8307 8193
3 8307 8308 8193
3 8193 8308 8194
3 8308 8309 8194
3 8194 8309 8195
3 8309 8310 8195
3 8195 8310 8196
3 8310 8311 8196
3 8196 8311 8197
3 8311 8312 8197
3 8197 8312 8198
3 8312 8313 8198
3 8198 8313 8199
3 8313 8314 8199
3 8199 8314 8200
3 8314 8315 8200
3 8200 8315 8201
3 8201 8315 8316
3 8202 8201 8316
3 8204 8318 8317
3 8203 8204 8317
3 8317 8319 8203
3 8203 8319 8205
3 8319 8320 8205
3 8205 8320 8206
3 8320 8191 8206
3 8305 8191 8320
3 8316 8207 8202
3 8321 8207 8316
3 8323 8322 8208
3 8323 8208 8321
3 8321 8208 8207
3 8208 8322 8209
3 8210 8211 8324
3 8324 8326 8325
3 8324 8325 8210
3 8210 8325 8212
3 8325 8204 8212
3 8318 8204 8325
3 8323 8327 8322
3 8329 8328 8213
3 8327 8329 8213
3 8327 8213 8209
3 8327 8209 8322
3 8213 8328 8214
3 8216 8331 8330
3 8215 8216 8330
3 8211 8332 8324
3 8211 8215 8332
3 8215 8330 8332
3 8324 8332 8326
3 8329 8333 8328
3 8328 8333 8334
3 8328 8334 8214
3 8214 8334 8218
3 8331 8216 8335
3 8335 8216 8220
3 8334 8221 8218
3 8336 8221 8334
3 8221 8336 8337
3 8222 8221 8337
3 8224 8339 8338
3 8223 8224 8338
3 8338 8220 8223
3 8335 8220 8338
3 8337 8225 8222
3 8340 8225 8337
3 8225 8340 8341
3 8226 8225 8341
3 8339 8224 8342
3 8342 8224 8227
3 8341 8228 8226
3 8343 8228 8341
3 8228 8343 8344
3 8229 8228 8344
3 8231 8346 8345
3 8230 8231 8345
3 8345 8227 8230
3 8342 8227 8345
3 8344 8347 8229
3 8347 8233 8229
3 8346 8231 8348
3 8348 8231 8234
3 8347 8235 8233
3 8349 8235 8347
3 8235 8349 8350
3 8236 8235 8350
3 8348 8234 8351
3 8351 8234 8237
3 8350 8352 8236
3 8352 8239 8236
3 8241 8354 8353
3 8240 8241 8353
3 8353 8237 8240
3 8351 8237 8353
3 8242 8356 8355
3 8242 8239 8356
3 8239 8352 8356
3 8242 8355 8243
3 8354 8241 8357
3 8357 8241 8244
3 8359 8355 8356
3 8358 8355 8359
3 8355 8358 8245
3 8243 8355 8245
3 8357 8244 8360
3 8360 8244 8246
3 8362 8358 8359
3 8361 8358 8362
3 8358 8361 8247
3 8245 8358 8247
3 8360 8246 8363
3 8363 8246 8248
3 8361 8251 8250
3 8361 8362 8251
3 8362 8364 8251
3 8361 8250 8247
3 8363 8248 8365
3 8365 8248 8252
3 8364 8366 8251
3 8366 8254 8251
3 8365 8252 8367
3 8367 8252 8255
3 8366 8368 8254
3 8368 8256 8254
3 8367 8255 8257
3 8369 8367 8257
3 8257 8370 8369
3 8258 8370 8257
3 8373 8371 8372
3 8372 8371 8259
3 8372 8259 8368
3 8368 8259 8256
3 8370 8258 8374
3 8374 8258 8260
3 8371 8262 8261
3 8371 8373 8262
3 8373 8375 8262
3 8371 8261 8259
3 8374 8260 8263
3 8376 8374 8263
3 8263 8377 8376
3 8264 8377 8263
3 8266 8378 8379
3 8265 8378 8266
3 8378 8265 8262
3 8375 8378 8262
3 8377 8264 8267
3 8380 8377 8267
3 8267 8381 8380
3 8268 8381 8267
3 8271 8382 8383
3 8270 8382 8271
3 8382 8270 8266
3 8379 8382 8266
3 8381 8268 8272
3 8384 8381 8272
3 8385 8272 8273
3 8385 8386 8272
3 8386 8384 8272
3 8386 8385 8387
3 8276 8388 8389
3 8275 8388 8276
3 8388 8275 8271
3 8383 8388 8271
3 8385 8273 8277
3 8387 8385 8277
3 8387 8277 8390
3 8390 8277 8279
3 8279 8391 8390
3 8280 8391 8279
3 8283 8392 8393
3 8282 8392 8283
3 8392 8282 8276
3 8389 8392 8276
3 8391 8280 8284
3 8394 8391 8284
3 8394 8284 8395
3 8284 8286 8395
3 8396 8286 8287
3 8396 8397 8286
3 8397 8395 8286
3 8397 8396 8398
3 8401 8399 8400
3 8290 8400 8399
3 8290 8289 8400
3 8289 8402 8400
3 8402 8289 8403
3 8289 8291 8403
3 8403 8291 8283
3 8393 8403 8283
3 8396 8287 8292
3 8398 8396 8292
3 8398 8292 8404
3 8404 8292 8293
3 8404 8293 8405
3 8293 8294 8405
3 8405 8294 8406
3 8294 8295 8406
3 8406 8295 8407
3 8295 8296 8407
3 8407 8296 8408
3 8296 8297 8408
3 8408 8297 8409
3 8297 8298 8409
3 8409 8298 8410
3 8298 8299 8410
3 8410 8299 8411
3 8299 8300 8411
3 8411 8300 8412
3 8300 8301 8412
3 8412 8301 8413
3 8301 8302 8413
3 8399 8401 8413
3 8399 8413 8303
3 8303 8413 8302
3 8399 8303 8290
3 8305 8415 8414
3 8304 8305 8414
3 8414 8416 8304
3 8304 8416 8306
3 8416 8417 8306
3 8306 8417 8307
3 8417 8418 8307
3 8307 8418 8308
3 8418 8419 8308
3 8308 8419 8309
3 8419 8420 8309
3 8309 8420 8310
3 8420 8421 8310
3 8310 8421 8311
3 8421 8422 8311
3 8311 8422 8312
3 8422 8423 8312
3 8312 8423 8313
3 8423 8424 8313
3 8313 8424 8314
3 8424 8425 8314
3 8314 8425 8315
3 8315 8425 8426
3 8316 8315 8426
3 8317 8318 8427
3 8427 8429 8428
3 8427 8428 8317
3 8317 8428 8319
3 8428 8430 8319
3 8319 8430 8320
3 8430 8305 8320
3 8415 8305 8430
3 8426 8321 8316
3 8431 8321 8426
3 8321 8431 8432
3 8323 8321 8432
3 8326 8434 8433
3 8325 8326 8433
3 8318 8435 8427
3 8318 8325 8435
3 8325 8433 8435
3 8427 8435 8429
3 8432 8327 8323
3 8436 8327 8432
3 8327 8436 8437
3 8329 8327 8437
3 8330 8331 8438
3 8438 8440 8439
3 8438 8439 8330
3 8330 8439 8332
3 8439 8326 8332
3 8434 8326 8439
3 8437 8333 8329
3 8441 8333 8437
3 8333 8441 8442
3 8334 8333 8442
3 8443 8438 8331
3 8443 8331 8444
3 8444 8331 8335
3 8438 8443 8440
3 8442 8336 8334
3 8445 8336 8442
3 8336 8445 8446
3 8337 8336 8446
3 8339 8448 8447
3 8338 8339 8447
3 8447 8335 8338
3 8444 8335 8447
3 8446 8340 8337
3 8449 8340 8446
3 8340 8449 8450
3 8341 8340 8450
3 8448 8339 8451
3 8451 8339 8342
3 8450 8343 8341
3 8452 8343 8450
3 8343 8452 8453
3 8344 8343 8453
3 8345 8346 8454
3 8454 8342 8345
3 8454 8455 8342
3 8455 8451 8342
3 8453 8456 8344
3 8456 8347 8344
3 8457 8454 8346
3 8457 8346 8458
3 8458 8346 8348
3 8454 8457 8455
3 8456 8349 8347
3 8459 8349 8456
3 8349 8459 8460
3 8350 8349 8460
3 8458 8348 8461
3 8461 8348 8351
3 8460 8462 8350
3 8462 8352 8350
3 8353 8354 8463
3 8463 8351 8353
3 8463 8464 8351
3 8464 8461 8351
3 8462 8465 8352
3 8465 8356 8352
3 8466 8463 8354
3 8466 8354 8467
3 8467 8354 8357
3 8463 8466 8464
3 8465 8468 8356
3 8468 8359 8356
3 8467 8357 8469
3 8469 8357 8360
3 8468 8470 8359
3 8470 8362 8359
3 8469 8360 8471
3 8471 8360 8363
3 8470 8472 8362
3 8472 8364 8362
3 8471 8363 8473
3 8473 8363 8365
3 8472 8474 8364
3 8474 8366 8364
3 8473 8365 8475
3 8475 8365 8367
3 8474 8476 8366
3 8476 8368 8366
3 8475 8367 8369
3 8477 8475 8369
3 8369 8478 8477
3 8370 8478 8369
3 8373 8479 8480
3 8372 8479 8373
3 8479 8372 8368
3 8476 8479 8368
3 8478 8370 8481
3 8481 8370 8374
3 8484 8482 8483
3 8483 8482 8375
3 8483 8375 8480
3 8480 8375 8373
3 8481 8374 8376
3 8485 8481 8376
3 8376 8486 8485
3 8377 8486 8376
3 8482 8379 8378
3 8482 8484 8379
3 8484 8487 8379
3 8482 8378 8375
3 8486 8377 8380
3 8488 8486 8380
3 8489 8380 8381
3 8489 8490 8380
3 8490 8488 8380
3 8490 8489 8491
3 8383 8492 8493
3 8382 8492 8383
3 8492 8382 8379
3 8487 8492 8379
3 8489 8381 8384
3 8491 8489 8384
3 8491 8384 8494
3 8494 8384 8386
3 8386 8495 8494
3 8387 8495 8386
3 8389 8496 8497
3 8388 8496 8389
3 8496 8388 8383
3 8493 8496 8383
3 8495 8387 8390
3 8498 8495 8390
3 8499 8390 8391
3 8499 8500 8390
3 8500 8498 8390
3 8500 8499 8501
3 8504 8502 8503
3 8393 8503 8502
3 8393 8392 8503
3 8392 8505 8503
3 8505 8392 8389
3 8497 8505 8389
3 8499 8391 8394
3 8501 8499 8394
3 8501 8394 8506
3 8506 8394 8395
3 8506 8395 8507
3 8395 8397 8507
3 8508 8397 8398
3 8508 8509 8397
3 8509 8507 8397
3 8509 8510 8511
3 8508 8510 8509
3 8511 8510 8512
3 8515 8513 8514
3 8514 8516 8517
3 8513 8516 8514
3 8401 8517 8516
3 8401 8400 8517
3 8400 8518 8517
3 8518 8400 8519
3 8400 8402 8519
3 8502 8504 8519
3 8502 8519 8403
3 8403 8519 8402
3 8502 8403 8393
3 8508 8398 8404
3 8510 8508 8404
3 8405 8510 8404
3 8512 8510 8405
3 8512 8405 8520
3 8520 8405 8406
3 8520 8406 8521
3 8406 8407 8521
3 8521 8407 8522
3 8407 8408 8522
3 8522 8408 8523
3 8408 8409 8523
3 8523 8409 8524
3 8409 8410 8524
3 8524 8410 8525
3 8410 8411 8525
3 8513 8515 8525
3 8513 8525 8412
3 8412 8525 8411
3 8516 8513 8412
3 8413 8516 8412
3 8516 8413 8401
3 8415 8527 8526
3 8414 8415 8526
3 8526 8528 8414
3 8414 8528 8416
3 8528 8529 8416
3 8416 8529 8417
3 8529 8530 8417
3 8417 8530 8418
3 8530 8531 8418
3 8418 8531 8419
3 8531 8532 8419
3 8419 8532 8420
3 8532 8533 8420
3 8420 8533 8421
3 8533 8534 8421
3 8421 8534 8422
3 8534 8535 8422
3 8422 8535 8423
3 8535 8536 8423
3 8423 8536 8424
3 8538 8537 8425
3 8538 8425 8536
3 8536 8425 8424
3 8425 8537 8426
3 8429 8540 8539
3 8428 8429 8539
3 8539 8541 8428
3 8428 8541 8430
3 8541 8415 8430
3 8527 8415 8541
3 8538 8542 8537
3 8537 8431 8426
3 8537 8542 8431
3 8542 8543 8431
3 8431 8543 8544
3 8432 8431 8544
3 8434 8546 8545
3 8433 8434 8545
3 8545 8547 8433
3 8433 8547 8435
3 8547 8429 8435
3 8540 8429 8547
3 8544 8436 8432
3 8548 8436 8544
3 8436 8548 8549
3 8437 8436 8549
3 8440 8551 8550
3 8439 8440 8550
3 8550 8434 8439
3 8546 8434 8550
3 8549 8441 8437
3 8552 8441 8549
3 8441 8552 8553
3 8442 8441 8553
3 8444 8555 8554
3 8443 8444 8554
3 8554 8440 8443
3 8551 8440 8554
3 8553 8445 8442
3 8556 8445 8553
3 8445 8556 8557
3 8446 8445 8557
3 8447 8448 8558
3 8558 8444 8447
3 8558 8559 8444
3 8559 8555 8444
3 8557 8449 8446
3 8560 8449 8557
3 8449 8560 8561
3 8450 8449 8561
3 8562 8558 8448
3 8562 8448 8563
3 8563 8448 8451
3 8558 8562 8559
3 8452 8565 8564
3 8452 8450 8565
3 8450 8561 8565
3 8452 8564 8453
3 8563 8451 8566
3 8566 8451 8455
3 8565 8567 8564
3 8564 8567 8568
3 8564 8568 8453
3 8453 8568 8456
3 8458 8570 8569
3 8457 8458 8569
3 8569 8455 8457
3 8566 8455 8569
3 8459 8572 8571
3 8459 8456 8572
3 8456 8568 8572
3 8459 8571 8460
3 8570 8458 8573
3 8573 8458 8461
3 8572 8574 8571
3 8571 8574 8575
3 8571 8575 8460
3 8460 8575 8462
3 8573 8461 8576
3 8576 8461 8464
3 8575 8577 8462
3 8577 8465 8462
3 8466 8467 8578
3 8578 8464 8466
3 8578 8579 8464
3 8579 8576 8464
3 8577 8580 8465
3 8580 8468 8465
3 8581 8578 8467
3 8581 8467 8582
3 8582 8467 8469
3 8578 8581 8579
3 8580 8583 8468
3 8583 8470 8468
3 8582 8469 8584
3 8584 8469 8471
3 8583 8585 8470
3 8585 8472 8470
3 8586 8587 8584
3 8586 8584 8473
3 8473 8584 8471
3 8587 8586 8588
3 8585 8589 8472
3 8589 8474 8472
3 8590 8586 8473
3 8475 8590 8473
3 8588 8590 8591
3 8586 8590 8588
3 8594 8592 8593
3 8593 8592 8476
3 8593 8476 8589
3 8589 8476 8474
3 8590 8475 8477
3 8477 8591 8590
3 8477 8478 8591
3 8478 8595 8591
3 8592 8480 8479
3 8592 8594 8480
3 8594 8596 8480
3 8592 8479 8476
3 8595 8478 8597
3 8597 8478 8481
3 8484 8598 8599
3 8483 8598 8484
3 8598 8483 8480
3 8596 8598 8480
3 8597 8481 8485
3 8600 8597 8485
3 8485 8601 8600
3 8486 8601 8485
3 8599 8602 8484
3 8602 8487 8484
3 8601 8486 8488
3 8603 8601 8488
3 8603 8488 8604
3 8488 8490 8604
3 8490 8605 8604
3 8491 8605 8490
3 8493 8606 8607
3 8492 8606 8493
3 8606 8492 8487
3 8602 8606 8487
3 8605 8491 8494
3 8608 8605 8494
3 8494 8609 8608
3 8495 8609 8494
3 8612 8610 8611
3 8497 8611 8610
3 8497 8496 8611
3 8496 8613 8611
3 8613 8496 8493
3 8607 8613 8493
3 8609 8495 8498
3 8614 8609 8498
3 8614 8498 8615
3 8498 8500 8615
3 8500 8616 8615
3 8501 8616 8500
3 8504 8617 8618
3 8503 8617 8504
3 8610 8612 8617
3 8610 8617 8505
3 8505 8617 8503
3 8610 8505 8497
3 8616 8501 8506
3 8619 8616 8506
3 8619 8506 8620
3 8506 8507 8620
3 8620 8507 8621
3 8507 8509 8621
3 8621 8509 8622
3 8509 8511 8622
3 8623 8511 8512
3 8623 8624 8511
3 8624 8622 8511
3 8624 8625 8626
3 8623 8625 8624
3 8626 8627 8628
3 8625 8627 8626
3 8628 8629 8630
3 8627 8629 8628
3 8630 8631 8632
3 8629 8631 8630
3 8632 8633 8634
3 8631 8633 8632
3 8515 8634 8633
3 8515 8514 8634
3 8514 8635 8634
3 8635 8514 8636
3 8514 8517 8636
3 8636 8517 8637
3 8517 8518 8637
3 8637 8518 8638
3 8518 8519 8638
3 8638 8519 8504
3 8618 8638 8504
3 8623 8512 8520
3 8625 8623 8520
3 8521 8625 8520
3 8627 8625 8521
3 8522 8627 8521
3 8629 8627 8522
3 8523 8629 8522
3 8631 8629 8523
3 8524 8631 8523
3 8633 8631 8524
3 8525 8633 8524
3 8633 8525 8515
3 8527 8640 8639
3 8526 8527 8639
3 8639 8641 8526
3 8526 8641 8528
3 8641 8642 8528
3 8528 8642 8529
3 8642 8643 8529
3 8529 8643 8530
3 8643 8644 8530
3 8530 8644 8531
3 8644 8645 8531
3 8531 8645 8532
3 8645 8646 8532
3 8532 8646 8533
3 8646 8647 8533
3 8533 8647 8534
3 8647 8648 8534
3 8534 8648 8535
3 8648 8649 8535
3 8535 8649 8536
3 8536 8649 8650
3 8538 8536 8650
3 8540 8652 8651
3 8539 8540 8651
3 8651 8653 8539
3 8539 8653 8541
3 8653 8527 8541
3 8640 8527 8653
3 8650 8542 8538
3 8654 8542 8650
3 8654 8655 8542
3 8542 8655 8543
3 8543 8655 8656
3 8544 8543 8656
3 8546 8658 8657
3 8545 8546 8657
3 8657 8659 8545
3 8545 8659 8547
3 8659 8540 8547
3 8652 8540 8659
3 8656 8548 8544
3 8660 8548 8656
3 8548 8660 8661
3 8549 8548 8661
3 8551 8663 8662
3 8550 8551 8662
3 8662 8546 8550
3 8658 8546 8662
3 8661 8552 8549
3 8664 8552 8661
3 8552 8664 8665
3 8553 8552 8665
3 8555 8667 8666
3 8554 8555 8666
3 8666 8551 8554
3 8663 8551 8666
3 8665 8556 8553
3 8668 8556 8665
3 8556 8668 8669
3 8557 8556 8669
3 8667 8555 8670
3 8670 8555 8559
3 8669 8560 8557
3 8671 8560 8669
3 8560 8671 8672
3 8561 8560 8672
3 8563 8674 8673
3 8562 8563 8673
3 8673 8559 8562
3 8670 8559 8673
3 8672 8675 8561
3 8675 8565 8561
3 8674 8563 8676
3 8676 8563 8566
3 8675 8567 8565
3 8677 8567 8675
3 8567 8677 8678
3 8568 8567 8678
3 8570 8680 8679
3 8569 8570 8679
3 8679 8566 8569
3 8676 8566 8679
3 8678 8681 8568
3 8681 8572 8568
3 8680 8570 8682
3 8682 8570 8573
3 8681 8574 8572
3 8683 8574 8681
3 8574 8683 8684
3 8575 8574 8684
3 8682 8573 8685
3 8685 8573 8576
3 8684 8686 8575
3 8686 8577 8575
3 8685 8576 8687
3 8687 8576 8579
3 8686 8688 8577
3 8688 8580 8577
3 8581 8582 8689
3 8689 8579 8581
3 8689 8690 8579
3 8690 8687 8579
3 8688 8691 8580
3 8691 8583 8580
3 8692 8689 8582
3 8584 8692 8582
3 8690 8692 8693
3 8689 8692 8690
3 8691 8694 8583
3 8694 8585 8583
3 8692 8584 8587
3 8587 8693 8692
3 8587 8588 8693
3 8588 8695 8693
3 8698 8696 8697
3 8697 8696 8589
3 8697 8589 8694
3 8694 8589 8585
3 8695 8588 8699
3 8699 8588 8591
3 8696 8594 8593
3 8696 8698 8594
3 8698 8700 8594
3 8696 8593 8589
3 8699 8591 8701
3 8701 8591 8595
3 8700 8702 8594
3 8702 8596 8594
3 8703 8704 8701
3 8703 8701 8597
3 8597 8701 8595
3 8704 8703 8705
3 8599 8706 8707
3 8598 8706 8599
3 8706 8598 8596
3 8702 8706 8596
3 8703 8597 8600
3 8600 8601 8708
3 8703 8600 8708
3 8703 8708 8709
3 8703 8709 8705
3 8709 8708 8710
3 8713 8711 8712
3 8712 8711 8602
3 8712 8602 8707
3 8707 8602 8599
3 8708 8601 8603
3 8710 8708 8603
3 8710 8603 8714
3 8714 8603 8604
3 8604 8715 8714
3 8605 8715 8604
3 8718 8716 8717
3 8711 8607 8606
3 8713 8607 8711
3 8713 8716 8607
3 8713 8717 8716
3 8711 8606 8602
3 8715 8605 8608
3 8719 8715 8608
3 8608 8720 8719
3 8609 8720 8608
3 8612 8721 8722
3 8611 8721 8612
3 8716 8718 8721
3 8716 8721 8613
3 8613 8721 8611
3 8716 8613 8607
3 8720 8609 8614
3 8723 8720 8614
3 8723 8614 8724
3 8614 8615 8724
3 8725 8615 8616
3 8725 8726 8615
3 8726 8724 8615
3 8726 8725 8727
3 8730 8728 8729
3 8618 8729 8728
3 8618 8617 8729
3 8617 8731 8729
3 8731 8617 8612
3 8722 8731 8612
3 8725 8616 8619
3 8727 8725 8619
3 8727 8619 8732
3 8732 8619 8620
3 8732 8620 8733
3 8620 8621 8733
3 8733 8621 8734
3 8621 8622 8734
3 8734 8622 8735
3 8622 8624 8735
3 8735 8624 8736
3 8624 8626 8736
3 8736 8626 8737
3 8626 8628 8737
3 8737 8628 8738
3 8628 8630 8738
3 8738 8630 8739
3 8630 8632 8739
3 8739 8632 8740
3 8632 8634 8740
3 8740 8634 8741
3 8634 8635 8741
3 8741 8635 8742
3 8635 8636 8742
3 8742 8636 8743
3 8636 8637 8743
3 8728 8730 8743
3 8728 8743 8638
3 8638 8743 8637
3 8728 8638 8618
3 8639 8640 8744
3 8744 8746 8745
3 8744 8745 8639
3 8639 8745 8641
3 8745 8747 8641
3 8641 8747 8642
3 8747 8748 8642
3 8642 8748 8643
3 8748 8749 8643
3 8643 8749 8644
3 8749 8750 8644
3 8644 8750 8645
3 8750 8751 8645
3 8645 8751 8646
3 8751 8752 8646
3 8646 8752 8647
3 8752 8753 8647
3 8647 8753 8648
3 8753 8754 8648
3 8648 8754 8649
3 8649 8754 8755
3 8650 8649 8755
3 8652 8757 8756
3 8651 8652 8756
3 8756 8758 8651
3 8651 8758 8653
3 8640 8759 8744
3 8640 8653 8759
3 8653 8758 8759
3 8744 8759 8746
3 8755 8654 8650
3 8760 8654 8755
3 8760 8761 8654
3 8654 8761 8655
3 8655 8761 8762
3 8656 8655 8762
3 8657 8658 8763
3 8763 8765 8764
3 8763 8764 8657
3 8657 8764 8659
3 8764 8652 8659
3 8757 8652 8764
3 8762 8660 8656
3 8766 8660 8762
3 8660 8766 8767
3 8661 8660 8767
3 8663 8769 8768
3 8662 8663 8768
3 8658 8770 8763
3 8658 8662 8770
3 8662 8768 8770
3 8763 8770 8765
3 8767 8664 8661
3 8771 8664 8767
3 8664 8771 8772
3 8665 8664 8772
3 8667 8774 8773
3 8666 8667 8773
3 8773 8663 8666
3 8769 8663 8773
3 8772 8668 8665
3 8775 8668 8772
3 8668 8775 8776
3 8669 8668 8776
3 8774 8667 8777
3 8777 8667 8670
3 8776 8671 8669
3 8778 8671 8776
3 8671 8778 8779
3 8672 8671 8779
3 8674 8781 8780
3 8673 8674 8780
3 8780 8670 8673
3 8777 8670 8780
3 8779 8782 8672
3 8782 8675 8672
3 8781 8674 8783
3 8783 8674 8676
3 8782 8677 8675
3 8784 8677 8782
3 8677 8784 8785
3 8678 8677 8785
3 8679 8680 8786
3 8786 8676 8679
3 8786 8787 8676
3 8787 8783 8676
3 8785 8788 8678
3 8788 8681 8678
3 8789 8786 8680
3 8789 8680 8790
3 8790 8680 8682
3 8786 8789 8787
3 8683 8792 8791
3 8683 8681 8792
3 8681 8788 8792
3 8683 8791 8684
3 8790 8682 8793
3 8793 8682 8685
3 8795 8791 8792
3 8794 8791 8795
3 8791 8794 8686
3 8684 8791 8686
3 8793 8685 8796
3 8796 8685 8687
3 8795 8797 8794
3 8794 8797 8798
3 8794 8798 8686
3 8686 8798 8688
3 8796 8687 8799
3 8799 8687 8690
3 8798 8800 8688
3 8800 8691 8688
3 8799 8690 8801
3 8801 8690 8693
3 8804 8802 8803
3 8803 8802 8694
3 8803 8694 8800
3 8800 8694 8691
3 8801 8693 8805
3 8805 8693 8695
3 8802 8698 8697
3 8802 8804 8698
3 8804 8806 8698
3 8802 8697 8694
3 8805 8695 8807
3 8807 8695 8699
3 8806 8808 8698
3 8808 8700 8698
3 8807 8699 8809
3 8809 8699 8701
3 8808 8810 8700
3 8810 8702 8700
3 8809 8701 8704
3 8811 8809 8704
3 8704 8812 8811
3 8705 8812 8704
3 8707 8813 8814
3 8706 8813 8707
3 8813 8706 8702
3 8810 8813 8702
3 8812 8705 8709
3 8815 8812 8709
3 8709 8816 8815
3 8710 8816 8709
3 8713 8817 8818
3 8712 8817 8713
3 8817 8712 8707
3 8814 8817 8707
3 8816 8710 8714
3 8819 8816 8714
3 8714 8820 8819
3 8715 8820 8714
3 8718 8821 8822
3 8717 8821 8718
3 8821 8717 8713
3 8818 8821 8713
3 8820 8715 8719
3 8823 8820 8719
3 8824 8719 8720
3 8824 8825 8719
3 8825 8823 8719
3 8825 8824 8826
3 8722 8827 8828
3 8721 8827 8722
3 8827 8721 8718
3 8822 8827 8718
3 8824 8720 8723
3 8826 8824 8723
3 8826 8723 8829
3 8829 8723 8724
3 8829 8724 8830
3 8724 8726 8830
3 8831 8726 8727
3 8831 8832 8726
3 8832 8830 8726
3 8832 8831 8833
3 8836 8834 8835
3 8730 8835 8834
3 8730 8729 8835
3 8729 8837 8835
3 8837 8729 8838
3 8729 8731 8838
3 8838 8731 8722
3 8828 8838 8722
3 8831 8727 8732
3 8833 8831 8732
3 8833 8732 8839
3 8839 8732 8733
3 8839 8733 8840
3 8733 8734 8840
3 8840 8734 8841
3 8734 8735 8841
3 8841 8735 8842
3 8735 8736 8842
3 8842 8736 8843
3 8736 8737 8843
3 8843 8737 8844
3 8737 8738 8844
3 8844 8738 8845
3 8738 8739 8845
3 8845 8739 8846
3 8739 8740 8846
3 8846 8740 8847
3 8740 8741 8847
3 8847 8741 8848
3 8741 8742 8848
3 8834 8836 8848
3 8834 8848 8743
3 8743 8848 8742
3 8834 8743 8730
3 8746 8850 8849
3 8745 8746 8849
3 8849 8851 8745
3 8745 8851 8747
3 8851 8852 8747
3 8747 8852 8748
3 8852 8853 8748
3 8748 8853 8749
3 8853 8854 8749
3 8749 8854 8750
3 8854 8855 8750
3 8750 8855 8751
3 8855 8856 8751
3 8751 8856 8752
3 8856 8857 8752
3 8752 8857 8753
3 8857 8858 8753
3 8753 8858 8754
3 8754 8858 8859
3 8755 8754 8859
3 8756 8757 8860
3 8860 8862 8861
3 8860 8861 8756
3 8756 8861 8758
3 8861 8863 8758
3 8758 8863 8759
3 8863 8746 8759
3 8850 8746 8863
3 8859 8760 8755
3 8864 8760 8859
3 8866 8865 8761
3 8866 8761 8864
3 8864 8761 8760
3 8761 8865 8762
3 8765 8868 8867
3 8764 8765 8867
3 8757 8869 8860
3 8757 8764 8869
3 8764 8867 8869
3 8860 8869 8862
3 8866 8870 8865
3 8865 8766 8762
3 8865 8870 8766
3 8870 8871 8766
3 8766 8871 8872
3 8767 8766 8872
3 8768 8769 8873
3 8873 8875 8874
3 8873 8874 8768
3 8768 8874 8770
3 8874 8765 8770
3 8868 8765 8874
3 8872 8771 8767
3 8876 8771 8872
3 8771 8876 8877
3 8772 8771 8877
3 8773 8774 8878
3 8878 8880 8879
3 8773 8878 8879
3 8773 8879 8873
3 8773 8873 8769
3 8873 8879 8875
3 8877 8775 8772
3 8881 8775 8877
3 8775 8881 8882
3 8776 8775 8882
3 8883 8878 8774
3 8883 8774 8884
3 8884 8774 8777
3 8878 8883 8880
3 8882 8778 8776
3 8885 8778 8882
3 8778 8885 8886
3 8779 8778 8886
3 8780 8781 8887
3 8887 8777 8780
3 8887 8888 8777
3 8888 8884 8777
3 8886 8889 8779
3 8889 8782 8779
3 8890 8887 8781
3 8890 8781 8891
3 8891 8781 8783
3 8887 8890 8888
3 8889 8784 8782
3 8892 8784 8889
3 8784 8892 8893
3 8785 8784 8893
3 8891 8783 8894
3 8894 8783 8787
3 8893 8895 8785
3 8895 8788 8785
3 8789 8790 8896
3 8896 8787 8789
3 8896 8897 8787
3 8897 8894 8787
3 8895 8898 8788
3 8898 8792 8788
3 8899 8896 8790
3 8899 8790 8900
3 8900 8790 8793
3 8896 8899 8897
3 8898 8901 8792
3 8901 8795 8792
3 8900 8793 8902
3 8902 8793 8796
3 8797 8904 8903
3 8797 8795 8904
3 8795 8901 8904
3 8797 8903 8798
3 8902 8796 8905
3 8905 8796 8799
3 8907 8903 8904
3 8906 8903 8907
3 8903 8906 8800
3 8798 8903 8800
3 8905 8799 8908
3 8908 8799 8801
3 8906 8804 8803
3 8906 8907 8804
3 8907 8909 8804
3 8906 8803 8800
3 8908 8801 8910
3 8910 8801 8805
3 8909 8911 8804
3 8911 8806 8804
3 8910 8805 8912
3 8912 8805 8807
3 8911 8913 8806
3 8913 8808 8806
3 8912 8807 8914
3 8914 8807 8809
3 8913 8915 8808
3 8915 8810 8808
3 8914 8809 8811
3 8916 8914 8811
3 8811 8917 8916
3 8812 8917 8811
3 8814 8918 8919
3 8813 8918 8814
3 8918 8813 8810
3 8915 8918 8810
3 8917 8812 8815
3 8920 8917 8815
3 8815 8921 8920
3 8816 8921 8815
3 8818 8922 8923
3 8817 8922 8818
3 8922 8817 8814
3 8919 8922 8814
3 8921 8816 8819
3 8924 8921 8819
3 8819 8925 8924
3 8820 8925 8819
3 8822 8926 8927
3 8821 8926 8822
3 8926 8821 8818
3 8923 8926 8818
3 8925 8820 8823
3 8928 8925 8823
3 8928 8823 8929
3 8823 8825 8929
3 8825 8930 8929
3 8826 8930 8825
3 8828 8931 8932
3 8827 8931 8828
3 8931 8827 8822
3 8927 8931 8822
3 8930 8826 8829
3 8933 8930 8829
3 8933 8829 8934
3 8829 8830 8934
3 8934 8830 8935
3 8830 8832 8935
3 8936 8832 8833
3 8936 8937 8832
3 8937 8935 8832
3 8937 8936 8938
3 8941 8939 8940
3 8836 8940 8939
3 8836 8835 8940
3 8835 8942 8940
3 8942 8835 8943
3 8835 8837 8943
3 8943 8837 8944
3 8837 8838 8944
3 8944 8838 8828
3 8932 8944 8828
3 8936 8833 8839
3 8938 8936 8839
3 8938 8839 8945
3 8945 8839 8840
3 8945 8840 8946
3 8840 8841 8946
3 8946 8841 8947
3 8841 8842 8947
3 8947 8842 8948
3 8842 8843 8948
3 8948 8843 8949
3 8843 8844 8949
3 8949 8844 8950
3 8844 8845 8950
3 8950 8845 8951
3 8845 8846 8951
3 8951 8846 8952
3 8846 8847 8952
3 8939 8941 8952
3 8939 8952 8848
3 8848 8952 8847
3 8939 8848 8836
3 8850 8954 8953
3 8849 8850 8953
3 8953 8955 8849
3 8849 8955 8851
3 8955 8956 8851
3 8851 8956 8852
3 8956 8957 8852
3 8852 8957 8853
3 8957 8958 8853
3 8853 8958 8854
3 8958 8959 8854
3 8854 8959 8855
3 8959 8960 8855
3 8855 8960 8856
3 8960 8961 8856
3 8856 8961 8857
3 8961 8962 8857
3 8857 8962 8858
3 8858 8962 8963
3 8859 8858 8963
3 8862 8965 8964
3 8861 8862 8964
3 8964 8966 8861
3 8861 8966 8863
3 8966 8850 8863
3 8954 8850 8966
3 8963 8864 8859
3 8967 8864 8963
3 8864 8967 8968
3 8866 8864 8968
3 8868 8970 8969
3 8867 8868 8969
3 8969 8971 8867
3 8867 8971 8869
3 8971 8862 8869
3 8965 8862 8971
3 8968 8870 8866
3 8972 8870 8968
3 8972 8973 8870
3 8870 8973 8871
3 8871 8973 8974
3 8872 8871 8974
3 8875 8976 8975
3 8874 8875 8975
3 8975 8868 8874
3 8970 8868 8975
3 8974 8876 8872
3 8977 8876 8974
3 8876 8977 8978
3 8877 8876 8978
3 8880 8980 8979
3 8879 8880 8979
3 8979 8875 8879
3 8976 8875 8979
3 8978 8881 8877
3 8981 8881 8978
3 8881 8981 8982
3 8882 8881 8982
3 8884 8984 8983
3 8883 8884 8983
3 8983 8880 8883
3 8980 8880 8983
3 8885 8986 8985
3 8885 8882 8986
3 8882 8982 8986
3 8885 8985 8886
3 8984 8884 8987
3 8987 8884 8888
3 8986 8988 8985
3 8985 8988 8989
3 8985 8989 8886
3 8886 8989 8889
3 8891 8991 8990
3 8890 8891 8990
3 8990 8888 8890
3 8987 8888 8990
3 8989 8892 8889
3 8992 8892 8989
3 8892 8992 8993
3 8893 8892 8993
3 8991 8891 8994
3 8994 8891 8894
3 8993 8995 8893
3 8995 8895 8893
3 8994 8894 8996
3 8996 8894 8897
3 8995 8997 8895
3 8997 8898 8895
3 8899 8900 8998
3 8998 8897 8899
3 8998 8999 8897
3 8999 8996 8897
3 8997 9000 8898
3 9000 8901 8898
3 9001 8998 8900
3 9001 8900 9002
3 9002 8900 8902
3 8998 9001 8999
3 9000 9003 8901
3 9003 8904 8901
3 9002 8902 9004
3 9004 8902 8905
3 9003 9005 8904
3 9005 8907 8904
3 9004 8905 9006
3 9006 8905 8908
3 9005 9007 8907
3 9007 8909 8907
3 9006 8908 9008
3 9008 8908 8910
3 9007 9009 8909
3 9009 8911 8909
3 9008 8910 9010
3 9010 8910 8912
3 9009 9011 8911
3 9011 8913 8911
3 9010 8912 9012
3 9012 8912 8914
3 9015 9013 9014
3 9014 9013 8915
3 9014 8915 9011
3 9011 8915 8913
3 9012 8914 8916
3 9016 9012 8916
3 8916 9017 9016
3 8917 9017 8916
3 9013 8919 8918
3 9013 9015 8919
3 9015 9018 8919
3 9013 8918 8915
3 9017 8917 8920
3 9019 9017 8920
3 8920 9020 9019
3 8921 9020 8920
3 8923 9021 9022
3 8922 9021 8923
3 9021 8922 8919
3 9018 9021 8919
3 9020 8921 8924
3 9023 9020 8924
3 8924 9024 9023
3 8925 9024 8924
3 8927 9025 9026
3 8926 9025 8927
3 9025 8926 8923
3 9022 9025 8923
3 9024 8925 8928
3 9027 9024 8928
3 9027 8928 9028
3 8928 8929 9028
3 8929 9029 9028
3 8930 9029 8929
3 9032 9030 9031
3 8932 9031 9030
3 8932 8931 9031
3 8931 9033 9031
3 9033 8931 8927
3 9026 9033 8927
3 9029 8930 8933
3 9034 9029 8933
3 9034 8933 9035
3 8933 8934 9035
3 9035 8934 9036
3 8934 8935 9036
3 9036 8935 9037
3 8935 8937 9037
3 9038 8937 8938
3 9038 9039 8937
3 9039 9037 8937
3 9039 9038 9040
3 9043 9041 9042
3 8941 9042 9041
3 8941 8940 9042
3 8940 9044 9042
3 9044 8940 9045
3 8940 8942 9045
3 9045 8942 9046
3 8942 8943 9046
3 9030 9032 9046
3 9030 9046 8944
3 8944 9046 8943
3 9030 8944 8932
3 9038 8938 8945
3 9040 9038 8945
3 9040 8945 9047
3 9047 8945 8946
3 9047 8946 9048
3 8946 8947 9048
3 9048 8947 9049
3 8947 8948 9049
3 9049 8948 9050
3 8948 8949 9050
3 9050 8949 9051
3 8949 8950 9051
3 9051 8950 9052
3 8950 8951 9052
3 9041 9043 9052
3 9041 9052 8952
3 8952 9052 8951
3 9041 8952 8941
3 8954 9054 9053
3 8953 8954 9053
3 9053 9055 8953
3 8953 9055 8955
3 9055 9056 8955
3 8955 9056 8956
3 9056 9057 8956
3 8956 9057 8957
3 9057 9058 8957
3 8957 9058 8958
3 9058 9059 8958
3 8958 9059 8959
3 9059 9060 8959
3 8959 9060 8960
3 9060 9061 8960
3 8960 9061 8961
3 9063 9062 8962
3 9063 8962 9061
3 9061 8962 8961
3 8962 9062 8963
3 8965 9065 9064
3 8964 8965 9064
3 9064 9066 8964
3 8964 9066 8966
3 9066 8954 8966
3 9054 8954 9066
3 9063 9067 9062
3 9062 8967 8963
3 9062 9067 8967
3 9067 9068 8967
3 8967 9068 9069
3 8968 8967 9069
3 8970 9071 9070
3 8969 8970 9070
3 9070 9072 8969
3 8969 9072 8971
3 9072 8965 8971
3 9065 8965 9072
3 9069 8972 8968
3 9073 8972 9069
3 9075 9074 8973
3 9075 8973 9073
3 9073 8973 8972
3 8973 9074 8974
3 8976 9077 9076
3 8975 8976 9076
3 9076 8970 8975
3 9071 8970 9076
3 9075 9078 9074
3 9080 9079 8977
3 9078 9080 8977
3 9078 8977 8974
3 9078 8974 9074
3 8977 9079 8978
3 8980 9082 9081
3 8979 8980 9081
3 9081 8976 8979
3 9077 8976 9081
3 9080 9083 9079
3 9079 8981 8978
3 9079 9083 8981
3 9083 9084 8981
3 8981 9084 9085
3 8982 8981 9085
3 8983 8984 9086
3 9086 8980 8983
3 9086 9087 8980
3 9087 9082 8980
3 9085 9088 8982
3 9088 8986 8982
3 9089 9086 8984
3 9089 8984 9090
3 9090 8984 8987
3 9086 9089 9087
3 9088 8988 8986
3 9091 8988 9088
3 8988 9091 9092
3 8989 8988 9092
3 8990 8991 9093
3 9093 8987 8990
3 9093 9094 8987
3 9094 9090 8987
3 8992 9096 9095
3 8992 8989 9096
3 8989 9092 9096
3 8992 9095 8993
3 9097 9093 8991
3 9097 8991 9098
3 9098 8991 8994
3 9093 9097 9094
3 9096 9099 9095
3 9095 9099 9100
3 9095 9100 8993
3 8993 9100 8995
3 9098 8994 9101
3 9101 8994 8996
3 9100 9102 8995
3 9102 8997 8995
3 9101 8996 9103
3 9103 8996 8999
3 9102 9104 8997
3 9104 9000 8997
3 9002 9106 9105
3 9001 9002 9105
3 9105 8999 9001
3 9103 8999 9105
3 9104 9107 9000
3 9107 9003 9000
3 9106 9002 9108
3 9108 9002 9004
3 9107 9109 9003
3 9109 9005 9003
3 9108 9004 9110
3 9110 9004 9006
3 9109 9111 9005
3 9111 9007 9005
3 9110 9006 9112
3 9112 9006 9008
3 9111 9113 9007
3 9113 9009 9007
3 9112 9008 9114
3 9114 9008 9010
3 9113 9115 9009
3 9115 9011 9009
3 9114 9010 9116
3 9116 9010 9012
3 9015 9117 9118
3 9014 9117 9015
3 9117 9014 9011
3 9115 9117 9011
3 9116 9012 9016
3 9119 9116 9016
3 9016 9120 9119
3 9017 9120 9016
3 9118 9121 9015
3 9121 9018 9015
3 9120 9017 9019
3 9122 9120 9019
3 9019 9123 9122
3 9020 9123 9019
3 9022 9124 9125
3 9021 9124 9022
3 9124 9021 9018
3 9121 9124 9018
3 9123 9020 9023
3 9126 9123 9023
3 9127 9023 9024
3 9127 9128 9023
3 9128 9126 9023
3 9128 9127 9129
3 9026 9130 9131
3 9025 9130 9026
3 9130 9025 9022
3 9125 9130 9022
3 9127 9024 9027
3 9129 9127 9027
3 9129 9027 9132
3 9132 9027 9028
3 9133 9028 9029
3 9133 9134 9028
3 9134 9132 9028
3 9134 9133 9135
3 9138 9136 9137
3 9032 9137 9136
3 9032 9031 9137
3 9031 9139 9137
3 9139 9031 9140
3 9031 9033 9140
3 9140 9033 9026
3 9131 9140 9026
3 9133 9029 9034
3 9135 9133 9034
3 9135 9034 9141
3 9141 9034 9035
3 9141 9035 9142
3 9035 9036 9142
3 9142 9036 9143
3 9036 9037 9143
3 9143 9037 9144
3 9037 9039 9144
3 9145 9039 9040
3 9145 9146 9039
3 9146 9144 9039
3 9146 9145 9147
3 9150 9148 9149
3 9149 9151 9152
3 9148 9151 9149
3 9043 9152 9151
3 9043 9042 9152
3 9042 9153 9152
3 9153 9042 9154
3 9042 9044 9154
3 9154 9044 9155
3 9044 9045 9155
3 9136 9138 9155
3 9136 9155 9046
3 9046 9155 9045
3 9136 9046 9032
3 9145 9040 9047
3 9147 9145 9047
3 9147 9047 9156
3 9156 9047 9048
3 9156 9048 9157
3 9048 9049 9157
3 9157 9049 9158
3 9049 9050 9158
3 9148 9150 9158
3 9148 9158 9051
3 9051 9158 9050
3 9151 9148 9051
3 9052 9151 9051
3 9151 9052 9043
3 9054 9160 9159
3 9053 9054 9159
3 9159 9161 9053
3 9053 9161 9055
3 9161 9162 9055
3 9055 9162 9056
3 9162 9163 9056
3 9056 9163 9057
3 9163 9164 9057
3 9057 9164 9058
3 9164 9165 9058
3 9058 9165 9059
3 9165 9166 9059
3 9059 9166 9060
3 9166 9167 9060
3 9060 9167 9061
3 9061 9167 9168
3 9063 9061 9168
3 9065 9170 9169
3 9064 9065 9169
3 9169 9171 9064
3 9064 9171 9066
3 9171 9054 9066
3 9160 9054 9171
3 9168 9067 9063
3 9172 9067 9168
3 9172 9173 9067
3 9067 9173 9068
3 9068 9173 9174
3 9069 9068 9174
3 9070 9071 9175
3 9175 9177 9176
3 9175 9176 9070
3 9070 9176 9072
3 9176 9065 9072
3 9170 9065 9176
3 9174 9073 9069
3 9178 9073 9174
3 9073 9178 9179
3 9075 9073 9179
3 9077 9181 9180
3 9076 9077 9180
3 9071 9182 9175
3 9071 9076 9182
3 9076 9180 9182
3 9175 9182 9177
3 9179 9078 9075
3 9183 9078 9179
3 9078 9183 9184
3 9080 9078 9184
3 9081 9082 9185
3 9185 9077 9081
3 9185 9186 9077
3 9186 9181 9077
3 9184 9083 9080
3 9187 9083 9184
3 9187 9188 9083
3 9083 9188 9084
3 9084 9188 9189
3 9085 9084 9189
3 9190 9185 9082
3 9190 9082 9191
3 9191 9082 9087
3 9185 9190 9186
3 9189 9192 9085
3 9192 9088 9085
3 9089 9090 9193
3 9193 9087 9089
3 9193 9194 9087
3 9194 9191 9087
3 9192 9091 9088
3 9195 9091 9192
3 9091 9195 9196
3 9092 9091 9196
3 9197 9193 9090
3 9197 9090 9198
3 9198 9090 9094
3 9193 9197 9194
3 9196 9199 9092
3 9199 9096 9092
3 9097 9098 9200
3 9200 9094 9097
3 9200 9201 9094
3 9201 9198 9094
3 9199 9099 9096
3 9202 9099 9199
3 9099 9202 9203
3 9100 9099 9203
3 9204 9200 9098
3 9204 9098 9205
3 9205 9098 9101
3 9200 9204 9201
3 9203 9206 9100
3 9206 9102 9100
3 9205 9101 9207
3 9207 9101 9103
3 9206 9208 9102
3 9208 9104 9102
3 9105 9106 9209
3 9209 9103 9105
3 9209 9210 9103
3 9210 9207 9103
3 9208 9211 9104
3 9211 9107 9104
3 9212 9209 9106
3 9212 9106 9213
3 9213 9106 9108
3 9209 9212 9210
3 9211 9214 9107
3 9214 9109 9107
3 9213 9108 9215
3 9215 9108 9110
3 9214 9216 9109
3 9216 9111 9109
3 9215 9110 9217
3 9217 9110 9112
3 9216 9218 9111
3 9218 9113 9111
3 9217 9112 9219
3 9219 9112 9114
3 9218 9220 9113
3 9220 9115 9113
3 9219 9114 9221
3 9221 9114 9116
3 9118 9222 9223
3 9117 9222 9118
3 9222 9117 9115
3 9220 9222 9115
3 9221 9116 9119
3 9224 9221 9119
3 9119 9225 9224
3 9120 9225 9119
3 9223 9226 9118
3 9226 9121 9118
3 9225 9120 9122
3 9227 9225 9122
3 9122 9228 9227
3 9123 9228 9122
3 9125 9229 9230
3 9124 9229 9125
3 9229 9124 9121
3 9226 9229 9121
3 9228 9123 9126
3 9231 9228 9126
3 9231 9126 9232
3 9126 9128 9232
3 9128 9233 9232
3 9129 9233 9128
3 9131 9234 9235
3 9130 9234 9131
3 9234 9130 9125
3 9230 9234 9125
3 9233 9129 9132
3 9236 9233 9132
3 9236 9132 9237
3 9132 9134 9237
3 9238 9134 9135
3 9238 9239 9134
3 9239 9237 9134
3 9239 9238 9240
3 9138 9241 9242
3 9137 9241 9138
3 9241 9137 9243
3 9137 9139 9243
3 9243 9139 9244
3 9139 9140 9244
3 9244 9140 9131
3 9235 9244 9131
3 9238 9135 9141
3 9240 9238 9141
3 9240 9141 9245
3 9245 9141 9142
3 9245 9142 9246
3 9142 9143 9246
3 9246 9143 9247
3 9143 9144 9247
3 9247 9144 9248
3 9144 9146 9248
3 9249 9146 9147
3 9249 9250 9146
3 9250 9248 9146
3 9250 9251 9252
3 9249 9251 9250
3 9252 9253 9254
3 9251 9253 9252
3 9150 9254 9253
3 9150 9149 9254
3 9149 9255 9254
3 9255 9149 9256
3 9149 9152 9256
3 9256 9152 9257
3 9152 9153 9257
3 9257 9153 9258
3 9153 9154 9258
3 9258 9154 9259
3 9154 9155 9259
3 9259 9155 9138
3 9242 9259 9138
3 9249 9147 9156
3 9251 9249 9156
3 9157 9251 9156
3 9253 9251 9157
3 9158 9253 9157
3 9253 9158 9150
3 9160 9261 9260
3 9159 9160 9260
3 9260 9262 9159
3 9159 9262 9161
3 9262 9263 9161
3 9161 9263 9162
3 9263 9264 9162
3 9162 9264 9163
3 9264 9265 9163
3 9163 9265 9164
3 9265 9266 9164
3 9164 9266 9165
3 9266 9267 9165
3 9165 9267 9166
3 9269 9268 9167
3 9269 9167 9267
3 9267 9167 9166
3 9167 9268 9168
3 9170 9271 9270
3 9169 9170 9270
3 9270 9272 9169
3 9169 9272 9171
3 9272 9160 9171
3 9261 9160 9272
3 9269 9273 9268
3 9268 9172 9168
3 9268 9273 9172
3 9273 9274 9172
3 9274 9275 9172
3 9172 9275 9173
3 9173 9275 9276
3 9174 9173 9276
3 9177 9278 9277
3 9176 9177 9277
3 9277 9170 9176
3 9271 9170 9277
3 9276 9178 9174
3 9279 9178 9276
3 9178 9279 9280
3 9179 9178 9280
3 9180 9181 9281
3 9281 9283 9282
3 9281 9282 9180
3 9180 9282 9182
3 9282 9177 9182
3 9278 9177 9282
3 9280 9183 9179
3 9284 9183 9280
3 9183 9284 9285
3 9184 9183 9285
3 9286 9281 9181
3 9286 9181 9287
3 9287 9181 9186
3 9281 9286 9283
3 9285 9187 9184
3 9288 9187 9285
3 9288 9289 9187
3 9187 9289 9188
3 9188 9289 9290
3 9189 9188 9290
3 9191 9292 9291
3 9190 9191 9291
3 9291 9186 9190
3 9287 9186 9291
3 9290 9293 9189
3 9293 9192 9189
3 9292 9191 9294
3 9294 9191 9194
3 9293 9195 9192
3 9295 9195 9293
3 9195 9295 9296
3 9196 9195 9296
3 9198 9298 9297
3 9197 9198 9297
3 9297 9194 9197
3 9294 9194 9297
3 9296 9299 9196
3 9299 9199 9196
3 9298 9198 9300
3 9300 9198 9201
3 9299 9202 9199
3 9301 9202 9299
3 9202 9301 9302
3 9203 9202 9302
3 9204 9205 9303
3 9303 9201 9204
3 9303 9304 9201
3 9304 9300 9201
3 9302 9305 9203
3 9305 9206 9203
3 9306 9303 9205
3 9306 9205 9307
3 9307 9205 9207
3 9303 9306 9304
3 9305 9308 9206
3 9308 9208 9206
3 9307 9207 9309
3 9309 9207 9210
3 9308 9310 9208
3 9310 9211 9208
3 9213 9312 9311
3 9212 9213 9311
3 9311 9210 9212
3 9309 9210 9311
3 9310 9313 9211
3 9313 9214 9211
3 9312 9213 9314
3 9314 9213 9215
3 9313 9315 9214
3 9315 9216 9214
3 9314 9215 9316
3 9316 9215 9217
3 9315 9317 9216
3 9317 9218 9216
3 9316 9217 9318
3 9318 9217 9219
3 9317 9319 9218
3 9319 9220 9218
3 9320 9321 9318
3 9320 9318 9221
3 9221 9318 9219
3 9321 9320 9322
3 9223 9323 9324
3 9222 9323 9223
3 9323 9222 9220
3 9319 9323 9220
3 9320 9221 9224
3 9224 9322 9320
3 9224 9225 9322
3 9225 9325 9322
3 9328 9326 9327
3 9327 9326 9226
3 9327 9226 9324
3 9324 9226 9223
3 9325 9225 9227
3 9329 9325 9227
3 9227 9330 9329
3 9228 9330 9227
3 9326 9230 9229
3 9326 9328 9230
3 9328 9331 9230
3 9326 9229 9226
3 9330 9228 9231
3 9332 9330 9231
3 9332 9231 9333
3 9231 9232 9333
3 9232 9334 9333
3 9233 9334 9232
3 9337 9335 9336
3 9235 9336 9335
3 9235 9234 9336
3 9234 9338 9336
3 9338 9234 9230
3 9331 9338 9230
3 9334 9233 9236
3 9339 9334 9236
3 9339 9236 9340
3 9236 9237 9340
3 9340 9237 9341
3 9237 9239 9341
3 9239 9342 9341
3 9240 9342 9239
3 9242 9343 9344
3 9241 9343 9242
3 9343 9241 9345
3 9241 9243 9345
3 9335 9337 9345
3 9335 9345 9244
3 9244 9345 9243
3 9335 9244 9235
3 9342 9240 9245
3 9346 9342 9245
3 9346 9245 9347
3 9245 9246 9347
3 9347 9246 9348
3 9246 9247 9348
3 9348 9247 9349
3 9247 9248 9349
3 9349 9248 9350
3 9248 9250 9350
3 9350 9250 9351
3 9250 9252 9351
3 9351 9252 9352
3 9252 9254 9352
3 9352 9254 9353
3 9254 9255 9353
3 9353 9255 9354
3 9255 9256 9354
3 9354 9256 9355
3 9256 9257 9355
3 9355 9257 9356
3 9257 9258 9356
3 9356 9258 9357
3 9258 9259 9357
3 9357 9259 9242
3 9344 9357 9242
3 9260 9261 9358
3 9358 9360 9359
3 9358 9359 9260
3 9260 9359 9262
3 9359 9361 9262
3 9262 9361 9263
3 9361 9362 9263
3 9263 9362 9264
3 9362 9363 9264
3 9264 9363 9265
3 9365 9364 9266
3 9365 9266 9363
3 9363 9266 9265
3 9267 9266 9364
3 9366 9267 9364
3 9267 9366 9269
3 9271 9368 9367
3 9270 9271 9367
3 9367 9369 9270
3 9270 9369 9272
3 9261 9370 9358
3 9261 9272 9370
3 9272 9369 9370
3 9358 9370 9360
3 9365 9371 9364
3 9364 9372 9366
3 9371 9372 9364
3 9366 9273 9269
3 9366 9372 9273
3 9372 9373 9273
3 9373 9374 9273
3 9273 9374 9274
3 9374 9375 9274
3 9274 9375 9275
3 9275 9375 9376
3 9276 9275 9376
3 9278 9378 9377
3 9277 9278 9377
3 9377 9271 9277
3 9368 9271 9377
3 9376 9279 9276
3 9379 9279 9376
3 9279 9379 9380
3 9280 9279 9380
3 9283 9382 9381
3 9282 9283 9381
3 9381 9278 9282
3 9378 9278 9381
3 9380 9284 9280
3 9383 9284 9380
3 9284 9383 9384
3 9285 9284 9384
3 9287 9386 9385
3 9286 9287 9385
3 9385 9283 9286
3 9382 9283 9385
3 9384 9288 9285
3 9387 9288 9384
3 9389 9388 9289
3 9389 9289 9387
3 9387 9289 9288
3 9289 9388 9290
3 9291 9292 9390
3 9390 9287 9291
3 9390 9391 9287
3 9391 9386 9287
3 9389 9392 9388
3 9388 9392 9393
3 9388 9393 9290
3 9290 9393 9293
3 9394 9390 9292
3 9394 9292 9395
3 9395 9292 9294
3 9390 9394 9391
3 9393 9295 9293
3 9396 9295 9393
3 9295 9396 9397
3 9296 9295 9397
3 9297 9298 9398
3 9398 9294 9297
3 9398 9399 9294
3 9399 9395 9294
3 9397 9400 9296
3 9400 9299 9296
3 9401 9398 9298
3 9401 9298 9402
3 9402 9298 9300
3 9398 9401 9399
3 9400 9301 9299
3 9403 9301 9400
3 9301 9403 9404
3 9302 9301 9404
3 9402 9300 9405
3 9405 9300 9304
3 9404 9406 9302
3 9406 9305 9302
3 9307 9408 9407
3 9306 9307 9407
3 9407 9304 9306
3 9405 9304 9407
3 9406 9409 9305
3 9409 9308 9305
3 9408 9307 9410
3 9410 9307 9309
3 9409 9411 9308
3 9411 9310 9308
3 9311 9312 9412
3 9412 9309 9311
3 9412 9413 9309
3 9413 9410 9309
3 9411 9414 9310
3 9414 9313 9310
3 9415 9412 9312
3 9415 9312 9416
3 9416 9312 9314
3 9412 9415 9413
3 9414 9417 9313
3 9417 9315 9313
3 9416 9314 9418
3 9418 9314 9316
3 9417 9419 9315
3 9419 9317 9315
3 9420 9421 9418
3 9420 9418 9318
3 9318 9418 9316
3 9421 9420 9422
3 9419 9423 9317
3 9423 9319 9317
3 9420 9318 9321
3 9321 9422 9420
3 9321 9322 9422
3 9322 9424 9422
3 9324 9425 9426
3 9323 9425 9324
3 9425 9323 9319
3 9423 9425 9319
3 9424 9322 9427
3 9427 9322 9325
3 9328 9428 9429
3 9327 9428 9328
3 9428 9327 9324
3 9426 9428 9324
3 9427 9325 9329
3 9430 9427 9329
3 9329 9431 9430
3 9330 9431 9329
3 9434 9432 9433
3 9433 9432 9331
3 9433 9331 9429
3 9429 9331 9328
3 9431 9330 9332
3 9435 9431 9332
3 9435 9332 9436
3 9332 9333 9436
3 9333 9437 9436
3 9334 9437 9333
3 9337 9438 9439
3 9336 9438 9337
3 9432 9434 9438
3 9432 9438 9338
3 9338 9438 9336
3 9432 9338 9331
3 9437 9334 9339
3 9440 9437 9339
3 9440 9339 9441
3 9339 9340 9441
3 9441 9340 9442
3 9340 9341 9442
3 9341 9443 9442
3 9342 9443 9341
3 9446 9444 9445
3 9344 9445 9444
3 9344 9343 9445
3 9343 9447 9445
3 9447 9343 9448
3 9343 9345 9448
3 9448 9345 9337
3 9439 9448 9337
3 9443 9342 9346
3 9449 9443 9346
3 9449 9346 9450
3 9346 9347 9450
3 9450 9347 9451
3 9347 9348 9451
3 9451 9348 9452
3 9348 9349 9452
3 9452 9349 9453
3 9349 9350 9453
3 9453 9350 9454
3 9350 9351 9454
3 9454 9351 9455
3 9351 9352 9455
3 9455 9352 9456
3 9352 9353 9456
3 9456 9353 9457
3 9353 9354 9457
3 9457 9354 9458
3 9354 9355 9458
3 9458 9355 9459
3 9355 9356 9459
3 9444 9446 9459
3 9444 9459 9357
3 9357 9459 9356
3 9444 9357 9344
3 9360 9461 9460
3 9359 9360 9460
3 9460 9462 9359
3 9359 9462 9361
3 9462 9463 9361
3 9361 9463 9362
3 9465 9464 9363
3 9465 9363 9463
3 9463 9363 9362
3 9363 9464 9365
3 9367 9368 9466
3 9466 9468 9467
3 9466 9467 9367
3 9367 9467 9369
3 9467 9469 9369
3 9369 9469 9370
3 9469 9360 9370
3 9461 9360 9469
3 9465 9470 9464
3 9464 9371 9365
3 9464 9470 9371
3 9470 9471 9371
3 9471 9472 9371
3 9371 9472 9372
3 9472 9473 9372
3 9372 9473 9373
3 9473 9474 9373
3 9373 9474 9374
3 9474 9475 9374
3 9374 9475 9375
3 9375 9475 9476
3 9376 9375 9476
3 9378 9478 9477
3 9377 9378 9477
3 9368 9479 9466
3 9368 9377 9479
3 9377 9477 9479
3 9466 9479 9468
3 9476 9379 9376
3 9480 9379 9476
3 9379 9480 9481
3 9380 9379 9481
3 9382 9483 9482
3 9381 9382 9482
3 9482 9378 9381
3 9478 9378 9482
3 9481 9383 9380
3 9484 9383 9481
3 9383 9484 9485
3 9384 9383 9485
3 9386 9487 9486
3 9385 9386 9486
3 9486 9382 9385
3 9483 9382 9486
3 9485 9387 9384
3 9488 9387 9485
3 9387 9488 9489
3 9389 9387 9489
3 9487 9386 9490
3 9490 9386 9391
3 9489 9392 9389
3 9491 9392 9489
3 9392 9491 9492
3 9393 9392 9492
3 9394 9395 9493
3 9493 9391 9394
3 9493 9494 9391
3 9494 9490 9391
3 9492 9396 9393
3 9495 9396 9492
3 9396 9495 9496
3 9397 9396 9496
3 9497 9493 9395
3 9497 9395 9498
3 9498 9395 9399
3 9493 9497 9494
3 9496 9499 9397
3 9499 9400 9397
3 9401 9402 9500
3 9500 9399 9401
3 9500 9501 9399
3 9501 9498 9399
3 9403 9503 9502
3 9403 9400 9503
3 9400 9499 9503
3 9403 9502 9404
3 9504 9500 9402
3 9504 9402 9505
3 9505 9402 9405
3 9500 9504 9501
3 9503 9506 9502
3 9502 9506 9507
3 9502 9507 9404
3 9404 9507 9406
3 9407 9408 9508
3 9508 9405 9407
3 9508 9509 9405
3 9509 9505 9405
3 9507 9510 9406
3 9510 9409 9406
3 9511 9508 9408
3 9511 9408 9512
3 9512 9408 9410
3 9508 9511 9509
3 9510 9513 9409
3 9513 9411 9409
3 9512 9410 9514
3 9514 9410 9413
3 9513 9515 9411
3 9515 9414 9411
3 9415 9416 9516
3 9516 9413 9415
3 9516 9517 9413
3 9517 9514 9413
3 9515 9518 9414
3 9518 9417 9414
3 9519 9516 9416
3 9418 9519 9416
3 9517 9519 9520
3 9516 9519 9517
3 9518 9521 9417
3 9521 9419 9417
3 9519 9418 9421
3 9421 9520 9519
3 9421 9422 9520
3 9422 9522 9520
3 9525 9523 9524
3 9524 9523 9423
3 9524 9423 9521
3 9521 9423 9419
3 9522 9422 9526
3 9526 9422 9424
3 9523 9426 9425
3 9523 9525 9426
3 9525 9527 9426
3 9523 9425 9423
3 9526 9424 9528
3 9528 9424 9427
3 9429 9529 9530
3 9428 9529 9429
3 9529 9428 9426
3 9527 9529 9426
3 9528 9427 9430
3 9531 9528 9430
3 9430 9532 9531
3 9431 9532 9430
3 9434 9533 9534
3 9433 9533 9434
3 9533 9433 9429
3 9530 9533 9429
3 9532 9431 9435
3 9535 9532 9435
3 9535 9435 9536
3 9435 9436 9536
3 9436 9537 9536
3 9437 9537 9436
3 9439 9538 9539
3 9438 9538 9439
3 9538 9438 9434
3 9534 9538 9434
3 9537 9437 9440
3 9540 9537 9440
3 9540 9440 9541
3 9440 9441 9541
3 9541 9441 9542
3 9441 9442 9542
3 9543 9442 9443
3 9543 9544 9442
3 9544 9542 9442
3 9544 9543 9545
3 9446 9546 9547
3 9445 9546 9446
3 9546 9445 9548
3 9445 9447 9548
3 9548 9447 9549
3 9447 9448 9549
3 9549 9448 9439
3 9539 9549 9439
3 9543 9443 9449
3 9545 9543 9449
3 9545 9449 9550
3 9550 9449 9450
3 9550 9450 9551
3 9450 9451 9551
3 9551 9451 9552
3 9451 9452 9552
3 9552 9452 9553
3 9452 9453 9553
3 9553 9453 9554
3 9453 9454 9554
3 9554 9454 9555
3 9454 9455 9555
3 9555 9455 9556
3 9455 9456 9556
3 9556 9456 9557
3 9456 9457 9557
3 9557 9457 9558
3 9457 9458 9558
3 9558 9458 9559
3 9458 9459 9559
3 9559 9459 9446
3 9547 9559 9446
3 9460 9461 9560
3 9462 9460 9560
3 9561 9462 9560
3 9463 9462 9561
3 9562 9463 9561
3 9463 9562 9465
3 9468 9564 9563
3 9467 9468 9563
3 9563 9565 9467
3 9467 9565 9469
3 9461 9566 9560
3 9461 9469 9566
3 9469 9565 9566
3 9560 9567 9561
3 9566 9567 9560
3 9561 9568 9562
3 9567 9568 9561
3 9562 9470 9465
3 9562 9568 9470
3 9568 9569 9470
3 9569 9570 9470
3 9470 9570 9471
3 9570 9571 9471
3 9471 9571 9472
3 9571 9572 9472
3 9472 9572 9473
3 9572 9573 9473
3 9473 9573 9474
3 9575 9574 9475
3 9575 9475 9573
3 9573 9475 9474
3 9475 9574 9476
3 9478 9577 9576
3 9477 9478 9576
3 9576 9578 9477
3 9477 9578 9479
3 9578 9468 9479
3 9564 9468 9578
3 9575 9579 9574
3 9574 9480 9476
3 9574 9579 9480
3 9579 9580 9480
3 9480 9580 9581
3 9481 9480 9581
3 9483 9583 9582
3 9482 9483 9582
3 9582 9478 9482
3 9577 9478 9582
3 9581 9484 9481
3 9584 9484 9581
3 9484 9584 9585
3 9485 9484 9585
3 9486 9487 9586
3 9586 9483 9486
3 9586 9587 9483
3 9587 9583 9483
3 9585 9488 9485
3 9588 9488 9585
3 9488 9588 9589
3 9489 9488 9589
3 9590 9586 9487
3 9590 9487 9591
3 9591 9487 9490
3 9586 9590 9587
3 9589 9491 9489
3 9592 9491 9589
3 9491 9592 9593
3 9492 9491 9593
3 9591 9490 9594
3 9594 9490 9494
3 9593 9495 9492
3 9595 9495 9593
3 9495 9595 9596
3 9496 9495 9596
3 9498 9598 9597
3 9497 9498 9597
3 9597 9494 9497
3 9594 9494 9597
3 9596 9599 9496
3 9599 9499 9496
3 9598 9498 9600
3 9600 9498 9501
3 9599 9601 9499
3 9601 9503 9499
3 9504 9505 9602
3 9602 9501 9504
3 9602 9603 9501
3 9603 9600 9501
3 9601 9506 9503
3 9604 9506 9601
3 9506 9604 9605
3 9507 9506 9605
3 9606 9602 9505
3 9606 9505 9607
3 9607 9505 9509
3 9602 9606 9603
3 9605 9608 9507
3 9608 9510 9507
3 9511 9512 9609
3 9609 9509 9511
3 9609 9610 9509
3 9610 9607 9509
3 9608 9611 9510
3 9611 9513 9510
3 9612 9609 9512
3 9612 9512 9613
3 9613 9512 9514
3 9609 9612 9610
3 9611 9614 9513
3 9614 9515 9513
3 9613 9514 9615
3 9615 9514 9517
3 9614 9616 9515
3 9616 9518 9515
3 9615 9517 9617
3 9617 9517 9520
3 9616 9618 9518
3 9618 9521 9518
3 9617 9520 9619
3 9619 9520 9522
3 9525 9620 9621
3 9524 9620 9525
3 9620 9524 9521
3 9618 9620 9521
3 9619 9522 9622
3 9622 9522 9526
3 9621 9623 9525
3 9623 9527 9525
3 9622 9526 9624
3 9624 9526 9528
3 9530 9625 9626
3 9529 9625 9530
3 9625 9529 9527
3 9623 9625 9527
3 9624 9528 9531
3 9627 9624 9531
3 9531 9628 9627
3 9532 9628 9531
3 9534 9629 9630
3 9533 9629 9534
3 9629 9533 9530
3 9626 9629 9530
3 9628 9532 9535
3 9631 9628 9535
3 9631 9535 9632
3 9535 9536 9632
3 9536 9633 9632
3 9537 9633 9536
3 9636 9634 9635
3 9539 9635 9634
3 9539 9538 9635
3 9538 9637 9635
3 9637 9538 9534
3 9630 9637 9534
3 9633 9537 9540
3 9638 9633 9540
3 9638 9540 9639
3 9540 9541 9639
3 9639 9541 9640
3 9541 9542 9640
3 9640 9542 9641
3 9542 9544 9641
3 9544 9642 9641
3 9545 9642 9544
3 9645 9643 9644
3 9547 9644 9643
3 9547 9546 9644
3 9546 9646 9644
3 9646 9546 9647
3 9546 9548 9647
3 9634 9636 9647
3 9634 9647 9549
3 9549 9647 9548
3 9634 9549 9539
3 9642 9545 9550
3 9648 9642 9550
3 9648 9550 9649
3 9550 9551 9649
3 9649 9551 9650
3 9551 9552 9650
3 9650 9552 9651
3 9552 9553 9651
3 9651 9553 9652
3 9553 9554 9652
3 9652 9554 9653
3 9554 9555 9653
3 9653 9555 9654
3 9555 9556 9654
3 9654 9556 9655
3 9556 9557 9655
3 9655 9557 9656
3 9557 9558 9656
3 9643 9645 9656
3 9643 9656 9559
3 9559 9656 9558
3 9643 9559 9547
3 9564 9658 9657
3 9563 9564 9657
3 9657 9659 9563
3 9563 9659 9565
3 9659 9660 9565
3 9565 9660 9566
3 9660 9661 9566
3 9566 9661 9567
3 9661 9662 9567
3 9567 9662 9568
3 9662 9663 9568
3 9568 9663 9569
3 9663 9664 9569
3 9569 9664 9570
3 9664 9665 9570
3 9570 9665 9571
3 9665 9666 9571
3 9571 9666 9572
3 9666 9667 9572
3 9572 9667 9573
3 9573 9667 9668
3 9575 9573 9668
3 9577 9670 9669
3 9576 9577 9669
3 9669 9671 9576
3 9576 9671 9578
3 9671 9564 9578
3 9658 9564 9671
3 9668 9579 9575
3 9672 9579 9668
3 9672 9673 9579
3 9579 9673 9580
3 9580 9673 9674
3 9581 9580 9674
3 9582 9583 9675
3 9675 9577 9582
3 9675 9676 9577
3 9676 9670 9577
3 9674 9584 9581
3 9677 9584 9674
3 9584 9677 9678
3 9585 9584 9678
3 9679 9675 9583
3 9679 9583 9680
3 9680 9583 9587
3 9675 9679 9676
3 9678 9588 9585
3 9681 9588 9678
3 9588 9681 9682
3 9589 9588 9682
3 9591 9684 9683
3 9590 9591 9683
3 9683 9587 9590
3 9680 9587 9683
3 9682 9592 9589
3 9685 9592 9682
3 9592 9685 9686
3 9593 9592 9686
3 9684 9591 9687
3 9687 9591 9594
3 9686 9595 9593
3 9688 9595 9686
3 9595 9688 9689
3 9596 9595 9689
3 9597 9598 9690
3 9690 9594 9597
3 9690 9691 9594
3 9691 9687 9594
3 9689 9692 9596
3 9692 9599 9596
3 9693 9690 9598
3 9693 9598 9694
3 9694 9598 9600
3 9690 9693 9691
3 9692 9695 9599
3 9695 9601 9599
3 9694 9600 9696
3 9696 9600 9603
3 9604 9698 9697
3 9604 9601 9698
3 9601 9695 9698
3 9604 9697 9605
3 9607 9700 9699
3 9606 9607 9699
3 9699 9603 9606
3 9696 9603 9699
3 9698 9701 9697
3 9697 9701 9702
3 9697 9702 9605
3 9605 9702 9608
3 9700 9607 9703
3 9703 9607 9610
3 9702 9704 9608
3 9704 9611 9608
3 9613 9706 9705
3 9612 9613 9705
3 9705 9610 9612
3 9703 9610 9705
3 9704 9707 9611
3 9707 9614 9611
3 9706 9613 9708
3 9708 9613 9615
3 9707 9709 9614
3 9709 9616 9614
3 9708 9615 9710
3 9710 9615 9617
3 9713 9711 9712
3 9712 9711 9618
3 9712 9618 9709
3 9709 9618 9616
3 9710 9617 9714
3 9714 9617 9619
3 9711 9621 9620
3 9711 9713 9621
3 9713 9715 9621
3 9711 9620 9618
3 9714 9619 9716
3 9716 9619 9622
3 9715 9717 9621
3 9717 9623 9621
3 9716 9622 9718
3 9718 9622 9624
3 9626 9719 9720
3 9625 9719 9626
3 9719 9625 9623
3 9717 9719 9623
3 9718 9624 9627
3 9721 9718 9627
3 9627 9722 9721
3 9628 9722 9627
3 9630 9723 9724
3 9629 9723 9630
3 9723 9629 9626
3 9720 9723 9626
3 9722 9628 9631
3 9725 9722 9631
3 9725 9631 9726
3 9631 9632 9726
3 9632 9727 9726
3 9633 9727 9632
3 9636 9728 9729
3 9635 9728 9636
3 9728 9635 9730
3 9635 9637 9730
3 9730 9637 9630
3 9724 9730 9630
3 9727 9633 9638
3 9731 9727 9638
3 9731 9638 9732
3 9638 9639 9732
3 9732 9639 9733
3 9639 9640 9733
3 9733 9640 9734
3 9640 9641 9734
3 9735 9641 9642
3 9735 9736 9641
3 9736 9734 9641
3 9736 9735 9737
3 9645 9738 9739
3 9644 9738 9645
3 9738 9644 9740
3 9644 9646 9740
3 9740 9646 9741
3 9646 9647 9741
3 9741 9647 9636
3 9729 9741 9636
3 9735 9642 9648
3 9737 9735 9648
3 9737 9648 9742
3 9742 9648 9649
3 9742 9649 9743
3 9649 9650 9743
3 9743 9650 9744
3 9650 9651 9744
3 9744 9651 9745
3 9651 9652 9745
3 9745 9652 9746
3 9652 9653 9746
3 9746 9653 9747
3 9653 9654 9747
3 9747 9654 9748
3 9654 9655 9748
3 9748 9655 9749
3 9655 9656 9749
3 9749 9656 9645
3 9739 9749 9645
3 9658 9751 9750
3 9657 9658 9750
3 9750 9752 9657
3 9657 9752 9659
3 9752 9753 9659
3 9659 9753 9660
3 9753 9754 9660
3 9660 9754 9661
3 9754 9755 9661
3 9661 9755 9662
3 9755 9756 9662
3 9662 9756 9663
3 9756 9757 9663
3 9663 9757 9664
3 9757 9758 9664
3 9664 9758 9665
3 9758 9759 9665
3 9665 9759 9666
3 9759 9760 9666
3 9666 9760 9667
3 9667 9760 9761
3 9668 9667 9761
3 9669 9670 9762
3 9762 9764 9763
3 9762 9763 9669
3 9669 9763 9671
3 9763 9658 9671
3 9751 9658 9763
3 9761 9672 9668
3 9765 9672 9761
3 9765 9766 9672
3 9672 9766 9673
3 9673 9766 9767
3 9674 9673 9767
3 9768 9762 9670
3 9768 9670 9769
3 9769 9670 9676
3 9762 9768 9764
3 9767 9677 9674
3 9770 9677 9767
3 9677 9770 9771
3 9678 9677 9771
3 9680 9773 9772
3 9679 9680 9772
3 9772 9676 9679
3 9769 9676 9772
3 9771 9681 9678
3 9774 9681 9771
3 9681 9774 9775
3 9682 9681 9775
3 9684 9777 9776
3 9683 9684 9776
3 9776 9680 9683
3 9773 9680 9776
3 9775 9685 9682
3 9778 9685 9775
3 9685 9778 9779
3 9686 9685 9779
3 9777 9684 9780
3 9780 9684 9687
3 9779 9688 9686
3 9781 9688 9779
3 9688 9781 9782
3 9689 9688 9782
3 9780 9687 9783
3 9783 9687 9691
3 9782 9784 9689
3 9784 9692 9689
3 9694 9786 9785
3 9693 9694 9785
3 9785 9691 9693
3 9783 9691 9785
3 9784 9787 9692
3 9787 9695 9692
3 9786 9694 9788
3 9788 9694 9696
3 9787 9789 9695
3 9789 9698 9695
3 9699 9700 9790
3 9790 9696 9699
3 9790 9791 9696
3 9791 9788 9696
3 9789 9701 9698
3 9792 9701 9789
3 9701 9792 9793
3 9702 9701 9793
3 9794 9790 9700
3 9794 9700 9795
3 9795 9700 9703
3 9790 9794 9791
3 9793 9796 9702
3 9796 9704 9702
3 9705 9706 9797
3 9797 9703 9705
3 9797 9798 9703
3 9798 9795 9703
3 9801 9799 9800
3 9800 9799 9707
3 9800 9707 9796
3 9796 9707 9704
3 9802 9797 9706
3 9802 9706 9803
3 9803 9706 9708
3 9797 9802 9798
3 9805 9799 9801
3 9804 9799 9805
3 9799 9804 9709
3 9707 9799 9709
3 9803 9708 9806
3 9806 9708 9710
3 9804 9713 9712
3 9804 9805 9713
3 9805 9807 9713
3 9804 9712 9709
3 9806 9710 9808
3 9808 9710 9714
3 9807 9809 9713
3 9809 9715 9713
3 9808 9714 9810
3 9810 9714 9716
3 9809 9811 9715
3 9811 9717 9715
3 9810 9716 9812
3 9812 9716 9718
3 9720 9813 9814
3 9719 9813 9720
3 9813 9719 9717
3 9811 9813 9717
3 9812 9718 9721
3 9815 9812 9721
3 9721 9816 9815
3 9722 9816 9721
3 9724 9817 9818
3 9723 9817 9724
3 9817 9723 9720
3 9814 9817 9720
3 9816 9722 9725
3 9819 9816 9725
3 9819 9725 9820
3 9725 9726 9820
3 9726 9821 9820
3 9727 9821 9726
3 9729 9822 9823
3 9728 9822 9729
3 9822 9728 9824
3 9728 9730 9824
3 9824 9730 9724
3 9818 9824 9724
3 9821 9727 9731
3 9825 9821 9731
3 9825 9731 9826
3 9731 9732 9826
3 9826 9732 9827
3 9732 9733 9827
3 9827 9733 9828
3 9733 9734 9828
3 9828 9734 9829
3 9734 9736 9829
3 9736 9830 9829
3 9737 9830 9736
3 9739 9831 9832
3 9738 9831 9739
3 9831 9738 9833
3 9738 9740 9833
3 9833 9740 9834
3 9740 9741 9834
3 9834 9741 9729
3 9823 9834 9729
3 9830 9737 9742
3 9835 9830 9742
3 9835 9742 9836
3 9742 9743 9836
3 9836 9743 9837
3 9743 9744 9837
3 9837 9744 9838
3 9744 9745 9838
3 9838 9745 9839
3 9745 9746 9839
3 9839 9746 9840
3 9746 9747 9840
3 9840 9747 9841
3 9747 9748 9841
3 9841 9748 9842
3 9748 9749 9842
3 9842 9749 9739
3 9832 9842 9739
3 9750 9751 9843
3 9843 9845 9844
3 9843 9844 9750
3 9750 9844 9752
3 9844 9846 9752
3 9752 9846 9753
3 9846 9847 9753
3 9753 9847 9754
3 9847 9848 9754
3 9754 9848 9755
3 9848 9849 9755
3 9755 9849 9756
3 9849 9850 9756
3 9756 9850 9757
3 9850 9851 9757
3 9757 9851 9758
3 9851 9852 9758
3 9758 9852 9759
3 9852 9853 9759
3 9759 9853 9760
3 9760 9853 9854
3 9761 9760 9854
3 9764 9856 9855
3 9763 9764 9855
3 9751 9857 9843
3 9751 9763 9857
3 9763 9855 9857
3 9843 9857 9845
3 9854 9765 9761
3 9858 9765 9854
3 9858 9859 9765
3 9765 9859 9766
3 9766 9859 9860
3 9767 9766 9860
3 9769 9862 9861
3 9768 9769 9861
3 9861 9764 9768
3 9856 9764 9861
3 9860 9770 9767
3 9863 9770 9860
3 9770 9863 9864
3 9771 9770 9864
3 9773 9866 9865
3 9772 9773 9865
3 9865 9769 9772
3 9862 9769 9865
3 9864 9774 9771
3 9867 9774 9864
3 9774 9867 9868
3 9775 9774 9868
3 9776 9777 9869
3 9869 9773 9776
3 9869 9870 9773
3 9870 9866 9773
3 9868 9778 9775
3 9871 9778 9868
3 9778 9871 9872
3 9779 9778 9872
3 9873 9869 9777
3 9873 9777 9874
3 9874 9777 9780
3 9869 9873 9870
3 9781 9876 9875
3 9781 9779 9876
3 9779 9872 9876
3 9781 9875 9782
3 9874 9780 9877
3 9877 9780 9783
3 9876 9878 9875
3 9875 9878 9879
3 9875 9879 9782
3 9782 9879 9784
3 9785 9786 9880
3 9880 9783 9785
3 9880 9881 9783
3 9881 9877 9783
3 9879 9882 9784
3 9882 9787 9784
3 9883 9880 9786
3 9883 9786 9884
3 9884 9786 9788
3 9880 9883 9881
3 9882 9885 9787
3 9885 9789 9787
3 9884 9788 9886
3 9886 9788 9791
3 9792 9888 9887
3 9792 9789 9888
3 9789 9885 9888
3 9792 9887 9793
3 9795 9890 9889
3 9794 9795 9889
3 9889 9791 9794
3 9886 9791 9889
3 9892 9887 9888
3 9891 9887 9892
3 9887 9891 9796
3 9793 9887 9796
3 9890 9795 9893
3 9893 9795 9798
3 9891 9801 9800
3 9891 9892 9801
3 9892 9894 9801
3 9891 9800 9796
3 9803 9896 9895
3 9802 9803 9895
3 9895 9798 9802
3 9893 9798 9895
3 9894 9897 9801
3 9897 9805 9801
3 9896 9803 9898
3 9898 9803 9806
3 9897 9899 9805
3 9899 9807 9805
3 9898 9806 9900
3 9900 9806 9808
3 9899 9901 9807
3 9901 9809 9807
3 9900 9808 9902
3 9902 9808 9810
3 9905 9903 9904
3 9904 9903 9811
3 9904 9811 9901
3 9901 9811 9809
3 9906 9907 9902
3 9906 9902 9812
3 9812 9902 9810
3 9907 9906 9908
3 9903 9814 9813
3 9903 9905 9814
3 9905 9909 9814
3 9903 9813 9811
3 9906 9812 9815
3 9815 9908 9906
3 9815 9816 9908
3 9816 9910 9908
3 9818 9911 9912
3 9817 9911 9818
3 9911 9817 9814
3 9909 9911 9814
3 9910 9816 9819
3 9913 9910 9819
3 9913 9819 9914
3 9819 9820 9914
3 9820 9915 9914
3 9821 9915 9820
3 9918 9916 9917
3 9823 9917 9916
3 9823 9822 9917
3 9822 9919 9917
3 9919 9822 9920
3 9822 9824 9920
3 9920 9824 9818
3 9912 9920 9818
3 9915 9821 9825
3 9921 9915 9825
3 9921 9825 9922
3 9825 9826 9922
3 9922 9826 9923
3 9826 9827 9923
3 9923 9827 9924
3 9827 9828 9924
3 9924 9828 9925
3 9828 9829 9925
3 9829 9926 9925
3 9830 9926 9829
3 9929 9927 9928
3 9832 9928 9927
3 9832 9831 9928
3 9831 9930 9928
3 9930 9831 9931
3 9831 9833 9931
3 9916 9918 9931
3 9916 9931 9834
3 9834 9931 9833
3 9916 9834 9823
3 9926 9830 9835
3 9932 9926 9835
3 9932 9835 9933
3 9835 9836 9933
3 9933 9836 9934
3 9836 9837 9934
3 9934 9837 9935
3 9837 9838 9935
3 9935 9838 9936
3 9838 9839 9936
3 9936 9839 9937
3 9839 9840 9937
3 9937 9840 9938
3 9840 9841 9938
3 9927 9929 9938
3 9927 9938 9842
3 9842 9938 9841
3 9927 9842 9832
3 9845 9940 9939
3 9844 9845 9939
3 9939 9941 9844
3 9844 9941 9846
3 9941 9942 9846
3 9846 9942 9847
3 9942 9943 9847
3 9847 9943 9848
3 9943 9944 9848
3 9848 9944 9849
3 9944 9945 9849
3 9849 9945 9850
3 9945 9946 9850
3 9850 9946 9851
3 9946 9947 9851
3 9851 9947 9852
3 9947 9948 9852
3 9852 9948 9853
3 9853 9948 9949
3 9854 9853 9949
3 9856 9951 9950
3 9855 9856 9950
3 9950 9952 9855
3 9855 9952 9857
3 9952 9845 9857
3 9940 9845 9952
3 9949 9858 9854
3 9953 9858 9949
3 9953 9954 9858
3 9858 9954 9859
3 9859 9954 9955
3 9860 9859 9955
3 9862 9957 9956
3 9861 9862 9956
3 9956 9856 9861
3 9951 9856 9956
3 9955 9863 9860
3 9958 9863 9955
3 9863 9958 9959
3 9864 9863 9959
3 9866 9961 9960
3 9865 9866 9960
3 9960 9862 9865
3 9957 9862 9960
3 9959 9867 9864
3 9962 9867 9959
3 9867 9962 9963
3 9868 9867 9963
3 9961 9866 9964
3 9964 9866 9870
3 9963 9871 9868
3 9965 9871 9963
3 9871 9965 9966
3 9872 9871 9966
3 9874 9968 9967
3 9873 9874 9967
3 9967 9870 9873
3 9964 9870 9967
3 9966 9969 9872
3 9969 9876 9872
3 9968 9874 9970
3 9970 9874 9877
3 9969 9878 9876
3 9971 9878 9969
3 9878 9971 9972
3 9879 9878 9972
3 9970 9877 9973
3 9973 9877 9881
3 9972 9974 9879
3 9974 9882 9879
3 9884 9976 9975
3 9883 9884 9975
3 9975 9881 9883
3 9973 9881 9975
3 9974 9977 9882
3 9977 9885 9882
3 9976 9884 9978
3 9978 9884 9886
3 9977 9979 9885
3 9979 9888 9885
3 9889 9890 9980
3 9980 9886 9889
3 9980 9981 9886
3 9981 9978 9886
3 9979 9982 9888
3 9982 9892 9888
3 9983 9980 9890
3 9983 9890 9984
3 9984 9890 9893
3 9980 9983 9981
3 9982 9985 9892
3 9985 9894 9892
3 9895 9896 9986
3 9986 9893 9895
3 9986 9987 9893
3 9987 9984 9893
3 9985 9988 9894
3 9988 9897 9894
3 9989 9986 9896
3 9989 9896 9990
3 9990 9896 9898
3 9986 9989 9987
3 9988 9991 9897
3 9991 9899 9897
3 9990 9898 9992
3 9992 9898 9900
3 9991 9993 9899
3 9993 9901 9899
3 9992 9900 9994
3 9994 9900 9902
3 9905 9995 9996
3 9904 9995 9905
3 9995 9904 9901
3 9993 9995 9901
3 9994 9902 9907
3 9997 9994 9907
3 9907 9998 9997
3 9908 9998 9907
3 9996 9999 9905
3 9999 9909 9905
3 10000 10001 9998
3 10000 9998 9910
3 9910 9998 9908
3 10001 10000 10002
3 10005 10003 10004
3 9912 10004 10003
3 9912 9911 10004
3 9911 10006 10004
3 10006 9911 9909
3 9999 10006 9909
3 10000 9910 9913
3 10002 10000 9913
3 10002 9913 10007
3 10007 9913 9914
3 10008 9914 9915
3 10008 10009 9914
3 10009 10007 9914
3 10009 10008 10010
3 9918 10011 10012
3 9917 10011 9918
3 10011 9917 10013
3 9917 9919 10013
3 10003 10005 10013
3 10003 10013 9920
3 9920 10013 9919
3 10003 9920 9912
3 10008 9915 9921
3 10010 10008 9921
3 10010 9921 10014
3 10014 9921 9922
3 10014 9922 10015
3 9922 9923 10015
3 10015 9923 10016
3 9923 9924 10016
3 10016 9924 10017
3 9924 9925 10017
3 10018 9925 9926
3 10018 10019 9925
3 10019 10017 9925
3 10019 10018 10020
3 10023 10021 10022
3 9929 10022 10021
3 9929 9928 10022
3 9928 10024 10022
3 10024 9928 10025
3 9928 9930 10025
3 10025 9930 10026
3 9930 9931 10026
3 10026 9931 9918
3 10012 10026 9918
3 10018 9926 9932
3 10020 10018 9932
3 10020 9932 10027
3 10027 9932 9933
3 10027 9933 10028
3 9933 9934 10028
3 10028 9934 10029
3 9934 9935 10029
3 10029 9935 10030
3 9935 9936 10030
3 10030 9936 10031
3 9936 9937 10031
3 10021 10023 10031
3 10021 10031 9938
3 9938 10031 9937
3 10021 9938 9929
3 9940 10033 10032
3 9939 9940 10032
3 10032 10034 9939
3 9939 10034 9941
3 10034 10035 9941
3 9941 10035 9942
3 10035 10036 9942
3 9942 10036 9943
3 10036 10037 9943
3 9943 10037 9944
3 10037 10038 9944
3 9944 10038 9945
3 10038 10039 9945
3 9945 10039 9946
3 10039 10040 9946
3 9946 10040 9947
3 10042 10041 9948
3 10042 9948 10040
3 10040 9948 9947
3 9948 10041 9949
3 9951 10044 10043
3 9950 9951 10043
3 10043 10045 9950
3 9950 10045 9952
3 10045 9940 9952
3 10033 9940 10045
3 10042 10046 10041
3 10041 9953 9949
3 10041 10046 9953
3 10046 10047 9953
3 10047 10048 9953
3 9953 10048 9954
3 9954 10048 10049
3 9955 9954 10049
3 9957 10051 10050
3 9956 9957 10050
3 10050 9951 9956
3 10044 9951 10050
3 10049 9958 9955
3 10052 9958 10049
3 9958 10052 10053
3 9959 9958 10053
3 9961 10055 10054
3 9960 9961 10054
3 10054 9957 9960
3 10051 9957 10054
3 10053 9962 9959
3 10056 9962 10053
3 9962 10056 10057
3 9963 9962 10057
3 10055 9961 10058
3 10058 9961 9964
3 10057 9965 9963
3 10059 9965 10057
3 9965 10059 10060
3 9966 9965 10060
3 9967 9968 10061
3 10061 9964 9967
3 10061 10062 9964
3 10062 10058 9964
3 10060 10063 9966
3 10063 9969 9966
3 10064 10061 9968
3 10064 9968 10065
3 10065 9968 9970
3 10061 10064 10062
3 9971 10067 10066
3 9971 9969 10067
3 9969 10063 10067
3 9971 10066 9972
3 10065 9970 10068
3 10068 9970 9973
3 10067 10069 10066
3 10066 10069 10070
3 10066 10070 9972
3 9972 10070 9974
3 9975 9976 10071
3 10071 9973 9975
3 10071 10072 9973
3 10072 10068 9973
3 10070 10073 9974
3 10073 9977 9974
3 10074 10071 9976
3 10074 9976 10075
3 10075 9976 9978
3 10071 10074 10072
3 10073 10076 9977
3 10076 9979 9977
3 10075 9978 10077
3 10077 9978 9981
3 10076 10078 9979
3 10078 9982 9979
3 9984 10080 10079
3 9983 9984 10079
3 10079 9981 9983
3 10077 9981 10079
3 10078 10081 9982
3 10081 9985 9982
3 10080 9984 10082
3 10082 9984 9987
3 10081 10083 9985
3 10083 9988 9985
3 9989 9990 10084
3 10084 9987 9989
3 10084 10085 9987
3 10085 10082 9987
3 10083 10086 9988
3 10086 9991 9988
3 10087 10084 9990
3 10087 9990 10088
3 10088 9990 9992
3 10084 10087 10085
3 10086 10089 9991
3 10089 9993 9991
3 10088 9992 10090
3 10090 9992 9994
3 9996 10091 10092
3 9995 10091 9996
3 10091 9995 9993
3 10089 10091 9993
3 10090 9994 9997
3 10093 10090 9997
3 9997 10094 10093
3 9998 10094 9997
3 10097 10095 10096
3 10096 10095 9999
3 10096 9999 10092
3 10092 9999 9996
3 10094 9998 10001
3 10098 10094 10001
3 10001 10099 10098
3 10002 10099 10001
3 10005 10100 10101
3 10004 10100 10005
3 10095 10097 10100
3 10095 10100 10006
3 10006 10100 10004
3 10095 10006 9999
3 10099 10002 10007
3 10102 10099 10007
3 10102 10007 10103
3 10007 10009 10103
3 10009 10104 10103
3 10010 10104 10009
3 10107 10105 10106
3 10012 10106 10105
3 10012 10011 10106
3 10011 10108 10106
3 10108 10011 10109
3 10011 10013 10109
3 10109 10013 10005
3 10101 10109 10005
3 10104 10010 10014
3 10110 10104 10014
3 10110 10014 10111
3 10014 10015 10111
3 10111 10015 10112
3 10015 10016 10112
3 10112 10016 10113
3 10016 10017 10113
3 10113 10017 10114
3 10017 10019 10114
3 10019 10115 10114
3 10020 10115 10019
3 10118 10116 10117
3 10023 10117 10116
3 10023 10022 10117
3 10022 10119 10117
3 10119 10022 10120
3 10022 10024 10120
3 10120 10024 10121
3 10024 10025 10121
3 10105 10107 10121
3 10105 10121 10026
3 10026 10121 10025
3 10105 10026 10012
3 10115 10020 10027
3 10122 10115 10027
3 10122 10027 10123
3 10027 10028 10123
3 10123 10028 10124
3 10028 10029 10124
3 10124 10029 10125
3 10029 10030 10125
3 10116 10118 10125
3 10116 10125 10031
3 10031 10125 10030
3 10116 10031 10023
3 10033 10127 10126
3 10032 10033 10126
3 10126 10128 10032
3 10032 10128 10034
3 10128 10129 10034
3 10034 10129 10035
3 10129 10130 10035
3 10035 10130 10036
3 10130 10131 10036
3 10036 10131 10037
3 10131 10132 10037
3 10037 10132 10038
3 10132 10133 10038
3 10038 10133 10039
3 10133 10134 10039
3 10039 10134 10040
3 10040 10134 10135
3 10042 10040 10135
3 10043 10044 10136
3 10136 10138 10137
3 10136 10137 10043
3 10043 10137 10045
3 10137 10033 10045
3 10127 10033 10137
3 10135 10046 10042
3 10139 10046 10135
3 10139 10140 10046
3 10046 10140 10047
3 10140 10141 10047
3 10047 10141 10048
3 10048 10141 10142
3 10049 10048 10142
3 10051 10144 10143
3 10050 10051 10143
3 10044 10145 10136
3 10044 10050 10145
3 10050 10143 10145
3 10136 10145 10138
3 10142 10052 10049
3 10146 10052 10142
3 10052 10146 10147
3 10053 10052 10147
3 10054 10055 10148
3 10148 10051 10054
3 10148 10149 10051
3 10149 10144 10051
3 10147 10056 10053
3 10150 10056 10147
3 10056 10150 10151
3 10057 10056 10151
3 10152 10148 10055
3 10152 10055 10153
3 10153 10055 10058
3 10148 10152 10149
3 10151 10059 10057
3 10154 10059 10151
3 10059 10154 10155
3 10060 10059 10155
3 10153 10058 10156
3 10156 10058 10062
3 10155 10157 10060
3 10157 10063 10060
3 10065 10159 10158
3 10064 10065 10158
3 10158 10062 10064
3 10156 10062 10158
3 10157 10160 10063
3 10160 10067 10063
3 10159 10065 10161
3 10161 10065 10068
3 10160 10069 10067
3 10162 10069 10160
3 10069 10162 10163
3 10070 10069 10163
3 10161 10068 10164
3 10164 10068 10072
3 10163 10165 10070
3 10165 10073 10070
3 10075 10167 10166
3 10074 10075 10166
3 10166 10072 10074
3 10164 10072 10166
3 10165 10168 10073
3 10168 10076 10073
3 10167 10075 10169
3 10169 10075 10077
3 10168 10170 10076
3 10170 10078 10076
3 10080 10172 10171
3 10079 10080 10171
3 10171 10077 10079
3 10169 10077 10171
3 10170 10173 10078
3 10173 10081 10078
3 10172 10080 10174
3 10174 10080 10082
3 10173 10175 10081
3 10175 10083 10081
3 10174 10082 10176
3 10176 10082 10085
3 10175 10177 10083
3 10177 10086 10083
3 10087 10088 10178
3 10178 10085 10087
3 10178 10179 10085
3 10179 10176 10085
3 10182 10180 10181
3 10181 10180 10089
3 10181 10089 10177
3 10177 10089 10086
3 10183 10178 10088
3 10090 10183 10088
3 10179 10183 10184
3 10178 10183 10179
3 10180 10092 10091
3 10180 10182 10092
3 10182 10185 10092
3 10180 10091 10089
3 10183 10090 10093
3 10093 10184 10183
3 10093 10094 10184
3 10094 10186 10184
3 10097 10187 10188
3 10096 10187 10097
3 10187 10096 10092
3 10185 10187 10092
3 10186 10094 10098
3 10189 10186 10098
3 10098 10190 10189
3 10099 10190 10098
3 10101 10191 10192
3 10100 10191 10101
3 10191 10100 10097
3 10188 10191 10097
3 10190 10099 10102
3 10193 10190 10102
3 10193 10102 10194
3 10102 10103 10194
3 10195 10103 10104
3 10195 10196 10103
3 10196 10194 10103
3 10196 10195 10197
3 10107 10198 10199
3 10106 10198 10107
3 10198 10106 10200
3 10106 10108 10200
3 10200 10108 10201
3 10108 10109 10201
3 10201 10109 10101
3 10192 10201 10101
3 10195 10104 10110
3 10197 10195 10110
3 10197 10110 10202
3 10202 10110 10111
3 10202 10111 10203
3 10111 10112 10203
3 10203 10112 10204
3 10112 10113 10204
3 10204 10113 10205
3 10113 10114 10205
3 10206 10114 10115
3 10206 10207 10114
3 10207 10205 10114
3 10207 10208 10209
3 10206 10208 10207
3 10209 10210 10211
3 10208 10210 10209
3 10211 10212 10213
3 10210 10212 10211
3 10118 10213 10212
3 10118 10117 10213
3 10117 10214 10213
3 10214 10117 10215
3 10117 10119 10215
3 10215 10119 10216
3 10119 10120 10216
3 10216 10120 10217
3 10120 10121 10217
3 10217 10121 10107
3 10199 10217 10107
3 10206 10115 10122
3 10208 10206 10122
3 10123 10208 10122
3 10210 10208 10123
3 10124 10210 10123
3 10212 10210 10124
3 10125 10212 10124
3 10212 10125 10118
3 10126 10127 10218
3 10218 10220 10219
3 10218 10219 10126
3 10126 10219 10128
3 10219 10221 10128
3 10128 10221 10129
3 10221 10222 10129
3 10129 10222 10130
3 10222 10223 10130
3 10130 10223 10131
3 10223 10224 10131
3 10131 10224 10132
3 10224 10225 10132
3 10132 10225 10133
3 10225 10226 10133
3 10133 10226 10134
3 10134 10226 10227
3 10135 10134 10227
3 10138 10229 10228
3 10137 10138 10228
3 10127 10230 10218
3 10127 10137 10230
3 10137 10228 10230
3 10218 10230 10220
3 10227 10139 10135
3 10231 10139 10227
3 10231 10232 10139
3 10139 10232 10140
3 10234 10233 10141
3 10234 10141 10232
3 10232 10141 10140
3 10141 10233 10142
3 10143 10144 10235
3 10235 10237 10236
3 10235 10236 10143
3 10143 10236 10145
3 10236 10138 10145
3 10229 10138 10236
3 10234 10238 10233
3 10233 10146 10142
3 10233 10238 10146
3 10238 10239 10146
3 10146 10239 10240
3 10147 10146 10240
3 10241 10235 10144
3 10241 10144 10242
3 10242 10144 10149
3 10235 10241 10237
3 10240 10150 10147
3 10243 10150 10240
3 10150 10243 10244
3 10151 10150 10244
3 10153 10246 10245
3 10152 10153 10245
3 10245 10149 10152
3 10242 10149 10245
3 10154 10248 10247
3 10154 10151 10248
3 10151 10244 10248
3 10154 10247 10155
3 10246 10153 10249
3 10249 10153 10156
3 10248 10250 10247
3 10247 10250 10251
3 10247 10251 10155
3 10155 10251 10157
3 10159 10253 10252
3 10158 10159 10252
3 10252 10156 10158
3 10249 10156 10252
3 10251 10254 10157
3 10254 10160 10157
3 10253 10159 10255
3 10255 10159 10161
3 10162 10257 10256
3 10162 10160 10257
3 10160 10254 10257
3 10162 10256 10163
3 10255 10161 10258
3 10258 10161 10164
3 10260 10256 10257
3 10259 10256 10260
3 10256 10259 10165
3 10163 10256 10165
3 10167 10262 10261
3 10166 10167 10261
3 10261 10164 10166
3 10258 10164 10261
3 10260 10263 10259
3 10259 10263 10264
3 10259 10264 10165
3 10165 10264 10168
3 10262 10167 10265
3 10265 10167 10169
3 10264 10266 10168
3 10266 10170 10168
3 10171 10172 10267
3 10267 10169 10171
3 10267 10268 10169
3 10268 10265 10169
3 10266 10269 10170
3 10269 10173 10170
3 10270 10267 10172
3 10270 10172 10271
3 10271 10172 10174
3 10267 10270 10268
3 10269 10272 10173
3 10272 10175 10173
3 10271 10174 10273
3 10273 10174 10176
3 10276 10274 10275
3 10275 10274 10177
3 10275 10177 10272
3 10272 10177 10175
3 10273 10176 10277
3 10277 10176 10179
3 10274 10182 10181
3 10274 10276 10182
3 10276 10278 10182
3 10274 10181 10177
3 10277 10179 10279
3 10279 10179 10184
3 10278 10280 10182
3 10280 10185 10182
3 10279 10184 10281
3 10281 10184 10186
3 10188 10282 10283
3 10187 10282 10188
3 10282 10187 10185
3 10280 10282 10185
3 10281 10186 10189
3 10284 10281 10189
3 10285 10189 10190
3 10285 10286 10189
3 10286 10284 10189
3 10286 10285 10287
3 10192 10288 10289
3 10191 10288 10192
3 10288 10191 10188
3 10283 10288 10188
3 10285 10190 10193
3 10287 10285 10193
3 10287 10193 10290
3 10290 10193 10194
3 10290 10194 10291
3 10194 10196 10291
3 10292 10196 10197
3 10292 10293 10196
3 10293 10291 10196
3 10293 10292 10294
3 10199 10295 10296
3 10198 10295 10199
3 10295 10198 10297
3 10198 10200 10297
3 10297 10200 10298
3 10200 10201 10298
3 10298 10201 10192
3 10289 10298 10192
3 10292 10197 10202
3 10294 10292 10202
3 10294 10202 10299
3 10299 10202 10203
3 10299 10203 10300
3 10203 10204 10300
3 10300 10204 10301
3 10204 10205 10301
3 10301 10205 10302
3 10205 10207 10302
3 10302 10207 10303
3 10207 10209 10303
3 10303 10209 10304
3 10209 10211 10304
3 10304 10211 10305
3 10211 10213 10305
3 10305 10213 10306
3 10213 10214 10306
3 10306 10214 10307
3 10214 10215 10307
3 10307 10215 10308
3 10215 10216 10308
3 10308 10216 10309
3 10216 10217 10309
3 10309 10217 10199
3 10296 10309 10199
3 10220 10311 10310
3 10219 10220 10310
3 10310 10312 10219
3 10219 10312 10221
3 10312 10313 10221
3 10221 10313 10222
3 10313 10314 10222
3 10222 10314 10223
3 10314 10315 10223
3 10223 10315 10224
3 10315 10316 10224
3 10224 10316 10225
3 10316 10317 10225
3 10225 10317 10226
3 10226 10317 10318
3 10227 10226 10318
3 10229 10320 10319
3 10228 10229 10319
3 10319 10321 10228
3 10228 10321 10230
3 10321 10220 10230
3 10311 10220 10321
3 10318 10231 10227
3 10322 10231 10318
3 10322 10323 10231
3 10231 10323 10232
3 10232 10323 10324
3 10234 10232 10324
3 10237 10326 10325
3 10236 10237 10325
3 10325 10229 10236
3 10320 10229 10325
3 10324 10238 10234
3 10327 10238 10324
3 10329 10328 10239
3 10329 10239 10327
3 10327 10239 10238
3 10239 10328 10240
3 10242 10331 10330
3 10241 10242 10330
3 10330 10237 10241
3 10326 10237 10330
3 10329 10332 10328
3 10334 10333 10243
3 10332 10334 10243
3 10332 10243 10240
3 10332 10240 10328
3 10243 10333 10244
3 10246 10336 10335
3 10245 10246 10335
3 10335 10242 10245
3 10331 10242 10335
3 10334 10337 10333
3 10333 10337 10338
3 10333 10338 10244
3 10244 10338 10248
3 10336 10246 10339
3 10339 10246 10249
3 10338 10250 10248
3 10340 10250 10338
3 10250 10340 10341
3 10251 10250 10341
3 10252 10253 10342
3 10342 10249 10252
3 10342 10343 10249
3 10343 10339 10249
3 10341 10344 10251
3 10344 10254 10251
3 10345 10342 10253
3 10345 10253 10346
3 10346 10253 10255
3 10342 10345 10343
3 10344 10347 10254
3 10347 10257 10254
3 10346 10255 10348
3 10348 10255 10258
3 10347 10349 10257
3 10349 10260 10257
3 10262 10351 10350
3 10261 10262 10350
3 10350 10258 10261
3 10348 10258 10350
3 10263 10353 10352
3 10263 10260 10353
3 10260 10349 10353
3 10263 10352 10264
3 10351 10262 10354
3 10354 10262 10265
3 10353 10355 10352
3 10352 10355 10356
3 10352 10356 10264
3 10264 10356 10266
3 10354 10265 10357
3 10357 10265 10268
3 10360 10358 10359
3 10359 10358 10269
3 10359 10269 10356
3 10356 10269 10266
3 10271 10362 10361
3 10270 10271 10361
3 10361 10268 10270
3 10357 10268 10361
3 10364 10358 10360
3 10363 10358 10364
3 10358 10363 10272
3 10269 10358 10272
3 10362 10271 10365
3 10365 10271 10273
3 10363 10276 10275
3 10363 10364 10276
3 10364 10366 10276
3 10363 10275 10272
3 10365 10273 10367
3 10367 10273 10277
3 10366 10368 10276
3 10368 10278 10276
3 10367 10277 10369
3 10369 10277 10279
3 10372 10370 10371
3 10371 10370 10280
3 10371 10280 10368
3 10368 10280 10278
3 10373 10374 10369
3 10373 10369 10281
3 10281 10369 10279
3 10374 10373 10375
3 10370 10283 10282
3 10370 10372 10283
3 10372 10376 10283
3 10370 10282 10280
3 10373 10281 10284
3 10375 10373 10284
3 10375 10284 10377
3 10377 10284 10286
3 10286 10378 10377
3 10287 10378 10286
3 10381 10379 10380
3 10289 10380 10379
3 10289 10288 10380
3 10288 10382 10380
3 10382 10288 10283
3 10376 10382 10283
3 10378 10287 10290
3 10383 10378 10290
3 10383 10290 10384
3 10290 10291 10384
3 10384 10291 10385
3 10291 10293 10385
3 10386 10293 10294
3 10386 10387 10293
3 10387 10385 10293
3 10387 10386 10388
3 10391 10389 10390
3 10296 10390 10389
3 10296 10295 10390
3 10295 10392 10390
3 10392 10295 10393
3 10295 10297 10393
3 10379 10381 10393
3 10379 10393 10298
3 10298 10393 10297
3 10379 10298 10289
3 10386 10294 10299
3 10388 10386 10299
3 10388 10299 10394
3 10394 10299 10300
3 10394 10300 10395
3 10300 10301 10395
3 10395 10301 10396
3 10301 10302 10396
3 10396 10302 10397
3 10302 10303 10397
3 10397 10303 10398
3 10303 10304 10398
3 10398 10304 10399
3 10304 10305 10399
3 10399 10305 10400
3 10305 10306 10400
3 10400 10306 10401
3 10306 10307 10401
3 10401 10307 10402
3 10307 10308 10402
3 10389 10391 10402
3 10389 10402 10309
3 10309 10402 10308
3 10389 10309 10296
3 10311 10404 10403
3 10310 10311 10403
3 10403 10405 10310
3 10310 10405 10312
3 10405 10406 10312
3 10312 10406 10313
3 10406 10407 10313
3 10313 10407 10314
3 10407 10408 10314
3 10314 10408 10315
3 10408 10409 10315
3 10315 10409 10316
3 10411 10410 10317
3 10411 10317 10409
3 10409 10317 10316
3 10317 10410 10318
3 10320 10413 10412
3 10319 10320 10412
3 10412 10414 10319
3 10319 10414 10321
3 10414 10311 10321
3 10404 10311 10414
3 10411 10415 10410
3 10410 10322 10318
3 10410 10415 10322
3 10415 10416 10322
3 10416 10417 10322
3 10322 10417 10323
3 10323 10417 10418
3 10324 10323 10418
3 10326 10420 10419
3 10325 10326 10419
3 10419 10320 10325
3 10413 10320 10419
3 10418 10327 10324
3 10421 10327 10418
3 10327 10421 10422
3 10329 10327 10422
3 10331 10424 10423
3 10330 10331 10423
3 10423 10326 10330
3 10420 10326 10423
3 10422 10332 10329
3 10425 10332 10422
3 10332 10425 10426
3 10334 10332 10426
3 10336 10428 10427
3 10335 10336 10427
3 10427 10331 10335
3 10424 10331 10427
3 10426 10337 10334
3 10429 10337 10426
3 10337 10429 10430
3 10338 10337 10430
3 10428 10336 10431
3 10431 10336 10339
3 10340 10433 10432
3 10340 10338 10433
3 10338 10430 10433
3 10340 10432 10341
3 10431 10339 10434
3 10434 10339 10343
3 10433 10435 10432
3 10432 10435 10436
3 10432 10436 10341
3 10341 10436 10344
3 10346 10438 10437
3 10345 10346 10437
3 10437 10343 10345
3 10434 10343 10437
3 10436 10439 10344
3 10439 10347 10344
3 10438 10346 10440
3 10440 10346 10348
3 10439 10441 10347
3 10441 10349 10347
3 10350 10351 10442
3 10442 10348 10350
3 10442 10443 10348
3 10443 10440 10348
3 10441 10444 10349
3 10444 10353 10349
3 10445 10442 10351
3 10445 10351 10446
3 10446 10351 10354
3 10442 10445 10443
3 10355 10448 10447
3 10355 10353 10448
3 10353 10444 10448
3 10355 10447 10356
3 10446 10354 10449
3 10449 10354 10357
3 10447 10360 10359
3 10447 10448 10360
3 10448 10450 10360
3 10447 10359 10356
3 10361 10362 10451
3 10451 10357 10361
3 10451 10452 10357
3 10452 10449 10357
3 10450 10453 10360
3 10453 10364 10360
3 10454 10451 10362
3 10454 10362 10455
3 10455 10362 10365
3 10451 10454 10452
3 10453 10456 10364
3 10456 10366 10364
3 10455 10365 10457
3 10457 10365 10367
3 10456 10458 10366
3 10458 10368 10366
3 10457 10367 10459
3 10459 10367 10369
3 10372 10460 10461
3 10371 10460 10372
3 10460 10371 10368
3 10458 10460 10368
3 10459 10369 10374
3 10462 10459 10374
3 10374 10463 10462
3 10375 10463 10374
3 10461 10464 10372
3 10464 10376 10372
3 10463 10375 10377
3 10465 10463 10377
3 10377 10466 10465
3 10378 10466 10377
3 10381 10467 10468
3 10380 10467 10381
3 10467 10380 10469
3 10380 10382 10469
3 10469 10382 10376
3 10464 10469 10376
3 10466 10378 10383
3 10470 10466 10383
3 10470 10383 10471
3 10383 10384 10471
3 10471 10384 10472
3 10384 10385 10472
3 10472 10385 10473
3 10385 10387 10473
3 10474 10387 10388
3 10474 10475 10387
3 10475 10473 10387
3 10475 10474 10476
3 10391 10477 10478
3 10390 10477 10391
3 10477 10390 10479
3 10390 10392 10479
3 10479 10392 10480
3 10392 10393 10480
3 10480 10393 10381
3 10468 10480 10381
3 10474 10388 10394
3 10476 10474 10394
3 10476 10394 10481
3 10481 10394 10395
3 10481 10395 10482
3 10395 10396 10482
3 10482 10396 10483
3 10396 10397 10483
3 10483 10397 10484
3 10397 10398 10484
3 10484 10398 10485
3 10398 10399 10485
3 10485 10399 10486
3 10399 10400 10486
3 10486 10400 10487
3 10400 10401 10487
3 10487 10401 10488
3 10401 10402 10488
3 10488 10402 10391
3 10478 10488 10391
3 10403 10404 10489
3 10489 10491 10490
3 10489 10490 10403
3 10403 10490 10405
3 10490 10492 10405
3 10405 10492 10406
3 10492 10493 10406
3 10406 10493 10407
3 10493 10494 10407
3 10407 10494 10408
3 10494 10495 10408
3 10408 10495 10409
3 10409 10495 10496
3 10411 10409 10496
3 10412 10413 10497
3 10497 10499 10498
3 10497 10498 10412
3 10412 10498 10414
3 10404 10500 10489
3 10404 10414 10500
3 10414 10498 10500
3 10489 10500 10491
3 10496 10415 10411
3 10501 10415 10496
3 10501 10502 10415
3 10415 10502 10416
3 10502 10503 10416
3 10416 10503 10417
3 10417 10503 10504
3 10418 10417 10504
3 10420 10506 10505
3 10419 10420 10505
3 10413 10507 10497
3 10413 10419 10507
3 10419 10505 10507
3 10497 10507 10499
3 10504 10421 10418
3 10508 10421 10504
3 10421 10508 10509
3 10422 10421 10509
3 10424 10511 10510
3 10423 10424 10510
3 10510 10420 10423
3 10506 10420 10510
3 10509 10425 10422
3 10512 10425 10509
3 10425 10512 10513
3 10426 10425 10513
3 10427 10428 10514
3 10514 10424 10427
3 10514 10515 10424
3 10515 10511 10424
3 10513 10429 10426
3 10516 10429 10513
3 10429 10516 10517
3 10430 10429 10517
3 10518 10514 10428
3 10518 10428 10519
3 10519 10428 10431
3 10514 10518 10515
3 10517 10520 10430
3 10520 10433 10430
3 10519 10431 10521
3 10521 10431 10434
3 10435 10523 10522
3 10435 10433 10523
3 10433 10520 10523
3 10435 10522 10436
3 10437 10438 10524
3 10524 10434 10437
3 10524 10525 10434
3 10525 10521 10434
3 10523 10526 10522
3 10522 10526 10527
3 10522 10527 10436
3 10436 10527 10439
3 10528 10524 10438
3 10528 10438 10529
3 10529 10438 10440
3 10524 10528 10525
3 10527 10530 10439
3 10530 10441 10439
3 10529 10440 10531
3 10531 10440 10443
3 10530 10532 10441
3 10532 10444 10441
3 10446 10534 10533
3 10445 10446 10533
3 10533 10443 10445
3 10531 10443 10533
3 10532 10535 10444
3 10535 10448 10444
3 10534 10446 10536
3 10536 10446 10449
3 10535 10537 10448
3 10537 10450 10448
3 10536 10449 10538
3 10538 10449 10452
3 10537 10539 10450
3 10539 10453 10450
3 10454 10455 10540
3 10540 10452 10454
3 10540 10541 10452
3 10541 10538 10452
3 10539 10542 10453
3 10542 10456 10453
3 10543 10540 10455
3 10543 10455 10544
3 10544 10455 10457
3 10540 10543 10541
3 10547 10545 10546
3 10546 10545 10458
3 10546 10458 10542
3 10542 10458 10456
3 10548 10549 10544
3 10548 10544 10459
3 10459 10544 10457
3 10549 10548 10550
3 10545 10461 10460
3 10545 10547 10461
3 10547 10551 10461
3 10545 10460 10458
3 10548 10459 10462
3 10462 10550 10548
3 10462 10463 10550
3 10463 10552 10550
3 10555 10553 10554
3 10554 10553 10464
3 10554 10464 10551
3 10551 10464 10461
3 10552 10463 10465
3 10556 10552 10465
3 10557 10465 10466
3 10557 10558 10465
3 10558 10556 10465
3 10558 10557 10559
3 10562 10560 10561
3 10468 10561 10560
3 10468 10467 10561
3 10467 10563 10561
3 10553 10555 10563
3 10553 10563 10469
3 10469 10563 10467
3 10553 10469 10464
3 10557 10466 10470
3 10559 10557 10470
3 10559 10470 10564
3 10564 10470 10471
3 10564 10471 10565
3 10471 10472 10565
3 10565 10472 10566
3 10472 10473 10566
3 10566 10473 10567
3 10473 10475 10567
3 10568 10475 10476
3 10568 10569 10475
3 10569 10567 10475
3 10569 10568 10570
3 10573 10571 10572
3 10478 10572 10571
3 10478 10477 10572
3 10477 10574 10572
3 10574 10477 10575
3 10477 10479 10575
3 10560 10562 10575
3 10560 10575 10480
3 10480 10575 10479
3 10560 10480 10468
3 10568 10476 10481
3 10570 10568 10481
3 10570 10481 10576
3 10576 10481 10482
3 10576 10482 10577
3 10482 10483 10577
3 10577 10483 10578
3 10483 10484 10578
3 10578 10484 10579
3 10484 10485 10579
3 10579 10485 10580
3 10485 10486 10580
3 10580 10486 10581
3 10486 10487 10581
3 10571 10573 10581
3 10571 10581 10488
3 10488 10581 10487
3 10571 10488 10478
3 10491 10583 10582
3 10490 10491 10582
3 10582 10584 10490
3 10490 10584 10492
3 10584 10585 10492
3 10492 10585 10493
3 10585 10586 10493
3 10493 10586 10494
3 10588 10587 10495
3 10588 10495 10586
3 10586 10495 10494
3 10495 10587 10496
3 10499 10590 10589
3 10498 10499 10589
3 10589 10591 10498
3 10498 10591 10500
3 10591 10491 10500
3 10583 10491 10591
3 10588 10592 10587
3 10587 10501 10496
3 10587 10592 10501
3 10592 10593 10501
3 10593 10594 10501
3 10501 10594 10502
3 10596 10595 10503
3 10596 10503 10594
3 10594 10503 10502
3 10503 10595 10504
3 10505 10506 10597
3 10597 10599 10598
3 10597 10598 10505
3 10505 10598 10507
3 10598 10499 10507
3 10590 10499 10598
3 10596 10600 10595
3 10595 10508 10504
3 10595 10600 10508
3 10600 10601 10508
3 10508 10601 10602
3 10509 10508 10602
3 10511 10604 10603
3 10510 10511 10603
3 10506 10605 10597
3 10506 10510 10605
3 10510 10603 10605
3 10597 10605 10599
3 10602 10512 10509
3 10606 10512 10602
3 10512 10606 10607
3 10513 10512 10607
3 10604 10511 10608
3 10608 10511 10515
3 10516 10610 10609
3 10516 10513 10610
3 10513 10607 10610
3 10516 10609 10517
3 10518 10519 10611
3 10611 10515 10518
3 10611 10612 10515
3 10612 10608 10515
3 10610 10613 10609
3 10609 10613 10614
3 10609 10614 10517
3 10517 10614 10520
3 10615 10611 10519
3 10615 10519 10616
3 10616 10519 10521
3 10611 10615 10612
3 10614 10617 10520
3 10617 10523 10520
3 10616 10521 10618
3 10618 10521 10525
3 10526 10620 10619
3 10526 10523 10620
3 10523 10617 10620
3 10526 10619 10527
3 10529 10622 10621
3 10528 10529 10621
3 10621 10525 10528
3 10618 10525 10621
3 10624 10619 10620
3 10623 10619 10624
3 10619 10623 10530
3 10527 10619 10530
3 10622 10529 10625
3 10625 10529 10531
3 10624 10626 10623
3 10623 10626 10627
3 10623 10627 10530
3 10530 10627 10532
3 10533 10534 10628
3 10628 10531 10533
3 10628 10629 10531
3 10629 10625 10531
3 10627 10630 10532
3 10630 10535 10532
3 10631 10628 10534
3 10631 10534 10632
3 10632 10534 10536
3 10628 10631 10629
3 10630 10633 10535
3 10633 10537 10535
3 10632 10536 10634
3 10634 10536 10538
3 10633 10635 10537
3 10635 10539 10537
3 10634 10538 10636
3 10636 10538 10541
3 10639 10637 10638
3 10638 10637 10542
3 10638 10542 10635
3 10635 10542 10539
3 10543 10544 10640
3 10640 10541 10543
3 10640 10641 10541
3 10641 10636 10541
3 10637 10547 10546
3 10637 10639 10547
3 10639 10642 10547
3 10637 10546 10542
3 10640 10544 10549
3 10549 10641 10640
3 10549 10550 10641
3 10550 10643 10641
3 10642 10644 10547
3 10644 10551 10547
3 10645 10646 10643
3 10645 10643 10552
3 10552 10643 10550
3 10646 10645 10647
3 10555 10648 10649
3 10554 10648 10555
3 10648 10554 10551
3 10644 10648 10551
3 10645 10552 10556
3 10647 10645 10556
3 10647 10556 10650
3 10650 10556 10558
3 10651 10558 10559
3 10651 10652 10558
3 10652 10650 10558
3 10652 10651 10653
3 10562 10654 10655
3 10561 10654 10562
3 10654 10561 10656
3 10561 10563 10656
3 10656 10563 10555
3 10649 10656 10555
3 10651 10559 10564
3 10653 10651 10564
3 10653 10564 10657
3 10657 10564 10565
3 10657 10565 10658
3 10565 10566 10658
3 10658 10566 10659
3 10566 10567 10659
3 10659 10567 10660
3 10567 10569 10660
3 10661 10569 10570
3 10661 10662 10569
3 10662 10660 10569
3 10662 10661 10663
3 10573 10664 10665
3 10572 10664 10573
3 10664 10572 10666
3 10572 10574 10666
3 10666 10574 10667
3 10574 10575 10667
3 10667 10575 10562
3 10655 10667 10562
3 10661 10570 10576
3 10663 10661 10576
3 10663 10576 10668
3 10668 10576 10577
3 10668 10577 10669
3 10577 10578 10669
3 10669 10578 10670
3 10578 10579 10670
3 10670 10579 10671
3 10579 10580 10671
3 10671 10580 10672
3 10580 10581 10672
3 10672 10581 10573
3 10665 10672 10573
3 10582 10583 10673
3 10673 10675 10674
3 10673 10674 10582
3 10582 10674 10584
3 10674 10676 10584
3 10584 10676 10585
3 10676 10677 10585
3 10585 10677 10586
3 10586 10677 10678
3 10588 10586 10678
3 10590 10680 10679
3 10589 10590 10679
3 10679 10681 10589
3 10589 10681 10591
3 10583 10682 10673
3 10583 10591 10682
3 10591 10681 10682
3 10673 10682 10675
3 10678 10592 10588
3 10683 10592 10678
3 10683 10684 10592
3 10592 10684 10593
3 10684 10685 10593
3 10593 10685 10594
3 10594 10685 10686
3 10596 10594 10686
3 10599 10688 10687
3 10598 10599 10687
3 10687 10590 10598
3 10680 10590 10687
3 10686 10600 10596
3 10689 10600 10686
3 10691 10690 10601
3 10691 10601 10689
3 10689 10601 10600
3 10601 10690 10602
3 10603 10604 10692
3 10692 10694 10693
3 10692 10693 10603
3 10603 10693 10605
3 10693 10599 10605
3 10688 10599 10693
3 10691 10695 10690
3 10697 10696 10606
3 10695 10697 10606
3 10695 10606 10602
3 10695 10602 10690
3 10606 10696 10607
3 10698 10692 10604
3 10698 10604 10699
3 10699 10604 10608
3 10692 10698 10694
3 10697 10700 10696
3 10696 10700 10701
3 10696 10701 10607
3 10607 10701 10610
3 10699 10608 10702
3 10702 10608 10612
3 10701 10613 10610
3 10703 10613 10701
3 10613 10703 10704
3 10614 10613 10704
3 10615 10616 10705
3 10705 10612 10615
3 10705 10706 10612
3 10706 10702 10612
3 10704 10707 10614
3 10707 10617 10614
3 10708 10705 10616
3 10708 10616 10709
3 10709 10616 10618
3 10705 10708 10706
3 10707 10710 10617
3 10710 10620 10617
3 10621 10622 10711
3 10711 10618 10621
3 10711 10712 10618
3 10712 10709 10618
3 10710 10713 10620
3 10713 10624 10620
3 10714 10711 10622
3 10714 10622 10715
3 10715 10622 10625
3 10711 10714 10712
3 10626 10717 10716
3 10626 10624 10717
3 10624 10713 10717
3 10626 10716 10627
3 10715 10625 10718
3 10718 10625 10629
3 10720 10716 10717
3 10719 10716 10720
3 10716 10719 10630
3 10627 10716 10630
3 10631 10632 10721
3 10721 10629 10631
3 10721 10722 10629
3 10722 10718 10629
3 10724 10719 10720
3 10723 10719 10724
3 10719 10723 10633
3 10630 10719 10633
3 10725 10721 10632
3 10725 10632 10726
3 10726 10632 10634
3 10721 10725 10722
3 10728 10723 10724
3 10727 10723 10728
3 10723 10727 10635
3 10633 10723 10635
3 10726 10634 10729
3 10729 10634 10636
3 10727 10639 10638
3 10727 10728 10639
3 10728 10730 10639
3 10727 10638 10635
3 10729 10636 10731
3 10731 10636 10641
3 10730 10732 10639
3 10732 10642 10639
3 10731 10641 10733
3 10733 10641 10643
3 10736 10734 10735
3 10735 10734 10644
3 10735 10644 10732
3 10732 10644 10642
3 10733 10643 10646
3 10737 10733 10646
3 10646 10738 10737
3 10647 10738 10646
3 10734 10649 10648
3 10734 10736 10649
3 10736 10739 10649
3 10734 10648 10644
3 10738 10647 10650
3 10740 10738 10650
3 10740 10650 10741
3 10650 10652 10741
3 10742 10652 10653
3 10742 10743 10652
3 10743 10741 10652
3 10743 10742 10744
3 10747 10745 10746
3 10655 10746 10745
3 10655 10654 10746
3 10654 10748 10746
3 10748 10654 10749
3 10654 10656 10749
3 10749 10656 10649
3 10739 10749 10649
3 10742 10653 10657
3 10744 10742 10657
3 10744 10657 10750
3 10750 10657 10658
3 10750 10658 10751
3 10658 10659 10751
3 10751 10659 10752
3 10659 10660 10752
3 10752 10660 10753
3 10660 10662 10753
3 10754 10662 10663
3 10754 10755 10662
3 10755 10753 10662
3 10755 10754 10756
3 10759 10757 10758
3 10665 10758 10757
3 10665 10664 10758
3 10664 10760 10758
3 10760 10664 10761
3 10664 10666 10761
3 10745 10747 10761
3 10745 10761 10667
3 10667 10761 10666
3 10745 10667 10655
3 10754 10663 10668
3 10756 10754 10668
3 10756 10668 10762
3 10762 10668 10669
3 10762 10669 10763
3 10669 10670 10763
3 10763 10670 10764
3 10670 10671 10764
3 10757 10759 10764
3 10757 10764 10672
3 10672 10764 10671
3 10757 10672 10665
3 10674 10675 10765
3 10765 10767 10766
3 10765 10766 10674
3 10674 10766 10676
3 10769 10768 10677
3 10769 10677 10766
3 10766 10677 10676
3 10677 10768 10678
3 10679 10680 10770
3 10770 10772 10771
3 10770 10771 10679
3 10679 10771 10681
3 10771 10773 10681
3 10681 10773 10682
3 10675 10774 10765
3 10675 10682 10774
3 10682 10773 10774
3 10765 10774 10767
3 10769 10775 10768
3 10768 10683 10678
3 10768 10775 10683
3 10775 10776 10683
3 10776 10777 10683
3 10683 10777 10684
3 10777 10778 10684
3 10684 10778 10685
3 10685 10778 10779
3 10686 10685 10779
3 10688 10781 10780
3 10687 10688 10780
3 10680 10782 10770
3 10680 10687 10782
3 10687 10780 10782
3 10770 10782 10772
3 10779 10689 10686
3 10783 10689 10779
3 10689 10783 10784
3 10691 10689 10784
3 10694 10786 10785
3 10693 10694 10785
3 10785 10688 10693
3 10781 10688 10785
3 10784 10695 10691
3 10787 10695 10784
3 10695 10787 10788
3 10697 10695 10788
3 10698 10699 10789
3 10789 10694 10698
3 10789 10790 10694
3 10790 10786 10694
3 10788 10700 10697
3 10791 10700 10788
3 10700 10791 10792
3 10701 10700 10792
3 10793 10789 10699
3 10793 10699 10794
3 10794 10699 10702
3 10789 10793 10790
3 10703 10796 10795
3 10703 10701 10796
3 10701 10792 10796
3 10703 10795 10704
3 10794 10702 10797
3 10797 10702 10706
3 10796 10798 10795
3 10795 10798 10799
3 10795 10799 10704
3 10704 10799 10707
3 10708 10709 10800
3 10800 10706 10708
3 10800 10801 10706
3 10801 10797 10706
3 10799 10802 10707
3 10802 10710 10707
3 10803 10800 10709
3 10803 10709 10804
3 10804 10709 10712
3 10800 10803 10801
3 10802 10805 10710
3 10805 10713 10710
3 10714 10715 10806
3 10806 10712 10714
3 10806 10807 10712
3 10807 10804 10712
3 10805 10808 10713
3 10808 10717 10713
3 10809 10806 10715
3 10718 10809 10715
3 10807 10809 10810
3 10806 10809 10807
3 10808 10811 10717
3 10811 10720 10717
3 10812 10809 10718
3 10812 10718 10813
3 10813 10718 10722
3 10809 10812 10810
3 10811 10814 10720
3 10814 10724 10720
3 10725 10726 10815
3 10815 10722 10725
3 10815 10816 10722
3 10816 10813 10722
3 10814 10817 10724
3 10817 10728 10724
3 10818 10815 10726
3 10729 10818 10726
3 10816 10818 10819
3 10815 10818 10816
3 10817 10820 10728
3 10820 10730 10728
3 10821 10818 10729
3 10821 10729 10822
3 10822 10729 10731
3 10818 10821 10819
3 10820 10823 10730
3 10823 10732 10730
3 10824 10825 10822
3 10824 10822 10733
3 10733 10822 10731
3 10825 10824 10826
3 10736 10827 10828
3 10735 10827 10736
3 10827 10735 10732
3 10823 10827 10732
3 10824 10733 10737
3 10737 10738 10829
3 10824 10737 10829
3 10824 10829 10830
3 10824 10830 10826
3 10830 10829 10831
3 10834 10832 10833
3 10833 10832 10739
3 10833 10739 10828
3 10828 10739 10736
3 10829 10738 10740
3 10831 10829 10740
3 10831 10740 10835
3 10835 10740 10741
3 10835 10741 10836
3 10741 10743 10836
3 10837 10743 10744
3 10837 10838 10743
3 10838 10836 10743
3 10838 10837 10839
3 10747 10840 10841
3 10746 10840 10747
3 10840 10746 10842
3 10746 10748 10842
3 10832 10834 10842
3 10832 10842 10749
3 10749 10842 10748
3 10832 10749 10739
3 10837 10744 10750
3 10839 10837 10750
3 10839 10750 10843
3 10843 10750 10751
3 10843 10751 10844
3 10751 10752 10844
3 10844 10752 10845
3 10752 10753 10845
3 10845 10753 10846
3 10753 10755 10846
3 10847 10755 10756
3 10847 10848 10755
3 10848 10846 10755
3 10848 10849 10850
3 10847 10849 10848
3 10850 10851 10852
3 10849 10851 10850
3 10759 10852 10851
3 10759 10758 10852
3 10758 10853 10852
3 10853 10758 10854
3 10758 10760 10854
3 10854 10760 10855
3 10760 10761 10855
3 10855 10761 10747
3 10841 10855 10747
3 10847 10756 10762
3 10849 10847 10762
3 10763 10849 10762
3 10851 10849 10763
3 10764 10851 10763
3 10851 10764 10759
3 10766 10767 10856
3 10766 10856 10769
3 10772 10858 10857
3 10771 10772 10857
3 10857 10859 10771
3 10771 10859 10773
3 10859 10860 10773
3 10773 10860 10774
3 10767 10861 10856
3 10767 10774 10861
3 10774 10860 10861
3 10856 10775 10769
3 10856 10861 10775
3 10861 10862 10775
3 10862 10863 10775
3 10775 10863 10776
3 10863 10864 10776
3 10776 10864 10777
3 10866 10865 10778
3 10866 10778 10864
3 10864 10778 10777
3 10778 10865 10779
3 10780 10781 10867
3 10867 10869 10868
3 10867 10868 10780
3 10780 10868 10782
3 10868 10772 10782
3 10858 10772 10868
3 10866 10870 10865
3 10872 10871 10783
3 10870 10872 10783
3 10870 10783 10779
3 10870 10779 10865
3 10783 10871 10784
3 10785 10786 10873
3 10873 10875 10874
3 10785 10873 10874
3 10785 10874 10867
3 10785 10867 10781
3 10867 10874 10869
3 10872 10876 10871
3 10878 10877 10787
3 10876 10878 10787
3 10876 10787 10784
3 10876 10784 10871
3 10787 10877 10788
3 10879 10873 10786
3 10879 10786 10880
3 10880 10786 10790
3 10873 10879 10875
3 10878 10881 10877
3 10883 10882 10791
3 10881 10883 10791
3 10881 10791 10788
3 10881 10788 10877
3 10791 10882 10792
3 10793 10794 10884
3 10884 10790 10793
3 10884 10885 10790
3 10885 10880 10790
3 10883 10886 10882
3 10882 10886 10887
3 10882 10887 10792
3 10792 10887 10796
3 10888 10884 10794
3 10888 10794 10889
3 10889 10794 10797
3 10884 10888 10885
3 10798 10891 10890
3 10798 10796 10891
3 10796 10887 10891
3 10798 10890 10799
3 10889 10797 10892
3 10892 10797 10801
3 10894 10890 10891
3 10893 10890 10894
3 10890 10893 10802
3 10799 10890 10802
3 10803 10804 10895
3 10895 10801 10803
3 10895 10896 10801
3 10896 10892 10801
3 10894 10897 10893
3 10893 10897 10898
3 10893 10898 10802
3 10802 10898 10805
3 10899 10895 10804
3 10899 10804 10900
3 10900 10804 10807
3 10895 10899 10896
3 10898 10901 10805
3 10901 10808 10805
3 10900 10807 10902
3 10902 10807 10810
3 10901 10903 10808
3 10903 10811 10808
3 10812 10813 10904
3 10904 10810 10812
3 10904 10905 10810
3 10905 10902 10810
3 10903 10906 10811
3 10906 10814 10811
3 10907 10904 10813
3 10907 10813 10908
3 10908 10813 10816
3 10904 10907 10905
3 10906 10909 10814
3 10909 10817 10814
3 10908 10816 10910
3 10910 10816 10819
3 10909 10911 10817
3 10911 10820 10817
3 10821 10822 10912
3 10912 10819 10821
3 10912 10913 10819
3 10913 10910 10819
3 10916 10914 10915
3 10915 10914 10823
3 10915 10823 10911
3 10911 10823 10820
3 10912 10822 10825
3 10825 10913 10912
3 10825 10826 10913
3 10826 10917 10913
3 10914 10828 10827
3 10914 10916 10828
3 10916 10918 10828
3 10914 10827 10823
3 10917 10826 10830
3 10919 10917 10830
3 10830 10920 10919
3 10831 10920 10830
3 10834 10921 10922
3 10833 10921 10834
3 10921 10833 10828
3 10918 10921 10828
3 10920 10831 10835
3 10923 10920 10835
3 10923 10835 10924
3 10835 10836 10924
3 10924 10836 10925
3 10836 10838 10925
3 10838 10926 10925
3 10839 10926 10838
3 10929 10927 10928
3 10841 10928 10927
3 10841 10840 10928
3 10840 10930 10928
3 10930 10840 10931
3 10840 10842 10931
3 10931 10842 10834
3 10922 10931 10834
3 10926 10839 10843
3 10932 10926 10843
3 10932 10843 10933
3 10843 10844 10933
3 10933 10844 10934
3 10844 10845 10934
3 10934 10845 10935
3 10845 10846 10935
3 10935 10846 10936
3 10846 10848 10936
3 10936 10848 10937
3 10848 10850 10937
3 10937 10850 10938
3 10850 10852 10938
3 10938 10852 10939
3 10852 10853 10939
3 10939 10853 10940
3 10853 10854 10940
3 10927 10929 10940
3 10927 10940 10855
3 10855 10940 10854
3 10927 10855 10841
3 10857 10858 10941
3 10941 10943 10942
3 10941 10942 10857
3 10857 10942 10859
3 10942 10944 10859
3 10859 10944 10860
3 10944 10945 10860
3 10860 10945 10861
3 10945 10946 10861
3 10861 10946 10862
3 10946 10947 10862
3 10862 10947 10863
3 10949 10948 10864
3 10949 10864 10947
3 10947 10864 10863
3 10864 10948 10866
3 10869 10951 10950
3 10868 10869 10950
3 10858 10952 10941
3 10858 10868 10952
3 10868 10950 10952
3 10941 10952 10943
3 10949 10953 10948
3 10948 10870 10866
3 10948 10953 10870
3 10953 10954 10870
3 10870 10954 10955
3 10872 10870 10955
3 10875 10957 10956
3 10874 10875 10956
3 10956 10869 10874
3 10951 10869 10956
3 10955 10876 10872
3 10958 10876 10955
3 10876 10958 10959
3 10878 10876 10959
3 10879 10880 10960
3 10960 10875 10879
3 10960 10961 10875
3 10961 10957 10875
3 10959 10881 10878
3 10962 10881 10959
3 10881 10962 10963
3 10883 10881 10963
3 10964 10960 10880
3 10964 10880 10965
3 10965 10880 10885
3 10960 10964 10961
3 10886 10967 10966
3 10886 10883 10967
3 10883 10963 10967
3 10886 10966 10887
3 10888 10889 10968
3 10968 10885 10888
3 10968 10969 10885
3 10969 10965 10885
3 10967 10970 10966
3 10966 10970 10971
3 10966 10971 10887
3 10887 10971 10891
3 10972 10968 10889
3 10972 10889 10973
3 10973 10889 10892
3 10968 10972 10969
3 10971 10974 10891
3 10974 10894 10891
3 10973 10892 10975
3 10975 10892 10896
3 10897 10977 10976
3 10897 10894 10977
3 10894 10974 10977
3 10897 10976 10898
3 10899 10900 10978
3 10978 10896 10899
3 10978 10979 10896
3 10979 10975 10896
3 10981 10976 10977
3 10980 10976 10981
3 10976 10980 10901
3 10898 10976 10901
3 10982 10978 10900
3 10982 10900 10983
3 10983 10900 10902
3 10978 10982 10979
3 10981 10984 10980
3 10980 10984 10985
3 10980 10985 10901
3 10901 10985 10903
3 10983 10902 10986
3 10986 10902 10905
3 10985 10987 10903
3 10987 10906 10903
3 10907 10908 10988
3 10988 10905 10907
3 10988 10989 10905
3 10989 10986 10905
3 10987 10990 10906
3 10990 10909 10906
3 10991 10988 10908
3 10991 10908 10992
3 10992 10908 10910
3 10988 10991 10989
3 10990 10993 10909
3 10993 10911 10909
3 10992 10910 10994
3 10994 10910 10913
3 10916 10995 10996
3 10915 10995 10916
3 10995 10915 10911
3 10993 10995 10911
3 10997 10998 10994
3 10997 10994 10917
3 10917 10994 10913
3 10998 10997 10999
3 10996 11000 10916
3 11000 10918 10916
3 10997 10917 10919
3 10919 10920 11001
3 10997 10919 11001
3 10997 11001 11002
3 10997 11002 10999
3 11002 11003 11004
3 11001 11003 11002
3 11004 11003 11005
3 10922 11006 11007
3 10921 11006 10922
3 11006 10921 10918
3 11000 11006 10918
3 11001 10920 10923
3 11003 11001 10923
3 10924 11003 10923
3 11005 11003 10924
3 11005 10924 11008
3 11008 10924 10925
3 11009 10925 10926
3 11009 11010 10925
3 11010 11008 10925
3 11010 11009 11011
3 10929 11012 11013
3 10928 11012 10929
3 11012 10928 11014
3 10928 10930 11014
3 11014 10930 11015
3 10930 10931 11015
3 11015 10931 10922
3 11007 11015 10922
3 11009 10926 10932
3 11011 11009 10932
3 11011 10932 11016
3 11016 10932 10933
3 11016 10933 11017
3 10933 10934 11017
3 11017 10934 11018
3 10934 10935 11018
3 11018 10935 11019
3 10935 10936 11019
3 11019 10936 11020
3 10936 10937 11020
3 11020 10937 11021
3 10937 10938 11021
3 11021 10938 11022
3 10938 10939 11022
3 11022 10939 11023
3 10939 10940 11023
3 11023 10940 10929
3 11013 11023 10929
3 10942 10943 11024
3 11024 11026 11025
3 11024 11025 10942
3 10942 11025 10944
3 11025 11027 10944
3 10944 11027 10945
3 11027 11028 10945
3 10945 11028 10946
3 11028 11029 10946
3 10946 11029 10947
3 10947 11029 11030
3 10949 10947 11030
3 10950 10951 11031
3 11031 11033 11032
3 11031 11032 10950
3 10950 11032 10952
3 10943 11034 11024
3 10943 10952 11034
3 10952 11032 11034
3 11024 11034 11026
3 11030 10953 10949
3 11035 10953 11030
3 11037 11036 10954
3 11037 10954 11035
3 11035 10954 10953
3 10954 11036 10955
3 10956 10957 11038
3 11038 11040 11039
3 10956 11038 11039
3 10956 11039 11031
3 10956 11031 10951
3 11031 11039 11033
3 11037 11041 11036
3 11043 11042 10958
3 11041 11043 10958
3 11041 10958 10955
3 11041 10955 11036
3 10958 11042 10959
3 11044 11038 10957
3 11044 10957 11045
3 11045 10957 10961
3 11038 11044 11040
3 11043 11046 11042
3 11048 11047 10962
3 11046 11048 10962
3 11046 10962 10959
3 11046 10959 11042
3 10962 11047 10963
3 10964 10965 11049
3 11049 10961 10964
3 11049 11050 10961
3 11050 11045 10961
3 11048 11051 11047
3 11047 11051 11052
3 11047 11052 10963
3 10963 11052 10967
3 11053 11049 10965
3 11053 10965 11054
3 11054 10965 10969
3 11049 11053 11050
3 10970 11056 11055
3 10970 10967 11056
3 10967 11052 11056
3 10970 11055 10971
3 10972 10973 11057
3 11057 10969 10972
3 11057 11058 10969
3 11058 11054 10969
3 11056 11059 11055
3 11055 11059 11060
3 11055 11060 10971
3 10971 11060 10974
3 11061 11057 10973
3 11061 10973 11062
3 11062 10973 10975
3 11057 11061 11058
3 11060 11063 10974
3 11063 10977 10974
3 11062 10975 11064
3 11064 10975 10979
3 11063 11065 10977
3 11065 10981 10977
3 10982 10983 11066
3 11066 10979 10982
3 11066 11067 10979
3 11067 11064 10979
3 10984 11069 11068
3 10984 10981 11069
3 10981 11065 11069
3 10984 11068 10985
3 11070 11066 10983
3 10986 11070 10983
3 11067 11070 11071
3 11066 11070 11067
3 11073 11068 11069
3 11072 11068 11073
3 11068 11072 10987
3 10985 11068 10987
3 11074 11070 10986
3 11074 10986 11075
3 11075 10986 10989
3 11070 11074 11071
3 11077 11072 11073
3 11076 11072 11077
3 11072 11076 10990
3 10987 11072 10990
3 10991 10992 11078
3 11078 10989 10991
3 11078 11079 10989
3 11079 11075 10989
3 11081 11076 11077
3 11080 11076 11081
3 11076 11080 10993
3 10990 11076 10993
3 11082 11078 10992
3 10994 11082 10992
3 11079 11082 11083
3 11078 11082 11079
3 11080 10996 10995
3 11080 11081 10996
3 11081 11084 10996
3 11080 10995 10993
3 11082 10994 10998
3 10998 10999 11085
3 11082 10998 11085
3 11082 11085 11086
3 11082 11086 11083
3 11086 11085 11087
3 11084 11088 10996
3 11088 11000 10996
3 11085 10999 11002
3 11087 11085 11002
3 11087 11002 11089
3 11089 11002 11004
3 11004 11090 11089
3 11005 11090 11004
3 11093 11091 11092
3 11007 11092 11091
3 11007 11006 11092
3 11006 11094 11092
3 11094 11006 11000
3 11088 11094 11000
3 11090 11005 11008
3 11095 11090 11008
3 11095 11008 11096
3 11008 11010 11096
3 11097 11010 11011
3 11097 11098 11010
3 11098 11096 11010
3 11098 11097 11099
3 11102 11100 11101
3 11013 11101 11100
3 11013 11012 11101
3 11012 11103 11101
3 11103 11012 11104
3 11012 11014 11104
3 11091 11093 11104
3 11091 11104 11015
3 11015 11104 11014
3 11091 11015 11007
3 11097 11011 11016
3 11099 11097 11016
3 11099 11016 11105
3 11105 11016 11017
3 11105 11017 11106
3 11017 11018 11106
3 11106 11018 11107
3 11018 11019 11107
3 11107 11019 11108
3 11019 11020 11108
3 11108 11020 11109
3 11020 11021 11109
3 11109 11021 11110
3 11021 11022 11110
3 11100 11102 11110
3 11100 11110 11023
3 11023 11110 11022
3 11100 11023 11013
3 11025 11026 11111
3 11111 11113 11112
3 11111 11112 11025
3 11025 11112 11027
3 11115 11114 11028
3 11115 11028 11112
3 11112 11028 11027
3 11029 11028 11114
3 11116 11029 11114
3 11029 11116 11030
3 11033 11118 11117
3 11032 11033 11117
3 11117 11119 11032
3 11032 11119 11034
3 11026 11120 11111
3 11026 11034 11120
3 11034 11119 11120
3 11111 11120 11113
3 11115 11121 11114
3 11114 11122 11116
3 11121 11122 11114
3 11124 11123 11035
3 11122 11124 11035
3 11122 11035 11030
3 11122 11030 11116
3 11035 11123 11037
3 11040 11126 11125
3 11039 11040 11125
3 11125 11033 11039
3 11118 11033 11125
3 11124 11127 11123
3 11123 11041 11037
3 11123 11127 11041
3 11127 11128 11041
3 11041 11128 11129
3 11043 11041 11129
3 11044 11045 11130
3 11130 11040 11044
3 11130 11131 11040
3 11131 11126 11040
3 11129 11046 11043
3 11132 11046 11129
3 11046 11132 11133
3 11048 11046 11133
3 11134 11130 11045
3 11134 11045 11135
3 11135 11045 11050
3 11130 11134 11131
3 11133 11051 11048
3 11136 11051 11133
3 11051 11136 11137
3 11052 11051 11137
3 11053 11054 11138
3 11138 11050 11053
3 11138 11139 11050
3 11139 11135 11050
3 11137 11140 11052
3 11140 11056 11052
3 11141 11138 11054
3 11141 11054 11142
3 11142 11054 11058
3 11138 11141 11139
3 11059 11144 11143
3 11059 11056 11144
3 11056 11140 11144
3 11059 11143 11060
3 11061 11062 11145
3 11145 11058 11061
3 11145 11146 11058
3 11146 11142 11058
3 11144 11147 11143
3 11143 11147 11148
3 11143 11148 11060
3 11060 11148 11063
3 11149 11145 11062
3 11149 11062 11150
3 11150 11062 11064
3 11145 11149 11146
3 11148 11151 11063
3 11151 11065 11063
3 11150 11064 11152
3 11152 11064 11067
3 11151 11153 11065
3 11153 11069 11065
3 11152 11067 11154
3 11154 11067 11071
3 11153 11155 11069
3 11155 11073 11069
3 11074 11075 11156
3 11156 11071 11074
3 11156 11157 11071
3 11157 11154 11071
3 11155 11158 11073
3 11158 11077 11073
3 11159 11156 11075
3 11079 11159 11075
3 11157 11159 11160
3 11156 11159 11157
3 11158 11161 11077
3 11161 11081 11077
3 11162 11159 11079
3 11083 11162 11079
3 11160 11162 11163
3 11159 11162 11160
3 11161 11164 11081
3 11164 11084 11081
3 11162 11083 11086
3 11086 11163 11162
3 11086 11087 11163
3 11087 11165 11163
3 11168 11166 11167
3 11167 11166 11088
3 11167 11088 11164
3 11164 11088 11084
3 11165 11087 11089
3 11169 11165 11089
3 11170 11089 11090
3 11170 11171 11089
3 11171 11169 11089
3 11171 11170 11172
3 11093 11173 11174
3 11092 11173 11093
3 11166 11168 11173
3 11166 11173 11094
3 11094 11173 11092
3 11166 11094 11088
3 11170 11090 11095
3 11172 11170 11095
3 11172 11095 11175
3 11175 11095 11096
3 11175 11096 11176
3 11096 11098 11176
3 11177 11098 11099
3 11177 11178 11098
3 11178 11176 11098
3 11178 11177 11179
3 11182 11180 11181
3 11102 11181 11180
3 11102 11101 11181
3 11101 11183 11181
3 11183 11101 11184
3 11101 11103 11184
3 11184 11103 11185
3 11103 11104 11185
3 11185 11104 11093
3 11174 11185 11093
3 11177 11099 11105
3 11179 11177 11105
3 11179 11105 11186
3 11186 11105 11106
3 11186 11106 11187
3 11106 11107 11187
3 11187 11107 11188
3 11107 11108 11188
3 11188 11108 11189
3 11108 11109 11189
3 11180 11182 11189
3 11180 11189 11110
3 11110 11189 11109
3 11180 11110 11102
3 11112 11113 11190
3 11112 11190 11115
3 11117 11118 11191
3 11191 11193 11192
3 11191 11192 11117
3 11117 11192 11119
3 11192 11194 11119
3 11119 11194 11120
3 11113 11195 11190
3 11113 11120 11195
3 11120 11194 11195
3 11190 11121 11115
3 11190 11195 11121
3 11195 11196 11121
3 11196 11197 11121
3 11121 11197 11122
3 11122 11197 11198
3 11124 11122 11198
3 11125 11126 11199
3 11199 11201 11200
3 11125 11199 11200
3 11125 11200 11191
3 11125 11191 11118
3 11191 11200 11193
3 11198 11127 11124
3 11202 11127 11198
3 11204 11203 11128
3 11204 11128 11202
3 11202 11128 11127
3 11128 11203 11129
3 11205 11199 11126
3 11205 11126 11206
3 11206 11126 11131
3 11199 11205 11201
3 11204 11207 11203
3 11209 11208 11132
3 11207 11209 11132
3 11207 11132 11129
3 11207 11129 11203
3 11132 11208 11133
3 11135 11211 11210
3 11134 11135 11210
3 11210 11131 11134
3 11206 11131 11210
3 11209 11212 11208
3 11214 11213 11136
3 11212 11214 11136
3 11212 11136 11133
3 11212 11133 11208
3 11136 11213 11137
3 11211 11135 11215
3 11215 11135 11139
3 11217 11213 11214
3 11216 11213 11217
3 11213 11216 11140
3 11137 11213 11140
3 11142 11219 11218
3 11141 11142 11218
3 11218 11139 11141
3 11215 11139 11218
3 11217 11220 11216
3 11216 11220 11221
3 11216 11221 11140
3 11140 11221 11144
3 11219 11142 11222
3 11222 11142 11146
3 11147 11224 11223
3 11147 11144 11224
3 11144 11221 11224
3 11147 11223 11148
3 11149 11150 11225
3 11225 11146 11149
3 11225 11226 11146
3 11226 11222 11146
3 11228 11223 11224
3 11227 11223 11228
3 11223 11227 11151
3 11148 11223 11151
3 11229 11225 11150
3 11229 11150 11230
3 11230 11150 11152
3 11225 11229 11226
3 11228 11231 11227
3 11227 11231 11232
3 11227 11232 11151
3 11151 11232 11153
3 11230 11152 11233
3 11233 11152 11154
3 11232 11234 11153
3 11234 11155 11153
3 11233 11154 11235
3 11235 11154 11157
3 11234 11236 11155
3 11236 11158 11155
3 11235 11157 11237
3 11237 11157 11160
3 11236 11238 11158
3 11238 11161 11158
3 11237 11160 11239
3 11239 11160 11163
3 11242 11240 11241
3 11241 11240 11164
3 11241 11164 11238
3 11238 11164 11161
3 11243 11244 11239
3 11243 11239 11165
3 11165 11239 11163
3 11244 11243 11245
3 11240 11168 11167
3 11240 11242 11168
3 11242 11246 11168
3 11240 11167 11164
3 11243 11165 11169
3 11245 11243 11169
3 11245 11169 11247
3 11247 11169 11171
3 11248 11171 11172
3 11248 11249 11171
3 11249 11247 11171
3 11249 11248 11250
3 11253 11251 11252
3 11174 11252 11251
3 11174 11173 11252
3 11173 11254 11252
3 11254 11173 11168
3 11246 11254 11168
3 11248 11172 11175
3 11250 11248 11175
3 11250 11175 11255
3 11255 11175 11176
3 11255 11176 11256
3 11176 11178 11256
3 11257 11178 11179
3 11257 11258 11178
3 11258 11256 11178
3 11258 11259 11260
3 11257 11259 11258
3 11260 11261 11262
3 11259 11261 11260
3 11262 11263 11264
3 11261 11263 11262
3 11182 11264 11263
3 11182 11181 11264
3 11181 11265 11264
3 11265 11181 11266
3 11181 11183 11266
3 11266 11183 11267
3 11183 11184 11267
3 11251 11253 11267
3 11251 11267 11185
3 11185 11267 11184
3 11251 11185 11174
3 11257 11179 11186
3 11259 11257 11186
3 11187 11259 11186
3 11261 11259 11187
3 11188 11261 11187
3 11263 11261 11188
3 11189 11263 11188
3 11263 11189 11182
3 11192 11193 11268
3 11268 11270 11269
3 11268 11269 11192
3 11192 11269 11194
3 11269 11271 11194
3 11194 11271 11195
3 11271 11272 11195
3 11195 11272 11196
3 11274 11273 11197
3 11274 11197 11272
3 11272 11197 11196
3 11197 11273 11198
3 11201 11276 11275
3 11200 11201 11275
3 11193 11277 11268
3 11193 11200 11277
3 11200 11275 11277
3 11268 11277 11270
3 11274 11278 11273
3 11280 11279 11202
3 11278 11280 11202
3 11278 11202 11198
3 11278 11198 11273
3 11202 11279 11204
3 11206 11282 11281
3 11205 11206 11281
3 11281 11201 11205
3 11276 11201 11281
3 11280 11283 11279
3 11279 11207 11204
3 11279 11283 11207
3 11283 11284 11207
3 11207 11284 11285
3 11209 11207 11285
3 11210 11211 11286
3 11286 11206 11210
3 11286 11287 11206
3 11287 11282 11206
3 11212 11289 11288
3 11212 11209 11289
3 11209 11285 11289
3 11212 11288 11214
3 11290 11286 11211
3 11290 11211 11291
3 11291 11211 11215
3 11286 11290 11287
3 11289 11292 11288
3 11288 11292 11293
3 11288 11293 11214
3 11214 11293 11217
3 11218 11219 11294
3 11294 11215 11218
3 11294 11295 11215
3 11295 11291 11215
3 11220 11297 11296
3 11220 11217 11297
3 11217 11293 11297
3 11220 11296 11221
3 11298 11294 11219
3 11298 11219 11299
3 11299 11219 11222
3 11294 11298 11295
3 11297 11300 11296
3 11296 11300 11301
3 11296 11301 11221
3 11221 11301 11224
3 11299 11222 11302
3 11302 11222 11226
3 11301 11303 11224
3 11303 11228 11224
3 11229 11230 11304
3 11304 11226 11229
3 11304 11305 11226
3 11305 11302 11226
3 11231 11307 11306
3 11231 11228 11307
3 11228 11303 11307
3 11231 11306 11232
3 11308 11304 11230
3 11233 11308 11230
3 11305 11308 11309
3 11304 11308 11305
3 11311 11306 11307
3 11310 11306 11311
3 11306 11310 11234
3 11232 11306 11234
3 11312 11308 11233
3 11235 11312 11233
3 11309 11312 11313
3 11308 11312 11309
3 11315 11310 11311
3 11314 11310 11315
3 11310 11314 11236
3 11234 11310 11236
3 11316 11312 11235
3 11237 11316 11235
3 11313 11316 11317
3 11312 11316 11313
3 11319 11314 11315
3 11318 11314 11319
3 11314 11318 11238
3 11236 11314 11238
3 11320 11316 11237
3 11239 11320 11237
3 11317 11320 11321
3 11316 11320 11317
3 11318 11242 11241
3 11318 11319 11242
3 11319 11322 11242
3 11318 11241 11238
3 11320 11239 11244
3 11244 11245 11323
3 11320 11244 11323
3 11320 11323 11324
3 11320 11324 11321
3 11324 11323 11325
3 11328 11326 11327
3 11327 11326 11246
3 11327 11246 11322
3 11322 11246 11242
3 11323 11245 11247
3 11325 11323 11247
3 11325 11247 11329
3 11329 11247 11249
3 11330 11249 11250
3 11330 11331 11249
3 11331 11329 11249
3 11331 11330 11332
3 11335 11333 11334
3 11253 11334 11333
3 11253 11252 11334
3 11252 11336 11334
3 11326 11328 11336
3 11326 11336 11254
3 11254 11336 11252
3 11326 11254 11246
3 11330 11250 11255
3 11332 11330 11255
3 11332 11255 11337
3 11337 11255 11256
3 11337 11256 11338
3 11256 11258 11338
3 11338 11258 11339
3 11258 11260 11339
3 11339 11260 11340
3 11260 11262 11340
3 11340 11262 11341
3 11262 11264 11341
3 11341 11264 11342
3 11264 11265 11342
3 11342 11265 11343
3 11265 11266 11343
3 11333 11335 11343
3 11333 11343 11267
3 11267 11343 11266
3 11333 11267 11253
3 11269 11270 11344
3 11271 11269 11344
3 11345 11271 11344
3 11272 11271 11345
3 11346 11272 11345
3 11272 11346 11274
3 11275 11276 11347
3 11347 11349 11348
3 11347 11348 11275
3 11275 11348 11277
3 11270 11350 11344
3 11270 11277 11350
3 11277 11348 11350
3 11344 11351 11345
3 11350 11351 11344
3 11345 11352 11346
3 11351 11352 11345
3 11346 11278 11274
3 11346 11352 11278
3 11352 11353 11278
3 11278 11353 11354
3 11280 11278 11354
3 11281 11282 11355
3 11355 11357 11356
3 11281 11355 11356
3 11281 11356 11347
3 11281 11347 11276
3 11347 11356 11349
3 11354 11283 11280
3 11358 11283 11354
3 11360 11359 11284
3 11360 11284 11358
3 11358 11284 11283
3 11284 11359 11285
3 11361 11355 11282
3 11361 11282 11362
3 11362 11282 11287
3 11355 11361 11357
3 11360 11363 11359
3 11359 11363 11364
3 11359 11364 11285
3 11285 11364 11289
3 11290 11291 11365
3 11365 11287 11290
3 11365 11366 11287
3 11366 11362 11287
3 11292 11368 11367
3 11292 11289 11368
3 11289 11364 11368
3 11292 11367 11293
3 11369 11365 11291
3 11369 11291 11370
3 11370 11291 11295
3 11365 11369 11366
3 11368 11371 11367
3 11367 11371 11372
3 11367 11372 11293
3 11293 11372 11297
3 11298 11299 11373
3 11373 11295 11298
3 11373 11374 11295
3 11374 11370 11295
3 11300 11376 11375
3 11300 11297 11376
3 11297 11372 11376
3 11300 11375 11301
3 11377 11373 11299
3 11302 11377 11299
3 11374 11377 11378
3 11373 11377 11374
3 11376 11379 11375
3 11375 11379 11380
3 11375 11380 11301
3 11301 11380 11303
3 11381 11377 11302
3 11381 11302 11382
3 11382 11302 11305
3 11377 11381 11378
3 11380 11383 11303
3 11383 11307 11303
3 11382 11305 11384
3 11384 11305 11309
3 11383 11385 11307
3 11385 11311 11307
3 11384 11309 11386
3 11386 11309 11313
3 11385 11387 11311
3 11387 11315 11311
3 11386 11313 11388
3 11388 11313 11317
3 11387 11389 11315
3 11389 11319 11315
3 11390 11391 11388
3 11390 11388 11321
3 11321 11388 11317
3 11391 11390 11392
3 11395 11393 11394
3 11394 11393 11322
3 11394 11322 11389
3 11389 11322 11319
3 11390 11321 11324
3 11324 11325 11396
3 11390 11324 11396
3 11390 11396 11397
3 11390 11397 11392
3 11397 11396 11398
3 11401 11399 11400
3 11393 11328 11327
3 11395 11328 11393
3 11395 11399 11328
3 11395 11400 11399
3 11393 11327 11322
3 11396 11325 11329
3 11398 11396 11329
3 11398 11329 11402
3 11402 11329 11331
3 11403 11331 11332
3 11403 11404 11331
3 11404 11402 11331
3 11404 11403 11405
3 11408 11406 11407
3 11335 11407 11406
3 11335 11334 11407
3 11334 11409 11407
3 11399 11401 11409
3 11399 11409 11336
3 11336 11409 11334
3 11399 11336 11328
3 11403 11332 11337
3 11405 11403 11337
3 11405 11337 11410
3 11410 11337 11338
3 11410 11338 11411
3 11338 11339 11411
3 11411 11339 11412
3 11339 11340 11412
3 11412 11340 11413
3 11340 11341 11413
3 11413 11341 11414
3 11341 11342 11414
3 11406 11408 11414
3 11406 11414 11343
3 11343 11414 11342
3 11406 11343 11335
3 11348 11349 11415
3 11415 11417 11416
3 11415 11416 11348
3 11348 11416 11350
3 11416 11418 11350
3 11350 11418 11351
3 11418 11419 11351
3 11351 11419 11352
3 11421 11420 11353
3 11421 11353 11419
3 11419 11353 11352
3 11353 11420 11354
3 11356 11357 11422
3 11422 11424 11423
3 11356 11422 11423
3 11356 11423 11415
3 11356 11415 11349
3 11415 11423 11417
3 11421 11425 11420
3 11427 11426 11358
3 11425 11427 11358
3 11425 11358 11354
3 11425 11354 11420
3 11358 11426 11360
3 11361 11362 11428
3 11428 11430 11429
3 11361 11428 11429
3 11361 11429 11422
3 11361 11422 11357
3 11422 11429 11424
3 11427 11431 11426
3 11433 11432 11363
3 11431 11433 11363
3 11431 11363 11360
3 11431 11360 11426
3 11363 11432 11364
3 11434 11428 11362
3 11434 11362 11435
3 11435 11362 11366
3 11428 11434 11430
3 11433 11436 11432
3 11432 11436 11437
3 11432 11437 11364
3 11364 11437 11368
3 11369 11370 11438
3 11438 11366 11369
3 11438 11439 11366
3 11439 11435 11366
3 11371 11441 11440
3 11371 11368 11441
3 11368 11437 11441
3 11371 11440 11372
3 11442 11438 11370
3 11442 11370 11443
3 11443 11370 11374
3 11438 11442 11439
3 11441 11444 11440
3 11440 11444 11445
3 11440 11445 11372
3 11372 11445 11376
3 11443 11374 11446
3 11446 11374 11378
3 11379 11448 11447
3 11379 11376 11448
3 11376 11445 11448
3 11379 11447 11380
3 11381 11382 11449
3 11449 11378 11381
3 11449 11450 11378
3 11450 11446 11378
3 11448 11451 11447
3 11447 11451 11452
3 11447 11452 11380
3 11380 11452 11383
3 11453 11449 11382
3 11384 11453 11382
3 11450 11453 11454
3 11449 11453 11450
3 11452 11455 11383
3 11455 11385 11383
3 11456 11453 11384
3 11386 11456 11384
3 11454 11456 11457
3 11453 11456 11454
3 11455 11458 11385
3 11458 11387 11385
3 11459 11456 11386
3 11388 11459 11386
3 11457 11459 11460
3 11456 11459 11457
3 11463 11461 11462
3 11462 11461 11389
3 11462 11389 11458
3 11458 11389 11387
3 11459 11388 11391
3 11391 11460 11459
3 11391 11392 11460
3 11392 11464 11460
3 11461 11395 11394
3 11461 11463 11395
3 11463 11465 11395
3 11461 11394 11389
3 11464 11392 11397
3 11466 11464 11397
3 11467 11397 11398
3 11467 11468 11397
3 11468 11466 11397
3 11468 11467 11469
3 11472 11470 11471
3 11401 11471 11470
3 11401 11400 11471
3 11400 11473 11471
3 11473 11400 11395
3 11465 11473 11395
3 11467 11398 11402
3 11469 11467 11402
3 11469 11402 11474
3 11474 11402 11404
3 11475 11404 11405
3 11475 11476 11404
3 11476 11474 11404
3 11476 11477 11478
3 11475 11477 11476
3 11478 11477 11479
3 11482 11480 11481
3 11481 11483 11484
3 11480 11483 11481
3 11408 11484 11483
3 11408 11407 11484
3 11407 11485 11484
3 11470 11472 11485
3 11470 11485 11409
3 11409 11485 11407
3 11470 11409 11401
3 11475 11405 11410
3 11477 11475 11410
3 11411 11477 11410
3 11479 11477 11411
3 11479 11411 11486
3 11486 11411 11412
3 11480 11482 11486
3 11480 11486 11413
3 11413 11486 11412
3 11483 11480 11413
3 11414 11483 11413
3 11483 11414 11408
3 11416 11417 11487
3 11418 11416 11487
3 11488 11418 11487
3 11419 11418 11488
3 11489 11419 11488
3 11419 11489 11421
3 11424 11491 11490
3 11423 11424 11490
3 11417 11492 11487
3 11417 11423 11492
3 11423 11490 11492
3 11487 11493 11488
3 11492 11493 11487
3 11488 11494 11489
3 11493 11494 11488
3 11496 11495 11425
3 11494 11496 11425
3 11494 11425 11421
3 11494 11421 11489
3 11425 11495 11427
3 11430 11498 11497
3 11429 11430 11497
3 11497 11424 11429
3 11491 11424 11497
3 11496 11499 11495
3 11501 11500 11431
3 11499 11501 11431
3 11499 11431 11427
3 11499 11427 11495
3 11431 11500 11433
3 11434 11435 11502
3 11502 11430 11434
3 11502 11503 11430
3 11503 11498 11430
3 11501 11504 11500
3 11506 11505 11436
3 11504 11506 11436
3 11504 11436 11433
3 11504 11433 11500
3 11436 11505 11437
3 11507 11502 11435
3 11507 11435 11508
3 11508 11435 11439
3 11502 11507 11503
3 11506 11509 11505
3 11505 11509 11510
3 11505 11510 11437
3 11437 11510 11441
3 11442 11443 11511
3 11511 11439 11442
3 11511 11512 11439
3 11512 11508 11439
3 11444 11514 11513
3 11444 11441 11514
3 11441 11510 11514
3 11444 11513 11445
3 11515 11511 11443
3 11515 11443 11516
3 11516 11443 11446
3 11511 11515 11512
3 11514 11517 11513
3 11513 11517 11518
3 11513 11518 11445
3 11445 11518 11448
3 11516 11446 11519
3 11519 11446 11450
3 11451 11521 11520
3 11451 11448 11521
3 11448 11518 11521
3 11451 11520 11452
3 11519 11450 11522
3 11522 11450 11454
3 11524 11520 11521
3 11523 11520 11524
3 11520 11523 11455
3 11452 11520 11455
3 11522 11454 11525
3 11525 11454 11457
3 11527 11523 11524
3 11526 11523 11527
3 11523 11526 11458
3 11455 11523 11458
3 11525 11457 11528
3 11528 11457 11460
3 11526 11463 11462
3 11526 11527 11463
3 11527 11529 11463
3 11526 11462 11458
3 11530 11531 11528
3 11530 11528 11464
3 11464 11528 11460
3 11531 11530 11532
3 11535 11533 11534
3 11534 11533 11465
3 11534 11465 11529
3 11529 11465 11463
3 11530 11464 11466
3 11532 11530 11466
3 11532 11466 11536
3 11536 11466 11468
3 11537 11468 11469
3 11537 11538 11468
3 11538 11536 11468
3 11538 11537 11539
3 11542 11540 11541
3 11472 11541 11540
3 11472 11471 11541
3 11471 11543 11541
3 11533 11535 11543
3 11533 11543 11473
3 11473 11543 11471
3 11533 11473 11465
3 11537 11469 11474
3 11539 11537 11474
3 11539 11474 11544
3 11544 11474 11476
3 11544 11476 11545
3 11476 11478 11545
3 11546 11478 11479
3 11546 11547 11478
3 11547 11545 11478
3 11482 11547 11546
3 11482 11481 11547
3 11481 11548 11547
3 11548 11481 11549
3 11481 11484 11549
3 11540 11542 11549
3 11540 11549 11485
3 11485 11549 11484
3 11540 11485 11472
3 11546 11479 11486
3 11546 11486 11482
3 11490 11491 11550
3 11550 11552 11551
3 11550 11551 11490
3 11490 11551 11492
3 11551 11553 11492
3 11492 11553 11493
3 11555 11554 11494
3 11555 11494 11553
3 11553 11494 11493
3 11494 11554 11496
3 11497 11498 11556
3 11556 11558 11557
3 11497 11556 11557
3 11497 11557 11550
3 11497 11550 11491
3 11550 11557 11552
3 11555 11559 11554
3 11554 11499 11496
3 11554 11559 11499
3 11559 11560 11499
3 11499 11560 11561
3 11501 11499 11561
3 11562 11556 11498
3 11562 11498 11563
3 11563 11498 11503
3 11556 11562 11558
3 11561 11504 11501
3 11564 11504 11561
3 11504 11564 11565
3 11506 11504 11565
3 11507 11508 11566
3 11566 11503 11507
3 11566 11567 11503
3 11567 11563 11503
3 11509 11569 11568
3 11509 11506 11569
3 11506 11565 11569
3 11509 11568 11510
3 11570 11566 11508
3 11570 11508 11571
3 11571 11508 11512
3 11566 11570 11567
3 11569 11572 11568
3 11568 11572 11573
3 11568 11573 11510
3 11510 11573 11514
3 11515 11516 11574
3 11574 11512 11515
3 11574 11575 11512
3 11575 11571 11512
3 11517 11577 11576
3 11517 11514 11577
3 11514 11573 11577
3 11517 11576 11518
3 11578 11574 11516
3 11519 11578 11516
3 11575 11578 11579
3 11574 11578 11575
3 11577 11580 11576
3 11576 11580 11581
3 11576 11581 11518
3 11518 11581 11521
3 11582 11578 11519
3 11522 11582 11519
3 11579 11582 11583
3 11578 11582 11579
3 11581 11584 11521
3 11584 11524 11521
3 11585 11582 11522
3 11525 11585 11522
3 11583 11585 11586
3 11582 11585 11583
3 11584 11587 11524
3 11587 11527 11524
3 11588 11585 11525
3 11528 11588 11525
3 11586 11588 11589
3 11585 11588 11586
3 11592 11590 11591
3 11591 11590 11529
3 11591 11529 11587
3 11587 11529 11527
3 11588 11528 11531
3 11531 11532 11593
3 11588 11531 11593
3 11588 11593 11594
3 11588 11594 11589
3 11594 11593 11595
3 11598 11596 11597
3 11590 11535 11534
3 11592 11535 11590
3 11592 11596 11535
3 11592 11597 11596
3 11590 11534 11529
3 11593 11532 11536
3 11595 11593 11536
3 11595 11536 11599
3 11599 11536 11538
3 11600 11538 11539
3 11600 11601 11538
3 11601 11599 11538
3 11601 11600 11602
3 11605 11603 11604
3 11542 11604 11603
3 11542 11541 11604
3 11541 11606 11604
3 11596 11598 11606
3 11596 11606 11543
3 11543 11606 11541
3 11596 11543 11535
3 11600 11539 11544
3 11602 11600 11544
3 11602 11544 11607
3 11607 11544 11545
3 11607 11545 11608
3 11545 11547 11608
3 11608 11547 11609
3 11547 11548 11609
3 11603 11605 11609
3 11603 11609 11549
3 11549 11609 11548
3 11603 11549 11542
3 11551 11552 11610
3 11553 11551 11610
3 11611 11553 11610
3 11553 11611 11555
3 11557 11558 11612
3 11612 11614 11613
3 11557 11612 11613
3 11557 11613 11610
3 11557 11610 11552
3 11610 11615 11611
3 11613 11615 11610
3 11617 11616 11559
3 11615 11617 11559
3 11615 11559 11555
3 11615 11555 11611
3 11560 11559 11616
3 11618 11560 11616
3 11560 11618 11561
3 11562 11563 11619
3 11619 11621 11620
3 11562 11619 11620
3 11562 11620 11612
3 11562 11612 11558
3 11612 11620 11614
3 11617 11622 11616
3 11624 11616 11622
3 11624 11623 11616
3 11623 11618 11616
3 11564 11561 11618
3 11564 11618 11625
3 11625 11618 11623
3 11564 11625 11565
3 11626 11619 11563
3 11626 11563 11627
3 11627 11563 11567
3 11619 11626 11621
3 11624 11628 11623
3 11630 11623 11628
3 11630 11629 11623
3 11629 11625 11623
3 11625 11629 11569
3 11565 11625 11569
3 11570 11571 11631
3 11631 11567 11570
3 11631 11632 11567
3 11632 11627 11567
3 11630 11633 11629
3 11635 11634 11572
3 11633 11635 11572
3 11633 11572 11569
3 11633 11569 11629
3 11572 11634 11573
3 11636 11631 11571
3 11575 11636 11571
3 11632 11636 11637
3 11631 11636 11632
3 11639 11634 11635
3 11638 11634 11639
3 11634 11638 11577
3 11573 11634 11577
3 11640 11636 11575
3 11640 11575 11641
3 11641 11575 11579
3 11636 11640 11637
3 11639 11642 11638
3 11644 11643 11580
3 11642 11644 11580
3 11642 11580 11577
3 11642 11577 11638
3 11580 11643 11581
3 11641 11579 11645
3 11645 11579 11583
3 11647 11643 11644
3 11646 11643 11647
3 11643 11646 11584
3 11581 11643 11584
3 11645 11583 11648
3 11648 11583 11586
3 11650 11646 11647
3 11649 11646 11650
3 11646 11649 11587
3 11584 11646 11587
3 11651 11652 11648
3 11651 11648 11589
3 11589 11648 11586
3 11652 11651 11653
3 11656 11654 11655
3 11649 11592 11591
3 11650 11592 11649
3 11650 11654 11592
3 11650 11655 11654
3 11649 11591 11587
3 11651 11589 11594
3 11594 11595 11657
3 11651 11594 11657
3 11651 11657 11658
3 11651 11658 11653
3 11658 11657 11659
3 11662 11660 11661
3 11654 11598 11597
3 11656 11598 11654
3 11656 11660 11598
3 11656 11661 11660
3 11654 11597 11592
3 11657 11595 11599
3 11659 11657 11599
3 11659 11599 11663
3 11663 11599 11601
3 11664 11601 11602
3 11664 11665 11601
3 11665 11663 11601
3 11665 11666 11667
3 11664 11666 11665
3 11667 11668 11669
3 11666 11668 11667
3 11605 11669 11668
3 11605 11604 11669
3 11604 11670 11669
3 11660 11662 11670
3 11660 11670 11606
3 11606 11670 11604
3 11660 11606 11598
3 11664 11602 11607
3 11666 11664 11607
3 11608 11666 11607
3 11668 11666 11608
3 11609 11668 11608
3 11668 11609 11605
3 11613 11614 11671
3 11615 11613 11671
3 11672 11615 11671
3 11615 11672 11617
3 11620 11621 11673
3 11614 11620 11673
3 11614 11673 11671
3 11671 11673 11674
3 11675 11674 11676
3 11675 11672 11674
3 11672 11671 11674
3 11678 11677 11622
3 11675 11678 11622
3 11675 11622 11617
3 11675 11617 11672
3 11622 11677 11624
3 11626 11627 11679
3 11679 11681 11680
3 11626 11679 11680
3 11626 11680 11673
3 11626 11673 11621
3 11673 11682 11674
3 11680 11682 11673
3 11674 11682 11676
3 11678 11683 11677
3 11685 11684 11628
3 11683 11685 11628
3 11683 11628 11624
3 11683 11624 11677
3 11628 11684 11630
3 11686 11679 11627
3 11632 11686 11627
3 11681 11686 11687
3 11679 11686 11681
3 11689 11684 11685
3 11688 11684 11689
3 11633 11630 11684
3 11633 11684 11690
3 11690 11684 11688
3 11633 11690 11635
3 11691 11686 11632
3 11691 11632 11692
3 11692 11632 11637
3 11686 11691 11687
3 11689 11693 11688
3 11695 11688 11693
3 11695 11694 11688
3 11694 11690 11688
3 11690 11694 11639
3 11635 11690 11639
3 11640 11641 11696
3 11696 11637 11640
3 11696 11697 11637
3 11697 11692 11637
3 11699 11694 11695
3 11698 11694 11699
3 11642 11639 11694
3 11642 11694 11700
3 11700 11694 11698
3 11642 11700 11644
3 11701 11696 11641
3 11645 11701 11641
3 11697 11701 11702
3 11696 11701 11697
3 11704 11698 11699
3 11703 11698 11704
3 11698 11703 11700
3 11700 11703 11705
3 11700 11705 11647
3 11644 11700 11647
3 11706 11701 11645
3 11648 11706 11645
3 11702 11706 11707
3 11701 11706 11702
3 11709 11703 11704
3 11708 11703 11709
3 11703 11708 11705
3 11705 11708 11710
3 11705 11710 11650
3 11647 11705 11650
3 11706 11648 11652
3 11652 11653 11711
3 11706 11652 11711
3 11706 11711 11712
3 11706 11712 11707
3 11712 11711 11713
3 11716 11714 11715
3 11715 11708 11709
3 11715 11714 11708
3 11714 11717 11708
3 11656 11655 11710
3 11656 11710 11717
3 11717 11710 11708
3 11710 11655 11650
3 11711 11653 11658
3 11658 11659 11718
3 11711 11658 11718
3 11711 11718 11719
3 11711 11719 11713
3 11719 11720 11721
3 11718 11720 11719
3 11721 11722 11723
3 11720 11722 11721
3 11723 11724 11725
3 11722 11724 11723
3 11725 11714 11716
3 11725 11724 11714
3 11724 11726 11714
3 11662 11661 11717
3 11662 11717 11726
3 11726 11717 11714
3 11717 11661 11656
3 11718 11659 11663
3 11720 11718 11663
3 11665 11720 11663
3 11722 11720 11665
3 11667 11722 11665
3 11724 11722 11667
3 11669 11724 11667
3 11726 11724 11669
3 11670 11726 11669
3 11726 11670 11662
3 11675 11676 11727
3 11675 11727 11678
3 11680 11681 11728
3 11682 11680 11728
3 11729 11682 11728
3 11676 11682 11729
3 11676 11729 11727
3 11727 11729 11730
3 11683 11678 11727
3 11683 11727 11731
3 11731 11727 11730
3 11683 11731 11685
3 11732 11728 11681
3 11687 11732 11681
3 11728 11732 11729
3 11729 11732 11733
3 11729 11733 11730
3 11730 11733 11734
3 11730 11734 11731
3 11731 11734 11735
3 11731 11735 11689
3 11685 11731 11689
3 11691 11692 11736
3 11687 11691 11736
3 11687 11736 11732
3 11732 11736 11737
3 11732 11737 11733
3 11733 11737 11738
3 11733 11738 11734
3 11734 11738 11739
3 11734 11739 11735
3 11735 11739 11740
3 11693 11689 11735
3 11693 11735 11741
3 11741 11735 11740
3 11693 11741 11695
3 11742 11736 11692
3 11697 11742 11692
3 11736 11742 11737
3 11737 11742 11743
3 11737 11743 11738
3 11738 11743 11744
3 11738 11744 11739
3 11739 11744 11745
3 11739 11745 11740
3 11740 11745 11746
3 11740 11746 11741
3 11741 11746 11747
3 11741 11747 11699
3 11695 11741 11699
3 11748 11742 11697
3 11702 11748 11697
3 11742 11748 11743
3 11743 11748 11749
3 11743 11749 11744
3 11744 11749 11750
3 11744 11750 11745
3 11745 11750 11751
3 11745 11751 11746
3 11746 11751 11752
3 11746 11752 11747
3 11747 11752 11753
3 11747 11753 11704
3 11699 11747 11704
3 11754 11748 11702
3 11707 11754 11702
3 11748 11754 11749
3 11749 11754 11755
3 11749 11755 11750
3 11750 11755 11756
3 11750 11756 11751
3 11751 11756 11757
3 11751 11757 11752
3 11752 11757 11758
3 11752 11758 11753
3 11753 11758 11759
3 11753 11759 11709
3 11704 11753 11709
3 11754 11707 11712
3 11712 11713 11760
3 11712 11760 11754
3 11754 11760 11755
3 11755 11760 11756
3 11756 11760 11761
3 11756 11761 11757
3 11757 11761 11762
3 11757 11762 11758
3 11758 11762 11763
3 11716 11715 11759
3 11716 11759 11763
3 11763 11759 11758
3 11759 11715 11709
3 11760 11713 11719
3 11761 11760 11719
3 11721 11761 11719
3 11762 11761 11721
3 11723 11762 11721
3 11763 11762 11723
3 11725 11763 11723
3 11763 11725 11716